<?xml version="1.0" encoding="UTF-8"?>
<gpx version="1.1" creator="trail-maps from LIST Transport Segments (NRE Tasmania, CC BY 3.0 AU) + OpenStreetMap waypoints (ODbL); elevation Copernicus GLO-30" xmlns="http://www.topografix.com/GPX/1/1">
  <metadata><name>Three Capes Track</name></metadata>
  <wpt lat="-43.190047" lon="147.953390"><ele>273.6</ele><name>Bare Knoll Campground</name><type>campsite</type></wpt>
  <wpt lat="-43.142173" lon="147.967378"><ele>11.4</ele><name>Fortescue Bay Campground</name><type>campsite</type></wpt>
  <wpt lat="-43.142695" lon="147.967741"><ele>31.0</ele><name>Mill Creek Campsite</name><type>campsite</type></wpt>
  <wpt lat="-43.199276" lon="147.965233"><ele>250.5</ele><name>Munro Cabin</name><desc>Three Capes Accommodation precinct Day 2</desc><type>hut</type></wpt>
  <wpt lat="-43.180202" lon="147.949931"><ele>237.6</ele><name>Retakunna Cabin</name><desc>Three Capes Walk accommodation precinct day 3</desc><type>hut</type></wpt>
  <wpt lat="-43.168359" lon="147.899461"><ele>147.7</ele><name>Surveyors Cabin</name><type>hut</type></wpt>
  <wpt lat="-43.185840" lon="147.904850"><ele>304.2</ele><name>Arthurs Peak</name><desc>Summit 300 m.</desc><type>mountain</type></wpt>
  <wpt lat="-43.171910" lon="147.967570"><ele>484.2</ele><name>Mount Fortescue</name><desc>Summit 490 m.</desc><type>mountain</type></wpt>
  <wpt lat="-43.225310" lon="148.001384"><ele>114.8</ele><name>The Blade</name><type>mountain</type></wpt>
  <wpt lat="-43.149546" lon="147.993586"><ele>184.3</ele><name>Monument Lookout</name><type>poi</type></wpt>
  <wpt lat="-43.156232" lon="147.980444"><ele>279.6</ele><name>Pillars of the south</name><type>poi</type></wpt>
  <wpt lat="-43.224091" lon="148.002779"><ele>179.4</ele><name>Seal spa</name><type>poi</type></wpt>
  <wpt lat="-43.199248" lon="147.965161"><ele>250.6</ele><name>Drinking water</name><type>water</type></wpt>
  <wpt lat="-43.138400" lon="147.895000"><ele>11.7</ele><name>Denmans Cove</name><desc>Start of the track; walkers arrive by boat from the Port Arthur Historic Site.</desc><type>trailhead</type></wpt>
  <trk><name>Main route</name><trkseg>
    <trkpt lat="-43.138421" lon="147.894996"><ele>11.7</ele></trkpt>
    <trkpt lat="-43.138461" lon="147.895059"><ele>11.6</ele></trkpt>
    <trkpt lat="-43.138540" lon="147.895123"><ele>11.5</ele></trkpt>
    <trkpt lat="-43.138643" lon="147.895124"><ele>11.3</ele></trkpt>
    <trkpt lat="-43.138729" lon="147.895071"><ele>11.7</ele></trkpt>
    <trkpt lat="-43.138801" lon="147.894959"><ele>12.1</ele></trkpt>
    <trkpt lat="-43.138872" lon="147.894679"><ele>13.9</ele></trkpt>
    <trkpt lat="-43.139011" lon="147.894478"><ele>15.7</ele></trkpt>
    <trkpt lat="-43.139094" lon="147.894151"><ele>17.2</ele></trkpt>
    <trkpt lat="-43.139223" lon="147.893747"><ele>20.0</ele></trkpt>
    <trkpt lat="-43.139306" lon="147.893264"><ele>22.7</ele></trkpt>
    <trkpt lat="-43.139378" lon="147.892875"><ele>22.9</ele></trkpt>
    <trkpt lat="-43.139437" lon="147.892595"><ele>22.9</ele></trkpt>
    <trkpt lat="-43.139510" lon="147.892081"><ele>22.8</ele></trkpt>
    <trkpt lat="-43.139742" lon="147.891678"><ele>22.0</ele></trkpt>
    <trkpt lat="-43.139950" lon="147.891353"><ele>21.7</ele></trkpt>
    <trkpt lat="-43.140273" lon="147.890983"><ele>21.2</ele></trkpt>
    <trkpt lat="-43.140412" lon="147.890767"><ele>20.9</ele></trkpt>
    <trkpt lat="-43.140700" lon="147.890443"><ele>19.9</ele></trkpt>
    <trkpt lat="-43.140909" lon="147.890056"><ele>18.9</ele></trkpt>
    <trkpt lat="-43.141050" lon="147.889621"><ele>18.8</ele></trkpt>
    <trkpt lat="-43.141384" lon="147.889344"><ele>19.4</ele></trkpt>
    <trkpt lat="-43.141625" lon="147.889207"><ele>20.7</ele></trkpt>
    <trkpt lat="-43.141969" lon="147.889025"><ele>23.0</ele></trkpt>
    <trkpt lat="-43.142290" lon="147.888983"><ele>24.2</ele></trkpt>
    <trkpt lat="-43.142415" lon="147.888985"><ele>24.6</ele></trkpt>
    <trkpt lat="-43.142518" lon="147.889033"><ele>24.9</ele></trkpt>
    <trkpt lat="-43.142655" lon="147.889051"><ele>25.2</ele></trkpt>
    <trkpt lat="-43.142838" lon="147.889053"><ele>25.5</ele></trkpt>
    <trkpt lat="-43.142963" lon="147.889117"><ele>25.6</ele></trkpt>
    <trkpt lat="-43.143111" lon="147.889198"><ele>25.8</ele></trkpt>
    <trkpt lat="-43.143339" lon="147.889341"><ele>26.2</ele></trkpt>
    <trkpt lat="-43.143497" lon="147.889516"><ele>26.8</ele></trkpt>
    <trkpt lat="-43.143559" lon="147.889712"><ele>27.2</ele></trkpt>
    <trkpt lat="-43.143593" lon="147.889775"><ele>27.3</ele></trkpt>
    <trkpt lat="-43.143621" lon="147.889837"><ele>27.5</ele></trkpt>
    <trkpt lat="-43.143649" lon="147.889900"><ele>27.6</ele></trkpt>
    <trkpt lat="-43.143677" lon="147.889932"><ele>27.7</ele></trkpt>
    <trkpt lat="-43.143711" lon="147.889979"><ele>27.9</ele></trkpt>
    <trkpt lat="-43.143751" lon="147.890042"><ele>28.3</ele></trkpt>
    <trkpt lat="-43.143784" lon="147.890097"><ele>28.6</ele></trkpt>
    <trkpt lat="-43.143853" lon="147.890145"><ele>29.0</ele></trkpt>
    <trkpt lat="-43.143892" lon="147.890185"><ele>29.2</ele></trkpt>
    <trkpt lat="-43.143937" lon="147.890271"><ele>29.7</ele></trkpt>
    <trkpt lat="-43.144045" lon="147.890390"><ele>30.6</ele></trkpt>
    <trkpt lat="-43.144090" lon="147.890508"><ele>31.0</ele></trkpt>
    <trkpt lat="-43.144124" lon="147.890594"><ele>31.2</ele></trkpt>
    <trkpt lat="-43.144169" lon="147.890665"><ele>31.4</ele></trkpt>
    <trkpt lat="-43.144231" lon="147.890736"><ele>31.6</ele></trkpt>
    <trkpt lat="-43.144288" lon="147.890784"><ele>31.9</ele></trkpt>
    <trkpt lat="-43.144327" lon="147.890863"><ele>32.2</ele></trkpt>
    <trkpt lat="-43.144361" lon="147.890949"><ele>32.6</ele></trkpt>
    <trkpt lat="-43.144440" lon="147.891075"><ele>33.3</ele></trkpt>
    <trkpt lat="-43.144485" lon="147.891115"><ele>33.7</ele></trkpt>
    <trkpt lat="-43.144559" lon="147.891186"><ele>34.4</ele></trkpt>
    <trkpt lat="-43.144650" lon="147.891297"><ele>35.1</ele></trkpt>
    <trkpt lat="-43.144712" lon="147.891438"><ele>35.8</ele></trkpt>
    <trkpt lat="-43.144796" lon="147.891541"><ele>36.3</ele></trkpt>
    <trkpt lat="-43.144893" lon="147.891667"><ele>36.7</ele></trkpt>
    <trkpt lat="-43.145006" lon="147.891817"><ele>37.2</ele></trkpt>
    <trkpt lat="-43.145183" lon="147.891882"><ele>38.1</ele></trkpt>
    <trkpt lat="-43.145286" lon="147.891860"><ele>38.6</ele></trkpt>
    <trkpt lat="-43.145383" lon="147.891854"><ele>39.0</ele></trkpt>
    <trkpt lat="-43.145451" lon="147.891933"><ele>39.3</ele></trkpt>
    <trkpt lat="-43.145524" lon="147.892028"><ele>39.4</ele></trkpt>
    <trkpt lat="-43.145632" lon="147.892201"><ele>39.3</ele></trkpt>
    <trkpt lat="-43.145699" lon="147.892350"><ele>39.4</ele></trkpt>
    <trkpt lat="-43.145755" lon="147.892499"><ele>39.4</ele></trkpt>
    <trkpt lat="-43.145755" lon="147.892578"><ele>39.4</ele></trkpt>
    <trkpt lat="-43.145810" lon="147.892766"><ele>39.6</ele></trkpt>
    <trkpt lat="-43.145883" lon="147.892939"><ele>39.6</ele></trkpt>
    <trkpt lat="-43.145916" lon="147.893189"><ele>39.5</ele></trkpt>
    <trkpt lat="-43.145943" lon="147.893306"><ele>39.4</ele></trkpt>
    <trkpt lat="-43.146000" lon="147.893385"><ele>39.3</ele></trkpt>
    <trkpt lat="-43.146069" lon="147.893544"><ele>39.1</ele></trkpt>
    <trkpt lat="-43.146139" lon="147.893532"><ele>39.1</ele></trkpt>
    <trkpt lat="-43.146146" lon="147.893532"><ele>39.1</ele></trkpt>
    <trkpt lat="-43.146177" lon="147.893532"><ele>39.1</ele></trkpt>
    <trkpt lat="-43.146207" lon="147.893544"><ele>39.1</ele></trkpt>
    <trkpt lat="-43.146213" lon="147.893556"><ele>39.1</ele></trkpt>
    <trkpt lat="-43.146240" lon="147.893541"><ele>39.1</ele></trkpt>
    <trkpt lat="-43.146270" lon="147.893530"><ele>39.1</ele></trkpt>
    <trkpt lat="-43.146292" lon="147.893524"><ele>39.1</ele></trkpt>
    <trkpt lat="-43.146312" lon="147.893501"><ele>39.1</ele></trkpt>
    <trkpt lat="-43.146348" lon="147.893435"><ele>39.0</ele></trkpt>
    <trkpt lat="-43.146367" lon="147.893418"><ele>39.0</ele></trkpt>
    <trkpt lat="-43.146387" lon="147.893436"><ele>38.9</ele></trkpt>
    <trkpt lat="-43.146412" lon="147.893442"><ele>38.9</ele></trkpt>
    <trkpt lat="-43.146439" lon="147.893428"><ele>38.8</ele></trkpt>
    <trkpt lat="-43.146481" lon="147.893410"><ele>38.7</ele></trkpt>
    <trkpt lat="-43.146550" lon="147.893398"><ele>38.6</ele></trkpt>
    <trkpt lat="-43.146601" lon="147.893412"><ele>38.5</ele></trkpt>
    <trkpt lat="-43.146648" lon="147.893406"><ele>38.5</ele></trkpt>
    <trkpt lat="-43.146708" lon="147.893407"><ele>38.4</ele></trkpt>
    <trkpt lat="-43.146754" lon="147.893420"><ele>38.3</ele></trkpt>
    <trkpt lat="-43.146801" lon="147.893421"><ele>38.3</ele></trkpt>
    <trkpt lat="-43.146834" lon="147.893390"><ele>38.2</ele></trkpt>
    <trkpt lat="-43.146880" lon="147.893371"><ele>38.2</ele></trkpt>
    <trkpt lat="-43.146954" lon="147.893373"><ele>38.1</ele></trkpt>
    <trkpt lat="-43.147043" lon="147.893374"><ele>38.1</ele></trkpt>
    <trkpt lat="-43.147108" lon="147.893356"><ele>38.1</ele></trkpt>
    <trkpt lat="-43.147163" lon="147.893344"><ele>38.1</ele></trkpt>
    <trkpt lat="-43.147238" lon="147.893364"><ele>38.3</ele></trkpt>
    <trkpt lat="-43.147381" lon="147.893404"><ele>38.5</ele></trkpt>
    <trkpt lat="-43.147562" lon="147.893483"><ele>38.4</ele></trkpt>
    <trkpt lat="-43.147654" lon="147.893573"><ele>38.4</ele></trkpt>
    <trkpt lat="-43.147754" lon="147.893752"><ele>38.6</ele></trkpt>
    <trkpt lat="-43.147828" lon="147.893873"><ele>38.7</ele></trkpt>
    <trkpt lat="-43.147910" lon="147.893976"><ele>38.9</ele></trkpt>
    <trkpt lat="-43.148003" lon="147.894041"><ele>39.1</ele></trkpt>
    <trkpt lat="-43.148108" lon="147.894201"><ele>38.6</ele></trkpt>
    <trkpt lat="-43.148306" lon="147.894400"><ele>38.1</ele></trkpt>
    <trkpt lat="-43.148449" lon="147.894504"><ele>38.0</ele></trkpt>
    <trkpt lat="-43.148510" lon="147.894524"><ele>38.0</ele></trkpt>
    <trkpt lat="-43.148565" lon="147.894524"><ele>38.1</ele></trkpt>
    <trkpt lat="-43.148635" lon="147.894513"><ele>38.1</ele></trkpt>
    <trkpt lat="-43.148691" lon="147.894514"><ele>38.2</ele></trkpt>
    <trkpt lat="-43.148726" lon="147.894536"><ele>38.4</ele></trkpt>
    <trkpt lat="-43.148749" lon="147.894556"><ele>38.5</ele></trkpt>
    <trkpt lat="-43.148775" lon="147.894578"><ele>38.7</ele></trkpt>
    <trkpt lat="-43.148796" lon="147.894594"><ele>38.8</ele></trkpt>
    <trkpt lat="-43.148827" lon="147.894595"><ele>39.0</ele></trkpt>
    <trkpt lat="-43.148841" lon="147.894604"><ele>39.0</ele></trkpt>
    <trkpt lat="-43.148866" lon="147.894625"><ele>39.2</ele></trkpt>
    <trkpt lat="-43.148890" lon="147.894656"><ele>39.3</ele></trkpt>
    <trkpt lat="-43.148914" lon="147.894697"><ele>39.5</ele></trkpt>
    <trkpt lat="-43.148988" lon="147.894766"><ele>39.8</ele></trkpt>
    <trkpt lat="-43.149081" lon="147.894810"><ele>40.1</ele></trkpt>
    <trkpt lat="-43.149211" lon="147.894897"><ele>41.0</ele></trkpt>
    <trkpt lat="-43.149290" lon="147.895067"><ele>42.3</ele></trkpt>
    <trkpt lat="-43.149414" lon="147.895163"><ele>43.0</ele></trkpt>
    <trkpt lat="-43.149513" lon="147.895164"><ele>43.2</ele></trkpt>
    <trkpt lat="-43.149606" lon="147.895123"><ele>43.4</ele></trkpt>
    <trkpt lat="-43.149755" lon="147.895151"><ele>43.6</ele></trkpt>
    <trkpt lat="-43.149891" lon="147.895220"><ele>43.7</ele></trkpt>
    <trkpt lat="-43.149997" lon="147.895188"><ele>43.5</ele></trkpt>
    <trkpt lat="-43.150121" lon="147.895173"><ele>43.4</ele></trkpt>
    <trkpt lat="-43.150221" lon="147.895174"><ele>43.2</ele></trkpt>
    <trkpt lat="-43.150407" lon="147.895177"><ele>42.8</ele></trkpt>
    <trkpt lat="-43.150525" lon="147.895230"><ele>42.1</ele></trkpt>
    <trkpt lat="-43.150710" lon="147.895419"><ele>41.7</ele></trkpt>
    <trkpt lat="-43.150864" lon="147.895540"><ele>42.2</ele></trkpt>
    <trkpt lat="-43.150994" lon="147.895576"><ele>42.5</ele></trkpt>
    <trkpt lat="-43.151105" lon="147.895722"><ele>43.0</ele></trkpt>
    <trkpt lat="-43.151128" lon="147.895774"><ele>43.1</ele></trkpt>
    <trkpt lat="-43.151137" lon="147.895801"><ele>43.1</ele></trkpt>
    <trkpt lat="-43.151148" lon="147.895838"><ele>43.2</ele></trkpt>
    <trkpt lat="-43.151159" lon="147.895868"><ele>43.2</ele></trkpt>
    <trkpt lat="-43.151195" lon="147.895911"><ele>43.3</ele></trkpt>
    <trkpt lat="-43.151230" lon="147.895959"><ele>43.5</ele></trkpt>
    <trkpt lat="-43.151316" lon="147.895918"><ele>43.8</ele></trkpt>
    <trkpt lat="-43.151329" lon="147.895894"><ele>43.9</ele></trkpt>
    <trkpt lat="-43.151347" lon="147.895870"><ele>44.0</ele></trkpt>
    <trkpt lat="-43.151358" lon="147.895835"><ele>44.1</ele></trkpt>
    <trkpt lat="-43.151374" lon="147.895787"><ele>44.3</ele></trkpt>
    <trkpt lat="-43.151385" lon="147.895751"><ele>44.4</ele></trkpt>
    <trkpt lat="-43.151401" lon="147.895727"><ele>44.5</ele></trkpt>
    <trkpt lat="-43.151422" lon="147.895695"><ele>44.6</ele></trkpt>
    <trkpt lat="-43.151433" lon="147.895681"><ele>44.7</ele></trkpt>
    <trkpt lat="-43.151435" lon="147.895673"><ele>44.7</ele></trkpt>
    <trkpt lat="-43.151498" lon="147.895549"><ele>45.2</ele></trkpt>
    <trkpt lat="-43.151551" lon="147.895485"><ele>45.5</ele></trkpt>
    <trkpt lat="-43.151617" lon="147.895426"><ele>45.8</ele></trkpt>
    <trkpt lat="-43.151674" lon="147.895385"><ele>45.8</ele></trkpt>
    <trkpt lat="-43.151722" lon="147.895326"><ele>45.8</ele></trkpt>
    <trkpt lat="-43.151770" lon="147.895291"><ele>45.8</ele></trkpt>
    <trkpt lat="-43.151819" lon="147.895238"><ele>45.8</ele></trkpt>
    <trkpt lat="-43.151881" lon="147.895155"><ele>45.9</ele></trkpt>
    <trkpt lat="-43.152026" lon="147.895050"><ele>46.2</ele></trkpt>
    <trkpt lat="-43.152162" lon="147.894968"><ele>46.3</ele></trkpt>
    <trkpt lat="-43.152271" lon="147.894940"><ele>46.3</ele></trkpt>
    <trkpt lat="-43.152376" lon="147.894912"><ele>46.3</ele></trkpt>
    <trkpt lat="-43.152486" lon="147.894872"><ele>46.3</ele></trkpt>
    <trkpt lat="-43.152600" lon="147.894814"><ele>46.4</ele></trkpt>
    <trkpt lat="-43.152692" lon="147.894785"><ele>46.4</ele></trkpt>
    <trkpt lat="-43.152810" lon="147.894751"><ele>46.5</ele></trkpt>
    <trkpt lat="-43.152937" lon="147.894741"><ele>46.4</ele></trkpt>
    <trkpt lat="-43.153247" lon="147.894734"><ele>45.5</ele></trkpt>
    <trkpt lat="-43.153417" lon="147.894826"><ele>44.7</ele></trkpt>
    <trkpt lat="-43.153608" lon="147.895001"><ele>43.4</ele></trkpt>
    <trkpt lat="-43.153711" lon="147.895188"><ele>42.1</ele></trkpt>
    <trkpt lat="-43.153863" lon="147.895345"><ele>40.6</ele></trkpt>
    <trkpt lat="-43.153949" lon="147.895454"><ele>39.7</ele></trkpt>
    <trkpt lat="-43.154019" lon="147.895539"><ele>38.9</ele></trkpt>
    <trkpt lat="-43.154070" lon="147.895623"><ele>38.2</ele></trkpt>
    <trkpt lat="-43.154118" lon="147.895695"><ele>37.6</ele></trkpt>
    <trkpt lat="-43.154134" lon="147.895706"><ele>37.5</ele></trkpt>
    <trkpt lat="-43.154168" lon="147.895757"><ele>37.0</ele></trkpt>
    <trkpt lat="-43.154195" lon="147.895807"><ele>36.5</ele></trkpt>
    <trkpt lat="-43.154216" lon="147.895847"><ele>36.1</ele></trkpt>
    <trkpt lat="-43.154233" lon="147.895902"><ele>35.5</ele></trkpt>
    <trkpt lat="-43.154262" lon="147.895941"><ele>35.0</ele></trkpt>
    <trkpt lat="-43.154294" lon="147.895963"><ele>34.5</ele></trkpt>
    <trkpt lat="-43.154325" lon="147.895983"><ele>34.1</ele></trkpt>
    <trkpt lat="-43.154336" lon="147.895989"><ele>33.9</ele></trkpt>
    <trkpt lat="-43.154346" lon="147.896003"><ele>33.8</ele></trkpt>
    <trkpt lat="-43.154360" lon="147.896002"><ele>33.6</ele></trkpt>
    <trkpt lat="-43.154371" lon="147.896004"><ele>33.4</ele></trkpt>
    <trkpt lat="-43.154379" lon="147.896022"><ele>33.2</ele></trkpt>
    <trkpt lat="-43.154386" lon="147.896032"><ele>33.1</ele></trkpt>
    <trkpt lat="-43.154470" lon="147.896077"><ele>31.9</ele></trkpt>
    <trkpt lat="-43.154510" lon="147.896086"><ele>31.3</ele></trkpt>
    <trkpt lat="-43.154553" lon="147.896087"><ele>30.7</ele></trkpt>
    <trkpt lat="-43.154624" lon="147.896070"><ele>29.8</ele></trkpt>
    <trkpt lat="-43.154712" lon="147.896050"><ele>28.5</ele></trkpt>
    <trkpt lat="-43.154787" lon="147.896023"><ele>27.5</ele></trkpt>
    <trkpt lat="-43.154832" lon="147.895999"><ele>26.8</ele></trkpt>
    <trkpt lat="-43.154922" lon="147.896000"><ele>25.6</ele></trkpt>
    <trkpt lat="-43.155003" lon="147.896005"><ele>24.4</ele></trkpt>
    <trkpt lat="-43.155066" lon="147.896023"><ele>23.4</ele></trkpt>
    <trkpt lat="-43.155115" lon="147.896043"><ele>22.7</ele></trkpt>
    <trkpt lat="-43.155140" lon="147.896052"><ele>22.3</ele></trkpt>
    <trkpt lat="-43.155156" lon="147.896057"><ele>22.0</ele></trkpt>
    <trkpt lat="-43.155216" lon="147.896085"><ele>21.2</ele></trkpt>
    <trkpt lat="-43.155268" lon="147.896119"><ele>20.4</ele></trkpt>
    <trkpt lat="-43.155324" lon="147.896110"><ele>19.6</ele></trkpt>
    <trkpt lat="-43.155438" lon="147.896078"><ele>18.1</ele></trkpt>
    <trkpt lat="-43.155528" lon="147.896046"><ele>17.3</ele></trkpt>
    <trkpt lat="-43.155584" lon="147.895983"><ele>16.7</ele></trkpt>
    <trkpt lat="-43.155636" lon="147.895900"><ele>16.0</ele></trkpt>
    <trkpt lat="-43.155690" lon="147.895832"><ele>15.9</ele></trkpt>
    <trkpt lat="-43.155718" lon="147.895807"><ele>15.9</ele></trkpt>
    <trkpt lat="-43.155747" lon="147.895782"><ele>15.9</ele></trkpt>
    <trkpt lat="-43.155799" lon="147.895762"><ele>15.8</ele></trkpt>
    <trkpt lat="-43.155846" lon="147.895760"><ele>15.8</ele></trkpt>
    <trkpt lat="-43.155893" lon="147.895761"><ele>15.9</ele></trkpt>
    <trkpt lat="-43.155941" lon="147.895773"><ele>16.3</ele></trkpt>
    <trkpt lat="-43.155959" lon="147.895787"><ele>16.4</ele></trkpt>
    <trkpt lat="-43.155970" lon="147.895821"><ele>16.6</ele></trkpt>
    <trkpt lat="-43.155980" lon="147.895846"><ele>16.8</ele></trkpt>
    <trkpt lat="-43.155988" lon="147.895859"><ele>16.9</ele></trkpt>
    <trkpt lat="-43.156055" lon="147.895848"><ele>17.3</ele></trkpt>
    <trkpt lat="-43.156061" lon="147.895837"><ele>17.4</ele></trkpt>
    <trkpt lat="-43.156078" lon="147.895798"><ele>17.7</ele></trkpt>
    <trkpt lat="-43.156121" lon="147.895776"><ele>18.3</ele></trkpt>
    <trkpt lat="-43.156139" lon="147.895770"><ele>18.5</ele></trkpt>
    <trkpt lat="-43.156158" lon="147.895749"><ele>18.9</ele></trkpt>
    <trkpt lat="-43.156177" lon="147.895744"><ele>19.1</ele></trkpt>
    <trkpt lat="-43.156204" lon="147.895744"><ele>19.5</ele></trkpt>
    <trkpt lat="-43.156238" lon="147.895740"><ele>20.0</ele></trkpt>
    <trkpt lat="-43.156246" lon="147.895742"><ele>20.1</ele></trkpt>
    <trkpt lat="-43.156267" lon="147.895736"><ele>20.4</ele></trkpt>
    <trkpt lat="-43.156285" lon="147.895697"><ele>20.9</ele></trkpt>
    <trkpt lat="-43.156310" lon="147.895664"><ele>21.4</ele></trkpt>
    <trkpt lat="-43.156329" lon="147.895621"><ele>21.9</ele></trkpt>
    <trkpt lat="-43.156336" lon="147.895596"><ele>22.2</ele></trkpt>
    <trkpt lat="-43.156391" lon="147.895613"><ele>23.1</ele></trkpt>
    <trkpt lat="-43.156416" lon="147.895622"><ele>23.4</ele></trkpt>
    <trkpt lat="-43.156432" lon="147.895591"><ele>23.8</ele></trkpt>
    <trkpt lat="-43.156449" lon="147.895523"><ele>24.6</ele></trkpt>
    <trkpt lat="-43.156467" lon="147.895504"><ele>24.9</ele></trkpt>
    <trkpt lat="-43.156484" lon="147.895463"><ele>25.4</ele></trkpt>
    <trkpt lat="-43.156507" lon="147.895449"><ele>25.9</ele></trkpt>
    <trkpt lat="-43.156508" lon="147.895432"><ele>26.1</ele></trkpt>
    <trkpt lat="-43.156498" lon="147.895383"><ele>26.8</ele></trkpt>
    <trkpt lat="-43.156498" lon="147.895341"><ele>27.3</ele></trkpt>
    <trkpt lat="-43.156512" lon="147.895292"><ele>28.0</ele></trkpt>
    <trkpt lat="-43.156520" lon="147.895268"><ele>28.4</ele></trkpt>
    <trkpt lat="-43.156555" lon="147.895148"><ele>30.1</ele></trkpt>
    <trkpt lat="-43.156551" lon="147.894978"><ele>32.1</ele></trkpt>
    <trkpt lat="-43.156591" lon="147.894841"><ele>33.9</ele></trkpt>
    <trkpt lat="-43.156630" lon="147.894705"><ele>35.3</ele></trkpt>
    <trkpt lat="-43.156741" lon="147.894595"><ele>36.9</ele></trkpt>
    <trkpt lat="-43.156837" lon="147.894525"><ele>38.2</ele></trkpt>
    <trkpt lat="-43.156909" lon="147.894448"><ele>39.4</ele></trkpt>
    <trkpt lat="-43.156971" lon="147.894442"><ele>40.3</ele></trkpt>
    <trkpt lat="-43.157019" lon="147.894443"><ele>40.9</ele></trkpt>
    <trkpt lat="-43.157120" lon="147.894373"><ele>42.6</ele></trkpt>
    <trkpt lat="-43.157183" lon="147.894308"><ele>43.9</ele></trkpt>
    <trkpt lat="-43.157259" lon="147.894303"><ele>45.1</ele></trkpt>
    <trkpt lat="-43.157360" lon="147.894232"><ele>46.7</ele></trkpt>
    <trkpt lat="-43.157417" lon="147.894220"><ele>47.5</ele></trkpt>
    <trkpt lat="-43.157504" lon="147.894208"><ele>48.6</ele></trkpt>
    <trkpt lat="-43.157590" lon="147.894171"><ele>49.7</ele></trkpt>
    <trkpt lat="-43.157676" lon="147.894126"><ele>50.5</ele></trkpt>
    <trkpt lat="-43.157753" lon="147.894068"><ele>51.2</ele></trkpt>
    <trkpt lat="-43.157844" lon="147.894005"><ele>52.2</ele></trkpt>
    <trkpt lat="-43.157892" lon="147.893992"><ele>52.7</ele></trkpt>
    <trkpt lat="-43.157897" lon="147.893979"><ele>52.8</ele></trkpt>
    <trkpt lat="-43.157902" lon="147.893908"><ele>53.3</ele></trkpt>
    <trkpt lat="-43.157984" lon="147.893896"><ele>54.2</ele></trkpt>
    <trkpt lat="-43.158070" lon="147.893877"><ele>55.0</ele></trkpt>
    <trkpt lat="-43.158108" lon="147.893832"><ele>55.5</ele></trkpt>
    <trkpt lat="-43.158147" lon="147.893754"><ele>56.1</ele></trkpt>
    <trkpt lat="-43.158243" lon="147.893697"><ele>57.1</ele></trkpt>
    <trkpt lat="-43.158324" lon="147.893718"><ele>57.6</ele></trkpt>
    <trkpt lat="-43.158472" lon="147.893792"><ele>58.5</ele></trkpt>
    <trkpt lat="-43.158567" lon="147.893858"><ele>59.2</ele></trkpt>
    <trkpt lat="-43.158667" lon="147.893893"><ele>60.0</ele></trkpt>
    <trkpt lat="-43.158719" lon="147.893913"><ele>60.4</ele></trkpt>
    <trkpt lat="-43.158753" lon="147.893946"><ele>60.8</ele></trkpt>
    <trkpt lat="-43.158791" lon="147.893947"><ele>61.2</ele></trkpt>
    <trkpt lat="-43.158903" lon="147.893868"><ele>62.7</ele></trkpt>
    <trkpt lat="-43.159028" lon="147.893838"><ele>64.2</ele></trkpt>
    <trkpt lat="-43.159087" lon="147.893847"><ele>64.8</ele></trkpt>
    <trkpt lat="-43.159170" lon="147.893848"><ele>65.6</ele></trkpt>
    <trkpt lat="-43.159212" lon="147.893849"><ele>66.1</ele></trkpt>
    <trkpt lat="-43.159353" lon="147.893915"><ele>67.7</ele></trkpt>
    <trkpt lat="-43.159572" lon="147.894008"><ele>70.5</ele></trkpt>
    <trkpt lat="-43.159755" lon="147.894051"><ele>73.2</ele></trkpt>
    <trkpt lat="-43.159820" lon="147.894084"><ele>74.2</ele></trkpt>
    <trkpt lat="-43.159856" lon="147.894101"><ele>74.7</ele></trkpt>
    <trkpt lat="-43.159932" lon="147.894232"><ele>76.5</ele></trkpt>
    <trkpt lat="-43.160032" lon="147.894290"><ele>77.9</ele></trkpt>
    <trkpt lat="-43.160114" lon="147.894396"><ele>79.2</ele></trkpt>
    <trkpt lat="-43.160190" lon="147.894519"><ele>80.4</ele></trkpt>
    <trkpt lat="-43.160302" lon="147.894650"><ele>81.8</ele></trkpt>
    <trkpt lat="-43.160414" lon="147.894757"><ele>82.9</ele></trkpt>
    <trkpt lat="-43.160567" lon="147.894840"><ele>83.8</ele></trkpt>
    <trkpt lat="-43.160715" lon="147.894947"><ele>84.9</ele></trkpt>
    <trkpt lat="-43.160950" lon="147.895145"><ele>86.9</ele></trkpt>
    <trkpt lat="-43.161045" lon="147.895220"><ele>87.7</ele></trkpt>
    <trkpt lat="-43.161121" lon="147.895277"><ele>88.4</ele></trkpt>
    <trkpt lat="-43.161226" lon="147.895473"><ele>89.7</ele></trkpt>
    <trkpt lat="-43.161284" lon="147.895620"><ele>90.5</ele></trkpt>
    <trkpt lat="-43.161420" lon="147.895727"><ele>91.2</ele></trkpt>
    <trkpt lat="-43.161544" lon="147.895810"><ele>91.6</ele></trkpt>
    <trkpt lat="-43.161638" lon="147.895884"><ele>91.8</ele></trkpt>
    <trkpt lat="-43.161763" lon="147.895849"><ele>91.9</ele></trkpt>
    <trkpt lat="-43.161808" lon="147.895850"><ele>91.9</ele></trkpt>
    <trkpt lat="-43.161879" lon="147.895894"><ele>91.8</ele></trkpt>
    <trkpt lat="-43.161965" lon="147.895895"><ele>91.7</ele></trkpt>
    <trkpt lat="-43.162063" lon="147.895878"><ele>91.9</ele></trkpt>
    <trkpt lat="-43.162117" lon="147.895842"><ele>92.0</ele></trkpt>
    <trkpt lat="-43.162230" lon="147.895844"><ele>92.3</ele></trkpt>
    <trkpt lat="-43.162314" lon="147.895870"><ele>92.7</ele></trkpt>
    <trkpt lat="-43.162484" lon="147.896007"><ele>93.8</ele></trkpt>
    <trkpt lat="-43.162559" lon="147.896179"><ele>95.5</ele></trkpt>
    <trkpt lat="-43.162599" lon="147.896235"><ele>96.3</ele></trkpt>
    <trkpt lat="-43.162679" lon="147.896279"><ele>97.3</ele></trkpt>
    <trkpt lat="-43.162796" lon="147.896281"><ele>99.3</ele></trkpt>
    <trkpt lat="-43.163020" lon="147.896296"><ele>103.1</ele></trkpt>
    <trkpt lat="-43.163118" lon="147.896335"><ele>104.6</ele></trkpt>
    <trkpt lat="-43.163279" lon="147.896398"><ele>107.0</ele></trkpt>
    <trkpt lat="-43.163413" lon="147.896412"><ele>108.7</ele></trkpt>
    <trkpt lat="-43.163534" lon="147.896439"><ele>110.2</ele></trkpt>
    <trkpt lat="-43.163682" lon="147.896453"><ele>111.9</ele></trkpt>
    <trkpt lat="-43.163751" lon="147.896425"><ele>112.7</ele></trkpt>
    <trkpt lat="-43.163826" lon="147.896496"><ele>113.4</ele></trkpt>
    <trkpt lat="-43.163910" lon="147.896571"><ele>114.2</ele></trkpt>
    <trkpt lat="-43.163939" lon="147.896594"><ele>114.5</ele></trkpt>
    <trkpt lat="-43.163955" lon="147.896631"><ele>114.8</ele></trkpt>
    <trkpt lat="-43.163988" lon="147.896658"><ele>115.1</ele></trkpt>
    <trkpt lat="-43.163998" lon="147.896669"><ele>115.2</ele></trkpt>
    <trkpt lat="-43.164052" lon="147.896681"><ele>115.6</ele></trkpt>
    <trkpt lat="-43.164090" lon="147.896696"><ele>115.9</ele></trkpt>
    <trkpt lat="-43.164155" lon="147.896715"><ele>116.4</ele></trkpt>
    <trkpt lat="-43.164209" lon="147.896738"><ele>116.9</ele></trkpt>
    <trkpt lat="-43.164249" lon="147.896772"><ele>117.3</ele></trkpt>
    <trkpt lat="-43.164309" lon="147.896803"><ele>118.0</ele></trkpt>
    <trkpt lat="-43.164357" lon="147.896822"><ele>118.4</ele></trkpt>
    <trkpt lat="-43.164368" lon="147.896826"><ele>118.5</ele></trkpt>
    <trkpt lat="-43.164444" lon="147.896861"><ele>119.3</ele></trkpt>
    <trkpt lat="-43.164507" lon="147.896876"><ele>119.9</ele></trkpt>
    <trkpt lat="-43.164599" lon="147.896911"><ele>120.9</ele></trkpt>
    <trkpt lat="-43.164752" lon="147.896983"><ele>122.6</ele></trkpt>
    <trkpt lat="-43.164899" lon="147.897060"><ele>124.5</ele></trkpt>
    <trkpt lat="-43.164972" lon="147.897101"><ele>125.4</ele></trkpt>
    <trkpt lat="-43.164997" lon="147.897121"><ele>125.9</ele></trkpt>
    <trkpt lat="-43.165051" lon="147.897194"><ele>127.0</ele></trkpt>
    <trkpt lat="-43.165101" lon="147.897201"><ele>127.8</ele></trkpt>
    <trkpt lat="-43.165189" lon="147.897174"><ele>129.2</ele></trkpt>
    <trkpt lat="-43.165224" lon="147.897174"><ele>129.8</ele></trkpt>
    <trkpt lat="-43.165275" lon="147.897167"><ele>130.6</ele></trkpt>
    <trkpt lat="-43.165284" lon="147.897167"><ele>130.7</ele></trkpt>
    <trkpt lat="-43.165291" lon="147.897231"><ele>131.5</ele></trkpt>
    <trkpt lat="-43.165258" lon="147.897395"><ele>133.4</ele></trkpt>
    <trkpt lat="-43.165257" lon="147.897413"><ele>133.6</ele></trkpt>
    <trkpt lat="-43.165239" lon="147.897536"><ele>134.9</ele></trkpt>
    <trkpt lat="-43.165221" lon="147.897665"><ele>136.3</ele></trkpt>
    <trkpt lat="-43.165268" lon="147.897789"><ele>137.7</ele></trkpt>
    <trkpt lat="-43.165301" lon="147.897910"><ele>138.7</ele></trkpt>
    <trkpt lat="-43.165327" lon="147.898028"><ele>139.7</ele></trkpt>
    <trkpt lat="-43.165376" lon="147.898150"><ele>140.8</ele></trkpt>
    <trkpt lat="-43.165443" lon="147.898175"><ele>141.4</ele></trkpt>
    <trkpt lat="-43.165472" lon="147.898186"><ele>141.7</ele></trkpt>
    <trkpt lat="-43.165558" lon="147.898252"><ele>142.7</ele></trkpt>
    <trkpt lat="-43.165600" lon="147.898356"><ele>143.2</ele></trkpt>
    <trkpt lat="-43.165607" lon="147.898374"><ele>143.3</ele></trkpt>
    <trkpt lat="-43.165665" lon="147.898497"><ele>143.5</ele></trkpt>
    <trkpt lat="-43.165716" lon="147.898598"><ele>143.6</ele></trkpt>
    <trkpt lat="-43.165771" lon="147.898733"><ele>143.4</ele></trkpt>
    <trkpt lat="-43.165761" lon="147.898858"><ele>143.0</ele></trkpt>
    <trkpt lat="-43.165756" lon="147.898984"><ele>142.7</ele></trkpt>
    <trkpt lat="-43.165838" lon="147.899052"><ele>142.3</ele></trkpt>
    <trkpt lat="-43.165929" lon="147.899076"><ele>141.9</ele></trkpt>
    <trkpt lat="-43.166030" lon="147.899068"><ele>141.4</ele></trkpt>
    <trkpt lat="-43.166078" lon="147.899078"><ele>141.3</ele></trkpt>
    <trkpt lat="-43.166131" lon="147.899089"><ele>141.1</ele></trkpt>
    <trkpt lat="-43.166219" lon="147.899148"><ele>140.9</ele></trkpt>
    <trkpt lat="-43.166245" lon="147.899146"><ele>140.8</ele></trkpt>
    <trkpt lat="-43.166317" lon="147.899139"><ele>140.6</ele></trkpt>
    <trkpt lat="-43.166417" lon="147.899156"><ele>140.5</ele></trkpt>
    <trkpt lat="-43.166511" lon="147.899196"><ele>140.3</ele></trkpt>
    <trkpt lat="-43.166539" lon="147.899214"><ele>140.3</ele></trkpt>
    <trkpt lat="-43.166591" lon="147.899245"><ele>140.5</ele></trkpt>
    <trkpt lat="-43.166668" lon="147.899321"><ele>140.9</ele></trkpt>
    <trkpt lat="-43.166730" lon="147.899385"><ele>141.3</ele></trkpt>
    <trkpt lat="-43.166791" lon="147.899423"><ele>141.7</ele></trkpt>
    <trkpt lat="-43.166833" lon="147.899437"><ele>142.0</ele></trkpt>
    <trkpt lat="-43.166881" lon="147.899453"><ele>142.5</ele></trkpt>
    <trkpt lat="-43.166982" lon="147.899432"><ele>143.3</ele></trkpt>
    <trkpt lat="-43.167073" lon="147.899494"><ele>144.1</ele></trkpt>
    <trkpt lat="-43.167151" lon="147.899455"><ele>144.9</ele></trkpt>
    <trkpt lat="-43.167171" lon="147.899445"><ele>145.0</ele></trkpt>
    <trkpt lat="-43.167253" lon="147.899362"><ele>145.9</ele></trkpt>
    <trkpt lat="-43.167279" lon="147.899343"><ele>146.1</ele></trkpt>
    <trkpt lat="-43.167343" lon="147.899299"><ele>146.6</ele></trkpt>
    <trkpt lat="-43.167381" lon="147.899247"><ele>146.9</ele></trkpt>
    <trkpt lat="-43.167409" lon="147.899208"><ele>147.2</ele></trkpt>
    <trkpt lat="-43.167502" lon="147.899195"><ele>147.7</ele></trkpt>
    <trkpt lat="-43.167589" lon="147.899228"><ele>148.0</ele></trkpt>
    <trkpt lat="-43.167624" lon="147.899288"><ele>148.1</ele></trkpt>
    <trkpt lat="-43.167649" lon="147.899330"><ele>148.2</ele></trkpt>
    <trkpt lat="-43.167788" lon="147.899315"><ele>148.4</ele></trkpt>
    <trkpt lat="-43.167819" lon="147.899312"><ele>148.4</ele></trkpt>
    <trkpt lat="-43.167910" lon="147.899315"><ele>148.4</ele></trkpt>
    <trkpt lat="-43.168001" lon="147.899348"><ele>148.4</ele></trkpt>
    <trkpt lat="-43.168105" lon="147.899385"><ele>148.2</ele></trkpt>
    <trkpt lat="-43.168200" lon="147.899397"><ele>148.1</ele></trkpt>
    <trkpt lat="-43.168252" lon="147.899390"><ele>148.0</ele></trkpt>
    <trkpt lat="-43.168254" lon="147.899386"><ele>148.0</ele></trkpt>
    <trkpt lat="-43.168275" lon="147.899244"><ele>147.7</ele></trkpt>
    <trkpt lat="-43.168282" lon="147.899150"><ele>147.5</ele></trkpt>
    <trkpt lat="-43.168259" lon="147.899091"><ele>147.4</ele></trkpt>
    <trkpt lat="-43.168239" lon="147.899048"><ele>147.3</ele></trkpt>
    <trkpt lat="-43.168239" lon="147.899008"><ele>147.2</ele></trkpt>
    <trkpt lat="-43.168245" lon="147.898965"><ele>147.1</ele></trkpt>
    <trkpt lat="-43.168237" lon="147.898882"><ele>147.0</ele></trkpt>
    <trkpt lat="-43.168212" lon="147.898802"><ele>146.8</ele></trkpt>
    <trkpt lat="-43.168200" lon="147.898729"><ele>146.6</ele></trkpt>
    <trkpt lat="-43.168198" lon="147.898667"><ele>146.4</ele></trkpt>
    <trkpt lat="-43.168210" lon="147.898579"><ele>146.0</ele></trkpt>
    <trkpt lat="-43.168200" lon="147.898456"><ele>145.5</ele></trkpt>
    <trkpt lat="-43.168161" lon="147.898329"><ele>144.9</ele></trkpt>
    <trkpt lat="-43.168161" lon="147.898240"><ele>144.5</ele></trkpt>
    <trkpt lat="-43.168161" lon="147.898238"><ele>144.5</ele></trkpt>
    <trkpt lat="-43.168169" lon="147.898190"><ele>144.2</ele></trkpt>
    <trkpt lat="-43.168162" lon="147.898132"><ele>144.0</ele></trkpt>
    <trkpt lat="-43.168155" lon="147.898069"><ele>143.7</ele></trkpt>
    <trkpt lat="-43.168153" lon="147.898064"><ele>143.6</ele></trkpt>
    <trkpt lat="-43.168093" lon="147.897908"><ele>142.9</ele></trkpt>
    <trkpt lat="-43.168054" lon="147.897715"><ele>142.4</ele></trkpt>
    <trkpt lat="-43.167938" lon="147.897593"><ele>142.0</ele></trkpt>
    <trkpt lat="-43.167966" lon="147.897554"><ele>141.9</ele></trkpt>
    <trkpt lat="-43.168065" lon="147.897556"><ele>141.7</ele></trkpt>
    <trkpt lat="-43.168095" lon="147.897567"><ele>141.6</ele></trkpt>
    <trkpt lat="-43.168144" lon="147.897619"><ele>141.5</ele></trkpt>
    <trkpt lat="-43.168231" lon="147.897678"><ele>141.4</ele></trkpt>
    <trkpt lat="-43.168341" lon="147.897742"><ele>141.3</ele></trkpt>
    <trkpt lat="-43.168444" lon="147.897770"><ele>141.4</ele></trkpt>
    <trkpt lat="-43.168505" lon="147.897770"><ele>141.6</ele></trkpt>
    <trkpt lat="-43.168593" lon="147.897756"><ele>141.7</ele></trkpt>
    <trkpt lat="-43.168646" lon="147.897793"><ele>141.9</ele></trkpt>
    <trkpt lat="-43.168748" lon="147.897868"><ele>142.2</ele></trkpt>
    <trkpt lat="-43.168793" lon="147.897915"><ele>142.4</ele></trkpt>
    <trkpt lat="-43.168854" lon="147.898015"><ele>142.6</ele></trkpt>
    <trkpt lat="-43.168921" lon="147.898177"><ele>142.5</ele></trkpt>
    <trkpt lat="-43.168976" lon="147.898371"><ele>142.4</ele></trkpt>
    <trkpt lat="-43.169002" lon="147.898465"><ele>142.2</ele></trkpt>
    <trkpt lat="-43.169036" lon="147.898559"><ele>142.0</ele></trkpt>
    <trkpt lat="-43.169077" lon="147.898627"><ele>141.8</ele></trkpt>
    <trkpt lat="-43.169107" lon="147.898711"><ele>141.7</ele></trkpt>
    <trkpt lat="-43.169122" lon="147.898743"><ele>141.7</ele></trkpt>
    <trkpt lat="-43.169203" lon="147.898655"><ele>141.5</ele></trkpt>
    <trkpt lat="-43.169264" lon="147.898588"><ele>141.4</ele></trkpt>
    <trkpt lat="-43.169330" lon="147.898527"><ele>141.4</ele></trkpt>
    <trkpt lat="-43.169379" lon="147.898528"><ele>141.4</ele></trkpt>
    <trkpt lat="-43.169429" lon="147.898528"><ele>141.4</ele></trkpt>
    <trkpt lat="-43.169486" lon="147.898472"><ele>141.5</ele></trkpt>
    <trkpt lat="-43.169536" lon="147.898452"><ele>141.5</ele></trkpt>
    <trkpt lat="-43.169612" lon="147.898453"><ele>141.5</ele></trkpt>
    <trkpt lat="-43.169802" lon="147.898477"><ele>141.6</ele></trkpt>
    <trkpt lat="-43.169924" lon="147.898536"><ele>141.6</ele></trkpt>
    <trkpt lat="-43.169996" lon="147.898594"><ele>141.6</ele></trkpt>
    <trkpt lat="-43.170042" lon="147.898600"><ele>141.7</ele></trkpt>
    <trkpt lat="-43.170088" lon="147.898554"><ele>141.8</ele></trkpt>
    <trkpt lat="-43.170115" lon="147.898502"><ele>141.9</ele></trkpt>
    <trkpt lat="-43.170184" lon="147.898420"><ele>142.2</ele></trkpt>
    <trkpt lat="-43.170345" lon="147.898271"><ele>142.5</ele></trkpt>
    <trkpt lat="-43.170419" lon="147.898132"><ele>142.7</ele></trkpt>
    <trkpt lat="-43.170450" lon="147.898012"><ele>142.8</ele></trkpt>
    <trkpt lat="-43.170538" lon="147.897993"><ele>142.9</ele></trkpt>
    <trkpt lat="-43.170610" lon="147.897963"><ele>143.0</ele></trkpt>
    <trkpt lat="-43.170664" lon="147.897880"><ele>143.2</ele></trkpt>
    <trkpt lat="-43.170699" lon="147.897829"><ele>143.3</ele></trkpt>
    <trkpt lat="-43.170764" lon="147.897762"><ele>143.6</ele></trkpt>
    <trkpt lat="-43.170856" lon="147.897742"><ele>143.8</ele></trkpt>
    <trkpt lat="-43.170909" lon="147.897743"><ele>144.2</ele></trkpt>
    <trkpt lat="-43.170959" lon="147.897791"><ele>144.5</ele></trkpt>
    <trkpt lat="-43.171069" lon="147.897850"><ele>145.3</ele></trkpt>
    <trkpt lat="-43.171129" lon="147.897882"><ele>145.7</ele></trkpt>
    <trkpt lat="-43.171315" lon="147.898004"><ele>147.4</ele></trkpt>
    <trkpt lat="-43.171501" lon="147.898148"><ele>149.2</ele></trkpt>
    <trkpt lat="-43.171549" lon="147.898252"><ele>150.0</ele></trkpt>
    <trkpt lat="-43.171624" lon="147.898410"><ele>151.2</ele></trkpt>
    <trkpt lat="-43.171714" lon="147.898578"><ele>152.5</ele></trkpt>
    <trkpt lat="-43.171760" lon="147.898635"><ele>153.0</ele></trkpt>
    <trkpt lat="-43.171809" lon="147.898704"><ele>153.5</ele></trkpt>
    <trkpt lat="-43.171861" lon="147.898809"><ele>154.1</ele></trkpt>
    <trkpt lat="-43.171928" lon="147.898987"><ele>154.7</ele></trkpt>
    <trkpt lat="-43.172010" lon="147.899259"><ele>155.2</ele></trkpt>
    <trkpt lat="-43.172042" lon="147.899545"><ele>155.2</ele></trkpt>
    <trkpt lat="-43.172075" lon="147.899697"><ele>155.0</ele></trkpt>
    <trkpt lat="-43.172127" lon="147.899958"><ele>154.7</ele></trkpt>
    <trkpt lat="-43.172114" lon="147.900156"><ele>154.3</ele></trkpt>
    <trkpt lat="-43.172113" lon="147.900270"><ele>154.1</ele></trkpt>
    <trkpt lat="-43.172157" lon="147.900458"><ele>153.5</ele></trkpt>
    <trkpt lat="-43.172164" lon="147.900490"><ele>153.4</ele></trkpt>
    <trkpt lat="-43.172198" lon="147.900625"><ele>153.0</ele></trkpt>
    <trkpt lat="-43.172231" lon="147.900787"><ele>152.6</ele></trkpt>
    <trkpt lat="-43.172263" lon="147.901027"><ele>151.9</ele></trkpt>
    <trkpt lat="-43.172293" lon="147.901085"><ele>151.8</ele></trkpt>
    <trkpt lat="-43.172307" lon="147.901194"><ele>151.5</ele></trkpt>
    <trkpt lat="-43.172318" lon="147.901340"><ele>151.2</ele></trkpt>
    <trkpt lat="-43.172313" lon="147.901413"><ele>150.9</ele></trkpt>
    <trkpt lat="-43.172313" lon="147.901496"><ele>150.7</ele></trkpt>
    <trkpt lat="-43.172331" lon="147.901611"><ele>150.3</ele></trkpt>
    <trkpt lat="-43.172307" lon="147.901751"><ele>149.8</ele></trkpt>
    <trkpt lat="-43.172325" lon="147.901871"><ele>149.3</ele></trkpt>
    <trkpt lat="-43.172334" lon="147.902106"><ele>148.5</ele></trkpt>
    <trkpt lat="-43.172371" lon="147.902252"><ele>148.0</ele></trkpt>
    <trkpt lat="-43.172435" lon="147.902404"><ele>147.6</ele></trkpt>
    <trkpt lat="-43.172554" lon="147.902286"><ele>147.3</ele></trkpt>
    <trkpt lat="-43.172723" lon="147.902158"><ele>147.0</ele></trkpt>
    <trkpt lat="-43.172898" lon="147.902109"><ele>146.8</ele></trkpt>
    <trkpt lat="-43.173055" lon="147.902012"><ele>147.3</ele></trkpt>
    <trkpt lat="-43.173270" lon="147.901885"><ele>148.2</ele></trkpt>
    <trkpt lat="-43.173648" lon="147.901740"><ele>149.7</ele></trkpt>
    <trkpt lat="-43.173763" lon="147.901721"><ele>150.1</ele></trkpt>
    <trkpt lat="-43.173900" lon="147.901686"><ele>150.4</ele></trkpt>
    <trkpt lat="-43.173965" lon="147.901708"><ele>150.6</ele></trkpt>
    <trkpt lat="-43.174057" lon="147.901722"><ele>150.8</ele></trkpt>
    <trkpt lat="-43.174113" lon="147.901637"><ele>151.0</ele></trkpt>
    <trkpt lat="-43.174157" lon="147.901630"><ele>151.1</ele></trkpt>
    <trkpt lat="-43.174251" lon="147.901675"><ele>151.3</ele></trkpt>
    <trkpt lat="-43.174466" lon="147.901843"><ele>151.8</ele></trkpt>
    <trkpt lat="-43.174666" lon="147.902028"><ele>152.5</ele></trkpt>
    <trkpt lat="-43.174745" lon="147.902114"><ele>152.8</ele></trkpt>
    <trkpt lat="-43.174921" lon="147.902379"><ele>153.7</ele></trkpt>
    <trkpt lat="-43.174949" lon="147.902514"><ele>154.0</ele></trkpt>
    <trkpt lat="-43.174967" lon="147.902608"><ele>154.2</ele></trkpt>
    <trkpt lat="-43.175027" lon="147.902760"><ele>154.7</ele></trkpt>
    <trkpt lat="-43.175045" lon="147.902869"><ele>154.9</ele></trkpt>
    <trkpt lat="-43.175063" lon="147.903003"><ele>155.3</ele></trkpt>
    <trkpt lat="-43.175155" lon="147.903328"><ele>156.3</ele></trkpt>
    <trkpt lat="-43.175245" lon="147.903855"><ele>158.1</ele></trkpt>
    <trkpt lat="-43.175244" lon="147.903966"><ele>158.5</ele></trkpt>
    <trkpt lat="-43.175181" lon="147.904352"><ele>160.0</ele></trkpt>
    <trkpt lat="-43.175179" lon="147.904491"><ele>160.5</ele></trkpt>
    <trkpt lat="-43.175266" lon="147.904658"><ele>161.2</ele></trkpt>
    <trkpt lat="-43.175324" lon="147.904802"><ele>161.8</ele></trkpt>
    <trkpt lat="-43.175342" lon="147.904844"><ele>162.0</ele></trkpt>
    <trkpt lat="-43.175358" lon="147.904880"><ele>162.1</ele></trkpt>
    <trkpt lat="-43.175372" lon="147.904925"><ele>162.3</ele></trkpt>
    <trkpt lat="-43.175386" lon="147.905006"><ele>162.6</ele></trkpt>
    <trkpt lat="-43.175405" lon="147.905125"><ele>162.9</ele></trkpt>
    <trkpt lat="-43.175405" lon="147.905160"><ele>163.0</ele></trkpt>
    <trkpt lat="-43.175408" lon="147.905173"><ele>163.0</ele></trkpt>
    <trkpt lat="-43.175423" lon="147.905198"><ele>163.1</ele></trkpt>
    <trkpt lat="-43.175430" lon="147.905218"><ele>163.2</ele></trkpt>
    <trkpt lat="-43.175426" lon="147.905280"><ele>163.3</ele></trkpt>
    <trkpt lat="-43.175421" lon="147.905421"><ele>163.6</ele></trkpt>
    <trkpt lat="-43.175413" lon="147.905509"><ele>163.7</ele></trkpt>
    <trkpt lat="-43.175392" lon="147.905596"><ele>163.8</ele></trkpt>
    <trkpt lat="-43.175373" lon="147.905661"><ele>164.0</ele></trkpt>
    <trkpt lat="-43.175343" lon="147.905733"><ele>164.1</ele></trkpt>
    <trkpt lat="-43.175340" lon="147.905763"><ele>164.1</ele></trkpt>
    <trkpt lat="-43.175344" lon="147.905836"><ele>164.1</ele></trkpt>
    <trkpt lat="-43.175341" lon="147.905871"><ele>164.1</ele></trkpt>
    <trkpt lat="-43.175332" lon="147.905923"><ele>164.2</ele></trkpt>
    <trkpt lat="-43.175332" lon="147.905943"><ele>164.2</ele></trkpt>
    <trkpt lat="-43.175345" lon="147.905962"><ele>164.2</ele></trkpt>
    <trkpt lat="-43.175361" lon="147.905991"><ele>164.2</ele></trkpt>
    <trkpt lat="-43.175385" lon="147.905989"><ele>164.2</ele></trkpt>
    <trkpt lat="-43.175439" lon="147.905974"><ele>164.3</ele></trkpt>
    <trkpt lat="-43.175519" lon="147.905939"><ele>164.2</ele></trkpt>
    <trkpt lat="-43.175580" lon="147.905918"><ele>164.2</ele></trkpt>
    <trkpt lat="-43.175629" lon="147.905926"><ele>164.2</ele></trkpt>
    <trkpt lat="-43.175685" lon="147.905936"><ele>164.2</ele></trkpt>
    <trkpt lat="-43.175737" lon="147.905936"><ele>164.0</ele></trkpt>
    <trkpt lat="-43.175766" lon="147.905940"><ele>164.0</ele></trkpt>
    <trkpt lat="-43.175792" lon="147.905939"><ele>163.9</ele></trkpt>
    <trkpt lat="-43.175814" lon="147.905939"><ele>163.8</ele></trkpt>
    <trkpt lat="-43.175826" lon="147.905950"><ele>163.8</ele></trkpt>
    <trkpt lat="-43.175849" lon="147.905975"><ele>163.7</ele></trkpt>
    <trkpt lat="-43.175882" lon="147.906002"><ele>163.6</ele></trkpt>
    <trkpt lat="-43.175942" lon="147.906035"><ele>163.5</ele></trkpt>
    <trkpt lat="-43.176010" lon="147.906076"><ele>163.2</ele></trkpt>
    <trkpt lat="-43.176046" lon="147.906068"><ele>163.1</ele></trkpt>
    <trkpt lat="-43.176077" lon="147.906054"><ele>163.0</ele></trkpt>
    <trkpt lat="-43.176097" lon="147.906069"><ele>163.0</ele></trkpt>
    <trkpt lat="-43.176142" lon="147.906115"><ele>162.8</ele></trkpt>
    <trkpt lat="-43.176178" lon="147.906155"><ele>162.6</ele></trkpt>
    <trkpt lat="-43.176189" lon="147.906175"><ele>162.6</ele></trkpt>
    <trkpt lat="-43.176205" lon="147.906208"><ele>162.6</ele></trkpt>
    <trkpt lat="-43.176226" lon="147.906271"><ele>162.5</ele></trkpt>
    <trkpt lat="-43.176262" lon="147.906345"><ele>162.4</ele></trkpt>
    <trkpt lat="-43.176301" lon="147.906456"><ele>162.2</ele></trkpt>
    <trkpt lat="-43.176340" lon="147.906550"><ele>162.2</ele></trkpt>
    <trkpt lat="-43.176354" lon="147.906541"><ele>162.2</ele></trkpt>
    <trkpt lat="-43.176397" lon="147.906537"><ele>162.2</ele></trkpt>
    <trkpt lat="-43.176427" lon="147.906536"><ele>162.2</ele></trkpt>
    <trkpt lat="-43.176470" lon="147.906530"><ele>162.2</ele></trkpt>
    <trkpt lat="-43.176563" lon="147.906510"><ele>162.3</ele></trkpt>
    <trkpt lat="-43.176628" lon="147.906493"><ele>162.4</ele></trkpt>
    <trkpt lat="-43.176682" lon="147.906505"><ele>162.4</ele></trkpt>
    <trkpt lat="-43.176736" lon="147.906516"><ele>162.5</ele></trkpt>
    <trkpt lat="-43.176782" lon="147.906552"><ele>162.6</ele></trkpt>
    <trkpt lat="-43.176904" lon="147.906660"><ele>162.9</ele></trkpt>
    <trkpt lat="-43.176970" lon="147.906767"><ele>163.1</ele></trkpt>
    <trkpt lat="-43.177013" lon="147.906886"><ele>163.4</ele></trkpt>
    <trkpt lat="-43.177056" lon="147.907043"><ele>163.8</ele></trkpt>
    <trkpt lat="-43.177188" lon="147.907268"><ele>164.5</ele></trkpt>
    <trkpt lat="-43.177277" lon="147.907340"><ele>164.8</ele></trkpt>
    <trkpt lat="-43.177328" lon="147.907273"><ele>165.1</ele></trkpt>
    <trkpt lat="-43.177458" lon="147.907235"><ele>165.5</ele></trkpt>
    <trkpt lat="-43.177539" lon="147.907330"><ele>165.8</ele></trkpt>
    <trkpt lat="-43.177703" lon="147.907436"><ele>166.3</ele></trkpt>
    <trkpt lat="-43.177847" lon="147.907475"><ele>166.8</ele></trkpt>
    <trkpt lat="-43.178073" lon="147.907460"><ele>167.4</ele></trkpt>
    <trkpt lat="-43.178472" lon="147.907316"><ele>168.6</ele></trkpt>
    <trkpt lat="-43.178913" lon="147.907013"><ele>170.1</ele></trkpt>
    <trkpt lat="-43.179210" lon="147.906708"><ele>171.2</ele></trkpt>
    <trkpt lat="-43.179522" lon="147.906310"><ele>172.1</ele></trkpt>
    <trkpt lat="-43.179730" lon="147.905985"><ele>172.5</ele></trkpt>
    <trkpt lat="-43.179822" lon="147.905649"><ele>172.7</ele></trkpt>
    <trkpt lat="-43.179954" lon="147.905398"><ele>172.9</ele></trkpt>
    <trkpt lat="-43.180141" lon="147.905232"><ele>173.3</ele></trkpt>
    <trkpt lat="-43.180375" lon="147.905086"><ele>173.7</ele></trkpt>
    <trkpt lat="-43.180540" lon="147.905042"><ele>174.1</ele></trkpt>
    <trkpt lat="-43.180670" lon="147.905043"><ele>174.4</ele></trkpt>
    <trkpt lat="-43.180807" lon="147.905045"><ele>174.7</ele></trkpt>
    <trkpt lat="-43.180958" lon="147.905095"><ele>175.1</ele></trkpt>
    <trkpt lat="-43.181109" lon="147.905022"><ele>175.6</ele></trkpt>
    <trkpt lat="-43.181294" lon="147.904904"><ele>176.5</ele></trkpt>
    <trkpt lat="-43.181319" lon="147.904892"><ele>176.6</ele></trkpt>
    <trkpt lat="-43.181343" lon="147.904872"><ele>176.7</ele></trkpt>
    <trkpt lat="-43.181367" lon="147.904823"><ele>176.9</ele></trkpt>
    <trkpt lat="-43.181401" lon="147.904729"><ele>177.4</ele></trkpt>
    <trkpt lat="-43.181399" lon="147.904667"><ele>177.7</ele></trkpt>
    <trkpt lat="-43.181399" lon="147.904609"><ele>178.0</ele></trkpt>
    <trkpt lat="-43.181400" lon="147.904539"><ele>178.3</ele></trkpt>
    <trkpt lat="-43.181409" lon="147.904453"><ele>178.7</ele></trkpt>
    <trkpt lat="-43.181440" lon="147.904347"><ele>179.5</ele></trkpt>
    <trkpt lat="-43.181447" lon="147.904273"><ele>180.1</ele></trkpt>
    <trkpt lat="-43.181463" lon="147.904125"><ele>181.2</ele></trkpt>
    <trkpt lat="-43.181494" lon="147.904043"><ele>181.9</ele></trkpt>
    <trkpt lat="-43.181523" lon="147.903930"><ele>183.0</ele></trkpt>
    <trkpt lat="-43.181536" lon="147.903783"><ele>184.3</ele></trkpt>
    <trkpt lat="-43.181538" lon="147.903643"><ele>185.5</ele></trkpt>
    <trkpt lat="-43.181533" lon="147.903470"><ele>187.0</ele></trkpt>
    <trkpt lat="-43.181540" lon="147.903380"><ele>187.8</ele></trkpt>
    <trkpt lat="-43.181559" lon="147.903248"><ele>189.1</ele></trkpt>
    <trkpt lat="-43.181560" lon="147.903067"><ele>190.8</ele></trkpt>
    <trkpt lat="-43.181478" lon="147.902811"><ele>193.5</ele></trkpt>
    <trkpt lat="-43.181468" lon="147.902564"><ele>195.8</ele></trkpt>
    <trkpt lat="-43.181447" lon="147.902202"><ele>198.7</ele></trkpt>
    <trkpt lat="-43.181383" lon="147.901822"><ele>201.8</ele></trkpt>
    <trkpt lat="-43.181325" lon="147.901558"><ele>204.1</ele></trkpt>
    <trkpt lat="-43.181326" lon="147.901443"><ele>204.8</ele></trkpt>
    <trkpt lat="-43.181351" lon="147.901337"><ele>205.4</ele></trkpt>
    <trkpt lat="-43.181352" lon="147.901238"><ele>206.0</ele></trkpt>
    <trkpt lat="-43.181335" lon="147.901139"><ele>206.5</ele></trkpt>
    <trkpt lat="-43.181385" lon="147.900901"><ele>207.6</ele></trkpt>
    <trkpt lat="-43.181433" lon="147.900836"><ele>207.9</ele></trkpt>
    <trkpt lat="-43.181518" lon="147.900829"><ele>208.3</ele></trkpt>
    <trkpt lat="-43.181578" lon="147.900863"><ele>208.6</ele></trkpt>
    <trkpt lat="-43.181625" lon="147.900954"><ele>208.9</ele></trkpt>
    <trkpt lat="-43.181720" lon="147.901128"><ele>209.5</ele></trkpt>
    <trkpt lat="-43.181797" lon="147.901319"><ele>210.2</ele></trkpt>
    <trkpt lat="-43.181910" lon="147.901452"><ele>210.8</ele></trkpt>
    <trkpt lat="-43.182006" lon="147.901494"><ele>211.3</ele></trkpt>
    <trkpt lat="-43.182029" lon="147.901577"><ele>211.8</ele></trkpt>
    <trkpt lat="-43.182107" lon="147.901726"><ele>212.8</ele></trkpt>
    <trkpt lat="-43.182172" lon="147.901826"><ele>213.6</ele></trkpt>
    <trkpt lat="-43.182202" lon="147.901884"><ele>214.1</ele></trkpt>
    <trkpt lat="-43.182255" lon="147.901992"><ele>215.0</ele></trkpt>
    <trkpt lat="-43.182344" lon="147.902190"><ele>217.0</ele></trkpt>
    <trkpt lat="-43.182446" lon="147.902241"><ele>218.3</ele></trkpt>
    <trkpt lat="-43.182541" lon="147.902350"><ele>219.9</ele></trkpt>
    <trkpt lat="-43.182600" lon="147.902466"><ele>221.2</ele></trkpt>
    <trkpt lat="-43.182660" lon="147.902532"><ele>222.2</ele></trkpt>
    <trkpt lat="-43.182750" lon="147.902632"><ele>223.9</ele></trkpt>
    <trkpt lat="-43.182803" lon="147.902674"><ele>224.8</ele></trkpt>
    <trkpt lat="-43.182845" lon="147.902732"><ele>225.7</ele></trkpt>
    <trkpt lat="-43.182917" lon="147.902808"><ele>227.2</ele></trkpt>
    <trkpt lat="-43.182995" lon="147.902850"><ele>228.6</ele></trkpt>
    <trkpt lat="-43.183091" lon="147.902876"><ele>230.3</ele></trkpt>
    <trkpt lat="-43.183169" lon="147.902910"><ele>231.7</ele></trkpt>
    <trkpt lat="-43.183234" lon="147.902985"><ele>233.4</ele></trkpt>
    <trkpt lat="-43.183264" lon="147.903035"><ele>234.3</ele></trkpt>
    <trkpt lat="-43.183324" lon="147.903085"><ele>235.6</ele></trkpt>
    <trkpt lat="-43.183402" lon="147.903127"><ele>237.3</ele></trkpt>
    <trkpt lat="-43.183467" lon="147.903219"><ele>239.3</ele></trkpt>
    <trkpt lat="-43.183569" lon="147.903253"><ele>241.6</ele></trkpt>
    <trkpt lat="-43.183678" lon="147.903255"><ele>244.2</ele></trkpt>
    <trkpt lat="-43.183798" lon="147.903306"><ele>247.4</ele></trkpt>
    <trkpt lat="-43.183857" lon="147.903397"><ele>249.7</ele></trkpt>
    <trkpt lat="-43.183952" lon="147.903530"><ele>253.5</ele></trkpt>
    <trkpt lat="-43.184042" lon="147.903614"><ele>256.6</ele></trkpt>
    <trkpt lat="-43.184156" lon="147.903681"><ele>260.2</ele></trkpt>
    <trkpt lat="-43.184276" lon="147.903700"><ele>263.7</ele></trkpt>
    <trkpt lat="-43.184402" lon="147.903784"><ele>267.8</ele></trkpt>
    <trkpt lat="-43.184504" lon="147.903818"><ele>270.9</ele></trkpt>
    <trkpt lat="-43.184671" lon="147.903960"><ele>276.7</ele></trkpt>
    <trkpt lat="-43.184905" lon="147.904120"><ele>284.2</ele></trkpt>
    <trkpt lat="-43.184995" lon="147.904154"><ele>286.8</ele></trkpt>
    <trkpt lat="-43.185073" lon="147.904164"><ele>288.9</ele></trkpt>
    <trkpt lat="-43.185211" lon="147.904199"><ele>292.2</ele></trkpt>
    <trkpt lat="-43.185421" lon="147.904309"><ele>295.4</ele></trkpt>
    <trkpt lat="-43.185535" lon="147.904327"><ele>296.1</ele></trkpt>
    <trkpt lat="-43.185583" lon="147.904377"><ele>295.9</ele></trkpt>
    <trkpt lat="-43.185649" lon="147.904477"><ele>293.8</ele></trkpt>
    <trkpt lat="-43.185702" lon="147.904568"><ele>292.0</ele></trkpt>
    <trkpt lat="-43.185786" lon="147.904619"><ele>289.6</ele></trkpt>
    <trkpt lat="-43.185875" lon="147.904727"><ele>284.9</ele></trkpt>
    <trkpt lat="-43.186042" lon="147.904927"><ele>275.9</ele></trkpt>
    <trkpt lat="-43.186084" lon="147.905026"><ele>272.3</ele></trkpt>
    <trkpt lat="-43.186070" lon="147.905174"><ele>267.6</ele></trkpt>
    <trkpt lat="-43.186081" lon="147.905322"><ele>262.6</ele></trkpt>
    <trkpt lat="-43.186080" lon="147.905503"><ele>256.7</ele></trkpt>
    <trkpt lat="-43.186074" lon="147.905552"><ele>255.3</ele></trkpt>
    <trkpt lat="-43.186048" lon="147.905700"><ele>251.5</ele></trkpt>
    <trkpt lat="-43.186016" lon="147.905930"><ele>246.9</ele></trkpt>
    <trkpt lat="-43.186015" lon="147.906070"><ele>246.7</ele></trkpt>
    <trkpt lat="-43.186015" lon="147.906160"><ele>246.6</ele></trkpt>
    <trkpt lat="-43.185983" lon="147.906366"><ele>247.3</ele></trkpt>
    <trkpt lat="-43.185982" lon="147.906522"><ele>248.4</ele></trkpt>
    <trkpt lat="-43.185957" lon="147.906645"><ele>249.1</ele></trkpt>
    <trkpt lat="-43.185890" lon="147.906734"><ele>249.6</ele></trkpt>
    <trkpt lat="-43.185804" lon="147.906873"><ele>250.2</ele></trkpt>
    <trkpt lat="-43.185713" lon="147.907003"><ele>250.6</ele></trkpt>
    <trkpt lat="-43.185657" lon="147.907192"><ele>251.0</ele></trkpt>
    <trkpt lat="-43.185648" lon="147.907545"><ele>251.1</ele></trkpt>
    <trkpt lat="-43.185629" lon="147.907718"><ele>250.4</ele></trkpt>
    <trkpt lat="-43.185598" lon="147.907882"><ele>249.5</ele></trkpt>
    <trkpt lat="-43.185631" lon="147.908154"><ele>249.0</ele></trkpt>
    <trkpt lat="-43.185627" lon="147.908422"><ele>249.4</ele></trkpt>
    <trkpt lat="-43.185630" lon="147.908645"><ele>250.4</ele></trkpt>
    <trkpt lat="-43.185612" lon="147.908750"><ele>251.1</ele></trkpt>
    <trkpt lat="-43.185603" lon="147.908837"><ele>251.8</ele></trkpt>
    <trkpt lat="-43.185613" lon="147.908946"><ele>252.6</ele></trkpt>
    <trkpt lat="-43.185617" lon="147.909075"><ele>253.6</ele></trkpt>
    <trkpt lat="-43.185629" lon="147.909152"><ele>254.4</ele></trkpt>
    <trkpt lat="-43.185639" lon="147.909232"><ele>255.3</ele></trkpt>
    <trkpt lat="-43.185651" lon="147.909334"><ele>256.3</ele></trkpt>
    <trkpt lat="-43.185640" lon="147.909414"><ele>257.2</ele></trkpt>
    <trkpt lat="-43.185632" lon="147.909456"><ele>257.8</ele></trkpt>
    <trkpt lat="-43.185673" lon="147.909432"><ele>258.5</ele></trkpt>
    <trkpt lat="-43.185717" lon="147.909328"><ele>260.1</ele></trkpt>
    <trkpt lat="-43.185759" lon="147.909259"><ele>261.2</ele></trkpt>
    <trkpt lat="-43.185805" lon="147.909207"><ele>262.3</ele></trkpt>
    <trkpt lat="-43.185831" lon="147.909183"><ele>262.8</ele></trkpt>
    <trkpt lat="-43.185856" lon="147.909162"><ele>263.3</ele></trkpt>
    <trkpt lat="-43.185867" lon="147.909162"><ele>263.5</ele></trkpt>
    <trkpt lat="-43.185907" lon="147.909202"><ele>264.4</ele></trkpt>
    <trkpt lat="-43.185937" lon="147.909258"><ele>265.2</ele></trkpt>
    <trkpt lat="-43.185960" lon="147.909332"><ele>266.3</ele></trkpt>
    <trkpt lat="-43.185980" lon="147.909405"><ele>267.2</ele></trkpt>
    <trkpt lat="-43.185967" lon="147.909457"><ele>267.9</ele></trkpt>
    <trkpt lat="-43.185971" lon="147.909489"><ele>268.3</ele></trkpt>
    <trkpt lat="-43.185992" lon="147.909503"><ele>268.7</ele></trkpt>
    <trkpt lat="-43.186025" lon="147.909507"><ele>269.2</ele></trkpt>
    <trkpt lat="-43.186040" lon="147.909514"><ele>269.5</ele></trkpt>
    <trkpt lat="-43.186055" lon="147.909543"><ele>269.9</ele></trkpt>
    <trkpt lat="-43.186055" lon="147.909564"><ele>270.2</ele></trkpt>
    <trkpt lat="-43.186032" lon="147.909647"><ele>271.3</ele></trkpt>
    <trkpt lat="-43.186012" lon="147.909797"><ele>273.2</ele></trkpt>
    <trkpt lat="-43.185989" lon="147.909860"><ele>274.0</ele></trkpt>
    <trkpt lat="-43.185957" lon="147.910058"><ele>276.6</ele></trkpt>
    <trkpt lat="-43.185956" lon="147.910100"><ele>277.2</ele></trkpt>
    <trkpt lat="-43.185946" lon="147.910124"><ele>277.6</ele></trkpt>
    <trkpt lat="-43.185948" lon="147.910137"><ele>277.7</ele></trkpt>
    <trkpt lat="-43.185953" lon="147.910157"><ele>278.0</ele></trkpt>
    <trkpt lat="-43.185957" lon="147.910163"><ele>278.1</ele></trkpt>
    <trkpt lat="-43.185961" lon="147.910166"><ele>278.2</ele></trkpt>
    <trkpt lat="-43.185965" lon="147.910167"><ele>278.3</ele></trkpt>
    <trkpt lat="-43.185973" lon="147.910167"><ele>278.5</ele></trkpt>
    <trkpt lat="-43.186015" lon="147.910129"><ele>279.4</ele></trkpt>
    <trkpt lat="-43.186062" lon="147.910073"><ele>280.6</ele></trkpt>
    <trkpt lat="-43.186091" lon="147.910047"><ele>281.2</ele></trkpt>
    <trkpt lat="-43.186115" lon="147.910048"><ele>281.6</ele></trkpt>
    <trkpt lat="-43.186137" lon="147.910048"><ele>282.0</ele></trkpt>
    <trkpt lat="-43.186192" lon="147.910141"><ele>283.5</ele></trkpt>
    <trkpt lat="-43.186191" lon="147.910221"><ele>284.6</ele></trkpt>
    <trkpt lat="-43.186181" lon="147.910333"><ele>286.1</ele></trkpt>
    <trkpt lat="-43.186153" lon="147.910425"><ele>287.4</ele></trkpt>
    <trkpt lat="-43.186157" lon="147.910524"><ele>288.8</ele></trkpt>
    <trkpt lat="-43.186168" lon="147.910653"><ele>290.6</ele></trkpt>
    <trkpt lat="-43.186177" lon="147.910732"><ele>291.8</ele></trkpt>
    <trkpt lat="-43.186146" lon="147.910788"><ele>292.9</ele></trkpt>
    <trkpt lat="-43.186126" lon="147.910818"><ele>293.5</ele></trkpt>
    <trkpt lat="-43.186109" lon="147.910840"><ele>294.0</ele></trkpt>
    <trkpt lat="-43.186097" lon="147.910867"><ele>294.5</ele></trkpt>
    <trkpt lat="-43.186093" lon="147.910976"><ele>296.1</ele></trkpt>
    <trkpt lat="-43.186092" lon="147.911078"><ele>297.6</ele></trkpt>
    <trkpt lat="-43.186099" lon="147.911164"><ele>298.9</ele></trkpt>
    <trkpt lat="-43.186106" lon="147.911250"><ele>300.3</ele></trkpt>
    <trkpt lat="-43.186086" lon="147.911296"><ele>301.1</ele></trkpt>
    <trkpt lat="-43.186078" lon="147.911342"><ele>301.8</ele></trkpt>
    <trkpt lat="-43.186054" lon="147.911408"><ele>302.8</ele></trkpt>
    <trkpt lat="-43.186039" lon="147.911460"><ele>303.5</ele></trkpt>
    <trkpt lat="-43.186038" lon="147.911530"><ele>304.5</ele></trkpt>
    <trkpt lat="-43.186038" lon="147.911596"><ele>305.4</ele></trkpt>
    <trkpt lat="-43.186024" lon="147.911724"><ele>307.1</ele></trkpt>
    <trkpt lat="-43.186038" lon="147.911837"><ele>308.3</ele></trkpt>
    <trkpt lat="-43.186066" lon="147.911936"><ele>309.4</ele></trkpt>
    <trkpt lat="-43.186066" lon="147.912029"><ele>310.4</ele></trkpt>
    <trkpt lat="-43.186055" lon="147.912154"><ele>311.3</ele></trkpt>
    <trkpt lat="-43.186049" lon="147.912339"><ele>312.4</ele></trkpt>
    <trkpt lat="-43.186042" lon="147.912564"><ele>313.5</ele></trkpt>
    <trkpt lat="-43.186041" lon="147.912722"><ele>314.2</ele></trkpt>
    <trkpt lat="-43.186093" lon="147.912855"><ele>314.7</ele></trkpt>
    <trkpt lat="-43.186155" lon="147.912929"><ele>315.1</ele></trkpt>
    <trkpt lat="-43.186153" lon="147.913193"><ele>315.8</ele></trkpt>
    <trkpt lat="-43.186161" lon="147.913437"><ele>316.1</ele></trkpt>
    <trkpt lat="-43.186159" lon="147.913662"><ele>316.1</ele></trkpt>
    <trkpt lat="-43.186157" lon="147.913867"><ele>316.1</ele></trkpt>
    <trkpt lat="-43.186161" lon="147.913953"><ele>316.1</ele></trkpt>
    <trkpt lat="-43.186166" lon="147.914012"><ele>316.1</ele></trkpt>
    <trkpt lat="-43.186219" lon="147.914267"><ele>316.0</ele></trkpt>
    <trkpt lat="-43.186256" lon="147.914559"><ele>315.4</ele></trkpt>
    <trkpt lat="-43.186339" lon="147.914983"><ele>314.1</ele></trkpt>
    <trkpt lat="-43.186452" lon="147.915354"><ele>312.4</ele></trkpt>
    <trkpt lat="-43.186411" lon="147.915658"><ele>310.9</ele></trkpt>
    <trkpt lat="-43.186251" lon="147.916303"><ele>305.8</ele></trkpt>
    <trkpt lat="-43.186122" lon="147.916790"><ele>300.0</ele></trkpt>
    <trkpt lat="-43.186099" lon="147.917159"><ele>295.5</ele></trkpt>
    <trkpt lat="-43.186197" lon="147.917530"><ele>290.6</ele></trkpt>
    <trkpt lat="-43.186201" lon="147.917544"><ele>290.5</ele></trkpt>
    <trkpt lat="-43.186261" lon="147.917750"><ele>287.8</ele></trkpt>
    <trkpt lat="-43.186326" lon="147.918096"><ele>283.9</ele></trkpt>
    <trkpt lat="-43.186407" lon="147.918236"><ele>282.3</ele></trkpt>
    <trkpt lat="-43.186435" lon="147.918394"><ele>280.8</ele></trkpt>
    <trkpt lat="-43.186468" lon="147.918475"><ele>279.9</ele></trkpt>
    <trkpt lat="-43.186527" lon="147.918567"><ele>278.8</ele></trkpt>
    <trkpt lat="-43.186554" lon="147.918714"><ele>277.5</ele></trkpt>
    <trkpt lat="-43.186605" lon="147.918895"><ele>275.9</ele></trkpt>
    <trkpt lat="-43.186611" lon="147.919013"><ele>275.0</ele></trkpt>
    <trkpt lat="-43.186618" lon="147.919290"><ele>272.9</ele></trkpt>
    <trkpt lat="-43.186612" lon="147.919440"><ele>271.7</ele></trkpt>
    <trkpt lat="-43.186538" lon="147.919677"><ele>269.7</ele></trkpt>
    <trkpt lat="-43.186487" lon="147.919828"><ele>268.4</ele></trkpt>
    <trkpt lat="-43.186498" lon="147.919975"><ele>267.2</ele></trkpt>
    <trkpt lat="-43.186455" lon="147.920186"><ele>265.4</ele></trkpt>
    <trkpt lat="-43.186398" lon="147.920437"><ele>263.0</ele></trkpt>
    <trkpt lat="-43.186399" lon="147.920493"><ele>262.5</ele></trkpt>
    <trkpt lat="-43.186423" lon="147.920543"><ele>262.0</ele></trkpt>
    <trkpt lat="-43.186479" lon="147.920563"><ele>261.1</ele></trkpt>
    <trkpt lat="-43.186506" lon="147.920534"><ele>260.7</ele></trkpt>
    <trkpt lat="-43.186527" lon="147.920482"><ele>260.0</ele></trkpt>
    <trkpt lat="-43.186566" lon="147.920436"><ele>259.3</ele></trkpt>
    <trkpt lat="-43.186605" lon="147.920405"><ele>258.6</ele></trkpt>
    <trkpt lat="-43.186670" lon="147.920411"><ele>257.7</ele></trkpt>
    <trkpt lat="-43.186763" lon="147.920496"><ele>256.2</ele></trkpt>
    <trkpt lat="-43.186797" lon="147.920508"><ele>255.7</ele></trkpt>
    <trkpt lat="-43.186854" lon="147.920507"><ele>254.9</ele></trkpt>
    <trkpt lat="-43.186911" lon="147.920490"><ele>254.1</ele></trkpt>
    <trkpt lat="-43.186944" lon="147.920491"><ele>253.6</ele></trkpt>
    <trkpt lat="-43.186996" lon="147.920528"><ele>252.7</ele></trkpt>
    <trkpt lat="-43.187012" lon="147.920559"><ele>252.3</ele></trkpt>
    <trkpt lat="-43.187029" lon="147.920635"><ele>251.5</ele></trkpt>
    <trkpt lat="-43.187008" lon="147.920833"><ele>249.3</ele></trkpt>
    <trkpt lat="-43.187005" lon="147.920955"><ele>248.0</ele></trkpt>
    <trkpt lat="-43.187033" lon="147.921018"><ele>247.2</ele></trkpt>
    <trkpt lat="-43.187072" lon="147.921037"><ele>246.5</ele></trkpt>
    <trkpt lat="-43.187119" lon="147.921029"><ele>246.0</ele></trkpt>
    <trkpt lat="-43.187241" lon="147.920986"><ele>244.4</ele></trkpt>
    <trkpt lat="-43.187287" lon="147.920967"><ele>243.8</ele></trkpt>
    <trkpt lat="-43.187475" lon="147.920964"><ele>241.7</ele></trkpt>
    <trkpt lat="-43.187529" lon="147.920942"><ele>241.1</ele></trkpt>
    <trkpt lat="-43.187621" lon="147.920848"><ele>239.9</ele></trkpt>
    <trkpt lat="-43.187661" lon="147.920792"><ele>239.4</ele></trkpt>
    <trkpt lat="-43.187703" lon="147.920701"><ele>238.7</ele></trkpt>
    <trkpt lat="-43.187727" lon="147.920649"><ele>238.3</ele></trkpt>
    <trkpt lat="-43.187769" lon="147.920597"><ele>237.7</ele></trkpt>
    <trkpt lat="-43.187822" lon="147.920541"><ele>237.3</ele></trkpt>
    <trkpt lat="-43.187879" lon="147.920500"><ele>236.9</ele></trkpt>
    <trkpt lat="-43.187937" lon="147.920470"><ele>236.5</ele></trkpt>
    <trkpt lat="-43.188074" lon="147.920488"><ele>235.7</ele></trkpt>
    <trkpt lat="-43.188130" lon="147.920469"><ele>235.5</ele></trkpt>
    <trkpt lat="-43.188182" lon="147.920465"><ele>235.3</ele></trkpt>
    <trkpt lat="-43.188236" lon="147.920495"><ele>235.1</ele></trkpt>
    <trkpt lat="-43.188300" lon="147.920588"><ele>234.7</ele></trkpt>
    <trkpt lat="-43.188342" lon="147.920685"><ele>234.5</ele></trkpt>
    <trkpt lat="-43.188404" lon="147.920846"><ele>234.0</ele></trkpt>
    <trkpt lat="-43.188454" lon="147.920967"><ele>233.8</ele></trkpt>
    <trkpt lat="-43.188482" lon="147.921056"><ele>233.7</ele></trkpt>
    <trkpt lat="-43.188525" lon="147.921126"><ele>233.6</ele></trkpt>
    <trkpt lat="-43.188562" lon="147.921173"><ele>233.6</ele></trkpt>
    <trkpt lat="-43.188706" lon="147.921252"><ele>233.5</ele></trkpt>
    <trkpt lat="-43.188794" lon="147.921293"><ele>233.4</ele></trkpt>
    <trkpt lat="-43.188922" lon="147.921335"><ele>233.5</ele></trkpt>
    <trkpt lat="-43.188968" lon="147.921371"><ele>233.5</ele></trkpt>
    <trkpt lat="-43.188983" lon="147.921388"><ele>233.5</ele></trkpt>
    <trkpt lat="-43.188997" lon="147.921429"><ele>233.5</ele></trkpt>
    <trkpt lat="-43.189009" lon="147.921594"><ele>233.6</ele></trkpt>
    <trkpt lat="-43.189053" lon="147.921909"><ele>233.9</ele></trkpt>
    <trkpt lat="-43.189268" lon="147.922008"><ele>234.2</ele></trkpt>
    <trkpt lat="-43.189402" lon="147.922206"><ele>234.6</ele></trkpt>
    <trkpt lat="-43.189516" lon="147.922312"><ele>234.9</ele></trkpt>
    <trkpt lat="-43.189608" lon="147.922468"><ele>235.2</ele></trkpt>
    <trkpt lat="-43.189703" lon="147.922573"><ele>235.4</ele></trkpt>
    <trkpt lat="-43.189742" lon="147.922643"><ele>235.5</ele></trkpt>
    <trkpt lat="-43.189773" lon="147.922692"><ele>235.6</ele></trkpt>
    <trkpt lat="-43.189853" lon="147.922760"><ele>235.8</ele></trkpt>
    <trkpt lat="-43.189906" lon="147.922846"><ele>235.9</ele></trkpt>
    <trkpt lat="-43.190032" lon="147.923057"><ele>236.3</ele></trkpt>
    <trkpt lat="-43.190107" lon="147.923147"><ele>236.5</ele></trkpt>
    <trkpt lat="-43.190135" lon="147.923249"><ele>236.6</ele></trkpt>
    <trkpt lat="-43.190133" lon="147.923367"><ele>236.8</ele></trkpt>
    <trkpt lat="-43.190123" lon="147.923442"><ele>236.9</ele></trkpt>
    <trkpt lat="-43.190131" lon="147.923488"><ele>237.0</ele></trkpt>
    <trkpt lat="-43.190182" lon="147.923556"><ele>237.1</ele></trkpt>
    <trkpt lat="-43.190231" lon="147.923655"><ele>237.3</ele></trkpt>
    <trkpt lat="-43.190200" lon="147.923736"><ele>237.4</ele></trkpt>
    <trkpt lat="-43.190194" lon="147.923826"><ele>237.6</ele></trkpt>
    <trkpt lat="-43.190255" lon="147.923974"><ele>237.8</ele></trkpt>
    <trkpt lat="-43.190237" lon="147.924133"><ele>238.1</ele></trkpt>
    <trkpt lat="-43.190258" lon="147.924286"><ele>238.4</ele></trkpt>
    <trkpt lat="-43.190210" lon="147.924461"><ele>238.7</ele></trkpt>
    <trkpt lat="-43.190142" lon="147.924743"><ele>239.3</ele></trkpt>
    <trkpt lat="-43.190119" lon="147.924940"><ele>239.6</ele></trkpt>
    <trkpt lat="-43.190115" lon="147.925065"><ele>239.8</ele></trkpt>
    <trkpt lat="-43.190092" lon="147.925168"><ele>240.0</ele></trkpt>
    <trkpt lat="-43.190078" lon="147.925328"><ele>240.2</ele></trkpt>
    <trkpt lat="-43.190080" lon="147.925453"><ele>240.3</ele></trkpt>
    <trkpt lat="-43.190108" lon="147.925681"><ele>240.5</ele></trkpt>
    <trkpt lat="-43.190082" lon="147.925803"><ele>240.7</ele></trkpt>
    <trkpt lat="-43.190098" lon="147.925946"><ele>240.8</ele></trkpt>
    <trkpt lat="-43.190084" lon="147.926031"><ele>240.8</ele></trkpt>
    <trkpt lat="-43.190110" lon="147.926182"><ele>240.9</ele></trkpt>
    <trkpt lat="-43.190219" lon="147.926379"><ele>241.0</ele></trkpt>
    <trkpt lat="-43.190258" lon="147.926763"><ele>241.3</ele></trkpt>
    <trkpt lat="-43.190366" lon="147.927144"><ele>241.9</ele></trkpt>
    <trkpt lat="-43.190419" lon="147.927279"><ele>242.2</ele></trkpt>
    <trkpt lat="-43.190464" lon="147.927293"><ele>242.3</ele></trkpt>
    <trkpt lat="-43.190515" lon="147.927339"><ele>242.5</ele></trkpt>
    <trkpt lat="-43.190583" lon="147.927463"><ele>242.9</ele></trkpt>
    <trkpt lat="-43.190707" lon="147.927807"><ele>244.0</ele></trkpt>
    <trkpt lat="-43.190738" lon="147.927847"><ele>244.1</ele></trkpt>
    <trkpt lat="-43.190746" lon="147.927962"><ele>244.5</ele></trkpt>
    <trkpt lat="-43.190740" lon="147.928024"><ele>244.6</ele></trkpt>
    <trkpt lat="-43.190749" lon="147.928075"><ele>244.8</ele></trkpt>
    <trkpt lat="-43.190678" lon="147.928259"><ele>245.3</ele></trkpt>
    <trkpt lat="-43.190658" lon="147.928375"><ele>245.6</ele></trkpt>
    <trkpt lat="-43.190626" lon="147.928659"><ele>246.3</ele></trkpt>
    <trkpt lat="-43.190618" lon="147.928773"><ele>246.6</ele></trkpt>
    <trkpt lat="-43.190606" lon="147.929061"><ele>247.4</ele></trkpt>
    <trkpt lat="-43.190653" lon="147.929223"><ele>247.8</ele></trkpt>
    <trkpt lat="-43.190641" lon="147.929304"><ele>247.9</ele></trkpt>
    <trkpt lat="-43.190662" lon="147.929434"><ele>248.2</ele></trkpt>
    <trkpt lat="-43.190661" lon="147.929540"><ele>248.4</ele></trkpt>
    <trkpt lat="-43.190672" lon="147.929663"><ele>248.6</ele></trkpt>
    <trkpt lat="-43.190651" lon="147.929959"><ele>249.1</ele></trkpt>
    <trkpt lat="-43.190633" lon="147.930114"><ele>249.3</ele></trkpt>
    <trkpt lat="-43.190626" lon="147.930245"><ele>249.5</ele></trkpt>
    <trkpt lat="-43.190636" lon="147.930310"><ele>249.5</ele></trkpt>
    <trkpt lat="-43.190621" lon="147.930416"><ele>249.6</ele></trkpt>
    <trkpt lat="-43.190635" lon="147.930510"><ele>249.7</ele></trkpt>
    <trkpt lat="-43.190614" lon="147.930645"><ele>249.8</ele></trkpt>
    <trkpt lat="-43.190643" lon="147.930733"><ele>249.9</ele></trkpt>
    <trkpt lat="-43.190650" lon="147.930831"><ele>249.9</ele></trkpt>
    <trkpt lat="-43.190688" lon="147.930957"><ele>249.9</ele></trkpt>
    <trkpt lat="-43.190779" lon="147.931065"><ele>250.1</ele></trkpt>
    <trkpt lat="-43.190908" lon="147.931183"><ele>250.3</ele></trkpt>
    <trkpt lat="-43.191078" lon="147.931294"><ele>250.8</ele></trkpt>
    <trkpt lat="-43.191262" lon="147.931405"><ele>251.7</ele></trkpt>
    <trkpt lat="-43.191380" lon="147.931470"><ele>252.4</ele></trkpt>
    <trkpt lat="-43.191491" lon="147.931507"><ele>253.0</ele></trkpt>
    <trkpt lat="-43.191537" lon="147.931544"><ele>253.3</ele></trkpt>
    <trkpt lat="-43.191668" lon="147.931627"><ele>254.1</ele></trkpt>
    <trkpt lat="-43.191780" lon="147.931683"><ele>254.7</ele></trkpt>
    <trkpt lat="-43.191884" lon="147.931783"><ele>255.4</ele></trkpt>
    <trkpt lat="-43.192008" lon="147.931965"><ele>256.3</ele></trkpt>
    <trkpt lat="-43.192136" lon="147.932336"><ele>257.6</ele></trkpt>
    <trkpt lat="-43.192226" lon="147.932589"><ele>258.0</ele></trkpt>
    <trkpt lat="-43.192252" lon="147.932734"><ele>258.0</ele></trkpt>
    <trkpt lat="-43.192251" lon="147.932851"><ele>258.0</ele></trkpt>
    <trkpt lat="-43.192250" lon="147.932941"><ele>257.9</ele></trkpt>
    <trkpt lat="-43.192176" lon="147.933164"><ele>257.8</ele></trkpt>
    <trkpt lat="-43.192162" lon="147.933227"><ele>257.8</ele></trkpt>
    <trkpt lat="-43.192082" lon="147.933343"><ele>257.8</ele></trkpt>
    <trkpt lat="-43.192022" lon="147.933468"><ele>257.8</ele></trkpt>
    <trkpt lat="-43.191995" lon="147.933522"><ele>257.8</ele></trkpt>
    <trkpt lat="-43.191948" lon="147.933575"><ele>257.8</ele></trkpt>
    <trkpt lat="-43.191836" lon="147.933681"><ele>257.7</ele></trkpt>
    <trkpt lat="-43.191756" lon="147.933770"><ele>257.7</ele></trkpt>
    <trkpt lat="-43.191677" lon="147.933823"><ele>257.7</ele></trkpt>
    <trkpt lat="-43.191663" lon="147.933868"><ele>257.7</ele></trkpt>
    <trkpt lat="-43.191603" lon="147.933957"><ele>257.7</ele></trkpt>
    <trkpt lat="-43.191522" lon="147.934162"><ele>257.8</ele></trkpt>
    <trkpt lat="-43.191448" lon="147.934350"><ele>257.9</ele></trkpt>
    <trkpt lat="-43.191414" lon="147.934485"><ele>258.0</ele></trkpt>
    <trkpt lat="-43.191361" lon="147.934556"><ele>258.1</ele></trkpt>
    <trkpt lat="-43.191248" lon="147.934725"><ele>258.1</ele></trkpt>
    <trkpt lat="-43.191166" lon="147.935021"><ele>258.1</ele></trkpt>
    <trkpt lat="-43.191132" lon="147.935254"><ele>258.1</ele></trkpt>
    <trkpt lat="-43.191116" lon="147.935524"><ele>257.9</ele></trkpt>
    <trkpt lat="-43.191128" lon="147.935659"><ele>257.9</ele></trkpt>
    <trkpt lat="-43.191179" lon="147.935858"><ele>257.9</ele></trkpt>
    <trkpt lat="-43.191204" lon="147.936047"><ele>258.1</ele></trkpt>
    <trkpt lat="-43.191223" lon="147.936192"><ele>258.3</ele></trkpt>
    <trkpt lat="-43.191220" lon="147.936551"><ele>259.1</ele></trkpt>
    <trkpt lat="-43.191205" lon="147.936731"><ele>259.5</ele></trkpt>
    <trkpt lat="-43.191151" lon="147.936901"><ele>259.8</ele></trkpt>
    <trkpt lat="-43.191024" lon="147.937106"><ele>260.3</ele></trkpt>
    <trkpt lat="-43.190897" lon="147.937347"><ele>260.9</ele></trkpt>
    <trkpt lat="-43.190811" lon="147.937463"><ele>261.1</ele></trkpt>
    <trkpt lat="-43.190757" lon="147.937606"><ele>261.5</ele></trkpt>
    <trkpt lat="-43.190716" lon="147.937750"><ele>261.9</ele></trkpt>
    <trkpt lat="-43.190747" lon="147.937930"><ele>262.4</ele></trkpt>
    <trkpt lat="-43.190746" lon="147.938074"><ele>263.1</ele></trkpt>
    <trkpt lat="-43.190758" lon="147.938299"><ele>264.0</ele></trkpt>
    <trkpt lat="-43.190750" lon="147.938434"><ele>264.8</ele></trkpt>
    <trkpt lat="-43.190749" lon="147.938569"><ele>265.6</ele></trkpt>
    <trkpt lat="-43.190589" lon="147.938878"><ele>268.2</ele></trkpt>
    <trkpt lat="-43.190460" lon="147.939023"><ele>270.1</ele></trkpt>
    <trkpt lat="-43.190288" lon="147.939195"><ele>272.6</ele></trkpt>
    <trkpt lat="-43.190158" lon="147.939338"><ele>274.5</ele></trkpt>
    <trkpt lat="-43.190039" lon="147.939585"><ele>276.5</ele></trkpt>
    <trkpt lat="-43.190037" lon="147.939730"><ele>277.4</ele></trkpt>
    <trkpt lat="-43.189852" lon="147.940078"><ele>280.0</ele></trkpt>
    <trkpt lat="-43.189841" lon="147.940165"><ele>280.6</ele></trkpt>
    <trkpt lat="-43.189712" lon="147.940236"><ele>281.7</ele></trkpt>
    <trkpt lat="-43.189582" lon="147.940394"><ele>282.7</ele></trkpt>
    <trkpt lat="-43.189376" lon="147.940785"><ele>284.2</ele></trkpt>
    <trkpt lat="-43.189158" lon="147.941263"><ele>285.7</ele></trkpt>
    <trkpt lat="-43.189017" lon="147.941567"><ele>285.9</ele></trkpt>
    <trkpt lat="-43.188908" lon="147.941726"><ele>285.8</ele></trkpt>
    <trkpt lat="-43.188748" lon="147.941796"><ele>285.3</ele></trkpt>
    <trkpt lat="-43.188684" lon="147.941824"><ele>285.1</ele></trkpt>
    <trkpt lat="-43.188522" lon="147.941895"><ele>284.8</ele></trkpt>
    <trkpt lat="-43.188393" lon="147.942025"><ele>284.6</ele></trkpt>
    <trkpt lat="-43.188241" lon="147.942212"><ele>284.1</ele></trkpt>
    <trkpt lat="-43.188133" lon="147.942312"><ele>283.8</ele></trkpt>
    <trkpt lat="-43.187887" lon="147.942410"><ele>283.3</ele></trkpt>
    <trkpt lat="-43.187662" lon="147.942465"><ele>283.1</ele></trkpt>
    <trkpt lat="-43.187521" lon="147.942624"><ele>283.2</ele></trkpt>
    <trkpt lat="-43.187456" lon="147.942739"><ele>283.3</ele></trkpt>
    <trkpt lat="-43.187347" lon="147.943000"><ele>283.7</ele></trkpt>
    <trkpt lat="-43.187187" lon="147.943085"><ele>283.9</ele></trkpt>
    <trkpt lat="-43.187111" lon="147.943157"><ele>284.0</ele></trkpt>
    <trkpt lat="-43.187056" lon="147.943345"><ele>284.3</ele></trkpt>
    <trkpt lat="-43.187033" lon="147.943491"><ele>284.6</ele></trkpt>
    <trkpt lat="-43.186904" lon="147.943606"><ele>285.1</ele></trkpt>
    <trkpt lat="-43.186774" lon="147.943750"><ele>285.6</ele></trkpt>
    <trkpt lat="-43.186665" lon="147.943996"><ele>286.2</ele></trkpt>
    <trkpt lat="-43.186622" lon="147.944068"><ele>286.4</ele></trkpt>
    <trkpt lat="-43.186621" lon="147.944186"><ele>286.4</ele></trkpt>
    <trkpt lat="-43.186470" lon="147.944314"><ele>286.4</ele></trkpt>
    <trkpt lat="-43.186373" lon="147.944516"><ele>286.5</ele></trkpt>
    <trkpt lat="-43.186210" lon="147.944806"><ele>286.1</ele></trkpt>
    <trkpt lat="-43.186080" lon="147.944950"><ele>285.6</ele></trkpt>
    <trkpt lat="-43.185929" lon="147.945122"><ele>284.9</ele></trkpt>
    <trkpt lat="-43.185703" lon="147.945236"><ele>283.9</ele></trkpt>
    <trkpt lat="-43.185607" lon="147.945307"><ele>283.3</ele></trkpt>
    <trkpt lat="-43.185401" lon="147.945566"><ele>281.5</ele></trkpt>
    <trkpt lat="-43.185292" lon="147.945827"><ele>279.7</ele></trkpt>
    <trkpt lat="-43.185237" lon="147.946017"><ele>278.6</ele></trkpt>
    <trkpt lat="-43.185085" lon="147.946218"><ele>277.2</ele></trkpt>
    <trkpt lat="-43.184998" lon="147.946406"><ele>276.1</ele></trkpt>
    <trkpt lat="-43.184963" lon="147.946785"><ele>273.2</ele></trkpt>
    <trkpt lat="-43.184983" lon="147.946974"><ele>271.5</ele></trkpt>
    <trkpt lat="-43.184906" lon="147.947178"><ele>269.8</ele></trkpt>
    <trkpt lat="-43.184820" lon="147.947307"><ele>268.6</ele></trkpt>
    <trkpt lat="-43.184605" lon="147.947465"><ele>265.9</ele></trkpt>
    <trkpt lat="-43.184550" lon="147.947624"><ele>264.3</ele></trkpt>
    <trkpt lat="-43.184549" lon="147.947756"><ele>263.1</ele></trkpt>
    <trkpt lat="-43.184463" lon="147.948001"><ele>260.8</ele></trkpt>
    <trkpt lat="-43.184455" lon="147.948032"><ele>260.6</ele></trkpt>
    <trkpt lat="-43.184444" lon="147.948063"><ele>260.4</ele></trkpt>
    <trkpt lat="-43.184434" lon="147.948082"><ele>260.3</ele></trkpt>
    <trkpt lat="-43.184425" lon="147.948088"><ele>260.2</ele></trkpt>
    <trkpt lat="-43.184375" lon="147.948087"><ele>259.8</ele></trkpt>
    <trkpt lat="-43.184339" lon="147.948074"><ele>259.5</ele></trkpt>
    <trkpt lat="-43.184300" lon="147.948061"><ele>259.2</ele></trkpt>
    <trkpt lat="-43.184229" lon="147.948073"><ele>258.9</ele></trkpt>
    <trkpt lat="-43.184179" lon="147.948087"><ele>258.6</ele></trkpt>
    <trkpt lat="-43.184140" lon="147.948090"><ele>258.4</ele></trkpt>
    <trkpt lat="-43.184062" lon="147.948098"><ele>258.1</ele></trkpt>
    <trkpt lat="-43.183959" lon="147.948156"><ele>257.6</ele></trkpt>
    <trkpt lat="-43.183903" lon="147.948189"><ele>257.4</ele></trkpt>
    <trkpt lat="-43.183786" lon="147.948259"><ele>256.9</ele></trkpt>
    <trkpt lat="-43.183750" lon="147.948287"><ele>256.7</ele></trkpt>
    <trkpt lat="-43.183632" lon="147.948369"><ele>256.3</ele></trkpt>
    <trkpt lat="-43.183526" lon="147.948468"><ele>255.9</ele></trkpt>
    <trkpt lat="-43.183466" lon="147.948551"><ele>255.7</ele></trkpt>
    <trkpt lat="-43.183406" lon="147.948625"><ele>255.5</ele></trkpt>
    <trkpt lat="-43.183346" lon="147.948693"><ele>255.2</ele></trkpt>
    <trkpt lat="-43.183197" lon="147.949003"><ele>254.1</ele></trkpt>
    <trkpt lat="-43.183106" lon="147.949064"><ele>253.5</ele></trkpt>
    <trkpt lat="-43.182923" lon="147.949061"><ele>252.4</ele></trkpt>
    <trkpt lat="-43.182804" lon="147.949022"><ele>251.7</ele></trkpt>
    <trkpt lat="-43.182586" lon="147.948868"><ele>250.5</ele></trkpt>
    <trkpt lat="-43.182495" lon="147.948880"><ele>250.2</ele></trkpt>
    <trkpt lat="-43.182311" lon="147.948977"><ele>249.7</ele></trkpt>
    <trkpt lat="-43.182046" lon="147.948998"><ele>249.3</ele></trkpt>
    <trkpt lat="-43.181755" lon="147.948818"><ele>249.0</ele></trkpt>
    <trkpt lat="-43.181583" lon="147.948616"><ele>248.8</ele></trkpt>
    <trkpt lat="-43.181447" lon="147.948476"><ele>248.6</ele></trkpt>
    <trkpt lat="-43.181191" lon="147.948447"><ele>247.6</ele></trkpt>
    <trkpt lat="-43.180934" lon="147.948581"><ele>245.7</ele></trkpt>
    <trkpt lat="-43.180759" lon="147.948765"><ele>243.9</ele></trkpt>
    <trkpt lat="-43.180705" lon="147.948910"><ele>243.0</ele></trkpt>
    <trkpt lat="-43.180701" lon="147.948982"><ele>242.6</ele></trkpt>
    <trkpt lat="-43.180687" lon="147.949100"><ele>242.0</ele></trkpt>
    <trkpt lat="-43.180644" lon="147.949203"><ele>241.4</ele></trkpt>
    <trkpt lat="-43.180561" lon="147.949293"><ele>240.7</ele></trkpt>
    <trkpt lat="-43.180505" lon="147.949374"><ele>240.1</ele></trkpt>
    <trkpt lat="-43.180484" lon="147.949453"><ele>239.7</ele></trkpt>
    <trkpt lat="-43.180478" lon="147.949552"><ele>239.4</ele></trkpt>
    <trkpt lat="-43.180455" lon="147.949635"><ele>239.0</ele></trkpt>
    <trkpt lat="-43.180446" lon="147.949709"><ele>238.7</ele></trkpt>
    <trkpt lat="-43.180437" lon="147.949799"><ele>238.4</ele></trkpt>
    <trkpt lat="-43.180451" lon="147.949919"><ele>238.1</ele></trkpt>
    <trkpt lat="-43.180435" lon="147.949960"><ele>238.0</ele></trkpt>
    <trkpt lat="-43.180405" lon="147.950008"><ele>237.8</ele></trkpt>
    <trkpt lat="-43.180378" lon="147.950046"><ele>237.6</ele></trkpt>
    <trkpt lat="-43.180325" lon="147.950069"><ele>237.4</ele></trkpt>
    <trkpt lat="-43.180279" lon="147.950124"><ele>237.2</ele></trkpt>
    <trkpt lat="-43.180238" lon="147.950175"><ele>237.0</ele></trkpt>
    <trkpt lat="-43.180216" lon="147.950225"><ele>236.9</ele></trkpt>
    <trkpt lat="-43.180149" lon="147.950230"><ele>236.6</ele></trkpt>
    <trkpt lat="-43.180095" lon="147.950270"><ele>236.4</ele></trkpt>
    <trkpt lat="-43.180025" lon="147.950358"><ele>236.0</ele></trkpt>
    <trkpt lat="-43.179984" lon="147.950414"><ele>235.8</ele></trkpt>
    <trkpt lat="-43.179935" lon="147.950501"><ele>235.4</ele></trkpt>
    <trkpt lat="-43.179877" lon="147.950570"><ele>235.0</ele></trkpt>
    <trkpt lat="-43.179830" lon="147.950656"><ele>234.5</ele></trkpt>
    <trkpt lat="-43.179791" lon="147.950886"><ele>233.5</ele></trkpt>
    <trkpt lat="-43.179795" lon="147.951052"><ele>232.7</ele></trkpt>
    <trkpt lat="-43.179808" lon="147.951114"><ele>232.4</ele></trkpt>
    <trkpt lat="-43.179762" lon="147.951307"><ele>231.7</ele></trkpt>
    <trkpt lat="-43.179742" lon="147.951359"><ele>231.5</ele></trkpt>
    <trkpt lat="-43.179639" lon="147.951546"><ele>230.9</ele></trkpt>
    <trkpt lat="-43.179509" lon="147.951756"><ele>230.2</ele></trkpt>
    <trkpt lat="-43.179316" lon="147.951903"><ele>229.5</ele></trkpt>
    <trkpt lat="-43.179150" lon="147.952038"><ele>229.1</ele></trkpt>
    <trkpt lat="-43.179048" lon="147.952198"><ele>228.8</ele></trkpt>
    <trkpt lat="-43.178928" lon="147.952346"><ele>228.8</ele></trkpt>
    <trkpt lat="-43.178882" lon="147.952408"><ele>228.8</ele></trkpt>
    <trkpt lat="-43.178818" lon="147.952457"><ele>228.9</ele></trkpt>
    <trkpt lat="-43.178735" lon="147.952556"><ele>229.1</ele></trkpt>
    <trkpt lat="-43.178695" lon="147.952575"><ele>229.2</ele></trkpt>
    <trkpt lat="-43.178642" lon="147.952581"><ele>229.3</ele></trkpt>
    <trkpt lat="-43.178594" lon="147.952602"><ele>229.4</ele></trkpt>
    <trkpt lat="-43.178566" lon="147.952602"><ele>229.5</ele></trkpt>
    <trkpt lat="-43.178536" lon="147.952635"><ele>229.6</ele></trkpt>
    <trkpt lat="-43.178511" lon="147.952676"><ele>229.8</ele></trkpt>
    <trkpt lat="-43.178490" lon="147.952685"><ele>229.8</ele></trkpt>
    <trkpt lat="-43.178440" lon="147.952715"><ele>230.0</ele></trkpt>
    <trkpt lat="-43.178332" lon="147.952767"><ele>230.6</ele></trkpt>
    <trkpt lat="-43.178258" lon="147.952809"><ele>231.1</ele></trkpt>
    <trkpt lat="-43.178222" lon="147.952824"><ele>231.3</ele></trkpt>
    <trkpt lat="-43.178192" lon="147.952833"><ele>231.5</ele></trkpt>
    <trkpt lat="-43.178162" lon="147.952833"><ele>231.7</ele></trkpt>
    <trkpt lat="-43.178137" lon="147.952857"><ele>231.8</ele></trkpt>
    <trkpt lat="-43.178066" lon="147.952915"><ele>232.4</ele></trkpt>
    <trkpt lat="-43.178027" lon="147.952946"><ele>232.8</ele></trkpt>
    <trkpt lat="-43.177928" lon="147.952979"><ele>233.5</ele></trkpt>
    <trkpt lat="-43.177864" lon="147.953018"><ele>234.1</ele></trkpt>
    <trkpt lat="-43.177818" lon="147.953049"><ele>234.3</ele></trkpt>
    <trkpt lat="-43.177799" lon="147.953071"><ele>234.4</ele></trkpt>
    <trkpt lat="-43.177774" lon="147.953123"><ele>234.6</ele></trkpt>
    <trkpt lat="-43.177736" lon="147.953207"><ele>235.0</ele></trkpt>
    <trkpt lat="-43.177695" lon="147.953259"><ele>235.2</ele></trkpt>
    <trkpt lat="-43.177669" lon="147.953287"><ele>235.3</ele></trkpt>
    <trkpt lat="-43.177628" lon="147.953308"><ele>235.4</ele></trkpt>
    <trkpt lat="-43.177589" lon="147.953320"><ele>235.5</ele></trkpt>
    <trkpt lat="-43.177559" lon="147.953335"><ele>235.6</ele></trkpt>
    <trkpt lat="-43.177516" lon="147.953362"><ele>235.7</ele></trkpt>
    <trkpt lat="-43.177493" lon="147.953377"><ele>235.8</ele></trkpt>
    <trkpt lat="-43.177480" lon="147.953389"><ele>235.8</ele></trkpt>
    <trkpt lat="-43.177468" lon="147.953399"><ele>235.9</ele></trkpt>
    <trkpt lat="-43.177450" lon="147.953411"><ele>235.9</ele></trkpt>
    <trkpt lat="-43.177437" lon="147.953411"><ele>235.9</ele></trkpt>
    <trkpt lat="-43.177405" lon="147.953407"><ele>236.0</ele></trkpt>
    <trkpt lat="-43.177378" lon="147.953400"><ele>236.0</ele></trkpt>
    <trkpt lat="-43.177364" lon="147.953402"><ele>236.1</ele></trkpt>
    <trkpt lat="-43.177349" lon="147.953403"><ele>236.1</ele></trkpt>
    <trkpt lat="-43.177302" lon="147.953396"><ele>236.2</ele></trkpt>
    <trkpt lat="-43.177253" lon="147.953386"><ele>236.3</ele></trkpt>
    <trkpt lat="-43.177224" lon="147.953375"><ele>236.3</ele></trkpt>
    <trkpt lat="-43.177191" lon="147.953380"><ele>236.4</ele></trkpt>
    <trkpt lat="-43.177164" lon="147.953380"><ele>236.4</ele></trkpt>
    <trkpt lat="-43.177135" lon="147.953381"><ele>236.5</ele></trkpt>
    <trkpt lat="-43.177120" lon="147.953381"><ele>236.5</ele></trkpt>
    <trkpt lat="-43.177106" lon="147.953382"><ele>236.5</ele></trkpt>
    <trkpt lat="-43.177086" lon="147.953393"><ele>236.6</ele></trkpt>
    <trkpt lat="-43.177068" lon="147.953407"><ele>236.6</ele></trkpt>
    <trkpt lat="-43.176987" lon="147.953491"><ele>236.8</ele></trkpt>
    <trkpt lat="-43.176907" lon="147.953587"><ele>237.0</ele></trkpt>
    <trkpt lat="-43.176870" lon="147.953627"><ele>237.1</ele></trkpt>
    <trkpt lat="-43.176805" lon="147.953691"><ele>237.2</ele></trkpt>
    <trkpt lat="-43.176775" lon="147.953734"><ele>237.3</ele></trkpt>
    <trkpt lat="-43.176754" lon="147.953778"><ele>237.4</ele></trkpt>
    <trkpt lat="-43.176674" lon="147.953830"><ele>237.7</ele></trkpt>
    <trkpt lat="-43.176621" lon="147.953863"><ele>238.0</ele></trkpt>
    <trkpt lat="-43.176552" lon="147.953872"><ele>238.3</ele></trkpt>
    <trkpt lat="-43.176527" lon="147.953887"><ele>238.4</ele></trkpt>
    <trkpt lat="-43.176474" lon="147.953930"><ele>238.7</ele></trkpt>
    <trkpt lat="-43.176426" lon="147.953951"><ele>239.0</ele></trkpt>
    <trkpt lat="-43.176366" lon="147.953962"><ele>239.4</ele></trkpt>
    <trkpt lat="-43.176344" lon="147.953971"><ele>239.6</ele></trkpt>
    <trkpt lat="-43.176311" lon="147.954008"><ele>239.8</ele></trkpt>
    <trkpt lat="-43.176263" lon="147.954067"><ele>240.3</ele></trkpt>
    <trkpt lat="-43.176235" lon="147.954081"><ele>240.5</ele></trkpt>
    <trkpt lat="-43.176188" lon="147.954109"><ele>240.8</ele></trkpt>
    <trkpt lat="-43.176168" lon="147.954121"><ele>241.0</ele></trkpt>
    <trkpt lat="-43.176139" lon="147.954169"><ele>241.3</ele></trkpt>
    <trkpt lat="-43.176102" lon="147.954210"><ele>241.7</ele></trkpt>
    <trkpt lat="-43.176070" lon="147.954243"><ele>242.0</ele></trkpt>
    <trkpt lat="-43.176048" lon="147.954266"><ele>242.2</ele></trkpt>
    <trkpt lat="-43.176041" lon="147.954294"><ele>242.4</ele></trkpt>
    <trkpt lat="-43.176037" lon="147.954345"><ele>242.7</ele></trkpt>
    <trkpt lat="-43.176045" lon="147.954398"><ele>243.1</ele></trkpt>
    <trkpt lat="-43.176050" lon="147.954442"><ele>243.4</ele></trkpt>
    <trkpt lat="-43.176056" lon="147.954487"><ele>243.7</ele></trkpt>
    <trkpt lat="-43.176048" lon="147.954658"><ele>244.8</ele></trkpt>
    <trkpt lat="-43.176024" lon="147.954795"><ele>246.5</ele></trkpt>
    <trkpt lat="-43.176014" lon="147.954872"><ele>247.4</ele></trkpt>
    <trkpt lat="-43.176011" lon="147.954950"><ele>248.3</ele></trkpt>
    <trkpt lat="-43.175997" lon="147.955006"><ele>249.0</ele></trkpt>
    <trkpt lat="-43.175974" lon="147.955065"><ele>250.0</ele></trkpt>
    <trkpt lat="-43.175962" lon="147.955109"><ele>250.7</ele></trkpt>
    <trkpt lat="-43.175952" lon="147.955181"><ele>251.9</ele></trkpt>
    <trkpt lat="-43.175940" lon="147.955252"><ele>253.0</ele></trkpt>
    <trkpt lat="-43.175882" lon="147.955354"><ele>255.1</ele></trkpt>
    <trkpt lat="-43.175820" lon="147.955491"><ele>257.6</ele></trkpt>
    <trkpt lat="-43.175759" lon="147.955605"><ele>259.8</ele></trkpt>
    <trkpt lat="-43.175706" lon="147.955695"><ele>261.4</ele></trkpt>
    <trkpt lat="-43.175666" lon="147.955760"><ele>262.6</ele></trkpt>
    <trkpt lat="-43.175653" lon="147.955779"><ele>262.9</ele></trkpt>
    <trkpt lat="-43.175602" lon="147.955846"><ele>264.2</ele></trkpt>
    <trkpt lat="-43.175551" lon="147.955967"><ele>266.0</ele></trkpt>
    <trkpt lat="-43.175498" lon="147.956095"><ele>267.4</ele></trkpt>
    <trkpt lat="-43.175473" lon="147.956145"><ele>268.0</ele></trkpt>
    <trkpt lat="-43.175455" lon="147.956174"><ele>268.4</ele></trkpt>
    <trkpt lat="-43.175391" lon="147.956209"><ele>269.3</ele></trkpt>
    <trkpt lat="-43.175323" lon="147.956229"><ele>269.8</ele></trkpt>
    <trkpt lat="-43.175289" lon="147.956222"><ele>270.0</ele></trkpt>
    <trkpt lat="-43.175257" lon="147.956221"><ele>270.2</ele></trkpt>
    <trkpt lat="-43.175228" lon="147.956246"><ele>270.4</ele></trkpt>
    <trkpt lat="-43.175148" lon="147.956334"><ele>271.0</ele></trkpt>
    <trkpt lat="-43.175090" lon="147.956416"><ele>271.3</ele></trkpt>
    <trkpt lat="-43.175027" lon="147.956430"><ele>271.6</ele></trkpt>
    <trkpt lat="-43.174976" lon="147.956443"><ele>271.9</ele></trkpt>
    <trkpt lat="-43.174958" lon="147.956472"><ele>272.0</ele></trkpt>
    <trkpt lat="-43.174955" lon="147.956504"><ele>272.1</ele></trkpt>
    <trkpt lat="-43.174926" lon="147.956550"><ele>272.4</ele></trkpt>
    <trkpt lat="-43.174891" lon="147.956604"><ele>272.9</ele></trkpt>
    <trkpt lat="-43.174867" lon="147.956632"><ele>273.1</ele></trkpt>
    <trkpt lat="-43.174817" lon="147.956667"><ele>273.6</ele></trkpt>
    <trkpt lat="-43.174758" lon="147.956763"><ele>274.4</ele></trkpt>
    <trkpt lat="-43.174749" lon="147.956864"><ele>275.4</ele></trkpt>
    <trkpt lat="-43.174749" lon="147.956939"><ele>276.2</ele></trkpt>
    <trkpt lat="-43.174740" lon="147.957018"><ele>277.0</ele></trkpt>
    <trkpt lat="-43.174766" lon="147.957133"><ele>278.3</ele></trkpt>
    <trkpt lat="-43.174781" lon="147.957213"><ele>279.3</ele></trkpt>
    <trkpt lat="-43.174780" lon="147.957277"><ele>280.1</ele></trkpt>
    <trkpt lat="-43.174790" lon="147.957385"><ele>281.5</ele></trkpt>
    <trkpt lat="-43.174776" lon="147.957479"><ele>282.7</ele></trkpt>
    <trkpt lat="-43.174773" lon="147.957540"><ele>283.5</ele></trkpt>
    <trkpt lat="-43.174793" lon="147.957601"><ele>284.6</ele></trkpt>
    <trkpt lat="-43.174798" lon="147.957637"><ele>285.2</ele></trkpt>
    <trkpt lat="-43.174782" lon="147.957666"><ele>285.8</ele></trkpt>
    <trkpt lat="-43.174776" lon="147.957759"><ele>287.3</ele></trkpt>
    <trkpt lat="-43.174820" lon="147.957846"><ele>288.9</ele></trkpt>
    <trkpt lat="-43.174861" lon="147.957929"><ele>290.5</ele></trkpt>
    <trkpt lat="-43.174916" lon="147.957998"><ele>292.1</ele></trkpt>
    <trkpt lat="-43.174965" lon="147.958110"><ele>294.1</ele></trkpt>
    <trkpt lat="-43.175017" lon="147.958248"><ele>296.3</ele></trkpt>
    <trkpt lat="-43.175045" lon="147.958288"><ele>297.0</ele></trkpt>
    <trkpt lat="-43.175068" lon="147.958396"><ele>298.6</ele></trkpt>
    <trkpt lat="-43.175101" lon="147.958494"><ele>300.0</ele></trkpt>
    <trkpt lat="-43.175146" lon="147.958530"><ele>300.9</ele></trkpt>
    <trkpt lat="-43.175172" lon="147.958549"><ele>301.4</ele></trkpt>
    <trkpt lat="-43.175208" lon="147.958657"><ele>302.9</ele></trkpt>
    <trkpt lat="-43.175281" lon="147.958762"><ele>304.8</ele></trkpt>
    <trkpt lat="-43.175346" lon="147.958832"><ele>306.4</ele></trkpt>
    <trkpt lat="-43.175414" lon="147.958890"><ele>308.0</ele></trkpt>
    <trkpt lat="-43.175469" lon="147.958895"><ele>309.1</ele></trkpt>
    <trkpt lat="-43.175529" lon="147.958946"><ele>310.3</ele></trkpt>
    <trkpt lat="-43.175565" lon="147.958975"><ele>310.9</ele></trkpt>
    <trkpt lat="-43.175581" lon="147.958990"><ele>311.2</ele></trkpt>
    <trkpt lat="-43.175638" lon="147.959109"><ele>312.8</ele></trkpt>
    <trkpt lat="-43.175716" lon="147.959225"><ele>314.3</ele></trkpt>
    <trkpt lat="-43.175805" lon="147.959327"><ele>315.7</ele></trkpt>
    <trkpt lat="-43.175888" lon="147.959419"><ele>316.9</ele></trkpt>
    <trkpt lat="-43.175951" lon="147.959459"><ele>317.9</ele></trkpt>
    <trkpt lat="-43.176016" lon="147.959482"><ele>318.8</ele></trkpt>
    <trkpt lat="-43.176090" lon="147.959512"><ele>319.9</ele></trkpt>
    <trkpt lat="-43.176129" lon="147.959516"><ele>320.5</ele></trkpt>
    <trkpt lat="-43.176163" lon="147.959524"><ele>321.0</ele></trkpt>
    <trkpt lat="-43.176195" lon="147.959528"><ele>321.4</ele></trkpt>
    <trkpt lat="-43.176226" lon="147.959539"><ele>321.9</ele></trkpt>
    <trkpt lat="-43.176242" lon="147.959539"><ele>322.1</ele></trkpt>
    <trkpt lat="-43.176247" lon="147.959597"><ele>322.7</ele></trkpt>
    <trkpt lat="-43.176225" lon="147.959675"><ele>323.5</ele></trkpt>
    <trkpt lat="-43.176198" lon="147.959725"><ele>324.1</ele></trkpt>
    <trkpt lat="-43.176164" lon="147.959782"><ele>324.9</ele></trkpt>
    <trkpt lat="-43.176153" lon="147.959818"><ele>325.2</ele></trkpt>
    <trkpt lat="-43.176142" lon="147.959829"><ele>325.4</ele></trkpt>
    <trkpt lat="-43.176155" lon="147.959850"><ele>325.7</ele></trkpt>
    <trkpt lat="-43.176160" lon="147.959879"><ele>325.9</ele></trkpt>
    <trkpt lat="-43.176139" lon="147.959936"><ele>326.5</ele></trkpt>
    <trkpt lat="-43.176123" lon="147.959976"><ele>327.0</ele></trkpt>
    <trkpt lat="-43.176107" lon="147.960004"><ele>327.3</ele></trkpt>
    <trkpt lat="-43.176093" lon="147.960022"><ele>327.6</ele></trkpt>
    <trkpt lat="-43.176088" lon="147.960061"><ele>327.9</ele></trkpt>
    <trkpt lat="-43.176111" lon="147.960127"><ele>328.9</ele></trkpt>
    <trkpt lat="-43.176118" lon="147.960152"><ele>329.3</ele></trkpt>
    <trkpt lat="-43.176118" lon="147.960191"><ele>329.9</ele></trkpt>
    <trkpt lat="-43.176076" lon="147.960230"><ele>330.8</ele></trkpt>
    <trkpt lat="-43.176023" lon="147.960294"><ele>332.2</ele></trkpt>
    <trkpt lat="-43.176001" lon="147.960373"><ele>333.5</ele></trkpt>
    <trkpt lat="-43.175995" lon="147.960455"><ele>335.1</ele></trkpt>
    <trkpt lat="-43.176007" lon="147.960535"><ele>336.7</ele></trkpt>
    <trkpt lat="-43.176031" lon="147.960582"><ele>337.8</ele></trkpt>
    <trkpt lat="-43.176025" lon="147.960610"><ele>338.4</ele></trkpt>
    <trkpt lat="-43.175983" lon="147.960664"><ele>339.9</ele></trkpt>
    <trkpt lat="-43.175919" lon="147.960720"><ele>342.0</ele></trkpt>
    <trkpt lat="-43.175882" lon="147.960748"><ele>343.1</ele></trkpt>
    <trkpt lat="-43.175863" lon="147.960766"><ele>343.7</ele></trkpt>
    <trkpt lat="-43.175837" lon="147.960816"><ele>344.9</ele></trkpt>
    <trkpt lat="-43.175786" lon="147.960851"><ele>346.5</ele></trkpt>
    <trkpt lat="-43.175768" lon="147.960876"><ele>347.1</ele></trkpt>
    <trkpt lat="-43.175738" lon="147.960933"><ele>348.4</ele></trkpt>
    <trkpt lat="-43.175722" lon="147.960961"><ele>349.1</ele></trkpt>
    <trkpt lat="-43.175680" lon="147.960989"><ele>350.2</ele></trkpt>
    <trkpt lat="-43.175654" lon="147.961018"><ele>351.0</ele></trkpt>
    <trkpt lat="-43.175643" lon="147.961068"><ele>351.9</ele></trkpt>
    <trkpt lat="-43.175619" lon="147.961082"><ele>352.6</ele></trkpt>
    <trkpt lat="-43.175590" lon="147.961128"><ele>353.6</ele></trkpt>
    <trkpt lat="-43.175571" lon="147.961175"><ele>354.7</ele></trkpt>
    <trkpt lat="-43.175576" lon="147.961203"><ele>355.4</ele></trkpt>
    <trkpt lat="-43.175562" lon="147.961236"><ele>356.2</ele></trkpt>
    <trkpt lat="-43.175549" lon="147.961282"><ele>357.3</ele></trkpt>
    <trkpt lat="-43.175554" lon="147.961332"><ele>358.4</ele></trkpt>
    <trkpt lat="-43.175556" lon="147.961383"><ele>359.5</ele></trkpt>
    <trkpt lat="-43.175548" lon="147.961404"><ele>360.0</ele></trkpt>
    <trkpt lat="-43.175529" lon="147.961440"><ele>361.0</ele></trkpt>
    <trkpt lat="-43.175505" lon="147.961468"><ele>362.0</ele></trkpt>
    <trkpt lat="-43.175492" lon="147.961508"><ele>362.9</ele></trkpt>
    <trkpt lat="-43.175483" lon="147.961569"><ele>364.1</ele></trkpt>
    <trkpt lat="-43.175483" lon="147.961612"><ele>365.0</ele></trkpt>
    <trkpt lat="-43.175483" lon="147.961640"><ele>365.6</ele></trkpt>
    <trkpt lat="-43.175490" lon="147.961684"><ele>366.5</ele></trkpt>
    <trkpt lat="-43.175509" lon="147.961721"><ele>367.4</ele></trkpt>
    <trkpt lat="-43.175527" lon="147.961739"><ele>368.0</ele></trkpt>
    <trkpt lat="-43.175538" lon="147.961761"><ele>368.6</ele></trkpt>
    <trkpt lat="-43.175543" lon="147.961768"><ele>368.7</ele></trkpt>
    <trkpt lat="-43.175548" lon="147.961779"><ele>369.0</ele></trkpt>
    <trkpt lat="-43.175548" lon="147.961788"><ele>369.2</ele></trkpt>
    <trkpt lat="-43.175522" lon="147.961787"><ele>369.9</ele></trkpt>
    <trkpt lat="-43.175504" lon="147.961793"><ele>370.4</ele></trkpt>
    <trkpt lat="-43.175482" lon="147.961799"><ele>371.0</ele></trkpt>
    <trkpt lat="-43.175462" lon="147.961806"><ele>371.5</ele></trkpt>
    <trkpt lat="-43.175453" lon="147.961806"><ele>371.7</ele></trkpt>
    <trkpt lat="-43.175438" lon="147.961806"><ele>372.1</ele></trkpt>
    <trkpt lat="-43.175399" lon="147.961811"><ele>373.2</ele></trkpt>
    <trkpt lat="-43.175365" lon="147.961823"><ele>374.1</ele></trkpt>
    <trkpt lat="-43.175350" lon="147.961830"><ele>374.5</ele></trkpt>
    <trkpt lat="-43.175337" lon="147.961840"><ele>374.9</ele></trkpt>
    <trkpt lat="-43.175313" lon="147.961856"><ele>375.6</ele></trkpt>
    <trkpt lat="-43.175280" lon="147.961875"><ele>376.5</ele></trkpt>
    <trkpt lat="-43.175258" lon="147.961904"><ele>377.3</ele></trkpt>
    <trkpt lat="-43.175249" lon="147.961932"><ele>377.9</ele></trkpt>
    <trkpt lat="-43.175240" lon="147.961974"><ele>378.7</ele></trkpt>
    <trkpt lat="-43.175237" lon="147.961993"><ele>379.0</ele></trkpt>
    <trkpt lat="-43.175228" lon="147.962009"><ele>379.4</ele></trkpt>
    <trkpt lat="-43.175208" lon="147.962031"><ele>380.1</ele></trkpt>
    <trkpt lat="-43.175189" lon="147.962054"><ele>380.7</ele></trkpt>
    <trkpt lat="-43.175173" lon="147.962069"><ele>381.2</ele></trkpt>
    <trkpt lat="-43.175167" lon="147.962086"><ele>381.5</ele></trkpt>
    <trkpt lat="-43.175170" lon="147.962123"><ele>382.2</ele></trkpt>
    <trkpt lat="-43.175178" lon="147.962149"><ele>382.7</ele></trkpt>
    <trkpt lat="-43.175179" lon="147.962167"><ele>383.1</ele></trkpt>
    <trkpt lat="-43.175178" lon="147.962183"><ele>383.4</ele></trkpt>
    <trkpt lat="-43.175157" lon="147.962184"><ele>384.0</ele></trkpt>
    <trkpt lat="-43.175125" lon="147.962175"><ele>385.0</ele></trkpt>
    <trkpt lat="-43.175111" lon="147.962167"><ele>385.5</ele></trkpt>
    <trkpt lat="-43.175099" lon="147.962164"><ele>385.8</ele></trkpt>
    <trkpt lat="-43.175083" lon="147.962163"><ele>386.3</ele></trkpt>
    <trkpt lat="-43.175067" lon="147.962181"><ele>387.0</ele></trkpt>
    <trkpt lat="-43.175050" lon="147.962197"><ele>387.6</ele></trkpt>
    <trkpt lat="-43.175034" lon="147.962207"><ele>388.2</ele></trkpt>
    <trkpt lat="-43.175014" lon="147.962214"><ele>388.8</ele></trkpt>
    <trkpt lat="-43.174984" lon="147.962219"><ele>389.8</ele></trkpt>
    <trkpt lat="-43.174962" lon="147.962226"><ele>390.5</ele></trkpt>
    <trkpt lat="-43.174948" lon="147.962235"><ele>391.0</ele></trkpt>
    <trkpt lat="-43.174948" lon="147.962253"><ele>391.4</ele></trkpt>
    <trkpt lat="-43.174953" lon="147.962287"><ele>392.1</ele></trkpt>
    <trkpt lat="-43.174954" lon="147.962310"><ele>392.6</ele></trkpt>
    <trkpt lat="-43.174954" lon="147.962319"><ele>392.8</ele></trkpt>
    <trkpt lat="-43.174951" lon="147.962330"><ele>393.0</ele></trkpt>
    <trkpt lat="-43.174922" lon="147.962353"><ele>394.0</ele></trkpt>
    <trkpt lat="-43.174913" lon="147.962373"><ele>394.5</ele></trkpt>
    <trkpt lat="-43.174894" lon="147.962417"><ele>395.5</ele></trkpt>
    <trkpt lat="-43.174881" lon="147.962442"><ele>396.2</ele></trkpt>
    <trkpt lat="-43.174848" lon="147.962472"><ele>397.3</ele></trkpt>
    <trkpt lat="-43.174820" lon="147.962497"><ele>398.2</ele></trkpt>
    <trkpt lat="-43.174797" lon="147.962513"><ele>398.9</ele></trkpt>
    <trkpt lat="-43.174751" lon="147.962548"><ele>400.5</ele></trkpt>
    <trkpt lat="-43.174709" lon="147.962589"><ele>402.0</ele></trkpt>
    <trkpt lat="-43.174683" lon="147.962604"><ele>402.8</ele></trkpt>
    <trkpt lat="-43.174662" lon="147.962617"><ele>403.5</ele></trkpt>
    <trkpt lat="-43.174656" lon="147.962631"><ele>403.8</ele></trkpt>
    <trkpt lat="-43.174644" lon="147.962645"><ele>404.3</ele></trkpt>
    <trkpt lat="-43.174612" lon="147.962670"><ele>405.4</ele></trkpt>
    <trkpt lat="-43.174587" lon="147.962678"><ele>406.1</ele></trkpt>
    <trkpt lat="-43.174579" lon="147.962687"><ele>406.5</ele></trkpt>
    <trkpt lat="-43.174563" lon="147.962700"><ele>407.0</ele></trkpt>
    <trkpt lat="-43.174547" lon="147.962728"><ele>407.8</ele></trkpt>
    <trkpt lat="-43.174538" lon="147.962748"><ele>408.2</ele></trkpt>
    <trkpt lat="-43.174527" lon="147.962760"><ele>408.6</ele></trkpt>
    <trkpt lat="-43.174475" lon="147.962799"><ele>410.2</ele></trkpt>
    <trkpt lat="-43.174446" lon="147.962825"><ele>411.2</ele></trkpt>
    <trkpt lat="-43.174403" lon="147.962850"><ele>412.5</ele></trkpt>
    <trkpt lat="-43.174383" lon="147.962873"><ele>413.2</ele></trkpt>
    <trkpt lat="-43.174360" lon="147.962899"><ele>414.0</ele></trkpt>
    <trkpt lat="-43.174347" lon="147.962921"><ele>414.6</ele></trkpt>
    <trkpt lat="-43.174327" lon="147.962935"><ele>415.2</ele></trkpt>
    <trkpt lat="-43.174314" lon="147.962942"><ele>415.6</ele></trkpt>
    <trkpt lat="-43.174298" lon="147.962945"><ele>416.1</ele></trkpt>
    <trkpt lat="-43.174265" lon="147.962923"><ele>417.2</ele></trkpt>
    <trkpt lat="-43.174229" lon="147.962896"><ele>418.5</ele></trkpt>
    <trkpt lat="-43.174218" lon="147.962892"><ele>418.8</ele></trkpt>
    <trkpt lat="-43.174193" lon="147.962891"><ele>419.6</ele></trkpt>
    <trkpt lat="-43.174159" lon="147.962896"><ele>420.6</ele></trkpt>
    <trkpt lat="-43.174137" lon="147.962896"><ele>421.3</ele></trkpt>
    <trkpt lat="-43.174117" lon="147.962890"><ele>421.9</ele></trkpt>
    <trkpt lat="-43.174105" lon="147.962883"><ele>422.3</ele></trkpt>
    <trkpt lat="-43.174095" lon="147.962886"><ele>422.6</ele></trkpt>
    <trkpt lat="-43.174052" lon="147.962918"><ele>424.0</ele></trkpt>
    <trkpt lat="-43.174028" lon="147.962932"><ele>424.8</ele></trkpt>
    <trkpt lat="-43.173995" lon="147.962951"><ele>425.9</ele></trkpt>
    <trkpt lat="-43.173969" lon="147.962963"><ele>426.7</ele></trkpt>
    <trkpt lat="-43.173953" lon="147.962978"><ele>427.2</ele></trkpt>
    <trkpt lat="-43.173912" lon="147.963025"><ele>428.8</ele></trkpt>
    <trkpt lat="-43.173866" lon="147.963062"><ele>430.4</ele></trkpt>
    <trkpt lat="-43.173835" lon="147.963082"><ele>431.4</ele></trkpt>
    <trkpt lat="-43.173782" lon="147.963102"><ele>432.9</ele></trkpt>
    <trkpt lat="-43.173761" lon="147.963109"><ele>433.5</ele></trkpt>
    <trkpt lat="-43.173724" lon="147.963125"><ele>434.5</ele></trkpt>
    <trkpt lat="-43.173676" lon="147.963147"><ele>435.9</ele></trkpt>
    <trkpt lat="-43.173650" lon="147.963163"><ele>436.7</ele></trkpt>
    <trkpt lat="-43.173632" lon="147.963177"><ele>437.2</ele></trkpt>
    <trkpt lat="-43.173617" lon="147.963200"><ele>437.9</ele></trkpt>
    <trkpt lat="-43.173592" lon="147.963265"><ele>439.3</ele></trkpt>
    <trkpt lat="-43.173573" lon="147.963318"><ele>440.3</ele></trkpt>
    <trkpt lat="-43.173559" lon="147.963347"><ele>441.0</ele></trkpt>
    <trkpt lat="-43.173551" lon="147.963359"><ele>441.3</ele></trkpt>
    <trkpt lat="-43.173534" lon="147.963370"><ele>441.8</ele></trkpt>
    <trkpt lat="-43.173518" lon="147.963384"><ele>442.2</ele></trkpt>
    <trkpt lat="-43.173485" lon="147.963400"><ele>443.1</ele></trkpt>
    <trkpt lat="-43.173452" lon="147.963422"><ele>444.1</ele></trkpt>
    <trkpt lat="-43.173436" lon="147.963447"><ele>444.7</ele></trkpt>
    <trkpt lat="-43.173407" lon="147.963503"><ele>445.9</ele></trkpt>
    <trkpt lat="-43.173386" lon="147.963540"><ele>446.8</ele></trkpt>
    <trkpt lat="-43.173360" lon="147.963570"><ele>447.6</ele></trkpt>
    <trkpt lat="-43.173332" lon="147.963604"><ele>448.5</ele></trkpt>
    <trkpt lat="-43.173318" lon="147.963627"><ele>449.1</ele></trkpt>
    <trkpt lat="-43.173298" lon="147.963657"><ele>449.8</ele></trkpt>
    <trkpt lat="-43.173287" lon="147.963679"><ele>450.3</ele></trkpt>
    <trkpt lat="-43.173287" lon="147.963716"><ele>451.0</ele></trkpt>
    <trkpt lat="-43.173286" lon="147.963756"><ele>451.7</ele></trkpt>
    <trkpt lat="-43.173286" lon="147.963774"><ele>452.0</ele></trkpt>
    <trkpt lat="-43.173286" lon="147.963792"><ele>452.3</ele></trkpt>
    <trkpt lat="-43.173282" lon="147.963806"><ele>452.6</ele></trkpt>
    <trkpt lat="-43.173272" lon="147.963856"><ele>453.5</ele></trkpt>
    <trkpt lat="-43.173266" lon="147.963887"><ele>454.0</ele></trkpt>
    <trkpt lat="-43.173262" lon="147.963896"><ele>454.2</ele></trkpt>
    <trkpt lat="-43.173259" lon="147.963905"><ele>454.4</ele></trkpt>
    <trkpt lat="-43.173222" lon="147.963915"><ele>455.2</ele></trkpt>
    <trkpt lat="-43.173185" lon="147.963921"><ele>456.1</ele></trkpt>
    <trkpt lat="-43.173168" lon="147.963925"><ele>456.5</ele></trkpt>
    <trkpt lat="-43.173153" lon="147.963935"><ele>456.9</ele></trkpt>
    <trkpt lat="-43.173145" lon="147.963966"><ele>457.4</ele></trkpt>
    <trkpt lat="-43.173137" lon="147.964014"><ele>458.3</ele></trkpt>
    <trkpt lat="-43.173130" lon="147.964037"><ele>458.6</ele></trkpt>
    <trkpt lat="-43.173126" lon="147.964046"><ele>458.8</ele></trkpt>
    <trkpt lat="-43.173088" lon="147.964062"><ele>459.7</ele></trkpt>
    <trkpt lat="-43.173034" lon="147.964082"><ele>460.9</ele></trkpt>
    <trkpt lat="-43.173002" lon="147.964093"><ele>461.6</ele></trkpt>
    <trkpt lat="-43.172992" lon="147.964100"><ele>461.9</ele></trkpt>
    <trkpt lat="-43.172976" lon="147.964123"><ele>462.4</ele></trkpt>
    <trkpt lat="-43.172965" lon="147.964144"><ele>462.8</ele></trkpt>
    <trkpt lat="-43.172953" lon="147.964155"><ele>463.1</ele></trkpt>
    <trkpt lat="-43.172926" lon="147.964172"><ele>463.7</ele></trkpt>
    <trkpt lat="-43.172911" lon="147.964187"><ele>464.1</ele></trkpt>
    <trkpt lat="-43.172895" lon="147.964193"><ele>464.5</ele></trkpt>
    <trkpt lat="-43.172879" lon="147.964211"><ele>464.9</ele></trkpt>
    <trkpt lat="-43.172852" lon="147.964252"><ele>465.8</ele></trkpt>
    <trkpt lat="-43.172838" lon="147.964272"><ele>466.3</ele></trkpt>
    <trkpt lat="-43.172806" lon="147.964298"><ele>467.1</ele></trkpt>
    <trkpt lat="-43.172785" lon="147.964316"><ele>467.6</ele></trkpt>
    <trkpt lat="-43.172773" lon="147.964333"><ele>468.0</ele></trkpt>
    <trkpt lat="-43.172760" lon="147.964369"><ele>468.7</ele></trkpt>
    <trkpt lat="-43.172743" lon="147.964410"><ele>469.4</ele></trkpt>
    <trkpt lat="-43.172730" lon="147.964450"><ele>470.1</ele></trkpt>
    <trkpt lat="-43.172715" lon="147.964460"><ele>470.5</ele></trkpt>
    <trkpt lat="-43.172698" lon="147.964478"><ele>470.9</ele></trkpt>
    <trkpt lat="-43.172688" lon="147.964492"><ele>471.3</ele></trkpt>
    <trkpt lat="-43.172680" lon="147.964519"><ele>471.7</ele></trkpt>
    <trkpt lat="-43.172677" lon="147.964558"><ele>472.3</ele></trkpt>
    <trkpt lat="-43.172673" lon="147.964583"><ele>472.7</ele></trkpt>
    <trkpt lat="-43.172648" lon="147.964615"><ele>473.5</ele></trkpt>
    <trkpt lat="-43.172617" lon="147.964665"><ele>474.5</ele></trkpt>
    <trkpt lat="-43.172593" lon="147.964703"><ele>475.3</ele></trkpt>
    <trkpt lat="-43.172580" lon="147.964735"><ele>475.9</ele></trkpt>
    <trkpt lat="-43.172566" lon="147.964760"><ele>476.3</ele></trkpt>
    <trkpt lat="-43.172557" lon="147.964790"><ele>476.7</ele></trkpt>
    <trkpt lat="-43.172545" lon="147.964811"><ele>477.0</ele></trkpt>
    <trkpt lat="-43.172525" lon="147.964827"><ele>477.4</ele></trkpt>
    <trkpt lat="-43.172508" lon="147.964838"><ele>477.8</ele></trkpt>
    <trkpt lat="-43.172491" lon="147.964834"><ele>478.1</ele></trkpt>
    <trkpt lat="-43.172432" lon="147.964804"><ele>479.1</ele></trkpt>
    <trkpt lat="-43.172407" lon="147.964804"><ele>479.6</ele></trkpt>
    <trkpt lat="-43.172373" lon="147.964800"><ele>480.2</ele></trkpt>
    <trkpt lat="-43.172362" lon="147.964800"><ele>480.4</ele></trkpt>
    <trkpt lat="-43.172315" lon="147.964784"><ele>480.9</ele></trkpt>
    <trkpt lat="-43.172264" lon="147.964764"><ele>481.4</ele></trkpt>
    <trkpt lat="-43.172236" lon="147.964749"><ele>481.6</ele></trkpt>
    <trkpt lat="-43.172222" lon="147.964743"><ele>481.8</ele></trkpt>
    <trkpt lat="-43.172213" lon="147.964743"><ele>481.9</ele></trkpt>
    <trkpt lat="-43.172202" lon="147.964741"><ele>482.0</ele></trkpt>
    <trkpt lat="-43.172180" lon="147.964748"><ele>482.2</ele></trkpt>
    <trkpt lat="-43.172160" lon="147.964759"><ele>482.3</ele></trkpt>
    <trkpt lat="-43.172119" lon="147.964767"><ele>482.7</ele></trkpt>
    <trkpt lat="-43.172105" lon="147.964772"><ele>482.8</ele></trkpt>
    <trkpt lat="-43.172071" lon="147.964822"><ele>483.1</ele></trkpt>
    <trkpt lat="-43.172036" lon="147.964865"><ele>483.2</ele></trkpt>
    <trkpt lat="-43.172022" lon="147.964880"><ele>483.3</ele></trkpt>
    <trkpt lat="-43.172014" lon="147.964898"><ele>483.3</ele></trkpt>
    <trkpt lat="-43.172013" lon="147.964914"><ele>483.4</ele></trkpt>
    <trkpt lat="-43.172006" lon="147.964952"><ele>483.5</ele></trkpt>
    <trkpt lat="-43.172011" lon="147.964976"><ele>483.5</ele></trkpt>
    <trkpt lat="-43.172020" lon="147.965053"><ele>483.7</ele></trkpt>
    <trkpt lat="-43.172042" lon="147.965143"><ele>483.8</ele></trkpt>
    <trkpt lat="-43.172044" lon="147.965215"><ele>483.9</ele></trkpt>
    <trkpt lat="-43.172054" lon="147.965327"><ele>483.9</ele></trkpt>
    <trkpt lat="-43.172053" lon="147.965460"><ele>484.0</ele></trkpt>
    <trkpt lat="-43.172023" lon="147.965592"><ele>483.7</ele></trkpt>
    <trkpt lat="-43.172032" lon="147.965711"><ele>483.5</ele></trkpt>
    <trkpt lat="-43.172031" lon="147.965840"><ele>483.2</ele></trkpt>
    <trkpt lat="-43.172036" lon="147.965937"><ele>483.2</ele></trkpt>
    <trkpt lat="-43.172048" lon="147.966074"><ele>483.1</ele></trkpt>
    <trkpt lat="-43.172054" lon="147.966225"><ele>483.1</ele></trkpt>
    <trkpt lat="-43.172066" lon="147.966347"><ele>483.5</ele></trkpt>
    <trkpt lat="-43.172066" lon="147.966405"><ele>483.6</ele></trkpt>
    <trkpt lat="-43.172015" lon="147.966577"><ele>484.2</ele></trkpt>
    <trkpt lat="-43.171995" lon="147.966716"><ele>484.7</ele></trkpt>
    <trkpt lat="-43.171970" lon="147.966820"><ele>485.1</ele></trkpt>
    <trkpt lat="-43.171938" lon="147.966927"><ele>485.5</ele></trkpt>
    <trkpt lat="-43.171898" lon="147.967031"><ele>486.0</ele></trkpt>
    <trkpt lat="-43.171847" lon="147.967156"><ele>486.6</ele></trkpt>
    <trkpt lat="-43.171830" lon="147.967228"><ele>486.9</ele></trkpt>
    <trkpt lat="-43.171822" lon="147.967285"><ele>487.2</ele></trkpt>
    <trkpt lat="-43.171834" lon="147.967368"><ele>487.6</ele></trkpt>
    <trkpt lat="-43.171849" lon="147.967465"><ele>488.2</ele></trkpt>
    <trkpt lat="-43.171841" lon="147.967512"><ele>488.4</ele></trkpt>
    <trkpt lat="-43.171791" lon="147.967567"><ele>488.9</ele></trkpt>
    <trkpt lat="-43.171630" lon="147.967626"><ele>490.0</ele></trkpt>
    <trkpt lat="-43.171500" lon="147.967782"><ele>491.0</ele></trkpt>
    <trkpt lat="-43.171351" lon="147.967885"><ele>491.8</ele></trkpt>
    <trkpt lat="-43.171184" lon="147.967927"><ele>492.4</ele></trkpt>
    <trkpt lat="-43.171099" lon="147.968004"><ele>492.8</ele></trkpt>
    <trkpt lat="-43.170918" lon="147.968124"><ele>492.7</ele></trkpt>
    <trkpt lat="-43.170783" lon="147.968131"><ele>492.4</ele></trkpt>
    <trkpt lat="-43.170668" lon="147.968059"><ele>491.9</ele></trkpt>
    <trkpt lat="-43.170553" lon="147.967987"><ele>491.3</ele></trkpt>
    <trkpt lat="-43.170359" lon="147.968063"><ele>489.7</ele></trkpt>
    <trkpt lat="-43.170307" lon="147.968132"><ele>489.1</ele></trkpt>
    <trkpt lat="-43.170185" lon="147.968166"><ele>487.7</ele></trkpt>
    <trkpt lat="-43.170094" lon="147.968252"><ele>486.5</ele></trkpt>
    <trkpt lat="-43.170030" lon="147.968251"><ele>485.8</ele></trkpt>
    <trkpt lat="-43.169829" lon="147.968450"><ele>483.0</ele></trkpt>
    <trkpt lat="-43.169751" lon="147.968501"><ele>482.2</ele></trkpt>
    <trkpt lat="-43.169661" lon="147.968500"><ele>481.3</ele></trkpt>
    <trkpt lat="-43.169525" lon="147.968586"><ele>480.0</ele></trkpt>
    <trkpt lat="-43.169352" lon="147.968609"><ele>478.5</ele></trkpt>
    <trkpt lat="-43.169300" lon="147.968582"><ele>478.0</ele></trkpt>
    <trkpt lat="-43.169120" lon="147.968650"><ele>475.9</ele></trkpt>
    <trkpt lat="-43.168893" lon="147.968804"><ele>473.2</ele></trkpt>
    <trkpt lat="-43.168796" lon="147.968926"><ele>471.9</ele></trkpt>
    <trkpt lat="-43.168692" lon="147.968994"><ele>470.7</ele></trkpt>
    <trkpt lat="-43.168615" lon="147.969028"><ele>469.9</ele></trkpt>
    <trkpt lat="-43.168550" lon="147.969080"><ele>468.9</ele></trkpt>
    <trkpt lat="-43.168467" lon="147.969052"><ele>467.6</ele></trkpt>
    <trkpt lat="-43.168383" lon="147.969068"><ele>466.4</ele></trkpt>
    <trkpt lat="-43.168254" lon="147.969181"><ele>463.9</ele></trkpt>
    <trkpt lat="-43.168201" lon="147.969294"><ele>462.2</ele></trkpt>
    <trkpt lat="-43.168200" lon="147.969443"><ele>460.4</ele></trkpt>
    <trkpt lat="-43.168160" lon="147.969557"><ele>459.1</ele></trkpt>
    <trkpt lat="-43.168147" lon="147.969636"><ele>458.2</ele></trkpt>
    <trkpt lat="-43.168056" lon="147.969722"><ele>456.6</ele></trkpt>
    <trkpt lat="-43.168016" lon="147.969782"><ele>455.7</ele></trkpt>
    <trkpt lat="-43.167907" lon="147.969887"><ele>453.7</ele></trkpt>
    <trkpt lat="-43.167835" lon="147.970035"><ele>451.7</ele></trkpt>
    <trkpt lat="-43.167788" lon="147.970219"><ele>449.5</ele></trkpt>
    <trkpt lat="-43.167612" lon="147.970471"><ele>446.6</ele></trkpt>
    <trkpt lat="-43.167424" lon="147.970705"><ele>443.8</ele></trkpt>
    <trkpt lat="-43.167275" lon="147.970869"><ele>441.6</ele></trkpt>
    <trkpt lat="-43.167191" lon="147.970894"><ele>440.6</ele></trkpt>
    <trkpt lat="-43.167074" lon="147.971007"><ele>438.8</ele></trkpt>
    <trkpt lat="-43.166908" lon="147.971115"><ele>436.3</ele></trkpt>
    <trkpt lat="-43.166887" lon="147.971156"><ele>435.7</ele></trkpt>
    <trkpt lat="-43.166870" lon="147.971200"><ele>435.1</ele></trkpt>
    <trkpt lat="-43.166858" lon="147.971250"><ele>434.4</ele></trkpt>
    <trkpt lat="-43.166849" lon="147.971273"><ele>434.0</ele></trkpt>
    <trkpt lat="-43.166842" lon="147.971286"><ele>433.8</ele></trkpt>
    <trkpt lat="-43.166824" lon="147.971317"><ele>433.3</ele></trkpt>
    <trkpt lat="-43.166741" lon="147.971340"><ele>431.8</ele></trkpt>
    <trkpt lat="-43.166685" lon="147.971359"><ele>430.8</ele></trkpt>
    <trkpt lat="-43.166662" lon="147.971369"><ele>430.3</ele></trkpt>
    <trkpt lat="-43.166652" lon="147.971371"><ele>430.1</ele></trkpt>
    <trkpt lat="-43.166636" lon="147.971403"><ele>429.6</ele></trkpt>
    <trkpt lat="-43.166619" lon="147.971480"><ele>428.4</ele></trkpt>
    <trkpt lat="-43.166597" lon="147.971575"><ele>427.1</ele></trkpt>
    <trkpt lat="-43.166579" lon="147.971681"><ele>425.8</ele></trkpt>
    <trkpt lat="-43.166538" lon="147.971769"><ele>424.8</ele></trkpt>
    <trkpt lat="-43.166507" lon="147.971804"><ele>424.3</ele></trkpt>
    <trkpt lat="-43.166400" lon="147.971837"><ele>422.9</ele></trkpt>
    <trkpt lat="-43.166341" lon="147.971847"><ele>422.4</ele></trkpt>
    <trkpt lat="-43.166272" lon="147.971912"><ele>421.7</ele></trkpt>
    <trkpt lat="-43.166239" lon="147.971950"><ele>421.3</ele></trkpt>
    <trkpt lat="-43.166157" lon="147.971983"><ele>420.6</ele></trkpt>
    <trkpt lat="-43.166093" lon="147.972035"><ele>420.3</ele></trkpt>
    <trkpt lat="-43.166045" lon="147.972093"><ele>420.1</ele></trkpt>
    <trkpt lat="-43.166016" lon="147.972139"><ele>419.9</ele></trkpt>
    <trkpt lat="-43.166004" lon="147.972154"><ele>419.8</ele></trkpt>
    <trkpt lat="-43.165989" lon="147.972162"><ele>419.8</ele></trkpt>
    <trkpt lat="-43.165972" lon="147.972161"><ele>419.7</ele></trkpt>
    <trkpt lat="-43.165850" lon="147.972133"><ele>419.9</ele></trkpt>
    <trkpt lat="-43.165779" lon="147.972108"><ele>420.2</ele></trkpt>
    <trkpt lat="-43.165708" lon="147.972082"><ele>420.4</ele></trkpt>
    <trkpt lat="-43.165673" lon="147.972061"><ele>420.6</ele></trkpt>
    <trkpt lat="-43.165635" lon="147.972037"><ele>420.9</ele></trkpt>
    <trkpt lat="-43.165599" lon="147.972036"><ele>421.2</ele></trkpt>
    <trkpt lat="-43.165558" lon="147.972041"><ele>421.5</ele></trkpt>
    <trkpt lat="-43.165550" lon="147.972057"><ele>421.6</ele></trkpt>
    <trkpt lat="-43.165546" lon="147.972078"><ele>421.7</ele></trkpt>
    <trkpt lat="-43.165538" lon="147.972131"><ele>422.0</ele></trkpt>
    <trkpt lat="-43.165541" lon="147.972198"><ele>422.4</ele></trkpt>
    <trkpt lat="-43.165547" lon="147.972248"><ele>422.6</ele></trkpt>
    <trkpt lat="-43.165538" lon="147.972278"><ele>422.8</ele></trkpt>
    <trkpt lat="-43.165459" lon="147.972380"><ele>423.4</ele></trkpt>
    <trkpt lat="-43.165394" lon="147.972435"><ele>423.8</ele></trkpt>
    <trkpt lat="-43.165360" lon="147.972452"><ele>424.0</ele></trkpt>
    <trkpt lat="-43.165311" lon="147.972472"><ele>424.2</ele></trkpt>
    <trkpt lat="-43.165263" lon="147.972514"><ele>424.4</ele></trkpt>
    <trkpt lat="-43.165193" lon="147.972582"><ele>424.7</ele></trkpt>
    <trkpt lat="-43.165155" lon="147.972594"><ele>424.9</ele></trkpt>
    <trkpt lat="-43.165088" lon="147.972582"><ele>425.1</ele></trkpt>
    <trkpt lat="-43.165031" lon="147.972559"><ele>425.1</ele></trkpt>
    <trkpt lat="-43.164996" lon="147.972552"><ele>425.1</ele></trkpt>
    <trkpt lat="-43.164964" lon="147.972557"><ele>425.2</ele></trkpt>
    <trkpt lat="-43.164874" lon="147.972621"><ele>425.2</ele></trkpt>
    <trkpt lat="-43.164791" lon="147.972656"><ele>425.0</ele></trkpt>
    <trkpt lat="-43.164721" lon="147.972672"><ele>424.7</ele></trkpt>
    <trkpt lat="-43.164649" lon="147.972684"><ele>424.3</ele></trkpt>
    <trkpt lat="-43.164304" lon="147.972719"><ele>422.0</ele></trkpt>
    <trkpt lat="-43.164103" lon="147.972732"><ele>420.6</ele></trkpt>
    <trkpt lat="-43.163938" lon="147.972773"><ele>419.2</ele></trkpt>
    <trkpt lat="-43.163857" lon="147.972865"><ele>418.3</ele></trkpt>
    <trkpt lat="-43.163755" lon="147.973104"><ele>416.4</ele></trkpt>
    <trkpt lat="-43.163645" lon="147.973316"><ele>414.7</ele></trkpt>
    <trkpt lat="-43.163588" lon="147.973408"><ele>414.0</ele></trkpt>
    <trkpt lat="-43.163532" lon="147.973440"><ele>413.5</ele></trkpt>
    <trkpt lat="-43.163460" lon="147.973439"><ele>412.9</ele></trkpt>
    <trkpt lat="-43.163371" lon="147.973482"><ele>412.4</ele></trkpt>
    <trkpt lat="-43.163307" lon="147.973481"><ele>412.0</ele></trkpt>
    <trkpt lat="-43.163210" lon="147.973490"><ele>411.5</ele></trkpt>
    <trkpt lat="-43.163150" lon="147.973566"><ele>410.7</ele></trkpt>
    <trkpt lat="-43.163048" lon="147.973767"><ele>409.1</ele></trkpt>
    <trkpt lat="-43.162927" lon="147.973863"><ele>408.1</ele></trkpt>
    <trkpt lat="-43.162842" lon="147.973900"><ele>407.4</ele></trkpt>
    <trkpt lat="-43.162721" lon="147.974035"><ele>406.7</ele></trkpt>
    <trkpt lat="-43.162675" lon="147.974237"><ele>406.0</ele></trkpt>
    <trkpt lat="-43.162675" lon="147.974281"><ele>406.0</ele></trkpt>
    <trkpt lat="-43.162590" lon="147.974367"><ele>406.2</ele></trkpt>
    <trkpt lat="-43.162569" lon="147.974449"><ele>406.2</ele></trkpt>
    <trkpt lat="-43.162448" lon="147.974568"><ele>406.3</ele></trkpt>
    <trkpt lat="-43.162387" lon="147.974660"><ele>406.1</ele></trkpt>
    <trkpt lat="-43.162350" lon="147.974752"><ele>406.1</ele></trkpt>
    <trkpt lat="-43.162260" lon="147.974883"><ele>405.9</ele></trkpt>
    <trkpt lat="-43.162216" lon="147.974931"><ele>405.9</ele></trkpt>
    <trkpt lat="-43.162155" lon="147.975023"><ele>405.8</ele></trkpt>
    <trkpt lat="-43.162090" lon="147.975104"><ele>405.9</ele></trkpt>
    <trkpt lat="-43.162029" lon="147.975235"><ele>406.0</ele></trkpt>
    <trkpt lat="-43.161967" lon="147.975426"><ele>406.0</ele></trkpt>
    <trkpt lat="-43.161838" lon="147.975571"><ele>405.9</ele></trkpt>
    <trkpt lat="-43.161745" lon="147.975597"><ele>405.7</ele></trkpt>
    <trkpt lat="-43.161624" lon="147.975683"><ele>405.4</ele></trkpt>
    <trkpt lat="-43.161463" lon="147.975812"><ele>405.3</ele></trkpt>
    <trkpt lat="-43.161422" lon="147.975926"><ele>405.5</ele></trkpt>
    <trkpt lat="-43.161405" lon="147.975981"><ele>405.5</ele></trkpt>
    <trkpt lat="-43.161264" lon="147.976121"><ele>406.1</ele></trkpt>
    <trkpt lat="-43.161187" lon="147.976218"><ele>406.5</ele></trkpt>
    <trkpt lat="-43.161037" lon="147.976320"><ele>406.3</ele></trkpt>
    <trkpt lat="-43.160852" lon="147.976415"><ele>405.7</ele></trkpt>
    <trkpt lat="-43.160772" lon="147.976431"><ele>405.4</ele></trkpt>
    <trkpt lat="-43.160579" lon="147.976449"><ele>404.1</ele></trkpt>
    <trkpt lat="-43.160539" lon="147.976454"><ele>403.8</ele></trkpt>
    <trkpt lat="-43.160494" lon="147.976580"><ele>402.9</ele></trkpt>
    <trkpt lat="-43.160481" lon="147.976662"><ele>402.2</ele></trkpt>
    <trkpt lat="-43.160396" lon="147.976748"><ele>400.5</ele></trkpt>
    <trkpt lat="-43.160352" lon="147.976824"><ele>399.4</ele></trkpt>
    <trkpt lat="-43.160351" lon="147.976900"><ele>398.5</ele></trkpt>
    <trkpt lat="-43.160334" lon="147.976949"><ele>397.7</ele></trkpt>
    <trkpt lat="-43.160286" lon="147.977042"><ele>395.7</ele></trkpt>
    <trkpt lat="-43.160233" lon="147.977134"><ele>393.6</ele></trkpt>
    <trkpt lat="-43.160188" lon="147.977226"><ele>391.7</ele></trkpt>
    <trkpt lat="-43.160151" lon="147.977357"><ele>388.8</ele></trkpt>
    <trkpt lat="-43.160117" lon="147.977494"><ele>385.8</ele></trkpt>
    <trkpt lat="-43.160040" lon="147.977586"><ele>382.7</ele></trkpt>
    <trkpt lat="-43.159995" lon="147.977727"><ele>378.9</ele></trkpt>
    <trkpt lat="-43.159978" lon="147.977886"><ele>375.0</ele></trkpt>
    <trkpt lat="-43.159937" lon="147.977940"><ele>373.6</ele></trkpt>
    <trkpt lat="-43.159896" lon="147.978038"><ele>371.8</ele></trkpt>
    <trkpt lat="-43.159891" lon="147.978153"><ele>369.9</ele></trkpt>
    <trkpt lat="-43.159898" lon="147.978257"><ele>368.4</ele></trkpt>
    <trkpt lat="-43.159898" lon="147.978268"><ele>368.3</ele></trkpt>
    <trkpt lat="-43.159869" lon="147.978410"><ele>366.9</ele></trkpt>
    <trkpt lat="-43.159844" lon="147.978497"><ele>366.1</ele></trkpt>
    <trkpt lat="-43.159832" lon="147.978541"><ele>365.6</ele></trkpt>
    <trkpt lat="-43.159831" lon="147.978584"><ele>365.2</ele></trkpt>
    <trkpt lat="-43.159771" lon="147.978611"><ele>364.7</ele></trkpt>
    <trkpt lat="-43.159711" lon="147.978643"><ele>364.2</ele></trkpt>
    <trkpt lat="-43.159651" lon="147.978603"><ele>363.7</ele></trkpt>
    <trkpt lat="-43.159599" lon="147.978537"><ele>363.1</ele></trkpt>
    <trkpt lat="-43.159572" lon="147.978471"><ele>362.9</ele></trkpt>
    <trkpt lat="-43.159552" lon="147.978454"><ele>362.8</ele></trkpt>
    <trkpt lat="-43.159504" lon="147.978453"><ele>362.7</ele></trkpt>
    <trkpt lat="-43.159456" lon="147.978469"><ele>362.5</ele></trkpt>
    <trkpt lat="-43.159367" lon="147.978456"><ele>362.2</ele></trkpt>
    <trkpt lat="-43.159267" lon="147.978488"><ele>362.9</ele></trkpt>
    <trkpt lat="-43.159139" lon="147.978486"><ele>363.8</ele></trkpt>
    <trkpt lat="-43.158991" lon="147.978445"><ele>363.8</ele></trkpt>
    <trkpt lat="-43.158830" lon="147.978453"><ele>363.2</ele></trkpt>
    <trkpt lat="-43.158722" lon="147.978430"><ele>362.1</ele></trkpt>
    <trkpt lat="-43.158638" lon="147.978385"><ele>361.2</ele></trkpt>
    <trkpt lat="-43.158551" lon="147.978323"><ele>360.1</ele></trkpt>
    <trkpt lat="-43.158495" lon="147.978322"><ele>359.4</ele></trkpt>
    <trkpt lat="-43.158406" lon="147.978354"><ele>358.2</ele></trkpt>
    <trkpt lat="-43.158282" lon="147.978357"><ele>356.6</ele></trkpt>
    <trkpt lat="-43.158126" lon="147.978338"><ele>354.3</ele></trkpt>
    <trkpt lat="-43.158061" lon="147.978337"><ele>353.4</ele></trkpt>
    <trkpt lat="-43.157973" lon="147.978352"><ele>351.8</ele></trkpt>
    <trkpt lat="-43.157921" lon="147.978384"><ele>350.7</ele></trkpt>
    <trkpt lat="-43.157772" lon="147.978437"><ele>347.8</ele></trkpt>
    <trkpt lat="-43.157684" lon="147.978446"><ele>345.9</ele></trkpt>
    <trkpt lat="-43.157636" lon="147.978407"><ele>344.7</ele></trkpt>
    <trkpt lat="-43.157604" lon="147.978406"><ele>344.0</ele></trkpt>
    <trkpt lat="-43.157423" lon="147.978508"><ele>339.2</ele></trkpt>
    <trkpt lat="-43.157254" lon="147.978543"><ele>334.8</ele></trkpt>
    <trkpt lat="-43.157181" lon="147.978597"><ele>332.9</ele></trkpt>
    <trkpt lat="-43.157141" lon="147.978624"><ele>331.8</ele></trkpt>
    <trkpt lat="-43.157112" lon="147.978760"><ele>329.4</ele></trkpt>
    <trkpt lat="-43.157063" lon="147.978836"><ele>327.9</ele></trkpt>
    <trkpt lat="-43.157046" lon="147.978984"><ele>326.0</ele></trkpt>
    <trkpt lat="-43.157021" lon="147.979032"><ele>325.2</ele></trkpt>
    <trkpt lat="-43.156888" lon="147.979156"><ele>321.7</ele></trkpt>
    <trkpt lat="-43.156851" lon="147.979238"><ele>320.0</ele></trkpt>
    <trkpt lat="-43.156817" lon="147.979402"><ele>316.8</ele></trkpt>
    <trkpt lat="-43.156785" lon="147.979478"><ele>314.6</ele></trkpt>
    <trkpt lat="-43.156760" lon="147.979543"><ele>312.7</ele></trkpt>
    <trkpt lat="-43.156659" lon="147.979684"><ele>307.8</ele></trkpt>
    <trkpt lat="-43.156646" lon="147.979760"><ele>306.3</ele></trkpt>
    <trkpt lat="-43.156621" lon="147.979831"><ele>304.8</ele></trkpt>
    <trkpt lat="-43.156593" lon="147.979902"><ele>303.2</ele></trkpt>
    <trkpt lat="-43.156592" lon="147.979967"><ele>302.0</ele></trkpt>
    <trkpt lat="-43.156600" lon="147.980034"><ele>300.7</ele></trkpt>
    <trkpt lat="-43.156600" lon="147.980044"><ele>300.5</ele></trkpt>
    <trkpt lat="-43.156615" lon="147.980149"><ele>298.3</ele></trkpt>
    <trkpt lat="-43.156638" lon="147.980209"><ele>297.0</ele></trkpt>
    <trkpt lat="-43.156618" lon="147.980269"><ele>295.6</ele></trkpt>
    <trkpt lat="-43.156593" lon="147.980351"><ele>293.8</ele></trkpt>
    <trkpt lat="-43.156564" lon="147.980427"><ele>291.9</ele></trkpt>
    <trkpt lat="-43.156528" lon="147.980470"><ele>290.4</ele></trkpt>
    <trkpt lat="-43.156500" lon="147.980481"><ele>289.5</ele></trkpt>
    <trkpt lat="-43.156452" lon="147.980420"><ele>287.4</ele></trkpt>
    <trkpt lat="-43.156396" lon="147.980375"><ele>285.3</ele></trkpt>
    <trkpt lat="-43.156324" lon="147.980401"><ele>283.3</ele></trkpt>
    <trkpt lat="-43.156296" lon="147.980428"><ele>282.4</ele></trkpt>
    <trkpt lat="-43.156227" lon="147.980427"><ele>280.6</ele></trkpt>
    <trkpt lat="-43.156159" lon="147.980426"><ele>278.8</ele></trkpt>
    <trkpt lat="-43.156075" lon="147.980452"><ele>277.1</ele></trkpt>
    <trkpt lat="-43.156019" lon="147.980451"><ele>276.2</ele></trkpt>
    <trkpt lat="-43.155995" lon="147.980429"><ele>275.7</ele></trkpt>
    <trkpt lat="-43.155898" lon="147.980455"><ele>274.2</ele></trkpt>
    <trkpt lat="-43.155842" lon="147.980487"><ele>273.0</ele></trkpt>
    <trkpt lat="-43.155769" lon="147.980524"><ele>270.7</ele></trkpt>
    <trkpt lat="-43.155705" lon="147.980545"><ele>268.8</ele></trkpt>
    <trkpt lat="-43.155613" lon="147.980527"><ele>266.1</ele></trkpt>
    <trkpt lat="-43.155553" lon="147.980509"><ele>264.2</ele></trkpt>
    <trkpt lat="-43.155493" lon="147.980503"><ele>262.2</ele></trkpt>
    <trkpt lat="-43.155445" lon="147.980535"><ele>260.5</ele></trkpt>
    <trkpt lat="-43.155397" lon="147.980534"><ele>259.0</ele></trkpt>
    <trkpt lat="-43.155360" lon="147.980539"><ele>257.7</ele></trkpt>
    <trkpt lat="-43.155316" lon="147.980582"><ele>255.9</ele></trkpt>
    <trkpt lat="-43.155283" lon="147.980642"><ele>254.0</ele></trkpt>
    <trkpt lat="-43.155223" lon="147.980674"><ele>251.7</ele></trkpt>
    <trkpt lat="-43.155179" lon="147.980684"><ele>250.2</ele></trkpt>
    <trkpt lat="-43.155142" lon="147.980744"><ele>248.2</ele></trkpt>
    <trkpt lat="-43.155130" lon="147.980776"><ele>247.2</ele></trkpt>
    <trkpt lat="-43.155046" lon="147.980796"><ele>244.2</ele></trkpt>
    <trkpt lat="-43.154913" lon="147.980828"><ele>239.3</ele></trkpt>
    <trkpt lat="-43.154832" lon="147.980859"><ele>236.4</ele></trkpt>
    <trkpt lat="-43.154735" lon="147.981006"><ele>231.6</ele></trkpt>
    <trkpt lat="-43.154654" lon="147.981147"><ele>227.6</ele></trkpt>
    <trkpt lat="-43.154561" lon="147.981249"><ele>224.6</ele></trkpt>
    <trkpt lat="-43.154508" lon="147.981314"><ele>222.8</ele></trkpt>
    <trkpt lat="-43.154427" lon="147.981433"><ele>220.1</ele></trkpt>
    <trkpt lat="-43.154397" lon="147.981581"><ele>217.7</ele></trkpt>
    <trkpt lat="-43.154380" lon="147.981646"><ele>216.6</ele></trkpt>
    <trkpt lat="-43.154348" lon="147.981744"><ele>215.1</ele></trkpt>
    <trkpt lat="-43.154323" lon="147.981804"><ele>214.3</ele></trkpt>
    <trkpt lat="-43.154315" lon="147.981837"><ele>213.8</ele></trkpt>
    <trkpt lat="-43.154314" lon="147.981913"><ele>212.9</ele></trkpt>
    <trkpt lat="-43.154292" lon="147.982154"><ele>210.6</ele></trkpt>
    <trkpt lat="-43.154279" lon="147.982285"><ele>209.7</ele></trkpt>
    <trkpt lat="-43.154258" lon="147.982373"><ele>209.1</ele></trkpt>
    <trkpt lat="-43.154234" lon="147.982416"><ele>208.9</ele></trkpt>
    <trkpt lat="-43.154173" lon="147.982541"><ele>208.8</ele></trkpt>
    <trkpt lat="-43.154104" lon="147.982595"><ele>208.7</ele></trkpt>
    <trkpt lat="-43.154067" lon="147.982638"><ele>208.6</ele></trkpt>
    <trkpt lat="-43.154039" lon="147.982692"><ele>208.8</ele></trkpt>
    <trkpt lat="-43.153966" lon="147.982735"><ele>209.1</ele></trkpt>
    <trkpt lat="-43.153926" lon="147.982723"><ele>209.2</ele></trkpt>
    <trkpt lat="-43.153894" lon="147.982712"><ele>209.4</ele></trkpt>
    <trkpt lat="-43.153847" lon="147.982662"><ele>209.6</ele></trkpt>
    <trkpt lat="-43.153811" lon="147.982617"><ele>210.1</ele></trkpt>
    <trkpt lat="-43.153775" lon="147.982562"><ele>210.9</ele></trkpt>
    <trkpt lat="-43.153748" lon="147.982523"><ele>211.4</ele></trkpt>
    <trkpt lat="-43.153636" lon="147.982478"><ele>213.0</ele></trkpt>
    <trkpt lat="-43.153560" lon="147.982460"><ele>214.4</ele></trkpt>
    <trkpt lat="-43.153476" lon="147.982459"><ele>216.0</ele></trkpt>
    <trkpt lat="-43.153411" lon="147.982463"><ele>217.2</ele></trkpt>
    <trkpt lat="-43.153351" lon="147.982462"><ele>218.4</ele></trkpt>
    <trkpt lat="-43.153263" lon="147.982428"><ele>219.8</ele></trkpt>
    <trkpt lat="-43.153187" lon="147.982427"><ele>221.0</ele></trkpt>
    <trkpt lat="-43.153127" lon="147.982458"><ele>222.0</ele></trkpt>
    <trkpt lat="-43.153074" lon="147.982496"><ele>222.8</ele></trkpt>
    <trkpt lat="-43.153038" lon="147.982556"><ele>223.4</ele></trkpt>
    <trkpt lat="-43.153018" lon="147.982566"><ele>223.6</ele></trkpt>
    <trkpt lat="-43.152974" lon="147.982571"><ele>224.1</ele></trkpt>
    <trkpt lat="-43.152949" lon="147.982658"><ele>224.7</ele></trkpt>
    <trkpt lat="-43.152912" lon="147.982794"><ele>225.7</ele></trkpt>
    <trkpt lat="-43.152911" lon="147.982888"><ele>226.3</ele></trkpt>
    <trkpt lat="-43.152902" lon="147.982986"><ele>226.9</ele></trkpt>
    <trkpt lat="-43.152937" lon="147.983036"><ele>227.3</ele></trkpt>
    <trkpt lat="-43.152928" lon="147.983222"><ele>228.1</ele></trkpt>
    <trkpt lat="-43.152931" lon="147.983337"><ele>228.4</ele></trkpt>
    <trkpt lat="-43.152930" lon="147.983430"><ele>228.7</ele></trkpt>
    <trkpt lat="-43.152937" lon="147.983545"><ele>229.3</ele></trkpt>
    <trkpt lat="-43.152920" lon="147.983627"><ele>229.8</ele></trkpt>
    <trkpt lat="-43.152891" lon="147.983747"><ele>230.5</ele></trkpt>
    <trkpt lat="-43.152890" lon="147.983884"><ele>231.4</ele></trkpt>
    <trkpt lat="-43.152886" lon="147.983939"><ele>231.8</ele></trkpt>
    <trkpt lat="-43.152881" lon="147.983977"><ele>232.1</ele></trkpt>
    <trkpt lat="-43.152828" lon="147.984080"><ele>233.2</ele></trkpt>
    <trkpt lat="-43.152736" lon="147.984133"><ele>234.2</ele></trkpt>
    <trkpt lat="-43.152619" lon="147.984203"><ele>235.4</ele></trkpt>
    <trkpt lat="-43.152586" lon="147.984257"><ele>235.9</ele></trkpt>
    <trkpt lat="-43.152550" lon="147.984289"><ele>236.3</ele></trkpt>
    <trkpt lat="-43.152505" lon="147.984338"><ele>236.4</ele></trkpt>
    <trkpt lat="-43.152477" lon="147.984365"><ele>236.4</ele></trkpt>
    <trkpt lat="-43.152449" lon="147.984413"><ele>236.4</ele></trkpt>
    <trkpt lat="-43.152440" lon="147.984468"><ele>236.5</ele></trkpt>
    <trkpt lat="-43.152410" lon="147.984665"><ele>235.3</ele></trkpt>
    <trkpt lat="-43.152425" lon="147.984785"><ele>232.9</ele></trkpt>
    <trkpt lat="-43.152400" lon="147.984938"><ele>229.8</ele></trkpt>
    <trkpt lat="-43.152439" lon="147.985092"><ele>226.5</ele></trkpt>
    <trkpt lat="-43.152477" lon="147.985246"><ele>223.2</ele></trkpt>
    <trkpt lat="-43.152532" lon="147.985379"><ele>220.7</ele></trkpt>
    <trkpt lat="-43.152539" lon="147.985532"><ele>218.8</ele></trkpt>
    <trkpt lat="-43.152514" lon="147.985685"><ele>216.8</ele></trkpt>
    <trkpt lat="-43.152432" lon="147.985859"><ele>215.1</ele></trkpt>
    <trkpt lat="-43.152351" lon="147.986000"><ele>213.9</ele></trkpt>
    <trkpt lat="-43.152310" lon="147.986109"><ele>213.5</ele></trkpt>
    <trkpt lat="-43.152300" lon="147.986349"><ele>213.2</ele></trkpt>
    <trkpt lat="-43.152266" lon="147.986524"><ele>215.4</ele></trkpt>
    <trkpt lat="-43.152265" lon="147.986645"><ele>216.8</ele></trkpt>
    <trkpt lat="-43.152231" lon="147.986896"><ele>218.3</ele></trkpt>
    <trkpt lat="-43.152301" lon="147.987138"><ele>218.5</ele></trkpt>
    <trkpt lat="-43.152308" lon="147.987281"><ele>217.8</ele></trkpt>
    <trkpt lat="-43.152417" lon="147.987567"><ele>214.9</ele></trkpt>
    <trkpt lat="-43.152448" lon="147.987776"><ele>211.8</ele></trkpt>
    <trkpt lat="-43.152445" lon="147.988038"><ele>205.2</ele></trkpt>
    <trkpt lat="-43.152491" lon="147.988302"><ele>198.0</ele></trkpt>
    <trkpt lat="-43.152521" lon="147.988554"><ele>192.1</ele></trkpt>
    <trkpt lat="-43.152583" lon="147.988829"><ele>187.5</ele></trkpt>
    <trkpt lat="-43.152621" lon="147.989071"><ele>185.5</ele></trkpt>
    <trkpt lat="-43.152594" lon="147.989344"><ele>184.2</ele></trkpt>
    <trkpt lat="-43.152521" lon="147.989507"><ele>183.6</ele></trkpt>
    <trkpt lat="-43.152415" lon="147.989670"><ele>185.4</ele></trkpt>
    <trkpt lat="-43.152366" lon="147.989789"><ele>186.7</ele></trkpt>
    <trkpt lat="-43.152147" lon="147.990060"><ele>190.4</ele></trkpt>
    <trkpt lat="-43.152115" lon="147.990136"><ele>189.2</ele></trkpt>
    <trkpt lat="-43.151994" lon="147.990200"><ele>186.7</ele></trkpt>
    <trkpt lat="-43.151937" lon="147.990319"><ele>185.0</ele></trkpt>
    <trkpt lat="-43.151936" lon="147.990352"><ele>184.7</ele></trkpt>
    <trkpt lat="-43.151775" lon="147.990470"><ele>182.7</ele></trkpt>
    <trkpt lat="-43.151733" lon="147.990710"><ele>182.1</ele></trkpt>
    <trkpt lat="-43.151667" lon="147.990851"><ele>181.9</ele></trkpt>
    <trkpt lat="-43.151546" lon="147.990992"><ele>182.5</ele></trkpt>
    <trkpt lat="-43.151489" lon="147.991024"><ele>182.7</ele></trkpt>
    <trkpt lat="-43.151385" lon="147.991099"><ele>183.6</ele></trkpt>
    <trkpt lat="-43.151305" lon="147.991065"><ele>184.6</ele></trkpt>
    <trkpt lat="-43.151233" lon="147.991031"><ele>185.5</ele></trkpt>
    <trkpt lat="-43.151129" lon="147.991029"><ele>187.9</ele></trkpt>
    <trkpt lat="-43.151048" lon="147.991049"><ele>190.6</ele></trkpt>
    <trkpt lat="-43.150943" lon="147.991135"><ele>194.7</ele></trkpt>
    <trkpt lat="-43.150822" lon="147.991223"><ele>196.6</ele></trkpt>
    <trkpt lat="-43.150732" lon="147.991395"><ele>198.4</ele></trkpt>
    <trkpt lat="-43.150707" lon="147.991515"><ele>198.7</ele></trkpt>
    <trkpt lat="-43.150635" lon="147.991590"><ele>198.9</ele></trkpt>
    <trkpt lat="-43.150448" lon="147.991784"><ele>199.7</ele></trkpt>
    <trkpt lat="-43.150328" lon="147.991859"><ele>200.2</ele></trkpt>
    <trkpt lat="-43.150255" lon="147.991946"><ele>200.9</ele></trkpt>
    <trkpt lat="-43.150118" lon="147.991998"><ele>202.0</ele></trkpt>
    <trkpt lat="-43.149900" lon="147.992170"><ele>203.4</ele></trkpt>
    <trkpt lat="-43.149834" lon="147.992333"><ele>204.4</ele></trkpt>
    <trkpt lat="-43.149664" lon="147.992538"><ele>205.9</ele></trkpt>
    <trkpt lat="-43.149486" lon="147.992733"><ele>206.8</ele></trkpt>
    <trkpt lat="-43.149420" lon="147.992896"><ele>206.0</ele></trkpt>
    <trkpt lat="-43.149282" lon="147.993145"><ele>204.7</ele></trkpt>
    <trkpt lat="-43.149281" lon="147.993299"><ele>204.1</ele></trkpt>
    <trkpt lat="-43.149376" lon="147.993454"><ele>202.5</ele></trkpt>
    <trkpt lat="-43.149381" lon="147.993749"><ele>200.6</ele></trkpt>
    <trkpt lat="-43.149283" lon="147.993934"><ele>201.1</ele></trkpt>
    <trkpt lat="-43.149242" lon="147.994065"><ele>201.7</ele></trkpt>
    <trkpt lat="-43.149264" lon="147.994284"><ele>203.3</ele></trkpt>
    <trkpt lat="-43.149151" lon="147.994370"><ele>205.0</ele></trkpt>
    <trkpt lat="-43.149031" lon="147.994346"><ele>207.0</ele></trkpt>
    <trkpt lat="-43.148927" lon="147.994344"><ele>208.5</ele></trkpt>
    <trkpt lat="-43.148815" lon="147.994244"><ele>210.0</ele></trkpt>
    <trkpt lat="-43.148666" lon="147.993946"><ele>213.8</ele></trkpt>
    <trkpt lat="-43.148499" lon="147.993713"><ele>215.7</ele></trkpt>
    <trkpt lat="-43.148188" lon="147.993555"><ele>215.0</ele></trkpt>
    <trkpt lat="-43.147997" lon="147.993366"><ele>214.0</ele></trkpt>
    <trkpt lat="-43.147806" lon="147.993165"><ele>213.1</ele></trkpt>
    <trkpt lat="-43.147726" lon="147.993164"><ele>212.9</ele></trkpt>
    <trkpt lat="-43.147631" lon="147.993031"><ele>212.3</ele></trkpt>
    <trkpt lat="-43.147483" lon="147.992580"><ele>210.0</ele></trkpt>
    <trkpt lat="-43.147339" lon="147.992468"><ele>208.4</ele></trkpt>
    <trkpt lat="-43.147179" lon="147.992432"><ele>206.5</ele></trkpt>
    <trkpt lat="-43.147075" lon="147.992475"><ele>205.0</ele></trkpt>
    <trkpt lat="-43.146898" lon="147.992472"><ele>202.1</ele></trkpt>
    <trkpt lat="-43.146699" lon="147.992337"><ele>198.1</ele></trkpt>
    <trkpt lat="-43.146451" lon="147.992224"><ele>193.6</ele></trkpt>
    <trkpt lat="-43.146259" lon="147.992188"><ele>190.6</ele></trkpt>
    <trkpt lat="-43.146124" lon="147.992109"><ele>188.6</ele></trkpt>
    <trkpt lat="-43.145987" lon="147.992107"><ele>187.0</ele></trkpt>
    <trkpt lat="-43.145860" lon="147.992039"><ele>185.6</ele></trkpt>
    <trkpt lat="-43.145733" lon="147.991840"><ele>184.1</ele></trkpt>
    <trkpt lat="-43.145686" lon="147.991740"><ele>183.4</ele></trkpt>
    <trkpt lat="-43.145577" lon="147.991748"><ele>182.8</ele></trkpt>
    <trkpt lat="-43.145567" lon="147.991684"><ele>182.5</ele></trkpt>
    <trkpt lat="-43.145576" lon="147.991540"><ele>182.0</ele></trkpt>
    <trkpt lat="-43.145587" lon="147.991416"><ele>181.4</ele></trkpt>
    <trkpt lat="-43.145613" lon="147.991202"><ele>180.4</ele></trkpt>
    <trkpt lat="-43.145629" lon="147.991031"><ele>179.5</ele></trkpt>
    <trkpt lat="-43.145618" lon="147.990883"><ele>178.6</ele></trkpt>
    <trkpt lat="-43.145612" lon="147.990773"><ele>177.9</ele></trkpt>
    <trkpt lat="-43.145650" lon="147.990649"><ele>176.8</ele></trkpt>
    <trkpt lat="-43.145693" lon="147.990469"><ele>175.2</ele></trkpt>
    <trkpt lat="-43.145741" lon="147.990302"><ele>173.6</ele></trkpt>
    <trkpt lat="-43.145755" lon="147.990131"><ele>172.2</ele></trkpt>
    <trkpt lat="-43.145747" lon="147.989956"><ele>170.7</ele></trkpt>
    <trkpt lat="-43.145705" lon="147.989721"><ele>168.7</ele></trkpt>
    <trkpt lat="-43.145666" lon="147.989623"><ele>167.9</ele></trkpt>
    <trkpt lat="-43.145635" lon="147.989548"><ele>167.3</ele></trkpt>
    <trkpt lat="-43.145575" lon="147.989370"><ele>166.0</ele></trkpt>
    <trkpt lat="-43.145561" lon="147.989316"><ele>165.7</ele></trkpt>
    <trkpt lat="-43.145544" lon="147.989252"><ele>165.3</ele></trkpt>
    <trkpt lat="-43.145540" lon="147.989195"><ele>165.0</ele></trkpt>
    <trkpt lat="-43.145550" lon="147.989098"><ele>164.5</ele></trkpt>
    <trkpt lat="-43.145546" lon="147.989000"><ele>164.0</ele></trkpt>
    <trkpt lat="-43.145512" lon="147.988721"><ele>163.2</ele></trkpt>
    <trkpt lat="-43.145465" lon="147.988472"><ele>162.9</ele></trkpt>
    <trkpt lat="-43.145423" lon="147.988193"><ele>162.9</ele></trkpt>
    <trkpt lat="-43.145407" lon="147.988035"><ele>163.2</ele></trkpt>
    <trkpt lat="-43.145411" lon="147.987864"><ele>163.7</ele></trkpt>
    <trkpt lat="-43.145435" lon="147.987643"><ele>164.5</ele></trkpt>
    <trkpt lat="-43.145423" lon="147.987456"><ele>165.4</ele></trkpt>
    <trkpt lat="-43.145403" lon="147.987381"><ele>165.8</ele></trkpt>
    <trkpt lat="-43.145375" lon="147.987189"><ele>166.9</ele></trkpt>
    <trkpt lat="-43.145336" lon="147.986937"><ele>168.5</ele></trkpt>
    <trkpt lat="-43.145273" lon="147.986801"><ele>169.4</ele></trkpt>
    <trkpt lat="-43.145256" lon="147.986735"><ele>169.7</ele></trkpt>
    <trkpt lat="-43.145215" lon="147.986622"><ele>170.3</ele></trkpt>
    <trkpt lat="-43.145199" lon="147.986599"><ele>170.4</ele></trkpt>
    <trkpt lat="-43.145192" lon="147.986536"><ele>170.7</ele></trkpt>
    <trkpt lat="-43.145173" lon="147.986455"><ele>170.8</ele></trkpt>
    <trkpt lat="-43.145134" lon="147.986380"><ele>170.9</ele></trkpt>
    <trkpt lat="-43.145110" lon="147.986313"><ele>170.9</ele></trkpt>
    <trkpt lat="-43.145062" lon="147.986241"><ele>171.0</ele></trkpt>
    <trkpt lat="-43.145039" lon="147.986196"><ele>170.9</ele></trkpt>
    <trkpt lat="-43.144985" lon="147.986162"><ele>170.7</ele></trkpt>
    <trkpt lat="-43.144897" lon="147.986107"><ele>170.3</ele></trkpt>
    <trkpt lat="-43.144734" lon="147.986025"><ele>169.2</ele></trkpt>
    <trkpt lat="-43.144682" lon="147.985989"><ele>168.8</ele></trkpt>
    <trkpt lat="-43.144633" lon="147.985908"><ele>168.1</ele></trkpt>
    <trkpt lat="-43.144546" lon="147.985806"><ele>167.1</ele></trkpt>
    <trkpt lat="-43.144409" lon="147.985723"><ele>165.6</ele></trkpt>
    <trkpt lat="-43.144351" lon="147.985628"><ele>164.6</ele></trkpt>
    <trkpt lat="-43.144238" lon="147.985579"><ele>163.5</ele></trkpt>
    <trkpt lat="-43.144204" lon="147.985572"><ele>163.2</ele></trkpt>
    <trkpt lat="-43.144140" lon="147.985544"><ele>162.5</ele></trkpt>
    <trkpt lat="-43.144038" lon="147.985489"><ele>161.9</ele></trkpt>
    <trkpt lat="-43.143896" lon="147.985420"><ele>161.3</ele></trkpt>
    <trkpt lat="-43.143778" lon="147.985364"><ele>161.4</ele></trkpt>
    <trkpt lat="-43.143622" lon="147.985308"><ele>161.9</ele></trkpt>
    <trkpt lat="-43.143455" lon="147.985205"><ele>163.4</ele></trkpt>
    <trkpt lat="-43.143402" lon="147.985157"><ele>163.9</ele></trkpt>
    <trkpt lat="-43.143358" lon="147.985102"><ele>164.5</ele></trkpt>
    <trkpt lat="-43.143265" lon="147.985047"><ele>165.8</ele></trkpt>
    <trkpt lat="-43.143149" lon="147.984956"><ele>167.6</ele></trkpt>
    <trkpt lat="-43.143031" lon="147.984869"><ele>169.5</ele></trkpt>
    <trkpt lat="-43.142938" lon="147.984780"><ele>171.2</ele></trkpt>
    <trkpt lat="-43.142822" lon="147.984611"><ele>173.0</ele></trkpt>
    <trkpt lat="-43.142793" lon="147.984583"><ele>173.4</ele></trkpt>
    <trkpt lat="-43.142739" lon="147.984556"><ele>174.0</ele></trkpt>
    <trkpt lat="-43.142636" lon="147.984500"><ele>174.9</ele></trkpt>
    <trkpt lat="-43.142514" lon="147.984465"><ele>175.6</ele></trkpt>
    <trkpt lat="-43.142336" lon="147.984509"><ele>176.5</ele></trkpt>
    <trkpt lat="-43.142155" lon="147.984526"><ele>177.0</ele></trkpt>
    <trkpt lat="-43.142047" lon="147.984511"><ele>177.0</ele></trkpt>
    <trkpt lat="-43.141937" lon="147.984487"><ele>177.0</ele></trkpt>
    <trkpt lat="-43.141909" lon="147.984475"><ele>177.0</ele></trkpt>
    <trkpt lat="-43.141885" lon="147.984461"><ele>177.0</ele></trkpt>
    <trkpt lat="-43.141841" lon="147.984441"><ele>176.9</ele></trkpt>
    <trkpt lat="-43.141763" lon="147.984386"><ele>176.7</ele></trkpt>
    <trkpt lat="-43.141689" lon="147.984351"><ele>176.5</ele></trkpt>
    <trkpt lat="-43.141631" lon="147.984310"><ele>176.4</ele></trkpt>
    <trkpt lat="-43.141572" lon="147.984242"><ele>176.3</ele></trkpt>
    <trkpt lat="-43.141470" lon="147.984106"><ele>176.0</ele></trkpt>
    <trkpt lat="-43.141335" lon="147.983896"><ele>175.6</ele></trkpt>
    <trkpt lat="-43.141276" lon="147.983821"><ele>175.4</ele></trkpt>
    <trkpt lat="-43.141193" lon="147.983759"><ele>175.2</ele></trkpt>
    <trkpt lat="-43.141130" lon="147.983671"><ele>175.0</ele></trkpt>
    <trkpt lat="-43.141026" lon="147.983532"><ele>174.7</ele></trkpt>
    <trkpt lat="-43.140975" lon="147.983488"><ele>174.6</ele></trkpt>
    <trkpt lat="-43.140916" lon="147.983433"><ele>174.5</ele></trkpt>
    <trkpt lat="-43.140838" lon="147.983425"><ele>174.4</ele></trkpt>
    <trkpt lat="-43.140709" lon="147.983351"><ele>174.3</ele></trkpt>
    <trkpt lat="-43.140657" lon="147.983308"><ele>174.4</ele></trkpt>
    <trkpt lat="-43.140592" lon="147.983208"><ele>174.4</ele></trkpt>
    <trkpt lat="-43.140545" lon="147.983118"><ele>174.4</ele></trkpt>
    <trkpt lat="-43.140424" lon="147.982922"><ele>174.5</ele></trkpt>
    <trkpt lat="-43.140293" lon="147.982765"><ele>174.9</ele></trkpt>
    <trkpt lat="-43.140200" lon="147.982683"><ele>175.2</ele></trkpt>
    <trkpt lat="-43.140108" lon="147.982622"><ele>175.5</ele></trkpt>
    <trkpt lat="-43.139976" lon="147.982539"><ele>175.9</ele></trkpt>
    <trkpt lat="-43.139854" lon="147.982443"><ele>175.9</ele></trkpt>
    <trkpt lat="-43.139756" lon="147.982348"><ele>175.9</ele></trkpt>
    <trkpt lat="-43.139683" lon="147.982253"><ele>175.8</ele></trkpt>
    <trkpt lat="-43.139640" lon="147.982138"><ele>175.6</ele></trkpt>
    <trkpt lat="-43.139601" lon="147.981901"><ele>175.3</ele></trkpt>
    <trkpt lat="-43.139564" lon="147.981862"><ele>175.2</ele></trkpt>
    <trkpt lat="-43.139474" lon="147.981831"><ele>175.0</ele></trkpt>
    <trkpt lat="-43.139387" lon="147.981818"><ele>174.6</ele></trkpt>
    <trkpt lat="-43.139280" lon="147.981790"><ele>173.9</ele></trkpt>
    <trkpt lat="-43.139172" lon="147.981728"><ele>173.0</ele></trkpt>
    <trkpt lat="-43.139069" lon="147.981666"><ele>171.8</ele></trkpt>
    <trkpt lat="-43.138966" lon="147.981651"><ele>170.7</ele></trkpt>
    <trkpt lat="-43.138884" lon="147.981556"><ele>169.3</ele></trkpt>
    <trkpt lat="-43.138855" lon="147.981488"><ele>168.4</ele></trkpt>
    <trkpt lat="-43.138816" lon="147.981367"><ele>167.0</ele></trkpt>
    <trkpt lat="-43.138763" lon="147.981299"><ele>165.9</ele></trkpt>
    <trkpt lat="-43.138724" lon="147.981218"><ele>164.7</ele></trkpt>
    <trkpt lat="-43.138691" lon="147.981143"><ele>163.6</ele></trkpt>
    <trkpt lat="-43.138649" lon="147.981129"><ele>162.9</ele></trkpt>
    <trkpt lat="-43.138626" lon="147.981123"><ele>162.5</ele></trkpt>
    <trkpt lat="-43.138598" lon="147.981123"><ele>162.0</ele></trkpt>
    <trkpt lat="-43.138569" lon="147.981122"><ele>161.5</ele></trkpt>
    <trkpt lat="-43.138539" lon="147.981122"><ele>160.9</ele></trkpt>
    <trkpt lat="-43.138503" lon="147.981106"><ele>160.2</ele></trkpt>
    <trkpt lat="-43.138486" lon="147.981082"><ele>159.7</ele></trkpt>
    <trkpt lat="-43.138471" lon="147.981061"><ele>159.3</ele></trkpt>
    <trkpt lat="-43.138456" lon="147.981035"><ele>158.8</ele></trkpt>
    <trkpt lat="-43.138437" lon="147.981009"><ele>158.3</ele></trkpt>
    <trkpt lat="-43.138411" lon="147.980998"><ele>157.7</ele></trkpt>
    <trkpt lat="-43.138381" lon="147.980995"><ele>157.1</ele></trkpt>
    <trkpt lat="-43.138341" lon="147.980994"><ele>156.4</ele></trkpt>
    <trkpt lat="-43.138329" lon="147.980978"><ele>156.0</ele></trkpt>
    <trkpt lat="-43.138318" lon="147.980973"><ele>155.8</ele></trkpt>
    <trkpt lat="-43.138305" lon="147.980965"><ele>155.5</ele></trkpt>
    <trkpt lat="-43.138296" lon="147.980949"><ele>155.2</ele></trkpt>
    <trkpt lat="-43.138281" lon="147.980923"><ele>154.7</ele></trkpt>
    <trkpt lat="-43.138269" lon="147.980905"><ele>154.3</ele></trkpt>
    <trkpt lat="-43.138277" lon="147.980884"><ele>154.0</ele></trkpt>
    <trkpt lat="-43.138283" lon="147.980856"><ele>153.5</ele></trkpt>
    <trkpt lat="-43.138297" lon="147.980835"><ele>153.1</ele></trkpt>
    <trkpt lat="-43.138310" lon="147.980830"><ele>152.8</ele></trkpt>
    <trkpt lat="-43.138341" lon="147.980798"><ele>152.0</ele></trkpt>
    <trkpt lat="-43.138361" lon="147.980762"><ele>151.3</ele></trkpt>
    <trkpt lat="-43.138372" lon="147.980732"><ele>150.8</ele></trkpt>
    <trkpt lat="-43.138396" lon="147.980680"><ele>149.8</ele></trkpt>
    <trkpt lat="-43.138411" lon="147.980608"><ele>148.5</ele></trkpt>
    <trkpt lat="-43.138431" lon="147.980535"><ele>147.1</ele></trkpt>
    <trkpt lat="-43.138466" lon="147.980443"><ele>145.3</ele></trkpt>
    <trkpt lat="-43.138512" lon="147.980402"><ele>144.0</ele></trkpt>
    <trkpt lat="-43.138554" lon="147.980356"><ele>142.7</ele></trkpt>
    <trkpt lat="-43.138575" lon="147.980289"><ele>141.4</ele></trkpt>
    <trkpt lat="-43.138522" lon="147.980195"><ele>139.2</ele></trkpt>
    <trkpt lat="-43.138513" lon="147.980054"><ele>136.6</ele></trkpt>
    <trkpt lat="-43.138465" lon="147.979986"><ele>134.9</ele></trkpt>
    <trkpt lat="-43.138397" lon="147.979953"><ele>133.0</ele></trkpt>
    <trkpt lat="-43.138382" lon="147.979924"><ele>132.3</ele></trkpt>
    <trkpt lat="-43.138333" lon="147.979870"><ele>130.7</ele></trkpt>
    <trkpt lat="-43.138287" lon="147.979807"><ele>129.0</ele></trkpt>
    <trkpt lat="-43.138260" lon="147.979801"><ele>128.2</ele></trkpt>
    <trkpt lat="-43.138172" lon="147.979746"><ele>125.6</ele></trkpt>
    <trkpt lat="-43.138084" lon="147.979676"><ele>122.9</ele></trkpt>
    <trkpt lat="-43.138071" lon="147.979662"><ele>122.4</ele></trkpt>
    <trkpt lat="-43.138050" lon="147.979637"><ele>121.7</ele></trkpt>
    <trkpt lat="-43.137967" lon="147.979595"><ele>119.5</ele></trkpt>
    <trkpt lat="-43.137845" lon="147.979459"><ele>115.7</ele></trkpt>
    <trkpt lat="-43.137699" lon="147.979376"><ele>112.8</ele></trkpt>
    <trkpt lat="-43.137586" lon="147.979294"><ele>110.8</ele></trkpt>
    <trkpt lat="-43.137550" lon="147.979196"><ele>109.9</ele></trkpt>
    <trkpt lat="-43.137539" lon="147.979112"><ele>109.2</ele></trkpt>
    <trkpt lat="-43.137500" lon="147.979031"><ele>108.4</ele></trkpt>
    <trkpt lat="-43.137431" lon="147.978900"><ele>107.6</ele></trkpt>
    <trkpt lat="-43.137367" lon="147.978723"><ele>106.7</ele></trkpt>
    <trkpt lat="-43.137379" lon="147.978634"><ele>106.5</ele></trkpt>
    <trkpt lat="-43.137386" lon="147.978569"><ele>106.4</ele></trkpt>
    <trkpt lat="-43.137284" lon="147.978275"><ele>106.0</ele></trkpt>
    <trkpt lat="-43.137174" lon="147.977912"><ele>105.7</ele></trkpt>
    <trkpt lat="-43.137135" lon="147.977782"><ele>105.4</ele></trkpt>
    <trkpt lat="-43.137093" lon="147.977687"><ele>105.2</ele></trkpt>
    <trkpt lat="-43.137062" lon="147.977504"><ele>104.2</ele></trkpt>
    <trkpt lat="-43.137026" lon="147.977359"><ele>103.4</ele></trkpt>
    <trkpt lat="-43.137017" lon="147.977225"><ele>102.9</ele></trkpt>
    <trkpt lat="-43.137039" lon="147.977112"><ele>102.6</ele></trkpt>
    <trkpt lat="-43.137098" lon="147.977038"><ele>102.3</ele></trkpt>
    <trkpt lat="-43.137146" lon="147.976970"><ele>102.0</ele></trkpt>
    <trkpt lat="-43.137190" lon="147.976896"><ele>101.8</ele></trkpt>
    <trkpt lat="-43.137213" lon="147.976817"><ele>101.6</ele></trkpt>
    <trkpt lat="-43.137232" lon="147.976708"><ele>101.3</ele></trkpt>
    <trkpt lat="-43.137287" lon="147.976620"><ele>101.1</ele></trkpt>
    <trkpt lat="-43.137419" lon="147.976493"><ele>100.6</ele></trkpt>
    <trkpt lat="-43.137481" lon="147.976415"><ele>100.5</ele></trkpt>
    <trkpt lat="-43.137504" lon="147.976267"><ele>100.3</ele></trkpt>
    <trkpt lat="-43.137523" lon="147.976133"><ele>100.2</ele></trkpt>
    <trkpt lat="-43.137517" lon="147.976064"><ele>100.3</ele></trkpt>
    <trkpt lat="-43.137445" lon="147.975943"><ele>100.6</ele></trkpt>
    <trkpt lat="-43.137334" lon="147.975768"><ele>100.8</ele></trkpt>
    <trkpt lat="-43.137242" lon="147.975474"><ele>100.4</ele></trkpt>
    <trkpt lat="-43.137139" lon="147.975225"><ele>99.5</ele></trkpt>
    <trkpt lat="-43.137060" lon="147.975085"><ele>98.8</ele></trkpt>
    <trkpt lat="-43.136863" lon="147.974854"><ele>97.2</ele></trkpt>
    <trkpt lat="-43.136675" lon="147.974692"><ele>95.3</ele></trkpt>
    <trkpt lat="-43.136452" lon="147.974525"><ele>92.3</ele></trkpt>
    <trkpt lat="-43.136232" lon="147.974348"><ele>88.6</ele></trkpt>
    <trkpt lat="-43.135959" lon="147.974017"><ele>81.5</ele></trkpt>
    <trkpt lat="-43.135812" lon="147.973811"><ele>76.7</ele></trkpt>
    <trkpt lat="-43.135719" lon="147.973651"><ele>73.2</ele></trkpt>
    <trkpt lat="-43.135618" lon="147.973516"><ele>70.0</ele></trkpt>
    <trkpt lat="-43.135532" lon="147.973395"><ele>67.2</ele></trkpt>
    <trkpt lat="-43.135497" lon="147.973310"><ele>65.6</ele></trkpt>
    <trkpt lat="-43.135479" lon="147.973206"><ele>63.9</ele></trkpt>
    <trkpt lat="-43.135520" lon="147.973137"><ele>62.6</ele></trkpt>
    <trkpt lat="-43.135663" lon="147.972991"><ele>58.9</ele></trkpt>
    <trkpt lat="-43.135783" lon="147.972928"><ele>56.6</ele></trkpt>
    <trkpt lat="-43.135893" lon="147.972816"><ele>54.2</ele></trkpt>
    <trkpt lat="-43.136032" lon="147.972719"><ele>51.8</ele></trkpt>
    <trkpt lat="-43.136148" lon="147.972667"><ele>50.0</ele></trkpt>
    <trkpt lat="-43.136236" lon="147.972579"><ele>48.5</ele></trkpt>
    <trkpt lat="-43.136331" lon="147.972476"><ele>46.9</ele></trkpt>
    <trkpt lat="-43.136386" lon="147.972388"><ele>45.8</ele></trkpt>
    <trkpt lat="-43.136449" lon="147.972310"><ele>44.7</ele></trkpt>
    <trkpt lat="-43.136588" lon="147.972148"><ele>42.3</ele></trkpt>
    <trkpt lat="-43.136731" lon="147.972007"><ele>39.9</ele></trkpt>
    <trkpt lat="-43.136852" lon="147.971890"><ele>37.7</ele></trkpt>
    <trkpt lat="-43.136966" lon="147.971664"><ele>34.6</ele></trkpt>
    <trkpt lat="-43.137036" lon="147.971551"><ele>32.8</ele></trkpt>
    <trkpt lat="-43.137081" lon="147.971422"><ele>31.1</ele></trkpt>
    <trkpt lat="-43.137111" lon="147.971299"><ele>29.4</ele></trkpt>
    <trkpt lat="-43.137123" lon="147.971243"><ele>28.7</ele></trkpt>
    <trkpt lat="-43.137142" lon="147.971183"><ele>27.9</ele></trkpt>
    <trkpt lat="-43.137163" lon="147.971116"><ele>27.0</ele></trkpt>
    <trkpt lat="-43.137414" lon="147.970645"><ele>18.5</ele></trkpt>
    <trkpt lat="-43.137693" lon="147.970312"><ele>12.6</ele></trkpt>
    <trkpt lat="-43.138013" lon="147.970158"><ele>9.2</ele></trkpt>
    <trkpt lat="-43.138423" lon="147.969768"><ele>8.5</ele></trkpt>
    <trkpt lat="-43.138730" lon="147.969575"><ele>7.5</ele></trkpt>
    <trkpt lat="-43.138948" lon="147.969460"><ele>8.4</ele></trkpt>
    <trkpt lat="-43.139110" lon="147.969244"><ele>10.5</ele></trkpt>
    <trkpt lat="-43.139344" lon="147.969049"><ele>12.1</ele></trkpt>
    <trkpt lat="-43.139591" lon="147.968974"><ele>12.8</ele></trkpt>
    <trkpt lat="-43.139751" lon="147.968937"><ele>13.7</ele></trkpt>
    <trkpt lat="-43.139884" lon="147.968681"><ele>14.6</ele></trkpt>
    <trkpt lat="-43.140162" lon="147.968468"><ele>13.3</ele></trkpt>
    <trkpt lat="-43.140527" lon="147.968235"><ele>9.0</ele></trkpt>
    <trkpt lat="-43.140847" lon="147.968122"><ele>6.4</ele></trkpt>
    <trkpt lat="-43.141182" lon="147.968047"><ele>5.0</ele></trkpt>
    <trkpt lat="-43.141401" lon="147.967912"><ele>4.7</ele></trkpt>
    <trkpt lat="-43.141634" lon="147.967764"><ele>5.0</ele></trkpt>
    <trkpt lat="-43.141848" lon="147.967521"><ele>5.8</ele></trkpt>
    <trkpt lat="-43.141877" lon="147.967477"><ele>5.9</ele></trkpt>
    <trkpt lat="-43.141919" lon="147.967378"><ele>6.1</ele></trkpt>
    <trkpt lat="-43.141934" lon="147.967295"><ele>6.2</ele></trkpt>
  </trkseg></trk>
  <trk><name>Side trip: Cape Pillar</name><trkseg>
    <trkpt lat="-43.184463" lon="147.948001"><ele>262.9</ele></trkpt>
    <trkpt lat="-43.184481" lon="147.948051"><ele>263.1</ele></trkpt>
    <trkpt lat="-43.184495" lon="147.948127"><ele>263.3</ele></trkpt>
    <trkpt lat="-43.184508" lon="147.948175"><ele>263.5</ele></trkpt>
    <trkpt lat="-43.184517" lon="147.948239"><ele>263.7</ele></trkpt>
    <trkpt lat="-43.184519" lon="147.948312"><ele>263.9</ele></trkpt>
    <trkpt lat="-43.184524" lon="147.948363"><ele>264.0</ele></trkpt>
    <trkpt lat="-43.184524" lon="147.948430"><ele>264.2</ele></trkpt>
    <trkpt lat="-43.184523" lon="147.948473"><ele>264.3</ele></trkpt>
    <trkpt lat="-43.184536" lon="147.948553"><ele>264.4</ele></trkpt>
    <trkpt lat="-43.184541" lon="147.948611"><ele>264.6</ele></trkpt>
    <trkpt lat="-43.184558" lon="147.948644"><ele>264.6</ele></trkpt>
    <trkpt lat="-43.184578" lon="147.948664"><ele>264.7</ele></trkpt>
    <trkpt lat="-43.184614" lon="147.948687"><ele>264.9</ele></trkpt>
    <trkpt lat="-43.184645" lon="147.948698"><ele>265.1</ele></trkpt>
    <trkpt lat="-43.184674" lon="147.948690"><ele>265.3</ele></trkpt>
    <trkpt lat="-43.184688" lon="147.948682"><ele>265.4</ele></trkpt>
    <trkpt lat="-43.184694" lon="147.948672"><ele>265.5</ele></trkpt>
    <trkpt lat="-43.184704" lon="147.948661"><ele>265.6</ele></trkpt>
    <trkpt lat="-43.184717" lon="147.948661"><ele>265.7</ele></trkpt>
    <trkpt lat="-43.184727" lon="147.948664"><ele>265.8</ele></trkpt>
    <trkpt lat="-43.184811" lon="147.948789"><ele>266.7</ele></trkpt>
    <trkpt lat="-43.184868" lon="147.948875"><ele>267.6</ele></trkpt>
    <trkpt lat="-43.184896" lon="147.948896"><ele>267.9</ele></trkpt>
    <trkpt lat="-43.184916" lon="147.948924"><ele>268.2</ele></trkpt>
    <trkpt lat="-43.184951" lon="147.948987"><ele>268.9</ele></trkpt>
    <trkpt lat="-43.184971" lon="147.949005"><ele>269.1</ele></trkpt>
    <trkpt lat="-43.185003" lon="147.949047"><ele>269.6</ele></trkpt>
    <trkpt lat="-43.185044" lon="147.949093"><ele>270.2</ele></trkpt>
    <trkpt lat="-43.185071" lon="147.949169"><ele>270.9</ele></trkpt>
    <trkpt lat="-43.185086" lon="147.949215"><ele>271.3</ele></trkpt>
    <trkpt lat="-43.185111" lon="147.949253"><ele>271.7</ele></trkpt>
    <trkpt lat="-43.185151" lon="147.949288"><ele>272.2</ele></trkpt>
    <trkpt lat="-43.185204" lon="147.949310"><ele>272.8</ele></trkpt>
    <trkpt lat="-43.185260" lon="147.949335"><ele>273.6</ele></trkpt>
    <trkpt lat="-43.185323" lon="147.949364"><ele>274.6</ele></trkpt>
    <trkpt lat="-43.185371" lon="147.949413"><ele>275.4</ele></trkpt>
    <trkpt lat="-43.185411" lon="147.949466"><ele>276.2</ele></trkpt>
    <trkpt lat="-43.185426" lon="147.949515"><ele>276.8</ele></trkpt>
    <trkpt lat="-43.185443" lon="147.949588"><ele>277.7</ele></trkpt>
    <trkpt lat="-43.185468" lon="147.949671"><ele>278.8</ele></trkpt>
    <trkpt lat="-43.185478" lon="147.949710"><ele>279.3</ele></trkpt>
    <trkpt lat="-43.185470" lon="147.949751"><ele>279.8</ele></trkpt>
    <trkpt lat="-43.185464" lon="147.949765"><ele>280.0</ele></trkpt>
    <trkpt lat="-43.185472" lon="147.949793"><ele>280.4</ele></trkpt>
    <trkpt lat="-43.185499" lon="147.949845"><ele>281.2</ele></trkpt>
    <trkpt lat="-43.185501" lon="147.949883"><ele>281.7</ele></trkpt>
    <trkpt lat="-43.185514" lon="147.949949"><ele>282.7</ele></trkpt>
    <trkpt lat="-43.185518" lon="147.949988"><ele>283.2</ele></trkpt>
    <trkpt lat="-43.185561" lon="147.950040"><ele>284.3</ele></trkpt>
    <trkpt lat="-43.185589" lon="147.950062"><ele>284.9</ele></trkpt>
    <trkpt lat="-43.185609" lon="147.950083"><ele>285.4</ele></trkpt>
    <trkpt lat="-43.185639" lon="147.950173"><ele>286.7</ele></trkpt>
    <trkpt lat="-43.185666" lon="147.950243"><ele>287.6</ele></trkpt>
    <trkpt lat="-43.185681" lon="147.950274"><ele>288.1</ele></trkpt>
    <trkpt lat="-43.185688" lon="147.950323"><ele>288.7</ele></trkpt>
    <trkpt lat="-43.185708" lon="147.950424"><ele>290.0</ele></trkpt>
    <trkpt lat="-43.185730" lon="147.950508"><ele>291.1</ele></trkpt>
    <trkpt lat="-43.185764" lon="147.950616"><ele>292.6</ele></trkpt>
    <trkpt lat="-43.185784" lon="147.950675"><ele>293.4</ele></trkpt>
    <trkpt lat="-43.185824" lon="147.950790"><ele>295.1</ele></trkpt>
    <trkpt lat="-43.185863" lon="147.950905"><ele>296.4</ele></trkpt>
    <trkpt lat="-43.185896" lon="147.950968"><ele>297.2</ele></trkpt>
    <trkpt lat="-43.185913" lon="147.950989"><ele>297.6</ele></trkpt>
    <trkpt lat="-43.185931" lon="147.950972"><ele>297.9</ele></trkpt>
    <trkpt lat="-43.185952" lon="147.950927"><ele>298.4</ele></trkpt>
    <trkpt lat="-43.185962" lon="147.950920"><ele>298.6</ele></trkpt>
    <trkpt lat="-43.185975" lon="147.950910"><ele>298.8</ele></trkpt>
    <trkpt lat="-43.185985" lon="147.950900"><ele>299.0</ele></trkpt>
    <trkpt lat="-43.186003" lon="147.950900"><ele>299.2</ele></trkpt>
    <trkpt lat="-43.186021" lon="147.950907"><ele>299.4</ele></trkpt>
    <trkpt lat="-43.186056" lon="147.950939"><ele>299.9</ele></trkpt>
    <trkpt lat="-43.186089" lon="147.950974"><ele>300.4</ele></trkpt>
    <trkpt lat="-43.186111" lon="147.950989"><ele>300.7</ele></trkpt>
    <trkpt lat="-43.186119" lon="147.951037"><ele>301.2</ele></trkpt>
    <trkpt lat="-43.186151" lon="147.951138"><ele>302.1</ele></trkpt>
    <trkpt lat="-43.186191" lon="147.951212"><ele>302.8</ele></trkpt>
    <trkpt lat="-43.186203" lon="147.951281"><ele>303.2</ele></trkpt>
    <trkpt lat="-43.186225" lon="147.951306"><ele>303.4</ele></trkpt>
    <trkpt lat="-43.186268" lon="147.951348"><ele>303.8</ele></trkpt>
    <trkpt lat="-43.186298" lon="147.951404"><ele>304.2</ele></trkpt>
    <trkpt lat="-43.186331" lon="147.951443"><ele>304.5</ele></trkpt>
    <trkpt lat="-43.186379" lon="147.951485"><ele>304.5</ele></trkpt>
    <trkpt lat="-43.186401" lon="147.951503"><ele>304.5</ele></trkpt>
    <trkpt lat="-43.186414" lon="147.951534"><ele>304.5</ele></trkpt>
    <trkpt lat="-43.186428" lon="147.951673"><ele>304.6</ele></trkpt>
    <trkpt lat="-43.186460" lon="147.951732"><ele>304.6</ele></trkpt>
    <trkpt lat="-43.186501" lon="147.951778"><ele>304.4</ele></trkpt>
    <trkpt lat="-43.186538" lon="147.951813"><ele>304.2</ele></trkpt>
    <trkpt lat="-43.186566" lon="147.951835"><ele>304.1</ele></trkpt>
    <trkpt lat="-43.186570" lon="147.951932"><ele>303.8</ele></trkpt>
    <trkpt lat="-43.186616" lon="147.951967"><ele>303.6</ele></trkpt>
    <trkpt lat="-43.186674" lon="147.952010"><ele>303.2</ele></trkpt>
    <trkpt lat="-43.186759" lon="147.952087"><ele>302.5</ele></trkpt>
    <trkpt lat="-43.186842" lon="147.952175"><ele>301.8</ele></trkpt>
    <trkpt lat="-43.186898" lon="147.952235"><ele>301.1</ele></trkpt>
    <trkpt lat="-43.186923" lon="147.952249"><ele>300.7</ele></trkpt>
    <trkpt lat="-43.186956" lon="147.952250"><ele>300.3</ele></trkpt>
    <trkpt lat="-43.187004" lon="147.952299"><ele>299.6</ele></trkpt>
    <trkpt lat="-43.187064" lon="147.952352"><ele>298.8</ele></trkpt>
    <trkpt lat="-43.187099" lon="147.952380"><ele>298.2</ele></trkpt>
    <trkpt lat="-43.187137" lon="147.952412"><ele>297.5</ele></trkpt>
    <trkpt lat="-43.187173" lon="147.952427"><ele>296.9</ele></trkpt>
    <trkpt lat="-43.187198" lon="147.952455"><ele>296.4</ele></trkpt>
    <trkpt lat="-43.187235" lon="147.952528"><ele>295.3</ele></trkpt>
    <trkpt lat="-43.187278" lon="147.952560"><ele>294.5</ele></trkpt>
    <trkpt lat="-43.187308" lon="147.952595"><ele>293.9</ele></trkpt>
    <trkpt lat="-43.187321" lon="147.952616"><ele>293.6</ele></trkpt>
    <trkpt lat="-43.187361" lon="147.952703"><ele>292.7</ele></trkpt>
    <trkpt lat="-43.187396" lon="147.952773"><ele>291.9</ele></trkpt>
    <trkpt lat="-43.187416" lon="147.952805"><ele>291.4</ele></trkpt>
    <trkpt lat="-43.187453" lon="147.952913"><ele>290.3</ele></trkpt>
    <trkpt lat="-43.187497" lon="147.953042"><ele>289.1</ele></trkpt>
    <trkpt lat="-43.187515" lon="147.953094"><ele>288.6</ele></trkpt>
    <trkpt lat="-43.187530" lon="147.953133"><ele>288.2</ele></trkpt>
    <trkpt lat="-43.187605" lon="147.953238"><ele>286.9</ele></trkpt>
    <trkpt lat="-43.187630" lon="147.953283"><ele>286.5</ele></trkpt>
    <trkpt lat="-43.187665" lon="147.953301"><ele>286.1</ele></trkpt>
    <trkpt lat="-43.187736" lon="147.953288"><ele>285.3</ele></trkpt>
    <trkpt lat="-43.187802" lon="147.953310"><ele>284.6</ele></trkpt>
    <trkpt lat="-43.187888" lon="147.953346"><ele>283.8</ele></trkpt>
    <trkpt lat="-43.187974" lon="147.953417"><ele>283.1</ele></trkpt>
    <trkpt lat="-43.188067" lon="147.953536"><ele>282.3</ele></trkpt>
    <trkpt lat="-43.188089" lon="147.953571"><ele>282.1</ele></trkpt>
    <trkpt lat="-43.188104" lon="147.953623"><ele>281.9</ele></trkpt>
    <trkpt lat="-43.188104" lon="147.953662"><ele>281.8</ele></trkpt>
    <trkpt lat="-43.188103" lon="147.953689"><ele>281.7</ele></trkpt>
    <trkpt lat="-43.188080" lon="147.953744"><ele>281.4</ele></trkpt>
    <trkpt lat="-43.188062" lon="147.953810"><ele>281.2</ele></trkpt>
    <trkpt lat="-43.188061" lon="147.953931"><ele>280.7</ele></trkpt>
    <trkpt lat="-43.188065" lon="147.953990"><ele>280.4</ele></trkpt>
    <trkpt lat="-43.188095" lon="147.954091"><ele>280.0</ele></trkpt>
    <trkpt lat="-43.188102" lon="147.954147"><ele>279.7</ele></trkpt>
    <trkpt lat="-43.188109" lon="147.954203"><ele>279.5</ele></trkpt>
    <trkpt lat="-43.188187" lon="147.954360"><ele>278.5</ele></trkpt>
    <trkpt lat="-43.188246" lon="147.954517"><ele>277.6</ele></trkpt>
    <trkpt lat="-43.188274" lon="147.954562"><ele>277.2</ele></trkpt>
    <trkpt lat="-43.188357" lon="147.954584"><ele>276.5</ele></trkpt>
    <trkpt lat="-43.188446" lon="147.954565"><ele>275.7</ele></trkpt>
    <trkpt lat="-43.188469" lon="147.954565"><ele>275.5</ele></trkpt>
    <trkpt lat="-43.188512" lon="147.954590"><ele>275.1</ele></trkpt>
    <trkpt lat="-43.188555" lon="147.954598"><ele>274.8</ele></trkpt>
    <trkpt lat="-43.188578" lon="147.954598"><ele>274.6</ele></trkpt>
    <trkpt lat="-43.188623" lon="147.954627"><ele>274.3</ele></trkpt>
    <trkpt lat="-43.188666" lon="147.954648"><ele>273.9</ele></trkpt>
    <trkpt lat="-43.188692" lon="147.954662"><ele>273.7</ele></trkpt>
    <trkpt lat="-43.188745" lon="147.954695"><ele>273.3</ele></trkpt>
    <trkpt lat="-43.188792" lon="147.954733"><ele>273.1</ele></trkpt>
    <trkpt lat="-43.188851" lon="147.954755"><ele>273.0</ele></trkpt>
    <trkpt lat="-43.188904" lon="147.954770"><ele>272.8</ele></trkpt>
    <trkpt lat="-43.188942" lon="147.954784"><ele>272.7</ele></trkpt>
    <trkpt lat="-43.188964" lon="147.954805"><ele>272.6</ele></trkpt>
    <trkpt lat="-43.189002" lon="147.954834"><ele>272.5</ele></trkpt>
    <trkpt lat="-43.189020" lon="147.954858"><ele>272.4</ele></trkpt>
    <trkpt lat="-43.189037" lon="147.954866"><ele>272.4</ele></trkpt>
    <trkpt lat="-43.189058" lon="147.954859"><ele>272.4</ele></trkpt>
    <trkpt lat="-43.189088" lon="147.954842"><ele>272.3</ele></trkpt>
    <trkpt lat="-43.189109" lon="147.954832"><ele>272.3</ele></trkpt>
    <trkpt lat="-43.189122" lon="147.954822"><ele>272.2</ele></trkpt>
    <trkpt lat="-43.189134" lon="147.954798"><ele>272.2</ele></trkpt>
    <trkpt lat="-43.189143" lon="147.954790"><ele>272.2</ele></trkpt>
    <trkpt lat="-43.189159" lon="147.954763"><ele>272.1</ele></trkpt>
    <trkpt lat="-43.189171" lon="147.954735"><ele>272.1</ele></trkpt>
    <trkpt lat="-43.189186" lon="147.954718"><ele>272.0</ele></trkpt>
    <trkpt lat="-43.189198" lon="147.954704"><ele>272.0</ele></trkpt>
    <trkpt lat="-43.189212" lon="147.954692"><ele>272.0</ele></trkpt>
    <trkpt lat="-43.189221" lon="147.954681"><ele>272.0</ele></trkpt>
    <trkpt lat="-43.189231" lon="147.954675"><ele>272.0</ele></trkpt>
    <trkpt lat="-43.189244" lon="147.954667"><ele>272.0</ele></trkpt>
    <trkpt lat="-43.189253" lon="147.954664"><ele>272.0</ele></trkpt>
    <trkpt lat="-43.189260" lon="147.954643"><ele>272.0</ele></trkpt>
    <trkpt lat="-43.189279" lon="147.954586"><ele>272.0</ele></trkpt>
    <trkpt lat="-43.189292" lon="147.954541"><ele>271.9</ele></trkpt>
    <trkpt lat="-43.189294" lon="147.954516"><ele>271.9</ele></trkpt>
    <trkpt lat="-43.189303" lon="147.954490"><ele>271.9</ele></trkpt>
    <trkpt lat="-43.189313" lon="147.954473"><ele>271.9</ele></trkpt>
    <trkpt lat="-43.189321" lon="147.954457"><ele>271.9</ele></trkpt>
    <trkpt lat="-43.189326" lon="147.954449"><ele>271.9</ele></trkpt>
    <trkpt lat="-43.189331" lon="147.954445"><ele>271.9</ele></trkpt>
    <trkpt lat="-43.189335" lon="147.954445"><ele>271.9</ele></trkpt>
    <trkpt lat="-43.189331" lon="147.954485"><ele>271.9</ele></trkpt>
    <trkpt lat="-43.189332" lon="147.954541"><ele>272.0</ele></trkpt>
    <trkpt lat="-43.189333" lon="147.954579"><ele>272.0</ele></trkpt>
    <trkpt lat="-43.189332" lon="147.954603"><ele>272.0</ele></trkpt>
    <trkpt lat="-43.189337" lon="147.954616"><ele>272.1</ele></trkpt>
    <trkpt lat="-43.189359" lon="147.954647"><ele>272.1</ele></trkpt>
    <trkpt lat="-43.189375" lon="147.954663"><ele>272.1</ele></trkpt>
    <trkpt lat="-43.189388" lon="147.954665"><ele>272.2</ele></trkpt>
    <trkpt lat="-43.189410" lon="147.954665"><ele>272.2</ele></trkpt>
    <trkpt lat="-43.189433" lon="147.954661"><ele>272.2</ele></trkpt>
    <trkpt lat="-43.189448" lon="147.954661"><ele>272.3</ele></trkpt>
    <trkpt lat="-43.189471" lon="147.954659"><ele>272.3</ele></trkpt>
    <trkpt lat="-43.189505" lon="147.954648"><ele>272.4</ele></trkpt>
    <trkpt lat="-43.189539" lon="147.954633"><ele>272.4</ele></trkpt>
    <trkpt lat="-43.189576" lon="147.954617"><ele>272.3</ele></trkpt>
    <trkpt lat="-43.189603" lon="147.954611"><ele>272.3</ele></trkpt>
    <trkpt lat="-43.189611" lon="147.954605"><ele>272.3</ele></trkpt>
    <trkpt lat="-43.189652" lon="147.954566"><ele>272.3</ele></trkpt>
    <trkpt lat="-43.189703" lon="147.954519"><ele>272.3</ele></trkpt>
    <trkpt lat="-43.189724" lon="147.954504"><ele>272.3</ele></trkpt>
    <trkpt lat="-43.189772" lon="147.954475"><ele>272.3</ele></trkpt>
    <trkpt lat="-43.189808" lon="147.954449"><ele>272.3</ele></trkpt>
    <trkpt lat="-43.189826" lon="147.954434"><ele>272.3</ele></trkpt>
    <trkpt lat="-43.189854" lon="147.954391"><ele>272.3</ele></trkpt>
    <trkpt lat="-43.189865" lon="147.954368"><ele>272.3</ele></trkpt>
    <trkpt lat="-43.189893" lon="147.954342"><ele>272.3</ele></trkpt>
    <trkpt lat="-43.189911" lon="147.954328"><ele>272.3</ele></trkpt>
    <trkpt lat="-43.189916" lon="147.954321"><ele>272.3</ele></trkpt>
    <trkpt lat="-43.189928" lon="147.954314"><ele>272.3</ele></trkpt>
    <trkpt lat="-43.189942" lon="147.954314"><ele>272.3</ele></trkpt>
    <trkpt lat="-43.189968" lon="147.954338"><ele>272.3</ele></trkpt>
    <trkpt lat="-43.189992" lon="147.954374"><ele>272.3</ele></trkpt>
    <trkpt lat="-43.190010" lon="147.954391"><ele>272.3</ele></trkpt>
    <trkpt lat="-43.190034" lon="147.954406"><ele>272.3</ele></trkpt>
    <trkpt lat="-43.190051" lon="147.954416"><ele>272.3</ele></trkpt>
    <trkpt lat="-43.190076" lon="147.954428"><ele>272.3</ele></trkpt>
    <trkpt lat="-43.190143" lon="147.954424"><ele>272.2</ele></trkpt>
    <trkpt lat="-43.190188" lon="147.954408"><ele>272.2</ele></trkpt>
    <trkpt lat="-43.190243" lon="147.954388"><ele>272.1</ele></trkpt>
    <trkpt lat="-43.190279" lon="147.954377"><ele>272.0</ele></trkpt>
    <trkpt lat="-43.190307" lon="147.954381"><ele>272.0</ele></trkpt>
    <trkpt lat="-43.190454" lon="147.954466"><ele>271.5</ele></trkpt>
    <trkpt lat="-43.190568" lon="147.954571"><ele>270.9</ele></trkpt>
    <trkpt lat="-43.190640" lon="147.954647"><ele>270.4</ele></trkpt>
    <trkpt lat="-43.190686" lon="147.954685"><ele>270.1</ele></trkpt>
    <trkpt lat="-43.190713" lon="147.954685"><ele>270.0</ele></trkpt>
    <trkpt lat="-43.190822" lon="147.954679"><ele>269.4</ele></trkpt>
    <trkpt lat="-43.190888" lon="147.954684"><ele>269.0</ele></trkpt>
    <trkpt lat="-43.190998" lon="147.954644"><ele>268.2</ele></trkpt>
    <trkpt lat="-43.191143" lon="147.954609"><ele>267.1</ele></trkpt>
    <trkpt lat="-43.191225" lon="147.954586"><ele>266.5</ele></trkpt>
    <trkpt lat="-43.191277" lon="147.954558"><ele>266.0</ele></trkpt>
    <trkpt lat="-43.191310" lon="147.954550"><ele>265.8</ele></trkpt>
    <trkpt lat="-43.191344" lon="147.954550"><ele>265.5</ele></trkpt>
    <trkpt lat="-43.191398" lon="147.954568"><ele>265.1</ele></trkpt>
    <trkpt lat="-43.191455" lon="147.954598"><ele>264.7</ele></trkpt>
    <trkpt lat="-43.191494" lon="147.954607"><ele>264.4</ele></trkpt>
    <trkpt lat="-43.191549" lon="147.954616"><ele>264.0</ele></trkpt>
    <trkpt lat="-43.191567" lon="147.954616"><ele>263.9</ele></trkpt>
    <trkpt lat="-43.191579" lon="147.954608"><ele>263.9</ele></trkpt>
    <trkpt lat="-43.191612" lon="147.954585"><ele>263.6</ele></trkpt>
    <trkpt lat="-43.191629" lon="147.954575"><ele>263.5</ele></trkpt>
    <trkpt lat="-43.191641" lon="147.954571"><ele>263.5</ele></trkpt>
    <trkpt lat="-43.191653" lon="147.954560"><ele>263.4</ele></trkpt>
    <trkpt lat="-43.191662" lon="147.954556"><ele>263.3</ele></trkpt>
    <trkpt lat="-43.191668" lon="147.954557"><ele>263.3</ele></trkpt>
    <trkpt lat="-43.191673" lon="147.954559"><ele>263.3</ele></trkpt>
    <trkpt lat="-43.191721" lon="147.954509"><ele>262.9</ele></trkpt>
    <trkpt lat="-43.191920" lon="147.954392"><ele>262.0</ele></trkpt>
    <trkpt lat="-43.192049" lon="147.954400"><ele>261.4</ele></trkpt>
    <trkpt lat="-43.192133" lon="147.954420"><ele>261.0</ele></trkpt>
    <trkpt lat="-43.192221" lon="147.954496"><ele>260.5</ele></trkpt>
    <trkpt lat="-43.192276" lon="147.954654"><ele>259.7</ele></trkpt>
    <trkpt lat="-43.192321" lon="147.954806"><ele>258.9</ele></trkpt>
    <trkpt lat="-43.192532" lon="147.955043"><ele>257.1</ele></trkpt>
    <trkpt lat="-43.192651" lon="147.955362"><ele>255.1</ele></trkpt>
    <trkpt lat="-43.192743" lon="147.955623"><ele>253.3</ele></trkpt>
    <trkpt lat="-43.192806" lon="147.955777"><ele>252.2</ele></trkpt>
    <trkpt lat="-43.192880" lon="147.955840"><ele>251.6</ele></trkpt>
    <trkpt lat="-43.193030" lon="147.955938"><ele>250.4</ele></trkpt>
    <trkpt lat="-43.193064" lon="147.955928"><ele>250.2</ele></trkpt>
    <trkpt lat="-43.193113" lon="147.955959"><ele>249.9</ele></trkpt>
    <trkpt lat="-43.193152" lon="147.955993"><ele>249.7</ele></trkpt>
    <trkpt lat="-43.193290" lon="147.956061"><ele>248.9</ele></trkpt>
    <trkpt lat="-43.193369" lon="147.956087"><ele>248.5</ele></trkpt>
    <trkpt lat="-43.193573" lon="147.956239"><ele>247.7</ele></trkpt>
    <trkpt lat="-43.193670" lon="147.956323"><ele>247.4</ele></trkpt>
    <trkpt lat="-43.193742" lon="147.956358"><ele>247.3</ele></trkpt>
    <trkpt lat="-43.193838" lon="147.956409"><ele>247.0</ele></trkpt>
    <trkpt lat="-43.193977" lon="147.956461"><ele>246.7</ele></trkpt>
    <trkpt lat="-43.194189" lon="147.956464"><ele>246.0</ele></trkpt>
    <trkpt lat="-43.194322" lon="147.956466"><ele>245.5</ele></trkpt>
    <trkpt lat="-43.194510" lon="147.956494"><ele>244.5</ele></trkpt>
    <trkpt lat="-43.194728" lon="147.956481"><ele>243.2</ele></trkpt>
    <trkpt lat="-43.194897" lon="147.956483"><ele>242.1</ele></trkpt>
    <trkpt lat="-43.195049" lon="147.956486"><ele>241.1</ele></trkpt>
    <trkpt lat="-43.195103" lon="147.956486"><ele>240.7</ele></trkpt>
    <trkpt lat="-43.195169" lon="147.956521"><ele>240.3</ele></trkpt>
    <trkpt lat="-43.195242" lon="147.956571"><ele>239.8</ele></trkpt>
    <trkpt lat="-43.195334" lon="147.956620"><ele>239.3</ele></trkpt>
    <trkpt lat="-43.195394" lon="147.956654"><ele>239.0</ele></trkpt>
    <trkpt lat="-43.195436" lon="147.956668"><ele>238.8</ele></trkpt>
    <trkpt lat="-43.195481" lon="147.956689"><ele>238.6</ele></trkpt>
    <trkpt lat="-43.195500" lon="147.956689"><ele>238.5</ele></trkpt>
    <trkpt lat="-43.195533" lon="147.956702"><ele>238.3</ele></trkpt>
    <trkpt lat="-43.195584" lon="147.956724"><ele>238.1</ele></trkpt>
    <trkpt lat="-43.195629" lon="147.956745"><ele>237.9</ele></trkpt>
    <trkpt lat="-43.195659" lon="147.956754"><ele>237.7</ele></trkpt>
    <trkpt lat="-43.195687" lon="147.956771"><ele>237.6</ele></trkpt>
    <trkpt lat="-43.195770" lon="147.956880"><ele>237.2</ele></trkpt>
    <trkpt lat="-43.195842" lon="147.956980"><ele>236.7</ele></trkpt>
    <trkpt lat="-43.195875" lon="147.957026"><ele>236.5</ele></trkpt>
    <trkpt lat="-43.195974" lon="147.957106"><ele>236.0</ele></trkpt>
    <trkpt lat="-43.196010" lon="147.957136"><ele>235.8</ele></trkpt>
    <trkpt lat="-43.196034" lon="147.957178"><ele>235.6</ele></trkpt>
    <trkpt lat="-43.196067" lon="147.957207"><ele>235.4</ele></trkpt>
    <trkpt lat="-43.196122" lon="147.957224"><ele>235.2</ele></trkpt>
    <trkpt lat="-43.196170" lon="147.957246"><ele>235.0</ele></trkpt>
    <trkpt lat="-43.196209" lon="147.957259"><ele>234.8</ele></trkpt>
    <trkpt lat="-43.196239" lon="147.957330"><ele>234.5</ele></trkpt>
    <trkpt lat="-43.196251" lon="147.957363"><ele>234.4</ele></trkpt>
    <trkpt lat="-43.196287" lon="147.957392"><ele>234.4</ele></trkpt>
    <trkpt lat="-43.196335" lon="147.957393"><ele>234.3</ele></trkpt>
    <trkpt lat="-43.196383" lon="147.957431"><ele>234.1</ele></trkpt>
    <trkpt lat="-43.196407" lon="147.957473"><ele>234.1</ele></trkpt>
    <trkpt lat="-43.196437" lon="147.957511"><ele>234.0</ele></trkpt>
    <trkpt lat="-43.196462" lon="147.957568"><ele>233.9</ele></trkpt>
    <trkpt lat="-43.196479" lon="147.957605"><ele>233.9</ele></trkpt>
    <trkpt lat="-43.196505" lon="147.957641"><ele>233.9</ele></trkpt>
    <trkpt lat="-43.196556" lon="147.957710"><ele>233.8</ele></trkpt>
    <trkpt lat="-43.196589" lon="147.957773"><ele>233.8</ele></trkpt>
    <trkpt lat="-43.196597" lon="147.957806"><ele>233.8</ele></trkpt>
    <trkpt lat="-43.196614" lon="147.957827"><ele>233.8</ele></trkpt>
    <trkpt lat="-43.196633" lon="147.957844"><ele>233.8</ele></trkpt>
    <trkpt lat="-43.196641" lon="147.957856"><ele>233.8</ele></trkpt>
    <trkpt lat="-43.196698" lon="147.957930"><ele>234.0</ele></trkpt>
    <trkpt lat="-43.196727" lon="147.958000"><ele>234.1</ele></trkpt>
    <trkpt lat="-43.196727" lon="147.958049"><ele>234.1</ele></trkpt>
    <trkpt lat="-43.196704" lon="147.958119"><ele>234.2</ele></trkpt>
    <trkpt lat="-43.196714" lon="147.958202"><ele>234.5</ele></trkpt>
    <trkpt lat="-43.196738" lon="147.958340"><ele>235.1</ele></trkpt>
    <trkpt lat="-43.196777" lon="147.958422"><ele>235.5</ele></trkpt>
    <trkpt lat="-43.196790" lon="147.958457"><ele>235.6</ele></trkpt>
    <trkpt lat="-43.196817" lon="147.958552"><ele>236.1</ele></trkpt>
    <trkpt lat="-43.196827" lon="147.958608"><ele>236.3</ele></trkpt>
    <trkpt lat="-43.196826" lon="147.958657"><ele>236.5</ele></trkpt>
    <trkpt lat="-43.196820" lon="147.958705"><ele>236.7</ele></trkpt>
    <trkpt lat="-43.196802" lon="147.958743"><ele>236.9</ele></trkpt>
    <trkpt lat="-43.196768" lon="147.958788"><ele>237.2</ele></trkpt>
    <trkpt lat="-43.196743" lon="147.958869"><ele>237.5</ele></trkpt>
    <trkpt lat="-43.196721" lon="147.958941"><ele>237.8</ele></trkpt>
    <trkpt lat="-43.196703" lon="147.958973"><ele>238.0</ele></trkpt>
    <trkpt lat="-43.196693" lon="147.959048"><ele>238.2</ele></trkpt>
    <trkpt lat="-43.196682" lon="147.959132"><ele>238.5</ele></trkpt>
    <trkpt lat="-43.196653" lon="147.959282"><ele>239.0</ele></trkpt>
    <trkpt lat="-43.196633" lon="147.959357"><ele>239.2</ele></trkpt>
    <trkpt lat="-43.196577" lon="147.959456"><ele>239.6</ele></trkpt>
    <trkpt lat="-43.196541" lon="147.959498"><ele>239.8</ele></trkpt>
    <trkpt lat="-43.196533" lon="147.959544"><ele>239.9</ele></trkpt>
    <trkpt lat="-43.196530" lon="147.959583"><ele>240.0</ele></trkpt>
    <trkpt lat="-43.196528" lon="147.959633"><ele>240.1</ele></trkpt>
    <trkpt lat="-43.196520" lon="147.959696"><ele>240.2</ele></trkpt>
    <trkpt lat="-43.196511" lon="147.959737"><ele>240.3</ele></trkpt>
    <trkpt lat="-43.196504" lon="147.959779"><ele>240.3</ele></trkpt>
    <trkpt lat="-43.196526" lon="147.959861"><ele>240.5</ele></trkpt>
    <trkpt lat="-43.196527" lon="147.959935"><ele>240.7</ele></trkpt>
    <trkpt lat="-43.196541" lon="147.960003"><ele>240.9</ele></trkpt>
    <trkpt lat="-43.196563" lon="147.960076"><ele>241.1</ele></trkpt>
    <trkpt lat="-43.196600" lon="147.960133"><ele>241.3</ele></trkpt>
    <trkpt lat="-43.196649" lon="147.960179"><ele>241.5</ele></trkpt>
    <trkpt lat="-43.196702" lon="147.960225"><ele>241.7</ele></trkpt>
    <trkpt lat="-43.196751" lon="147.960271"><ele>241.9</ele></trkpt>
    <trkpt lat="-43.196814" lon="147.960331"><ele>242.2</ele></trkpt>
    <trkpt lat="-43.196828" lon="147.960438"><ele>242.4</ele></trkpt>
    <trkpt lat="-43.196839" lon="147.960571"><ele>242.6</ele></trkpt>
    <trkpt lat="-43.196834" lon="147.960646"><ele>242.6</ele></trkpt>
    <trkpt lat="-43.196846" lon="147.960754"><ele>242.7</ele></trkpt>
    <trkpt lat="-43.196934" lon="147.960890"><ele>242.9</ele></trkpt>
    <trkpt lat="-43.197036" lon="147.960924"><ele>243.1</ele></trkpt>
    <trkpt lat="-43.197122" lon="147.960974"><ele>243.2</ele></trkpt>
    <trkpt lat="-43.197228" lon="147.961008"><ele>243.4</ele></trkpt>
    <trkpt lat="-43.197291" lon="147.961020"><ele>243.6</ele></trkpt>
    <trkpt lat="-43.197389" lon="147.961108"><ele>243.7</ele></trkpt>
    <trkpt lat="-43.197467" lon="147.961292"><ele>243.9</ele></trkpt>
    <trkpt lat="-43.197552" lon="147.961499"><ele>244.4</ele></trkpt>
    <trkpt lat="-43.197593" lon="147.961704"><ele>245.0</ele></trkpt>
    <trkpt lat="-43.197568" lon="147.961876"><ele>245.7</ele></trkpt>
    <trkpt lat="-43.197440" lon="147.962122"><ele>246.7</ele></trkpt>
    <trkpt lat="-43.197340" lon="147.962304"><ele>247.4</ele></trkpt>
    <trkpt lat="-43.197268" lon="147.962430"><ele>247.9</ele></trkpt>
    <trkpt lat="-43.197237" lon="147.962529"><ele>248.2</ele></trkpt>
    <trkpt lat="-43.197202" lon="147.962664"><ele>248.6</ele></trkpt>
    <trkpt lat="-43.197170" lon="147.962815"><ele>248.9</ele></trkpt>
    <trkpt lat="-43.197181" lon="147.962944"><ele>249.1</ele></trkpt>
    <trkpt lat="-43.197204" lon="147.963064"><ele>249.2</ele></trkpt>
    <trkpt lat="-43.197223" lon="147.963255"><ele>249.1</ele></trkpt>
    <trkpt lat="-43.197196" lon="147.963390"><ele>249.0</ele></trkpt>
    <trkpt lat="-43.197178" lon="147.963545"><ele>248.6</ele></trkpt>
    <trkpt lat="-43.197219" lon="147.963719"><ele>248.1</ele></trkpt>
    <trkpt lat="-43.197272" lon="147.963855"><ele>247.8</ele></trkpt>
    <trkpt lat="-43.197321" lon="147.964029"><ele>247.4</ele></trkpt>
    <trkpt lat="-43.197395" lon="147.964229"><ele>247.1</ele></trkpt>
    <trkpt lat="-43.197445" lon="147.964279"><ele>247.0</ele></trkpt>
    <trkpt lat="-43.197485" lon="147.964279"><ele>246.9</ele></trkpt>
    <trkpt lat="-43.197536" lon="147.964264"><ele>246.8</ele></trkpt>
    <trkpt lat="-43.197596" lon="147.964163"><ele>246.8</ele></trkpt>
    <trkpt lat="-43.197742" lon="147.964149"><ele>246.6</ele></trkpt>
    <trkpt lat="-43.197837" lon="147.964188"><ele>246.7</ele></trkpt>
    <trkpt lat="-43.197931" lon="147.964222"><ele>246.8</ele></trkpt>
    <trkpt lat="-43.197998" lon="147.964255"><ele>246.8</ele></trkpt>
    <trkpt lat="-43.198033" lon="147.964256"><ele>246.9</ele></trkpt>
    <trkpt lat="-43.198081" lon="147.964240"><ele>247.2</ele></trkpt>
    <trkpt lat="-43.198168" lon="147.964215"><ele>247.5</ele></trkpt>
    <trkpt lat="-43.198298" lon="147.964201"><ele>248.1</ele></trkpt>
    <trkpt lat="-43.198420" lon="147.964240"><ele>248.8</ele></trkpt>
    <trkpt lat="-43.198483" lon="147.964295"><ele>249.1</ele></trkpt>
    <trkpt lat="-43.198521" lon="147.964404"><ele>249.5</ele></trkpt>
    <trkpt lat="-43.198560" lon="147.964501"><ele>249.7</ele></trkpt>
    <trkpt lat="-43.198717" lon="147.964606"><ele>250.2</ele></trkpt>
    <trkpt lat="-43.198835" lon="147.964646"><ele>250.4</ele></trkpt>
    <trkpt lat="-43.198944" lon="147.964766"><ele>250.6</ele></trkpt>
    <trkpt lat="-43.199065" lon="147.964957"><ele>250.6</ele></trkpt>
    <trkpt lat="-43.199162" lon="147.965104"><ele>250.4</ele></trkpt>
    <trkpt lat="-43.199260" lon="147.965186"><ele>250.2</ele></trkpt>
    <trkpt lat="-43.199342" lon="147.965306"><ele>249.9</ele></trkpt>
    <trkpt lat="-43.199415" lon="147.965458"><ele>249.6</ele></trkpt>
    <trkpt lat="-43.199466" lon="147.965556"><ele>249.4</ele></trkpt>
    <trkpt lat="-43.199529" lon="147.965611"><ele>249.2</ele></trkpt>
    <trkpt lat="-43.199584" lon="147.965639"><ele>249.0</ele></trkpt>
    <trkpt lat="-43.199639" lon="147.965650"><ele>248.8</ele></trkpt>
    <trkpt lat="-43.199722" lon="147.965635"><ele>248.6</ele></trkpt>
    <trkpt lat="-43.199777" lon="147.965620"><ele>248.3</ele></trkpt>
    <trkpt lat="-43.199832" lon="147.965599"><ele>248.1</ele></trkpt>
    <trkpt lat="-43.199868" lon="147.965600"><ele>248.0</ele></trkpt>
    <trkpt lat="-43.199911" lon="147.965611"><ele>247.8</ele></trkpt>
    <trkpt lat="-43.199993" lon="147.965683"><ele>247.5</ele></trkpt>
    <trkpt lat="-43.200060" lon="147.965754"><ele>247.2</ele></trkpt>
    <trkpt lat="-43.200166" lon="147.965815"><ele>246.8</ele></trkpt>
    <trkpt lat="-43.200249" lon="147.965816"><ele>246.5</ele></trkpt>
    <trkpt lat="-43.200323" lon="147.965850"><ele>246.3</ele></trkpt>
    <trkpt lat="-43.200473" lon="147.966037"><ele>245.7</ele></trkpt>
    <trkpt lat="-43.200578" lon="147.966082"><ele>245.4</ele></trkpt>
    <trkpt lat="-43.200687" lon="147.966101"><ele>245.1</ele></trkpt>
    <trkpt lat="-43.200784" lon="147.966134"><ele>244.8</ele></trkpt>
    <trkpt lat="-43.200866" lon="147.966158"><ele>244.7</ele></trkpt>
    <trkpt lat="-43.200903" lon="147.966183"><ele>244.6</ele></trkpt>
    <trkpt lat="-43.200968" lon="147.966226"><ele>244.5</ele></trkpt>
    <trkpt lat="-43.201002" lon="147.966241"><ele>244.4</ele></trkpt>
    <trkpt lat="-43.201040" lon="147.966242"><ele>244.4</ele></trkpt>
    <trkpt lat="-43.201126" lon="147.966217"><ele>244.3</ele></trkpt>
    <trkpt lat="-43.201249" lon="147.966139"><ele>244.1</ele></trkpt>
    <trkpt lat="-43.201325" lon="147.966054"><ele>243.9</ele></trkpt>
    <trkpt lat="-43.201399" lon="147.966003"><ele>243.7</ele></trkpt>
    <trkpt lat="-43.201454" lon="147.965958"><ele>243.6</ele></trkpt>
    <trkpt lat="-43.201506" lon="147.965881"><ele>243.3</ele></trkpt>
    <trkpt lat="-43.201544" lon="147.965810"><ele>243.1</ele></trkpt>
    <trkpt lat="-43.201572" lon="147.965782"><ele>243.0</ele></trkpt>
    <trkpt lat="-43.201625" lon="147.965756"><ele>242.8</ele></trkpt>
    <trkpt lat="-43.201738" lon="147.965746"><ele>242.3</ele></trkpt>
    <trkpt lat="-43.201902" lon="147.965769"><ele>241.5</ele></trkpt>
    <trkpt lat="-43.202007" lon="147.965828"><ele>241.0</ele></trkpt>
    <trkpt lat="-43.202124" lon="147.965885"><ele>240.4</ele></trkpt>
    <trkpt lat="-43.202195" lon="147.965946"><ele>240.0</ele></trkpt>
    <trkpt lat="-43.202315" lon="147.965977"><ele>239.4</ele></trkpt>
    <trkpt lat="-43.202435" lon="147.966011"><ele>238.9</ele></trkpt>
    <trkpt lat="-43.202489" lon="147.966069"><ele>238.7</ele></trkpt>
    <trkpt lat="-43.202535" lon="147.966113"><ele>238.5</ele></trkpt>
    <trkpt lat="-43.202594" lon="147.966122"><ele>238.3</ele></trkpt>
    <trkpt lat="-43.202685" lon="147.966110"><ele>238.1</ele></trkpt>
    <trkpt lat="-43.202723" lon="147.966104"><ele>238.0</ele></trkpt>
    <trkpt lat="-43.202742" lon="147.966085"><ele>238.0</ele></trkpt>
    <trkpt lat="-43.202792" lon="147.966082"><ele>238.0</ele></trkpt>
    <trkpt lat="-43.202855" lon="147.966135"><ele>237.9</ele></trkpt>
    <trkpt lat="-43.202913" lon="147.966185"><ele>237.9</ele></trkpt>
    <trkpt lat="-43.202999" lon="147.966215"><ele>238.1</ele></trkpt>
    <trkpt lat="-43.203014" lon="147.966231"><ele>238.1</ele></trkpt>
    <trkpt lat="-43.203079" lon="147.966262"><ele>238.3</ele></trkpt>
    <trkpt lat="-43.203136" lon="147.966292"><ele>238.4</ele></trkpt>
    <trkpt lat="-43.203203" lon="147.966325"><ele>238.7</ele></trkpt>
    <trkpt lat="-43.203240" lon="147.966343"><ele>238.9</ele></trkpt>
    <trkpt lat="-43.203284" lon="147.966355"><ele>239.2</ele></trkpt>
    <trkpt lat="-43.203329" lon="147.966295"><ele>239.6</ele></trkpt>
    <trkpt lat="-43.203355" lon="147.966246"><ele>239.8</ele></trkpt>
    <trkpt lat="-43.203380" lon="147.966210"><ele>240.0</ele></trkpt>
    <trkpt lat="-43.203493" lon="147.966119"><ele>241.1</ele></trkpt>
    <trkpt lat="-43.203613" lon="147.966061"><ele>242.1</ele></trkpt>
    <trkpt lat="-43.203694" lon="147.966007"><ele>243.1</ele></trkpt>
    <trkpt lat="-43.203759" lon="147.965951"><ele>244.1</ele></trkpt>
    <trkpt lat="-43.203855" lon="147.965858"><ele>245.5</ele></trkpt>
    <trkpt lat="-43.203929" lon="147.965795"><ele>246.7</ele></trkpt>
    <trkpt lat="-43.203980" lon="147.965773"><ele>247.5</ele></trkpt>
    <trkpt lat="-43.204064" lon="147.965772"><ele>248.7</ele></trkpt>
    <trkpt lat="-43.204134" lon="147.965747"><ele>249.8</ele></trkpt>
    <trkpt lat="-43.204195" lon="147.965719"><ele>250.7</ele></trkpt>
    <trkpt lat="-43.204246" lon="147.965665"><ele>251.7</ele></trkpt>
    <trkpt lat="-43.204282" lon="147.965648"><ele>252.3</ele></trkpt>
    <trkpt lat="-43.204322" lon="147.965649"><ele>252.9</ele></trkpt>
    <trkpt lat="-43.204398" lon="147.965650"><ele>253.9</ele></trkpt>
    <trkpt lat="-43.204452" lon="147.965628"><ele>254.7</ele></trkpt>
    <trkpt lat="-43.204507" lon="147.965617"><ele>255.4</ele></trkpt>
    <trkpt lat="-43.204556" lon="147.965598"><ele>256.1</ele></trkpt>
    <trkpt lat="-43.204598" lon="147.965576"><ele>256.7</ele></trkpt>
    <trkpt lat="-43.204619" lon="147.965544"><ele>257.2</ele></trkpt>
    <trkpt lat="-43.204649" lon="147.965508"><ele>257.8</ele></trkpt>
    <trkpt lat="-43.204687" lon="147.965497"><ele>258.4</ele></trkpt>
    <trkpt lat="-43.204736" lon="147.965492"><ele>259.1</ele></trkpt>
    <trkpt lat="-43.204793" lon="147.965469"><ele>260.0</ele></trkpt>
    <trkpt lat="-43.204850" lon="147.965442"><ele>261.0</ele></trkpt>
    <trkpt lat="-43.204881" lon="147.965471"><ele>261.5</ele></trkpt>
    <trkpt lat="-43.204923" lon="147.965492"><ele>262.0</ele></trkpt>
    <trkpt lat="-43.204933" lon="147.965498"><ele>262.2</ele></trkpt>
    <trkpt lat="-43.204944" lon="147.965515"><ele>262.4</ele></trkpt>
    <trkpt lat="-43.204954" lon="147.965527"><ele>262.5</ele></trkpt>
    <trkpt lat="-43.204969" lon="147.965527"><ele>262.7</ele></trkpt>
    <trkpt lat="-43.204988" lon="147.965519"><ele>263.0</ele></trkpt>
    <trkpt lat="-43.205016" lon="147.965485"><ele>263.5</ele></trkpt>
    <trkpt lat="-43.205048" lon="147.965416"><ele>264.2</ele></trkpt>
    <trkpt lat="-43.205078" lon="147.965333"><ele>264.9</ele></trkpt>
    <trkpt lat="-43.205116" lon="147.965276"><ele>265.4</ele></trkpt>
    <trkpt lat="-43.205151" lon="147.965260"><ele>265.7</ele></trkpt>
    <trkpt lat="-43.205239" lon="147.965226"><ele>266.4</ele></trkpt>
    <trkpt lat="-43.205349" lon="147.965199"><ele>267.4</ele></trkpt>
    <trkpt lat="-43.205441" lon="147.965183"><ele>268.2</ele></trkpt>
    <trkpt lat="-43.205551" lon="147.965105"><ele>269.3</ele></trkpt>
    <trkpt lat="-43.205615" lon="147.965071"><ele>270.0</ele></trkpt>
    <trkpt lat="-43.205656" lon="147.965046"><ele>270.4</ele></trkpt>
    <trkpt lat="-43.205767" lon="147.964993"><ele>271.5</ele></trkpt>
    <trkpt lat="-43.205907" lon="147.964880"><ele>272.9</ele></trkpt>
    <trkpt lat="-43.206080" lon="147.964791"><ele>274.3</ele></trkpt>
    <trkpt lat="-43.206245" lon="147.964695"><ele>275.3</ele></trkpt>
    <trkpt lat="-43.206402" lon="147.964588"><ele>276.9</ele></trkpt>
    <trkpt lat="-43.206499" lon="147.964515"><ele>278.0</ele></trkpt>
    <trkpt lat="-43.206588" lon="147.964482"><ele>278.8</ele></trkpt>
    <trkpt lat="-43.206659" lon="147.964518"><ele>279.4</ele></trkpt>
    <trkpt lat="-43.206773" lon="147.964554"><ele>280.4</ele></trkpt>
    <trkpt lat="-43.206861" lon="147.964498"><ele>281.0</ele></trkpt>
    <trkpt lat="-43.206925" lon="147.964453"><ele>281.4</ele></trkpt>
    <trkpt lat="-43.207069" lon="147.964380"><ele>282.1</ele></trkpt>
    <trkpt lat="-43.207178" lon="147.964365"><ele>282.4</ele></trkpt>
    <trkpt lat="-43.207288" lon="147.964355"><ele>282.7</ele></trkpt>
    <trkpt lat="-43.207405" lon="147.964414"><ele>283.0</ele></trkpt>
    <trkpt lat="-43.207485" lon="147.964436"><ele>283.2</ele></trkpt>
    <trkpt lat="-43.207519" lon="147.964451"><ele>283.3</ele></trkpt>
    <trkpt lat="-43.207582" lon="147.964434"><ele>283.4</ele></trkpt>
    <trkpt lat="-43.207649" lon="147.964485"><ele>283.3</ele></trkpt>
    <trkpt lat="-43.207740" lon="147.964549"><ele>283.2</ele></trkpt>
    <trkpt lat="-43.207758" lon="147.964554"><ele>283.2</ele></trkpt>
    <trkpt lat="-43.207804" lon="147.964583"><ele>283.1</ele></trkpt>
    <trkpt lat="-43.207837" lon="147.964646"><ele>283.0</ele></trkpt>
    <trkpt lat="-43.207858" lon="147.964688"><ele>282.9</ele></trkpt>
    <trkpt lat="-43.207879" lon="147.964710"><ele>282.8</ele></trkpt>
    <trkpt lat="-43.207920" lon="147.964730"><ele>282.7</ele></trkpt>
    <trkpt lat="-43.207986" lon="147.964741"><ele>282.6</ele></trkpt>
    <trkpt lat="-43.208045" lon="147.964751"><ele>282.4</ele></trkpt>
    <trkpt lat="-43.208080" lon="147.964763"><ele>282.3</ele></trkpt>
    <trkpt lat="-43.208114" lon="147.964747"><ele>282.2</ele></trkpt>
    <trkpt lat="-43.208175" lon="147.964719"><ele>282.0</ele></trkpt>
    <trkpt lat="-43.208258" lon="147.964674"><ele>281.7</ele></trkpt>
    <trkpt lat="-43.208307" lon="147.964641"><ele>281.4</ele></trkpt>
    <trkpt lat="-43.208354" lon="147.964600"><ele>281.1</ele></trkpt>
    <trkpt lat="-43.208370" lon="147.964594"><ele>281.0</ele></trkpt>
    <trkpt lat="-43.208410" lon="147.964559"><ele>280.8</ele></trkpt>
    <trkpt lat="-43.208436" lon="147.964553"><ele>280.6</ele></trkpt>
    <trkpt lat="-43.208456" lon="147.964549"><ele>280.5</ele></trkpt>
    <trkpt lat="-43.208496" lon="147.964550"><ele>280.3</ele></trkpt>
    <trkpt lat="-43.208536" lon="147.964566"><ele>280.1</ele></trkpt>
    <trkpt lat="-43.208575" lon="147.964579"><ele>279.9</ele></trkpt>
    <trkpt lat="-43.208592" lon="147.964604"><ele>279.8</ele></trkpt>
    <trkpt lat="-43.208608" lon="147.964620"><ele>279.7</ele></trkpt>
    <trkpt lat="-43.208623" lon="147.964629"><ele>279.6</ele></trkpt>
    <trkpt lat="-43.208644" lon="147.964627"><ele>279.5</ele></trkpt>
    <trkpt lat="-43.208661" lon="147.964613"><ele>279.4</ele></trkpt>
    <trkpt lat="-43.208678" lon="147.964602"><ele>279.3</ele></trkpt>
    <trkpt lat="-43.208690" lon="147.964598"><ele>279.3</ele></trkpt>
    <trkpt lat="-43.208702" lon="147.964612"><ele>279.2</ele></trkpt>
    <trkpt lat="-43.208710" lon="147.964638"><ele>279.1</ele></trkpt>
    <trkpt lat="-43.208718" lon="147.964666"><ele>279.0</ele></trkpt>
    <trkpt lat="-43.208728" lon="147.964685"><ele>278.9</ele></trkpt>
    <trkpt lat="-43.208736" lon="147.964697"><ele>278.9</ele></trkpt>
    <trkpt lat="-43.208770" lon="147.964756"><ele>278.7</ele></trkpt>
    <trkpt lat="-43.208827" lon="147.964812"><ele>278.4</ele></trkpt>
    <trkpt lat="-43.208881" lon="147.964839"><ele>278.1</ele></trkpt>
    <trkpt lat="-43.208916" lon="147.964860"><ele>278.0</ele></trkpt>
    <trkpt lat="-43.208991" lon="147.964899"><ele>277.6</ele></trkpt>
    <trkpt lat="-43.209032" lon="147.964936"><ele>277.4</ele></trkpt>
    <trkpt lat="-43.209066" lon="147.964928"><ele>277.3</ele></trkpt>
    <trkpt lat="-43.209096" lon="147.964922"><ele>277.1</ele></trkpt>
    <trkpt lat="-43.209163" lon="147.964910"><ele>276.8</ele></trkpt>
    <trkpt lat="-43.209227" lon="147.964924"><ele>276.6</ele></trkpt>
    <trkpt lat="-43.209270" lon="147.964937"><ele>276.6</ele></trkpt>
    <trkpt lat="-43.209319" lon="147.964957"><ele>276.7</ele></trkpt>
    <trkpt lat="-43.209343" lon="147.964971"><ele>276.7</ele></trkpt>
    <trkpt lat="-43.209363" lon="147.964959"><ele>276.7</ele></trkpt>
    <trkpt lat="-43.209387" lon="147.964949"><ele>276.7</ele></trkpt>
    <trkpt lat="-43.209413" lon="147.964956"><ele>276.8</ele></trkpt>
    <trkpt lat="-43.209439" lon="147.964969"><ele>276.8</ele></trkpt>
    <trkpt lat="-43.209465" lon="147.965022"><ele>276.9</ele></trkpt>
    <trkpt lat="-43.209479" lon="147.965038"><ele>277.0</ele></trkpt>
    <trkpt lat="-43.209506" lon="147.965139"><ele>277.5</ele></trkpt>
    <trkpt lat="-43.209550" lon="147.965248"><ele>278.1</ele></trkpt>
    <trkpt lat="-43.209581" lon="147.965347"><ele>278.6</ele></trkpt>
    <trkpt lat="-43.209591" lon="147.965378"><ele>278.9</ele></trkpt>
    <trkpt lat="-43.209638" lon="147.965467"><ele>279.7</ele></trkpt>
    <trkpt lat="-43.209674" lon="147.965542"><ele>280.5</ele></trkpt>
    <trkpt lat="-43.209697" lon="147.965660"><ele>281.5</ele></trkpt>
    <trkpt lat="-43.209739" lon="147.965802"><ele>283.3</ele></trkpt>
    <trkpt lat="-43.209812" lon="147.965874"><ele>284.8</ele></trkpt>
    <trkpt lat="-43.209835" lon="147.966010"><ele>286.6</ele></trkpt>
    <trkpt lat="-43.209871" lon="147.966105"><ele>288.3</ele></trkpt>
    <trkpt lat="-43.209906" lon="147.966205"><ele>290.0</ele></trkpt>
    <trkpt lat="-43.209948" lon="147.966298"><ele>291.6</ele></trkpt>
    <trkpt lat="-43.209960" lon="147.966373"><ele>292.8</ele></trkpt>
    <trkpt lat="-43.209990" lon="147.966474"><ele>294.4</ele></trkpt>
    <trkpt lat="-43.210044" lon="147.966567"><ele>296.1</ele></trkpt>
    <trkpt lat="-43.210084" lon="147.966653"><ele>297.5</ele></trkpt>
    <trkpt lat="-43.210097" lon="147.966743"><ele>298.6</ele></trkpt>
    <trkpt lat="-43.210109" lon="147.966826"><ele>299.7</ele></trkpt>
    <trkpt lat="-43.210145" lon="147.966902"><ele>300.7</ele></trkpt>
    <trkpt lat="-43.210193" lon="147.966944"><ele>301.7</ele></trkpt>
    <trkpt lat="-43.210260" lon="147.966996"><ele>302.6</ele></trkpt>
    <trkpt lat="-43.210290" lon="147.967046"><ele>303.1</ele></trkpt>
    <trkpt lat="-43.210321" lon="147.967144"><ele>304.1</ele></trkpt>
    <trkpt lat="-43.210400" lon="147.967161"><ele>305.0</ele></trkpt>
    <trkpt lat="-43.210457" lon="147.967187"><ele>305.4</ele></trkpt>
    <trkpt lat="-43.210505" lon="147.967204"><ele>305.7</ele></trkpt>
    <trkpt lat="-43.210570" lon="147.967179"><ele>306.2</ele></trkpt>
    <trkpt lat="-43.210619" lon="147.967147"><ele>306.5</ele></trkpt>
    <trkpt lat="-43.210662" lon="147.967106"><ele>306.8</ele></trkpt>
    <trkpt lat="-43.210726" lon="147.967095"><ele>307.0</ele></trkpt>
    <trkpt lat="-43.210796" lon="147.967096"><ele>307.3</ele></trkpt>
    <trkpt lat="-43.210845" lon="147.967109"><ele>307.5</ele></trkpt>
    <trkpt lat="-43.210887" lon="147.967172"><ele>307.7</ele></trkpt>
    <trkpt lat="-43.210913" lon="147.967231"><ele>307.8</ele></trkpt>
    <trkpt lat="-43.210957" lon="147.967270"><ele>308.0</ele></trkpt>
    <trkpt lat="-43.210999" lon="147.967308"><ele>308.1</ele></trkpt>
    <trkpt lat="-43.211029" lon="147.967354"><ele>308.3</ele></trkpt>
    <trkpt lat="-43.211064" lon="147.967412"><ele>308.4</ele></trkpt>
    <trkpt lat="-43.211041" lon="147.967438"><ele>308.5</ele></trkpt>
    <trkpt lat="-43.211031" lon="147.967521"><ele>308.8</ele></trkpt>
    <trkpt lat="-43.211030" lon="147.967642"><ele>309.1</ele></trkpt>
    <trkpt lat="-43.211047" lon="147.967809"><ele>309.6</ele></trkpt>
    <trkpt lat="-43.211012" lon="147.967988"><ele>310.0</ele></trkpt>
    <trkpt lat="-43.210968" lon="147.968134"><ele>310.3</ele></trkpt>
    <trkpt lat="-43.210940" lon="147.968179"><ele>310.4</ele></trkpt>
    <trkpt lat="-43.210906" lon="147.968237"><ele>310.5</ele></trkpt>
    <trkpt lat="-43.210884" lon="147.968316"><ele>310.7</ele></trkpt>
    <trkpt lat="-43.210910" lon="147.968412"><ele>310.9</ele></trkpt>
    <trkpt lat="-43.210949" lon="147.968517"><ele>311.0</ele></trkpt>
    <trkpt lat="-43.210991" lon="147.968576"><ele>310.9</ele></trkpt>
    <trkpt lat="-43.211034" lon="147.968619"><ele>310.9</ele></trkpt>
    <trkpt lat="-43.211055" lon="147.968678"><ele>310.9</ele></trkpt>
    <trkpt lat="-43.211051" lon="147.968732"><ele>310.9</ele></trkpt>
    <trkpt lat="-43.211029" lon="147.968798"><ele>310.8</ele></trkpt>
    <trkpt lat="-43.210983" lon="147.968867"><ele>310.6</ele></trkpt>
    <trkpt lat="-43.210958" lon="147.968976"><ele>310.4</ele></trkpt>
    <trkpt lat="-43.210999" lon="147.969177"><ele>309.9</ele></trkpt>
    <trkpt lat="-43.211119" lon="147.969363"><ele>309.2</ele></trkpt>
    <trkpt lat="-43.211258" lon="147.969499"><ele>308.7</ele></trkpt>
    <trkpt lat="-43.211385" lon="147.969709"><ele>308.3</ele></trkpt>
    <trkpt lat="-43.211512" lon="147.969828"><ele>308.1</ele></trkpt>
    <trkpt lat="-43.211731" lon="147.969882"><ele>308.1</ele></trkpt>
    <trkpt lat="-43.211932" lon="147.969935"><ele>308.3</ele></trkpt>
    <trkpt lat="-43.212048" lon="147.969962"><ele>308.4</ele></trkpt>
    <trkpt lat="-43.212176" lon="147.969981"><ele>308.6</ele></trkpt>
    <trkpt lat="-43.212280" lon="147.970024"><ele>308.7</ele></trkpt>
    <trkpt lat="-43.212379" lon="147.970069"><ele>308.8</ele></trkpt>
    <trkpt lat="-43.212516" lon="147.970170"><ele>308.8</ele></trkpt>
    <trkpt lat="-43.212665" lon="147.970415"><ele>308.7</ele></trkpt>
    <trkpt lat="-43.212763" lon="147.970583"><ele>308.7</ele></trkpt>
    <trkpt lat="-43.212853" lon="147.970851"><ele>308.6</ele></trkpt>
    <trkpt lat="-43.212857" lon="147.971068"><ele>308.8</ele></trkpt>
    <trkpt lat="-43.212879" lon="147.971294"><ele>309.1</ele></trkpt>
    <trkpt lat="-43.212878" lon="147.971436"><ele>309.4</ele></trkpt>
    <trkpt lat="-43.212851" lon="147.971605"><ele>309.8</ele></trkpt>
    <trkpt lat="-43.212861" lon="147.971978"><ele>311.0</ele></trkpt>
    <trkpt lat="-43.212822" lon="147.972245"><ele>312.1</ele></trkpt>
    <trkpt lat="-43.212790" lon="147.972453"><ele>312.9</ele></trkpt>
    <trkpt lat="-43.212788" lon="147.972737"><ele>313.8</ele></trkpt>
    <trkpt lat="-43.212768" lon="147.972928"><ele>314.2</ele></trkpt>
    <trkpt lat="-43.212755" lon="147.973037"><ele>314.5</ele></trkpt>
    <trkpt lat="-43.212772" lon="147.973154"><ele>314.7</ele></trkpt>
    <trkpt lat="-43.212759" lon="147.973237"><ele>314.8</ele></trkpt>
    <trkpt lat="-43.212727" lon="147.973395"><ele>315.1</ele></trkpt>
    <trkpt lat="-43.212707" lon="147.973570"><ele>315.5</ele></trkpt>
    <trkpt lat="-43.212712" lon="147.973770"><ele>315.9</ele></trkpt>
    <trkpt lat="-43.212705" lon="147.973896"><ele>316.2</ele></trkpt>
    <trkpt lat="-43.212696" lon="147.973976"><ele>316.3</ele></trkpt>
    <trkpt lat="-43.212671" lon="147.974246"><ele>316.7</ele></trkpt>
    <trkpt lat="-43.212540" lon="147.974569"><ele>317.0</ele></trkpt>
    <trkpt lat="-43.212379" lon="147.974867"><ele>316.7</ele></trkpt>
    <trkpt lat="-43.212212" lon="147.975131"><ele>315.6</ele></trkpt>
    <trkpt lat="-43.212174" lon="147.975281"><ele>314.7</ele></trkpt>
    <trkpt lat="-43.212116" lon="147.975581"><ele>312.7</ele></trkpt>
    <trkpt lat="-43.212096" lon="147.975797"><ele>311.1</ele></trkpt>
    <trkpt lat="-43.212007" lon="147.976032"><ele>308.8</ele></trkpt>
    <trkpt lat="-43.211932" lon="147.976404"><ele>305.1</ele></trkpt>
    <trkpt lat="-43.211931" lon="147.976554"><ele>303.6</ele></trkpt>
    <trkpt lat="-43.211930" lon="147.976688"><ele>302.2</ele></trkpt>
    <trkpt lat="-43.211910" lon="147.976838"><ele>300.6</ele></trkpt>
    <trkpt lat="-43.211884" lon="147.977004"><ele>298.8</ele></trkpt>
    <trkpt lat="-43.211925" lon="147.977272"><ele>295.9</ele></trkpt>
    <trkpt lat="-43.211984" lon="147.977532"><ele>293.0</ele></trkpt>
    <trkpt lat="-43.212122" lon="147.977834"><ele>289.6</ele></trkpt>
    <trkpt lat="-43.212212" lon="147.978011"><ele>287.4</ele></trkpt>
    <trkpt lat="-43.212321" lon="147.978121"><ele>285.5</ele></trkpt>
    <trkpt lat="-43.212442" lon="147.978173"><ele>283.5</ele></trkpt>
    <trkpt lat="-43.212564" lon="147.978267"><ele>281.4</ele></trkpt>
    <trkpt lat="-43.212617" lon="147.978385"><ele>279.9</ele></trkpt>
    <trkpt lat="-43.212668" lon="147.978669"><ele>276.8</ele></trkpt>
    <trkpt lat="-43.212765" lon="147.978946"><ele>273.4</ele></trkpt>
    <trkpt lat="-43.212868" lon="147.979082"><ele>271.0</ele></trkpt>
    <trkpt lat="-43.213007" lon="147.979242"><ele>267.9</ele></trkpt>
    <trkpt lat="-43.213146" lon="147.979378"><ele>265.2</ele></trkpt>
    <trkpt lat="-43.213292" lon="147.979472"><ele>262.8</ele></trkpt>
    <trkpt lat="-43.213438" lon="147.979558"><ele>260.6</ele></trkpt>
    <trkpt lat="-43.213535" lon="147.979585"><ele>259.4</ele></trkpt>
    <trkpt lat="-43.213644" lon="147.979678"><ele>257.9</ele></trkpt>
    <trkpt lat="-43.213766" lon="147.979705"><ele>256.5</ele></trkpt>
    <trkpt lat="-43.213858" lon="147.979724"><ele>255.5</ele></trkpt>
    <trkpt lat="-43.213943" lon="147.979722"><ele>254.5</ele></trkpt>
    <trkpt lat="-43.214133" lon="147.979695"><ele>252.8</ele></trkpt>
    <trkpt lat="-43.214194" lon="147.979696"><ele>252.3</ele></trkpt>
    <trkpt lat="-43.214267" lon="147.979697"><ele>251.8</ele></trkpt>
    <trkpt lat="-43.214309" lon="147.979709"><ele>251.6</ele></trkpt>
    <trkpt lat="-43.214332" lon="147.979746"><ele>251.5</ele></trkpt>
    <trkpt lat="-43.214344" lon="147.979761"><ele>251.4</ele></trkpt>
    <trkpt lat="-43.214355" lon="147.979771"><ele>251.3</ele></trkpt>
    <trkpt lat="-43.214364" lon="147.979801"><ele>251.2</ele></trkpt>
    <trkpt lat="-43.214378" lon="147.979870"><ele>251.0</ele></trkpt>
    <trkpt lat="-43.214378" lon="147.979909"><ele>250.9</ele></trkpt>
    <trkpt lat="-43.214378" lon="147.979932"><ele>250.8</ele></trkpt>
    <trkpt lat="-43.214384" lon="147.979955"><ele>250.8</ele></trkpt>
    <trkpt lat="-43.214400" lon="147.979987"><ele>250.7</ele></trkpt>
    <trkpt lat="-43.214424" lon="147.980019"><ele>250.7</ele></trkpt>
    <trkpt lat="-43.214435" lon="147.980048"><ele>250.7</ele></trkpt>
    <trkpt lat="-43.214436" lon="147.980077"><ele>250.7</ele></trkpt>
    <trkpt lat="-43.214446" lon="147.980136"><ele>250.7</ele></trkpt>
    <trkpt lat="-43.214438" lon="147.980182"><ele>250.7</ele></trkpt>
    <trkpt lat="-43.214427" lon="147.980202"><ele>250.7</ele></trkpt>
    <trkpt lat="-43.214418" lon="147.980217"><ele>250.7</ele></trkpt>
    <trkpt lat="-43.214412" lon="147.980250"><ele>250.7</ele></trkpt>
    <trkpt lat="-43.214405" lon="147.980289"><ele>250.7</ele></trkpt>
    <trkpt lat="-43.214386" lon="147.980346"><ele>250.9</ele></trkpt>
    <trkpt lat="-43.214365" lon="147.980397"><ele>251.0</ele></trkpt>
    <trkpt lat="-43.214358" lon="147.980426"><ele>251.1</ele></trkpt>
    <trkpt lat="-43.214356" lon="147.980464"><ele>251.2</ele></trkpt>
    <trkpt lat="-43.214344" lon="147.980495"><ele>251.3</ele></trkpt>
    <trkpt lat="-43.214330" lon="147.980514"><ele>251.4</ele></trkpt>
    <trkpt lat="-43.214290" lon="147.980586"><ele>251.6</ele></trkpt>
    <trkpt lat="-43.214277" lon="147.980636"><ele>251.8</ele></trkpt>
    <trkpt lat="-43.214273" lon="147.980740"><ele>252.3</ele></trkpt>
    <trkpt lat="-43.214275" lon="147.980924"><ele>253.2</ele></trkpt>
    <trkpt lat="-43.214255" lon="147.981061"><ele>254.1</ele></trkpt>
    <trkpt lat="-43.214245" lon="147.981140"><ele>254.6</ele></trkpt>
    <trkpt lat="-43.214260" lon="147.981241"><ele>255.2</ele></trkpt>
    <trkpt lat="-43.214244" lon="147.981349"><ele>256.0</ele></trkpt>
    <trkpt lat="-43.214240" lon="147.981445"><ele>256.7</ele></trkpt>
    <trkpt lat="-43.214210" lon="147.981691"><ele>258.8</ele></trkpt>
    <trkpt lat="-43.214215" lon="147.981833"><ele>259.9</ele></trkpt>
    <trkpt lat="-43.214236" lon="147.981917"><ele>260.6</ele></trkpt>
    <trkpt lat="-43.214235" lon="147.981979"><ele>261.1</ele></trkpt>
    <trkpt lat="-43.214237" lon="147.982100"><ele>262.0</ele></trkpt>
    <trkpt lat="-43.214267" lon="147.982168"><ele>262.6</ele></trkpt>
    <trkpt lat="-43.214312" lon="147.982310"><ele>263.8</ele></trkpt>
    <trkpt lat="-43.214362" lon="147.982449"><ele>265.0</ele></trkpt>
    <trkpt lat="-43.214419" lon="147.982654"><ele>266.7</ele></trkpt>
    <trkpt lat="-43.214461" lon="147.982730"><ele>267.4</ele></trkpt>
    <trkpt lat="-43.214518" lon="147.982852"><ele>268.7</ele></trkpt>
    <trkpt lat="-43.214581" lon="147.982915"><ele>269.6</ele></trkpt>
    <trkpt lat="-43.214642" lon="147.982950"><ele>270.4</ele></trkpt>
    <trkpt lat="-43.214684" lon="147.983017"><ele>271.1</ele></trkpt>
    <trkpt lat="-43.214706" lon="147.983053"><ele>271.5</ele></trkpt>
    <trkpt lat="-43.214778" lon="147.983131"><ele>272.5</ele></trkpt>
    <trkpt lat="-43.214893" lon="147.983200"><ele>273.8</ele></trkpt>
    <trkpt lat="-43.214972" lon="147.983210"><ele>274.7</ele></trkpt>
    <trkpt lat="-43.215034" lon="147.983194"><ele>275.5</ele></trkpt>
    <trkpt lat="-43.215110" lon="147.983229"><ele>276.4</ele></trkpt>
    <trkpt lat="-43.215161" lon="147.983229"><ele>277.0</ele></trkpt>
    <trkpt lat="-43.215213" lon="147.983239"><ele>277.5</ele></trkpt>
    <trkpt lat="-43.215296" lon="147.983211"><ele>278.3</ele></trkpt>
    <trkpt lat="-43.215357" lon="147.983195"><ele>278.8</ele></trkpt>
    <trkpt lat="-43.215415" lon="147.983192"><ele>279.4</ele></trkpt>
    <trkpt lat="-43.215470" lon="147.983159"><ele>280.0</ele></trkpt>
    <trkpt lat="-43.215504" lon="147.983131"><ele>280.4</ele></trkpt>
    <trkpt lat="-43.215547" lon="147.983127"><ele>280.8</ele></trkpt>
    <trkpt lat="-43.215703" lon="147.983130"><ele>282.3</ele></trkpt>
    <trkpt lat="-43.215782" lon="147.983118"><ele>283.0</ele></trkpt>
    <trkpt lat="-43.215813" lon="147.983123"><ele>283.3</ele></trkpt>
    <trkpt lat="-43.215871" lon="147.983128"><ele>283.8</ele></trkpt>
    <trkpt lat="-43.215926" lon="147.983129"><ele>284.3</ele></trkpt>
    <trkpt lat="-43.215965" lon="147.983117"><ele>284.6</ele></trkpt>
    <trkpt lat="-43.216011" lon="147.983105"><ele>285.1</ele></trkpt>
    <trkpt lat="-43.216051" lon="147.983102"><ele>285.5</ele></trkpt>
    <trkpt lat="-43.216072" lon="147.983093"><ele>285.7</ele></trkpt>
    <trkpt lat="-43.216177" lon="147.983050"><ele>286.8</ele></trkpt>
    <trkpt lat="-43.216238" lon="147.983030"><ele>287.3</ele></trkpt>
    <trkpt lat="-43.216290" lon="147.983010"><ele>287.8</ele></trkpt>
    <trkpt lat="-43.216327" lon="147.982973"><ele>288.2</ele></trkpt>
    <trkpt lat="-43.216373" lon="147.982948"><ele>288.7</ele></trkpt>
    <trkpt lat="-43.216397" lon="147.982949"><ele>288.9</ele></trkpt>
    <trkpt lat="-43.216428" lon="147.982929"><ele>289.2</ele></trkpt>
    <trkpt lat="-43.216434" lon="147.982900"><ele>289.4</ele></trkpt>
    <trkpt lat="-43.216447" lon="147.982878"><ele>289.6</ele></trkpt>
    <trkpt lat="-43.216482" lon="147.982836"><ele>290.0</ele></trkpt>
    <trkpt lat="-43.216495" lon="147.982792"><ele>290.3</ele></trkpt>
    <trkpt lat="-43.216516" lon="147.982698"><ele>290.9</ele></trkpt>
    <trkpt lat="-43.216540" lon="147.982618"><ele>291.5</ele></trkpt>
    <trkpt lat="-43.216562" lon="147.982541"><ele>292.0</ele></trkpt>
    <trkpt lat="-43.216573" lon="147.982466"><ele>292.4</ele></trkpt>
    <trkpt lat="-43.216584" lon="147.982358"><ele>292.9</ele></trkpt>
    <trkpt lat="-43.216603" lon="147.982307"><ele>293.2</ele></trkpt>
    <trkpt lat="-43.216611" lon="147.982254"><ele>293.5</ele></trkpt>
    <trkpt lat="-43.216627" lon="147.982189"><ele>293.9</ele></trkpt>
    <trkpt lat="-43.216622" lon="147.982164"><ele>294.0</ele></trkpt>
    <trkpt lat="-43.216616" lon="147.982146"><ele>294.1</ele></trkpt>
    <trkpt lat="-43.216601" lon="147.982106"><ele>294.3</ele></trkpt>
    <trkpt lat="-43.216591" lon="147.982076"><ele>294.5</ele></trkpt>
    <trkpt lat="-43.216588" lon="147.982053"><ele>294.6</ele></trkpt>
    <trkpt lat="-43.216594" lon="147.982021"><ele>294.7</ele></trkpt>
    <trkpt lat="-43.216600" lon="147.981996"><ele>294.9</ele></trkpt>
    <trkpt lat="-43.216609" lon="147.981980"><ele>295.0</ele></trkpt>
    <trkpt lat="-43.216615" lon="147.981966"><ele>295.1</ele></trkpt>
    <trkpt lat="-43.216618" lon="147.981919"><ele>295.3</ele></trkpt>
    <trkpt lat="-43.216633" lon="147.981868"><ele>295.6</ele></trkpt>
    <trkpt lat="-43.216649" lon="147.981841"><ele>295.7</ele></trkpt>
    <trkpt lat="-43.216679" lon="147.981817"><ele>295.9</ele></trkpt>
    <trkpt lat="-43.216698" lon="147.981808"><ele>296.0</ele></trkpt>
    <trkpt lat="-43.216716" lon="147.981792"><ele>296.1</ele></trkpt>
    <trkpt lat="-43.216745" lon="147.981769"><ele>296.2</ele></trkpt>
    <trkpt lat="-43.216790" lon="147.981746"><ele>296.5</ele></trkpt>
    <trkpt lat="-43.216834" lon="147.981733"><ele>296.7</ele></trkpt>
    <trkpt lat="-43.216878" lon="147.981732"><ele>296.9</ele></trkpt>
    <trkpt lat="-43.216922" lon="147.981741"><ele>297.1</ele></trkpt>
    <trkpt lat="-43.216960" lon="147.981757"><ele>297.2</ele></trkpt>
    <trkpt lat="-43.216984" lon="147.981763"><ele>297.3</ele></trkpt>
    <trkpt lat="-43.216997" lon="147.981769"><ele>297.4</ele></trkpt>
    <trkpt lat="-43.217020" lon="147.981774"><ele>297.5</ele></trkpt>
    <trkpt lat="-43.217042" lon="147.981777"><ele>297.5</ele></trkpt>
    <trkpt lat="-43.217064" lon="147.981765"><ele>297.6</ele></trkpt>
    <trkpt lat="-43.217095" lon="147.981748"><ele>297.8</ele></trkpt>
    <trkpt lat="-43.217113" lon="147.981748"><ele>297.8</ele></trkpt>
    <trkpt lat="-43.217148" lon="147.981748"><ele>297.9</ele></trkpt>
    <trkpt lat="-43.217181" lon="147.981761"><ele>298.1</ele></trkpt>
    <trkpt lat="-43.217205" lon="147.981755"><ele>298.2</ele></trkpt>
    <trkpt lat="-43.217229" lon="147.981729"><ele>298.3</ele></trkpt>
    <trkpt lat="-43.217258" lon="147.981720"><ele>298.4</ele></trkpt>
    <trkpt lat="-43.217291" lon="147.981706"><ele>298.6</ele></trkpt>
    <trkpt lat="-43.217339" lon="147.981700"><ele>298.8</ele></trkpt>
    <trkpt lat="-43.217379" lon="147.981701"><ele>299.0</ele></trkpt>
    <trkpt lat="-43.217414" lon="147.981687"><ele>299.1</ele></trkpt>
    <trkpt lat="-43.217456" lon="147.981663"><ele>299.3</ele></trkpt>
    <trkpt lat="-43.217505" lon="147.981571"><ele>299.6</ele></trkpt>
    <trkpt lat="-43.217557" lon="147.981517"><ele>299.9</ele></trkpt>
    <trkpt lat="-43.217603" lon="147.981455"><ele>300.1</ele></trkpt>
    <trkpt lat="-43.217645" lon="147.981417"><ele>300.1</ele></trkpt>
    <trkpt lat="-43.217701" lon="147.981357"><ele>300.1</ele></trkpt>
    <trkpt lat="-43.217748" lon="147.981286"><ele>300.2</ele></trkpt>
    <trkpt lat="-43.217785" lon="147.981227"><ele>300.2</ele></trkpt>
    <trkpt lat="-43.217808" lon="147.981212"><ele>300.2</ele></trkpt>
    <trkpt lat="-43.217845" lon="147.981206"><ele>300.1</ele></trkpt>
    <trkpt lat="-43.217871" lon="147.981207"><ele>300.0</ele></trkpt>
    <trkpt lat="-43.217889" lon="147.981204"><ele>300.0</ele></trkpt>
    <trkpt lat="-43.217902" lon="147.981183"><ele>300.0</ele></trkpt>
    <trkpt lat="-43.217925" lon="147.981130"><ele>299.9</ele></trkpt>
    <trkpt lat="-43.217943" lon="147.981085"><ele>299.8</ele></trkpt>
    <trkpt lat="-43.217976" lon="147.981043"><ele>299.7</ele></trkpt>
    <trkpt lat="-43.218014" lon="147.981005"><ele>299.6</ele></trkpt>
    <trkpt lat="-43.218043" lon="147.980972"><ele>299.5</ele></trkpt>
    <trkpt lat="-43.218069" lon="147.980949"><ele>299.4</ele></trkpt>
    <trkpt lat="-43.218076" lon="147.980949"><ele>299.4</ele></trkpt>
    <trkpt lat="-43.218133" lon="147.980953"><ele>299.2</ele></trkpt>
    <trkpt lat="-43.218164" lon="147.980953"><ele>299.1</ele></trkpt>
    <trkpt lat="-43.218193" lon="147.980942"><ele>299.0</ele></trkpt>
    <trkpt lat="-43.218227" lon="147.980923"><ele>298.9</ele></trkpt>
    <trkpt lat="-43.218267" lon="147.980885"><ele>298.7</ele></trkpt>
    <trkpt lat="-43.218295" lon="147.980874"><ele>298.6</ele></trkpt>
    <trkpt lat="-43.218335" lon="147.980886"><ele>298.4</ele></trkpt>
    <trkpt lat="-43.218399" lon="147.980984"><ele>298.0</ele></trkpt>
    <trkpt lat="-43.218464" lon="147.981051"><ele>297.7</ele></trkpt>
    <trkpt lat="-43.218481" lon="147.981051"><ele>297.6</ele></trkpt>
    <trkpt lat="-43.218506" lon="147.981044"><ele>297.6</ele></trkpt>
    <trkpt lat="-43.218532" lon="147.981036"><ele>297.5</ele></trkpt>
    <trkpt lat="-43.218555" lon="147.981010"><ele>297.4</ele></trkpt>
    <trkpt lat="-43.218583" lon="147.981010"><ele>297.3</ele></trkpt>
    <trkpt lat="-43.218628" lon="147.981011"><ele>297.1</ele></trkpt>
    <trkpt lat="-43.218660" lon="147.981000"><ele>297.0</ele></trkpt>
    <trkpt lat="-43.218703" lon="147.980950"><ele>296.9</ele></trkpt>
    <trkpt lat="-43.218762" lon="147.980912"><ele>296.8</ele></trkpt>
    <trkpt lat="-43.218827" lon="147.980933"><ele>296.8</ele></trkpt>
    <trkpt lat="-43.218858" lon="147.980964"><ele>296.8</ele></trkpt>
    <trkpt lat="-43.218889" lon="147.980965"><ele>296.8</ele></trkpt>
    <trkpt lat="-43.218921" lon="147.980950"><ele>296.8</ele></trkpt>
    <trkpt lat="-43.218958" lon="147.980939"><ele>296.8</ele></trkpt>
    <trkpt lat="-43.218994" lon="147.980939"><ele>296.8</ele></trkpt>
    <trkpt lat="-43.219037" lon="147.980921"><ele>296.7</ele></trkpt>
    <trkpt lat="-43.219105" lon="147.980898"><ele>296.7</ele></trkpt>
    <trkpt lat="-43.219154" lon="147.980880"><ele>296.6</ele></trkpt>
    <trkpt lat="-43.219188" lon="147.980880"><ele>296.6</ele></trkpt>
    <trkpt lat="-43.219253" lon="147.980823"><ele>296.4</ele></trkpt>
    <trkpt lat="-43.219293" lon="147.980793"><ele>296.3</ele></trkpt>
    <trkpt lat="-43.219339" lon="147.980740"><ele>296.1</ele></trkpt>
    <trkpt lat="-43.219348" lon="147.980662"><ele>295.9</ele></trkpt>
    <trkpt lat="-43.219360" lon="147.980593"><ele>295.7</ele></trkpt>
    <trkpt lat="-43.219372" lon="147.980562"><ele>295.6</ele></trkpt>
    <trkpt lat="-43.219403" lon="147.980524"><ele>295.3</ele></trkpt>
    <trkpt lat="-43.219432" lon="147.980501"><ele>295.0</ele></trkpt>
    <trkpt lat="-43.219463" lon="147.980463"><ele>294.7</ele></trkpt>
    <trkpt lat="-43.219517" lon="147.980436"><ele>294.3</ele></trkpt>
    <trkpt lat="-43.219540" lon="147.980417"><ele>294.0</ele></trkpt>
    <trkpt lat="-43.219565" lon="147.980410"><ele>293.8</ele></trkpt>
    <trkpt lat="-43.219640" lon="147.980361"><ele>293.5</ele></trkpt>
    <trkpt lat="-43.219659" lon="147.980350"><ele>293.4</ele></trkpt>
    <trkpt lat="-43.219679" lon="147.980338"><ele>293.4</ele></trkpt>
    <trkpt lat="-43.219708" lon="147.980327"><ele>293.3</ele></trkpt>
    <trkpt lat="-43.219792" lon="147.980375"><ele>293.2</ele></trkpt>
    <trkpt lat="-43.219854" lon="147.980407"><ele>293.0</ele></trkpt>
    <trkpt lat="-43.219908" lon="147.980439"><ele>293.0</ele></trkpt>
    <trkpt lat="-43.219945" lon="147.980447"><ele>293.0</ele></trkpt>
    <trkpt lat="-43.219976" lon="147.980455"><ele>293.0</ele></trkpt>
    <trkpt lat="-43.219990" lon="147.980448"><ele>293.0</ele></trkpt>
    <trkpt lat="-43.220018" lon="147.980448"><ele>293.0</ele></trkpt>
    <trkpt lat="-43.220032" lon="147.980449"><ele>293.0</ele></trkpt>
    <trkpt lat="-43.220058" lon="147.980461"><ele>293.0</ele></trkpt>
    <trkpt lat="-43.220077" lon="147.980496"><ele>293.0</ele></trkpt>
    <trkpt lat="-43.220085" lon="147.980542"><ele>293.0</ele></trkpt>
    <trkpt lat="-43.220071" lon="147.980604"><ele>293.1</ele></trkpt>
    <trkpt lat="-43.220042" lon="147.980689"><ele>293.3</ele></trkpt>
    <trkpt lat="-43.220024" lon="147.980723"><ele>293.3</ele></trkpt>
    <trkpt lat="-43.220019" lon="147.980754"><ele>293.4</ele></trkpt>
    <trkpt lat="-43.220015" lon="147.980793"><ele>293.5</ele></trkpt>
    <trkpt lat="-43.220004" lon="147.980824"><ele>293.5</ele></trkpt>
    <trkpt lat="-43.219975" lon="147.980854"><ele>293.6</ele></trkpt>
    <trkpt lat="-43.219955" lon="147.980873"><ele>293.7</ele></trkpt>
    <trkpt lat="-43.219935" lon="147.980908"><ele>293.9</ele></trkpt>
    <trkpt lat="-43.219923" lon="147.980950"><ele>294.1</ele></trkpt>
    <trkpt lat="-43.219929" lon="147.980997"><ele>294.2</ele></trkpt>
    <trkpt lat="-43.219939" lon="147.981067"><ele>294.5</ele></trkpt>
    <trkpt lat="-43.219922" lon="147.981163"><ele>294.9</ele></trkpt>
    <trkpt lat="-43.219927" lon="147.981210"><ele>295.1</ele></trkpt>
    <trkpt lat="-43.219932" lon="147.981283"><ele>295.5</ele></trkpt>
    <trkpt lat="-43.219923" lon="147.981322"><ele>295.8</ele></trkpt>
    <trkpt lat="-43.219920" lon="147.981353"><ele>296.0</ele></trkpt>
    <trkpt lat="-43.219931" lon="147.981396"><ele>296.2</ele></trkpt>
    <trkpt lat="-43.219976" lon="147.981443"><ele>296.7</ele></trkpt>
    <trkpt lat="-43.219998" lon="147.981455"><ele>296.9</ele></trkpt>
    <trkpt lat="-43.220026" lon="147.981486"><ele>297.2</ele></trkpt>
    <trkpt lat="-43.220046" lon="147.981487"><ele>297.1</ele></trkpt>
    <trkpt lat="-43.220058" lon="147.981471"><ele>297.1</ele></trkpt>
    <trkpt lat="-43.220086" lon="147.981472"><ele>297.1</ele></trkpt>
    <trkpt lat="-43.220131" lon="147.981496"><ele>297.0</ele></trkpt>
    <trkpt lat="-43.220139" lon="147.981527"><ele>297.0</ele></trkpt>
    <trkpt lat="-43.220162" lon="147.981554"><ele>296.9</ele></trkpt>
    <trkpt lat="-43.220167" lon="147.981601"><ele>296.9</ele></trkpt>
    <trkpt lat="-43.220178" lon="147.981659"><ele>296.8</ele></trkpt>
    <trkpt lat="-43.220200" lon="147.981702"><ele>296.6</ele></trkpt>
    <trkpt lat="-43.220225" lon="147.981730"><ele>296.4</ele></trkpt>
    <trkpt lat="-43.220251" lon="147.981742"><ele>296.1</ele></trkpt>
    <trkpt lat="-43.220273" lon="147.981758"><ele>295.9</ele></trkpt>
    <trkpt lat="-43.220307" lon="147.981774"><ele>295.6</ele></trkpt>
    <trkpt lat="-43.220369" lon="147.981817"><ele>295.1</ele></trkpt>
    <trkpt lat="-43.220406" lon="147.981826"><ele>294.8</ele></trkpt>
    <trkpt lat="-43.220434" lon="147.981849"><ele>294.5</ele></trkpt>
    <trkpt lat="-43.220465" lon="147.981861"><ele>294.2</ele></trkpt>
    <trkpt lat="-43.220505" lon="147.981881"><ele>293.9</ele></trkpt>
    <trkpt lat="-43.220527" lon="147.981882"><ele>293.7</ele></trkpt>
    <trkpt lat="-43.220555" lon="147.981909"><ele>293.4</ele></trkpt>
    <trkpt lat="-43.220577" lon="147.981968"><ele>293.0</ele></trkpt>
    <trkpt lat="-43.220603" lon="147.981995"><ele>292.8</ele></trkpt>
    <trkpt lat="-43.220651" lon="147.982027"><ele>292.3</ele></trkpt>
    <trkpt lat="-43.220698" lon="147.982094"><ele>291.8</ele></trkpt>
    <trkpt lat="-43.220734" lon="147.982145"><ele>291.3</ele></trkpt>
    <trkpt lat="-43.220757" lon="147.982184"><ele>291.0</ele></trkpt>
    <trkpt lat="-43.220773" lon="147.982250"><ele>290.6</ele></trkpt>
    <trkpt lat="-43.220787" lon="147.982296"><ele>290.3</ele></trkpt>
    <trkpt lat="-43.220801" lon="147.982335"><ele>290.0</ele></trkpt>
    <trkpt lat="-43.220803" lon="147.982374"><ele>289.7</ele></trkpt>
    <trkpt lat="-43.220797" lon="147.982424"><ele>289.4</ele></trkpt>
    <trkpt lat="-43.220797" lon="147.982459"><ele>289.1</ele></trkpt>
    <trkpt lat="-43.220799" lon="147.982541"><ele>288.5</ele></trkpt>
    <trkpt lat="-43.220799" lon="147.982575"><ele>288.2</ele></trkpt>
    <trkpt lat="-43.220790" lon="147.982626"><ele>287.8</ele></trkpt>
    <trkpt lat="-43.220764" lon="147.982695"><ele>287.2</ele></trkpt>
    <trkpt lat="-43.220758" lon="147.982718"><ele>287.2</ele></trkpt>
    <trkpt lat="-43.220746" lon="147.982733"><ele>287.2</ele></trkpt>
    <trkpt lat="-43.220718" lon="147.982748"><ele>287.1</ele></trkpt>
    <trkpt lat="-43.220695" lon="147.982775"><ele>287.0</ele></trkpt>
    <trkpt lat="-43.220678" lon="147.982810"><ele>286.9</ele></trkpt>
    <trkpt lat="-43.220683" lon="147.982856"><ele>286.9</ele></trkpt>
    <trkpt lat="-43.220694" lon="147.982938"><ele>286.7</ele></trkpt>
    <trkpt lat="-43.220707" lon="147.983000"><ele>286.6</ele></trkpt>
    <trkpt lat="-43.220730" lon="147.983043"><ele>286.8</ele></trkpt>
    <trkpt lat="-43.220755" lon="147.983059"><ele>286.9</ele></trkpt>
    <trkpt lat="-43.220777" lon="147.983094"><ele>287.0</ele></trkpt>
    <trkpt lat="-43.220788" lon="147.983125"><ele>287.1</ele></trkpt>
    <trkpt lat="-43.220797" lon="147.983156"><ele>287.2</ele></trkpt>
    <trkpt lat="-43.220805" lon="147.983187"><ele>287.3</ele></trkpt>
    <trkpt lat="-43.220805" lon="147.983211"><ele>287.4</ele></trkpt>
    <trkpt lat="-43.220799" lon="147.983238"><ele>287.4</ele></trkpt>
    <trkpt lat="-43.220748" lon="147.983252"><ele>287.7</ele></trkpt>
    <trkpt lat="-43.220705" lon="147.983283"><ele>287.8</ele></trkpt>
    <trkpt lat="-43.220665" lon="147.983317"><ele>287.9</ele></trkpt>
    <trkpt lat="-43.220648" lon="147.983332"><ele>288.0</ele></trkpt>
    <trkpt lat="-43.220631" lon="147.983347"><ele>288.1</ele></trkpt>
    <trkpt lat="-43.220608" lon="147.983347"><ele>288.1</ele></trkpt>
    <trkpt lat="-43.220568" lon="147.983335"><ele>288.2</ele></trkpt>
    <trkpt lat="-43.220549" lon="147.983330"><ele>288.3</ele></trkpt>
    <trkpt lat="-43.220495" lon="147.983279"><ele>288.5</ele></trkpt>
    <trkpt lat="-43.220453" lon="147.983244"><ele>288.5</ele></trkpt>
    <trkpt lat="-43.220417" lon="147.983216"><ele>288.5</ele></trkpt>
    <trkpt lat="-43.220391" lon="147.983204"><ele>288.6</ele></trkpt>
    <trkpt lat="-43.220354" lon="147.983227"><ele>288.6</ele></trkpt>
    <trkpt lat="-43.220317" lon="147.983226"><ele>288.6</ele></trkpt>
    <trkpt lat="-43.220272" lon="147.983280"><ele>288.7</ele></trkpt>
    <trkpt lat="-43.220243" lon="147.983310"><ele>288.8</ele></trkpt>
    <trkpt lat="-43.220220" lon="147.983376"><ele>289.0</ele></trkpt>
    <trkpt lat="-43.220205" lon="147.983426"><ele>289.2</ele></trkpt>
    <trkpt lat="-43.220230" lon="147.983504"><ele>289.4</ele></trkpt>
    <trkpt lat="-43.220252" lon="147.983562"><ele>289.6</ele></trkpt>
    <trkpt lat="-43.220283" lon="147.983597"><ele>289.7</ele></trkpt>
    <trkpt lat="-43.220299" lon="147.983660"><ele>289.6</ele></trkpt>
    <trkpt lat="-43.220307" lon="147.983714"><ele>289.5</ele></trkpt>
    <trkpt lat="-43.220327" lon="147.983741"><ele>289.5</ele></trkpt>
    <trkpt lat="-43.220361" lon="147.983750"><ele>289.4</ele></trkpt>
    <trkpt lat="-43.220401" lon="147.983766"><ele>289.3</ele></trkpt>
    <trkpt lat="-43.220437" lon="147.983797"><ele>289.2</ele></trkpt>
    <trkpt lat="-43.220443" lon="147.983821"><ele>289.2</ele></trkpt>
    <trkpt lat="-43.220470" lon="147.983895"><ele>288.9</ele></trkpt>
    <trkpt lat="-43.220470" lon="147.983945"><ele>288.6</ele></trkpt>
    <trkpt lat="-43.220472" lon="147.983976"><ele>288.5</ele></trkpt>
    <trkpt lat="-43.220511" lon="147.984058"><ele>288.0</ele></trkpt>
    <trkpt lat="-43.220558" lon="147.984171"><ele>287.4</ele></trkpt>
    <trkpt lat="-43.220567" lon="147.984222"><ele>287.3</ele></trkpt>
    <trkpt lat="-43.220554" lon="147.984318"><ele>287.0</ele></trkpt>
    <trkpt lat="-43.220582" lon="147.984377"><ele>286.9</ele></trkpt>
    <trkpt lat="-43.220613" lon="147.984466"><ele>286.6</ele></trkpt>
    <trkpt lat="-43.220637" lon="147.984533"><ele>286.4</ele></trkpt>
    <trkpt lat="-43.220654" lon="147.984591"><ele>286.4</ele></trkpt>
    <trkpt lat="-43.220659" lon="147.984634"><ele>286.3</ele></trkpt>
    <trkpt lat="-43.220673" lon="147.984669"><ele>286.3</ele></trkpt>
    <trkpt lat="-43.220690" lon="147.984742"><ele>286.1</ele></trkpt>
    <trkpt lat="-43.220700" lon="147.984789"><ele>286.1</ele></trkpt>
    <trkpt lat="-43.220691" lon="147.984855"><ele>286.0</ele></trkpt>
    <trkpt lat="-43.220691" lon="147.984878"><ele>285.9</ele></trkpt>
    <trkpt lat="-43.220694" lon="147.984928"><ele>285.7</ele></trkpt>
    <trkpt lat="-43.220685" lon="147.984967"><ele>285.5</ele></trkpt>
    <trkpt lat="-43.220650" lon="147.985032"><ele>285.1</ele></trkpt>
    <trkpt lat="-43.220613" lon="147.985125"><ele>284.5</ele></trkpt>
    <trkpt lat="-43.220601" lon="147.985132"><ele>284.5</ele></trkpt>
    <trkpt lat="-43.220584" lon="147.985155"><ele>284.3</ele></trkpt>
    <trkpt lat="-43.220555" lon="147.985228"><ele>283.9</ele></trkpt>
    <trkpt lat="-43.220543" lon="147.985313"><ele>283.6</ele></trkpt>
    <trkpt lat="-43.220528" lon="147.985356"><ele>283.3</ele></trkpt>
    <trkpt lat="-43.220528" lon="147.985371"><ele>283.3</ele></trkpt>
    <trkpt lat="-43.220505" lon="147.985402"><ele>283.1</ele></trkpt>
    <trkpt lat="-43.220488" lon="147.985417"><ele>283.0</ele></trkpt>
    <trkpt lat="-43.220480" lon="147.985432"><ele>282.9</ele></trkpt>
    <trkpt lat="-43.220479" lon="147.985463"><ele>282.8</ele></trkpt>
    <trkpt lat="-43.220499" lon="147.985541"><ele>282.4</ele></trkpt>
    <trkpt lat="-43.220535" lon="147.985611"><ele>281.9</ele></trkpt>
    <trkpt lat="-43.220571" lon="147.985666"><ele>281.5</ele></trkpt>
    <trkpt lat="-43.220599" lon="147.985698"><ele>281.2</ele></trkpt>
    <trkpt lat="-43.220613" lon="147.985744"><ele>280.9</ele></trkpt>
    <trkpt lat="-43.220612" lon="147.985872"><ele>280.0</ele></trkpt>
    <trkpt lat="-43.220597" lon="147.985938"><ele>279.3</ele></trkpt>
    <trkpt lat="-43.220574" lon="147.985999"><ele>278.6</ele></trkpt>
    <trkpt lat="-43.220559" lon="147.986046"><ele>278.1</ele></trkpt>
    <trkpt lat="-43.220556" lon="147.986069"><ele>277.9</ele></trkpt>
    <trkpt lat="-43.220539" lon="147.986084"><ele>277.6</ele></trkpt>
    <trkpt lat="-43.220522" lon="147.986103"><ele>277.3</ele></trkpt>
    <trkpt lat="-43.220508" lon="147.986095"><ele>277.1</ele></trkpt>
    <trkpt lat="-43.220485" lon="147.986122"><ele>276.8</ele></trkpt>
    <trkpt lat="-43.220482" lon="147.986199"><ele>276.2</ele></trkpt>
    <trkpt lat="-43.220495" lon="147.986304"><ele>275.4</ele></trkpt>
    <trkpt lat="-43.220522" lon="147.986413"><ele>274.6</ele></trkpt>
    <trkpt lat="-43.220539" lon="147.986463"><ele>274.2</ele></trkpt>
    <trkpt lat="-43.220558" lon="147.986491"><ele>274.0</ele></trkpt>
    <trkpt lat="-43.220569" lon="147.986510"><ele>273.9</ele></trkpt>
    <trkpt lat="-43.220580" lon="147.986549"><ele>273.8</ele></trkpt>
    <trkpt lat="-43.220583" lon="147.986608"><ele>273.5</ele></trkpt>
    <trkpt lat="-43.220585" lon="147.986712"><ele>273.1</ele></trkpt>
    <trkpt lat="-43.220584" lon="147.986755"><ele>272.9</ele></trkpt>
    <trkpt lat="-43.220590" lon="147.986790"><ele>272.7</ele></trkpt>
    <trkpt lat="-43.220601" lon="147.986805"><ele>272.6</ele></trkpt>
    <trkpt lat="-43.220609" lon="147.986848"><ele>272.3</ele></trkpt>
    <trkpt lat="-43.220603" lon="147.986902"><ele>272.0</ele></trkpt>
    <trkpt lat="-43.220594" lon="147.986979"><ele>271.4</ele></trkpt>
    <trkpt lat="-43.220582" lon="147.987030"><ele>271.0</ele></trkpt>
    <trkpt lat="-43.220573" lon="147.987068"><ele>270.7</ele></trkpt>
    <trkpt lat="-43.220556" lon="147.987126"><ele>270.3</ele></trkpt>
    <trkpt lat="-43.220535" lon="147.987168"><ele>269.9</ele></trkpt>
    <trkpt lat="-43.220527" lon="147.987215"><ele>269.6</ele></trkpt>
    <trkpt lat="-43.220523" lon="147.987249"><ele>269.3</ele></trkpt>
    <trkpt lat="-43.220512" lon="147.987280"><ele>269.1</ele></trkpt>
    <trkpt lat="-43.220523" lon="147.987331"><ele>268.7</ele></trkpt>
    <trkpt lat="-43.220517" lon="147.987362"><ele>268.5</ele></trkpt>
    <trkpt lat="-43.220531" lon="147.987397"><ele>268.2</ele></trkpt>
    <trkpt lat="-43.220578" lon="147.987463"><ele>267.5</ele></trkpt>
    <trkpt lat="-43.220626" lon="147.987549"><ele>266.6</ele></trkpt>
    <trkpt lat="-43.220670" lon="147.987639"><ele>265.7</ele></trkpt>
    <trkpt lat="-43.220712" lon="147.987717"><ele>264.9</ele></trkpt>
    <trkpt lat="-43.220748" lon="147.987780"><ele>264.2</ele></trkpt>
    <trkpt lat="-43.220790" lon="147.987831"><ele>263.1</ele></trkpt>
    <trkpt lat="-43.220810" lon="147.987862"><ele>262.4</ele></trkpt>
    <trkpt lat="-43.220821" lon="147.987874"><ele>262.1</ele></trkpt>
    <trkpt lat="-43.220840" lon="147.987936"><ele>261.1</ele></trkpt>
    <trkpt lat="-43.220874" lon="147.987964"><ele>260.3</ele></trkpt>
    <trkpt lat="-43.220897" lon="147.987987"><ele>259.7</ele></trkpt>
    <trkpt lat="-43.220896" lon="147.988096"><ele>258.1</ele></trkpt>
    <trkpt lat="-43.220918" lon="147.988154"><ele>257.2</ele></trkpt>
    <trkpt lat="-43.220943" lon="147.988190"><ele>256.6</ele></trkpt>
    <trkpt lat="-43.220968" lon="147.988217"><ele>256.0</ele></trkpt>
    <trkpt lat="-43.221015" lon="147.988346"><ele>254.1</ele></trkpt>
    <trkpt lat="-43.221063" lon="147.988451"><ele>253.2</ele></trkpt>
    <trkpt lat="-43.221093" lon="147.988529"><ele>252.8</ele></trkpt>
    <trkpt lat="-43.221124" lon="147.988580"><ele>252.5</ele></trkpt>
    <trkpt lat="-43.221143" lon="147.988619"><ele>252.3</ele></trkpt>
    <trkpt lat="-43.221131" lon="147.988704"><ele>251.9</ele></trkpt>
    <trkpt lat="-43.221114" lon="147.988754"><ele>251.8</ele></trkpt>
    <trkpt lat="-43.221110" lon="147.988804"><ele>251.6</ele></trkpt>
    <trkpt lat="-43.221102" lon="147.988831"><ele>251.6</ele></trkpt>
    <trkpt lat="-43.221101" lon="147.988893"><ele>251.4</ele></trkpt>
    <trkpt lat="-43.221101" lon="147.988932"><ele>251.4</ele></trkpt>
    <trkpt lat="-43.221095" lon="147.988963"><ele>251.3</ele></trkpt>
    <trkpt lat="-43.221075" lon="147.988970"><ele>251.2</ele></trkpt>
    <trkpt lat="-43.221004" lon="147.989000"><ele>251.1</ele></trkpt>
    <trkpt lat="-43.220967" lon="147.989023"><ele>251.2</ele></trkpt>
    <trkpt lat="-43.220916" lon="147.989064"><ele>251.3</ele></trkpt>
    <trkpt lat="-43.220875" lon="147.989130"><ele>251.4</ele></trkpt>
    <trkpt lat="-43.220849" lon="147.989183"><ele>251.5</ele></trkpt>
    <trkpt lat="-43.220835" lon="147.989206"><ele>251.5</ele></trkpt>
    <trkpt lat="-43.220840" lon="147.989268"><ele>251.7</ele></trkpt>
    <trkpt lat="-43.220845" lon="147.989346"><ele>252.1</ele></trkpt>
    <trkpt lat="-43.220853" lon="147.989404"><ele>252.4</ele></trkpt>
    <trkpt lat="-43.220836" lon="147.989478"><ele>252.8</ele></trkpt>
    <trkpt lat="-43.220827" lon="147.989512"><ele>252.9</ele></trkpt>
    <trkpt lat="-43.220795" lon="147.989539"><ele>253.2</ele></trkpt>
    <trkpt lat="-43.220753" lon="147.989581"><ele>253.3</ele></trkpt>
    <trkpt lat="-43.220724" lon="147.989604"><ele>253.4</ele></trkpt>
    <trkpt lat="-43.220710" lon="147.989638"><ele>253.4</ele></trkpt>
    <trkpt lat="-43.220717" lon="147.989708"><ele>253.4</ele></trkpt>
    <trkpt lat="-43.220734" lon="147.989762"><ele>253.5</ele></trkpt>
    <trkpt lat="-43.220722" lon="147.989813"><ele>253.5</ele></trkpt>
    <trkpt lat="-43.220693" lon="147.989874"><ele>253.4</ele></trkpt>
    <trkpt lat="-43.220656" lon="147.989966"><ele>252.5</ele></trkpt>
    <trkpt lat="-43.220650" lon="147.990028"><ele>252.0</ele></trkpt>
    <trkpt lat="-43.220646" lon="147.990156"><ele>250.9</ele></trkpt>
    <trkpt lat="-43.220634" lon="147.990237"><ele>250.1</ele></trkpt>
    <trkpt lat="-43.220633" lon="147.990299"><ele>249.3</ele></trkpt>
    <trkpt lat="-43.220619" lon="147.990326"><ele>248.8</ele></trkpt>
    <trkpt lat="-43.220593" lon="147.990364"><ele>248.2</ele></trkpt>
    <trkpt lat="-43.220592" lon="147.990446"><ele>247.1</ele></trkpt>
    <trkpt lat="-43.220611" lon="147.990551"><ele>245.7</ele></trkpt>
    <trkpt lat="-43.220619" lon="147.990640"><ele>244.1</ele></trkpt>
    <trkpt lat="-43.220624" lon="147.990698"><ele>243.0</ele></trkpt>
    <trkpt lat="-43.220618" lon="147.990740"><ele>242.2</ele></trkpt>
    <trkpt lat="-43.220580" lon="147.990806"><ele>240.6</ele></trkpt>
    <trkpt lat="-43.220566" lon="147.990887"><ele>239.1</ele></trkpt>
    <trkpt lat="-43.220568" lon="147.990945"><ele>237.7</ele></trkpt>
    <trkpt lat="-43.220598" lon="147.991058"><ele>234.8</ele></trkpt>
    <trkpt lat="-43.220623" lon="147.991136"><ele>232.7</ele></trkpt>
    <trkpt lat="-43.220623" lon="147.991174"><ele>231.7</ele></trkpt>
    <trkpt lat="-43.220611" lon="147.991228"><ele>230.3</ele></trkpt>
    <trkpt lat="-43.220619" lon="147.991279"><ele>229.0</ele></trkpt>
    <trkpt lat="-43.220652" lon="147.991349"><ele>226.9</ele></trkpt>
    <trkpt lat="-43.220663" lon="147.991419"><ele>225.1</ele></trkpt>
    <trkpt lat="-43.220674" lon="147.991477"><ele>223.6</ele></trkpt>
    <trkpt lat="-43.220696" lon="147.991532"><ele>221.9</ele></trkpt>
    <trkpt lat="-43.220732" lon="147.991590"><ele>220.0</ele></trkpt>
    <trkpt lat="-43.220752" lon="147.991633"><ele>218.7</ele></trkpt>
    <trkpt lat="-43.220769" lon="147.991645"><ele>218.0</ele></trkpt>
    <trkpt lat="-43.220777" lon="147.991676"><ele>217.1</ele></trkpt>
    <trkpt lat="-43.220762" lon="147.991723"><ele>215.8</ele></trkpt>
    <trkpt lat="-43.220771" lon="147.991754"><ele>214.9</ele></trkpt>
    <trkpt lat="-43.220813" lon="147.991813"><ele>212.7</ele></trkpt>
    <trkpt lat="-43.220832" lon="147.991836"><ele>211.8</ele></trkpt>
    <trkpt lat="-43.220852" lon="147.991860"><ele>210.9</ele></trkpt>
    <trkpt lat="-43.220863" lon="147.991871"><ele>210.4</ele></trkpt>
    <trkpt lat="-43.220845" lon="147.991968"><ele>208.9</ele></trkpt>
    <trkpt lat="-43.220808" lon="147.992056"><ele>207.5</ele></trkpt>
    <trkpt lat="-43.220787" lon="147.992145"><ele>206.1</ele></trkpt>
    <trkpt lat="-43.220775" lon="147.992211"><ele>205.1</ele></trkpt>
    <trkpt lat="-43.220763" lon="147.992327"><ele>204.0</ele></trkpt>
    <trkpt lat="-43.220762" lon="147.992427"><ele>203.2</ele></trkpt>
    <trkpt lat="-43.220762" lon="147.992458"><ele>202.9</ele></trkpt>
    <trkpt lat="-43.220764" lon="147.992497"><ele>202.5</ele></trkpt>
    <trkpt lat="-43.220764" lon="147.992513"><ele>202.4</ele></trkpt>
    <trkpt lat="-43.220752" lon="147.992540"><ele>202.1</ele></trkpt>
    <trkpt lat="-43.220724" lon="147.992551"><ele>201.8</ele></trkpt>
    <trkpt lat="-43.220684" lon="147.992562"><ele>201.5</ele></trkpt>
    <trkpt lat="-43.220625" lon="147.992503"><ele>201.1</ele></trkpt>
    <trkpt lat="-43.220561" lon="147.992444"><ele>200.7</ele></trkpt>
    <trkpt lat="-43.220493" lon="147.992377"><ele>200.2</ele></trkpt>
    <trkpt lat="-43.220423" lon="147.992329"><ele>199.8</ele></trkpt>
    <trkpt lat="-43.220378" lon="147.992278"><ele>199.6</ele></trkpt>
    <trkpt lat="-43.220356" lon="147.992247"><ele>199.5</ele></trkpt>
    <trkpt lat="-43.220313" lon="147.992223"><ele>199.3</ele></trkpt>
    <trkpt lat="-43.220368" lon="147.992425"><ele>199.0</ele></trkpt>
    <trkpt lat="-43.220406" lon="147.992588"><ele>199.0</ele></trkpt>
    <trkpt lat="-43.220431" lon="147.992682"><ele>198.5</ele></trkpt>
    <trkpt lat="-43.220456" lon="147.992748"><ele>197.5</ele></trkpt>
    <trkpt lat="-43.220461" lon="147.992810"><ele>196.7</ele></trkpt>
    <trkpt lat="-43.220449" lon="147.992848"><ele>196.2</ele></trkpt>
    <trkpt lat="-43.220423" lon="147.992910"><ele>195.3</ele></trkpt>
    <trkpt lat="-43.220426" lon="147.992972"><ele>194.5</ele></trkpt>
    <trkpt lat="-43.220451" lon="147.993038"><ele>193.7</ele></trkpt>
    <trkpt lat="-43.220467" lon="147.993131"><ele>192.9</ele></trkpt>
    <trkpt lat="-43.220472" lon="147.993170"><ele>192.5</ele></trkpt>
    <trkpt lat="-43.220500" lon="147.993225"><ele>191.9</ele></trkpt>
    <trkpt lat="-43.220525" lon="147.993256"><ele>191.5</ele></trkpt>
    <trkpt lat="-43.220564" lon="147.993373"><ele>190.7</ele></trkpt>
    <trkpt lat="-43.220586" lon="147.993412"><ele>190.5</ele></trkpt>
    <trkpt lat="-43.220606" lon="147.993432"><ele>190.4</ele></trkpt>
    <trkpt lat="-43.220634" lon="147.993440"><ele>190.3</ele></trkpt>
    <trkpt lat="-43.220657" lon="147.993452"><ele>190.2</ele></trkpt>
    <trkpt lat="-43.220671" lon="147.993464"><ele>190.1</ele></trkpt>
    <trkpt lat="-43.220701" lon="147.993515"><ele>189.9</ele></trkpt>
    <trkpt lat="-43.220701" lon="147.993581"><ele>189.7</ele></trkpt>
    <trkpt lat="-43.220674" lon="147.993743"><ele>190.1</ele></trkpt>
    <trkpt lat="-43.220669" lon="147.993940"><ele>190.5</ele></trkpt>
    <trkpt lat="-43.220690" lon="147.994154"><ele>191.1</ele></trkpt>
    <trkpt lat="-43.220723" lon="147.994294"><ele>191.5</ele></trkpt>
    <trkpt lat="-43.220756" lon="147.994356"><ele>192.2</ele></trkpt>
    <trkpt lat="-43.220773" lon="147.994387"><ele>192.6</ele></trkpt>
    <trkpt lat="-43.220784" lon="147.994469"><ele>193.3</ele></trkpt>
    <trkpt lat="-43.220811" lon="147.994570"><ele>194.4</ele></trkpt>
    <trkpt lat="-43.220822" lon="147.994640"><ele>195.0</ele></trkpt>
    <trkpt lat="-43.220849" lon="147.994760"><ele>195.9</ele></trkpt>
    <trkpt lat="-43.220883" lon="147.994823"><ele>196.4</ele></trkpt>
    <trkpt lat="-43.220925" lon="147.994889"><ele>197.0</ele></trkpt>
    <trkpt lat="-43.220967" lon="147.994944"><ele>197.5</ele></trkpt>
    <trkpt lat="-43.221056" lon="147.995031"><ele>198.3</ele></trkpt>
    <trkpt lat="-43.221115" lon="147.995167"><ele>199.1</ele></trkpt>
    <trkpt lat="-43.221146" lon="147.995203"><ele>199.3</ele></trkpt>
    <trkpt lat="-43.221204" lon="147.995297"><ele>199.7</ele></trkpt>
    <trkpt lat="-43.221226" lon="147.995382"><ele>199.9</ele></trkpt>
    <trkpt lat="-43.221257" lon="147.995422"><ele>200.1</ele></trkpt>
    <trkpt lat="-43.221344" lon="147.995555"><ele>200.7</ele></trkpt>
    <trkpt lat="-43.221377" lon="147.995617"><ele>201.1</ele></trkpt>
    <trkpt lat="-43.221405" lon="147.995656"><ele>201.3</ele></trkpt>
    <trkpt lat="-43.221447" lon="147.995773"><ele>201.9</ele></trkpt>
    <trkpt lat="-43.221468" lon="147.995886"><ele>202.6</ele></trkpt>
    <trkpt lat="-43.221504" lon="147.995987"><ele>203.3</ele></trkpt>
    <trkpt lat="-43.221532" lon="147.996081"><ele>203.9</ele></trkpt>
    <trkpt lat="-43.221557" lon="147.996151"><ele>204.4</ele></trkpt>
    <trkpt lat="-43.221570" lon="147.996201"><ele>204.7</ele></trkpt>
    <trkpt lat="-43.221581" lon="147.996232"><ele>204.9</ele></trkpt>
    <trkpt lat="-43.221580" lon="147.996282"><ele>205.2</ele></trkpt>
    <trkpt lat="-43.221580" lon="147.996309"><ele>205.4</ele></trkpt>
    <trkpt lat="-43.221578" lon="147.996338"><ele>205.6</ele></trkpt>
    <trkpt lat="-43.221586" lon="147.996388"><ele>205.9</ele></trkpt>
    <trkpt lat="-43.221596" lon="147.996460"><ele>206.3</ele></trkpt>
    <trkpt lat="-43.221591" lon="147.996518"><ele>206.7</ele></trkpt>
    <trkpt lat="-43.221593" lon="147.996570"><ele>207.0</ele></trkpt>
    <trkpt lat="-43.221590" lon="147.996598"><ele>207.2</ele></trkpt>
    <trkpt lat="-43.221574" lon="147.996644"><ele>207.5</ele></trkpt>
    <trkpt lat="-43.221573" lon="147.996665"><ele>207.6</ele></trkpt>
    <trkpt lat="-43.221579" lon="147.996721"><ele>208.0</ele></trkpt>
    <trkpt lat="-43.221579" lon="147.996764"><ele>208.3</ele></trkpt>
    <trkpt lat="-43.221564" lon="147.996843"><ele>208.8</ele></trkpt>
    <trkpt lat="-43.221559" lon="147.996886"><ele>209.0</ele></trkpt>
    <trkpt lat="-43.221551" lon="147.996903"><ele>209.2</ele></trkpt>
    <trkpt lat="-43.221525" lon="147.996922"><ele>209.4</ele></trkpt>
    <trkpt lat="-43.221504" lon="147.996947"><ele>209.7</ele></trkpt>
    <trkpt lat="-43.221482" lon="147.997016"><ele>210.1</ele></trkpt>
    <trkpt lat="-43.221468" lon="147.997093"><ele>210.6</ele></trkpt>
    <trkpt lat="-43.221466" lon="147.997149"><ele>211.0</ele></trkpt>
    <trkpt lat="-43.221463" lon="147.997180"><ele>211.2</ele></trkpt>
    <trkpt lat="-43.221446" lon="147.997211"><ele>211.4</ele></trkpt>
    <trkpt lat="-43.221443" lon="147.997246"><ele>211.5</ele></trkpt>
    <trkpt lat="-43.221445" lon="147.997310"><ele>211.8</ele></trkpt>
    <trkpt lat="-43.221426" lon="147.997379"><ele>212.2</ele></trkpt>
    <trkpt lat="-43.221420" lon="147.997455"><ele>212.5</ele></trkpt>
    <trkpt lat="-43.221443" lon="147.997560"><ele>213.0</ele></trkpt>
    <trkpt lat="-43.221468" lon="147.997653"><ele>213.3</ele></trkpt>
    <trkpt lat="-43.221516" lon="147.997768"><ele>213.8</ele></trkpt>
    <trkpt lat="-43.221549" lon="147.997856"><ele>214.1</ele></trkpt>
    <trkpt lat="-43.221563" lon="147.997920"><ele>214.2</ele></trkpt>
    <trkpt lat="-43.221576" lon="147.998054"><ele>214.5</ele></trkpt>
    <trkpt lat="-43.221581" lon="147.998112"><ele>214.6</ele></trkpt>
    <trkpt lat="-43.221634" lon="147.998211"><ele>214.9</ele></trkpt>
    <trkpt lat="-43.221669" lon="147.998276"><ele>214.8</ele></trkpt>
    <trkpt lat="-43.221700" lon="147.998300"><ele>214.7</ele></trkpt>
    <trkpt lat="-43.221731" lon="147.998319"><ele>214.7</ele></trkpt>
    <trkpt lat="-43.221779" lon="147.998367"><ele>214.6</ele></trkpt>
    <trkpt lat="-43.221814" lon="147.998398"><ele>214.5</ele></trkpt>
    <trkpt lat="-43.221845" lon="147.998434"><ele>214.4</ele></trkpt>
    <trkpt lat="-43.221895" lon="147.998475"><ele>214.2</ele></trkpt>
    <trkpt lat="-43.221918" lon="147.998514"><ele>214.2</ele></trkpt>
    <trkpt lat="-43.221930" lon="147.998532"><ele>214.1</ele></trkpt>
    <trkpt lat="-43.221965" lon="147.998548"><ele>214.0</ele></trkpt>
    <trkpt lat="-43.221985" lon="147.998556"><ele>214.0</ele></trkpt>
    <trkpt lat="-43.222009" lon="147.998547"><ele>213.9</ele></trkpt>
    <trkpt lat="-43.222048" lon="147.998516"><ele>213.8</ele></trkpt>
    <trkpt lat="-43.222086" lon="147.998509"><ele>213.7</ele></trkpt>
    <trkpt lat="-43.222127" lon="147.998514"><ele>213.6</ele></trkpt>
    <trkpt lat="-43.222168" lon="147.998530"><ele>213.5</ele></trkpt>
    <trkpt lat="-43.222196" lon="147.998544"><ele>213.5</ele></trkpt>
    <trkpt lat="-43.222220" lon="147.998573"><ele>213.4</ele></trkpt>
    <trkpt lat="-43.222233" lon="147.998595"><ele>213.4</ele></trkpt>
    <trkpt lat="-43.222240" lon="147.998609"><ele>213.3</ele></trkpt>
    <trkpt lat="-43.222267" lon="147.998696"><ele>213.2</ele></trkpt>
    <trkpt lat="-43.222295" lon="147.998731"><ele>213.1</ele></trkpt>
    <trkpt lat="-43.222343" lon="147.998802"><ele>213.0</ele></trkpt>
    <trkpt lat="-43.222373" lon="147.998926"><ele>212.9</ele></trkpt>
    <trkpt lat="-43.222380" lon="147.999031"><ele>212.7</ele></trkpt>
    <trkpt lat="-43.222425" lon="147.999082"><ele>212.6</ele></trkpt>
    <trkpt lat="-43.222455" lon="147.999203"><ele>212.4</ele></trkpt>
    <trkpt lat="-43.222480" lon="147.999331"><ele>212.1</ele></trkpt>
    <trkpt lat="-43.222516" lon="147.999374"><ele>212.0</ele></trkpt>
    <trkpt lat="-43.222603" lon="147.999437"><ele>212.2</ele></trkpt>
    <trkpt lat="-43.222677" lon="147.999454"><ele>212.3</ele></trkpt>
    <trkpt lat="-43.222734" lon="147.999459"><ele>212.4</ele></trkpt>
    <trkpt lat="-43.222829" lon="147.999569"><ele>212.5</ele></trkpt>
    <trkpt lat="-43.222851" lon="147.999608"><ele>212.5</ele></trkpt>
    <trkpt lat="-43.222933" lon="147.999683"><ele>212.6</ele></trkpt>
    <trkpt lat="-43.222961" lon="147.999734"><ele>212.7</ele></trkpt>
    <trkpt lat="-43.222977" lon="147.999781"><ele>212.6</ele></trkpt>
    <trkpt lat="-43.223021" lon="147.999940"><ele>212.2</ele></trkpt>
    <trkpt lat="-43.223049" lon="148.000022"><ele>212.0</ele></trkpt>
    <trkpt lat="-43.223096" lon="148.000077"><ele>211.9</ele></trkpt>
    <trkpt lat="-43.223206" lon="148.000152"><ele>211.6</ele></trkpt>
    <trkpt lat="-43.223302" lon="148.000181"><ele>211.4</ele></trkpt>
    <trkpt lat="-43.223373" lon="148.000190"><ele>210.9</ele></trkpt>
    <trkpt lat="-43.223410" lon="148.000190"><ele>210.5</ele></trkpt>
    <trkpt lat="-43.223477" lon="148.000238"><ele>209.8</ele></trkpt>
    <trkpt lat="-43.223539" lon="148.000316"><ele>209.1</ele></trkpt>
    <trkpt lat="-43.223564" lon="148.000383"><ele>208.2</ele></trkpt>
    <trkpt lat="-43.223566" lon="148.000418"><ele>207.7</ele></trkpt>
    <trkpt lat="-43.223628" lon="148.000539"><ele>205.4</ele></trkpt>
    <trkpt lat="-43.223670" lon="148.000590"><ele>204.2</ele></trkpt>
    <trkpt lat="-43.223697" lon="148.000671"><ele>202.7</ele></trkpt>
    <trkpt lat="-43.223722" lon="148.000757"><ele>200.5</ele></trkpt>
    <trkpt lat="-43.223756" lon="148.000812"><ele>198.8</ele></trkpt>
    <trkpt lat="-43.223789" lon="148.000874"><ele>197.0</ele></trkpt>
    <trkpt lat="-43.223812" lon="148.000914"><ele>195.8</ele></trkpt>
    <trkpt lat="-43.223830" lon="148.000931"><ele>195.1</ele></trkpt>
    <trkpt lat="-43.223849" lon="148.000939"><ele>194.5</ele></trkpt>
    <trkpt lat="-43.223867" lon="148.000943"><ele>193.8</ele></trkpt>
    <trkpt lat="-43.223883" lon="148.000945"><ele>193.2</ele></trkpt>
    <trkpt lat="-43.223899" lon="148.000951"><ele>192.6</ele></trkpt>
    <trkpt lat="-43.223914" lon="148.000951"><ele>192.1</ele></trkpt>
    <trkpt lat="-43.223925" lon="148.000953"><ele>191.7</ele></trkpt>
    <trkpt lat="-43.223935" lon="148.000955"><ele>191.3</ele></trkpt>
    <trkpt lat="-43.223946" lon="148.000957"><ele>190.9</ele></trkpt>
    <trkpt lat="-43.223952" lon="148.000965"><ele>190.6</ele></trkpt>
    <trkpt lat="-43.223968" lon="148.001009"><ele>189.3</ele></trkpt>
    <trkpt lat="-43.223979" lon="148.001063"><ele>187.7</ele></trkpt>
    <trkpt lat="-43.223981" lon="148.001116"><ele>186.3</ele></trkpt>
    <trkpt lat="-43.223994" lon="148.001151"><ele>185.3</ele></trkpt>
    <trkpt lat="-43.224027" lon="148.001221"><ele>182.7</ele></trkpt>
    <trkpt lat="-43.224056" lon="148.001274"><ele>180.4</ele></trkpt>
    <trkpt lat="-43.224083" lon="148.001305"><ele>178.8</ele></trkpt>
    <trkpt lat="-43.224140" lon="148.001355"><ele>175.6</ele></trkpt>
    <trkpt lat="-43.224247" lon="148.001432"><ele>169.9</ele></trkpt>
    <trkpt lat="-43.224286" lon="148.001464"><ele>167.8</ele></trkpt>
    <trkpt lat="-43.224304" lon="148.001480"><ele>166.7</ele></trkpt>
    <trkpt lat="-43.224331" lon="148.001458"><ele>165.2</ele></trkpt>
    <trkpt lat="-43.224360" lon="148.001432"><ele>163.6</ele></trkpt>
    <trkpt lat="-43.224384" lon="148.001406"><ele>162.1</ele></trkpt>
    <trkpt lat="-43.224393" lon="148.001367"><ele>160.7</ele></trkpt>
    <trkpt lat="-43.224400" lon="148.001325"><ele>159.2</ele></trkpt>
    <trkpt lat="-43.224402" lon="148.001305"><ele>158.5</ele></trkpt>
    <trkpt lat="-43.224415" lon="148.001276"><ele>157.4</ele></trkpt>
    <trkpt lat="-43.224423" lon="148.001267"><ele>156.9</ele></trkpt>
    <trkpt lat="-43.224433" lon="148.001257"><ele>156.4</ele></trkpt>
    <trkpt lat="-43.224443" lon="148.001260"><ele>155.9</ele></trkpt>
    <trkpt lat="-43.224478" lon="148.001268"><ele>154.4</ele></trkpt>
    <trkpt lat="-43.224542" lon="148.001317"><ele>151.2</ele></trkpt>
    <trkpt lat="-43.224599" lon="148.001348"><ele>148.5</ele></trkpt>
    <trkpt lat="-43.224637" lon="148.001367"><ele>146.7</ele></trkpt>
    <trkpt lat="-43.224677" lon="148.001374"><ele>145.0</ele></trkpt>
    <trkpt lat="-43.224701" lon="148.001375"><ele>144.0</ele></trkpt>
    <trkpt lat="-43.224734" lon="148.001389"><ele>142.5</ele></trkpt>
    <trkpt lat="-43.224773" lon="148.001390"><ele>140.8</ele></trkpt>
    <trkpt lat="-43.224808" lon="148.001383"><ele>139.3</ele></trkpt>
    <trkpt lat="-43.224840" lon="148.001377"><ele>137.9</ele></trkpt>
    <trkpt lat="-43.224877" lon="148.001382"><ele>136.3</ele></trkpt>
    <trkpt lat="-43.224906" lon="148.001387"><ele>135.1</ele></trkpt>
    <trkpt lat="-43.224938" lon="148.001411"><ele>133.4</ele></trkpt>
    <trkpt lat="-43.224958" lon="148.001425"><ele>132.3</ele></trkpt>
    <trkpt lat="-43.224974" lon="148.001416"><ele>131.5</ele></trkpt>
    <trkpt lat="-43.224986" lon="148.001402"><ele>130.8</ele></trkpt>
    <trkpt lat="-43.225000" lon="148.001393"><ele>130.0</ele></trkpt>
    <trkpt lat="-43.225015" lon="148.001389"><ele>129.3</ele></trkpt>
    <trkpt lat="-43.225030" lon="148.001410"><ele>128.3</ele></trkpt>
    <trkpt lat="-43.225045" lon="148.001440"><ele>127.1</ele></trkpt>
    <trkpt lat="-43.225075" lon="148.001452"><ele>125.6</ele></trkpt>
    <trkpt lat="-43.225090" lon="148.001457"><ele>124.9</ele></trkpt>
    <trkpt lat="-43.225151" lon="148.001460"><ele>122.4</ele></trkpt>
    <trkpt lat="-43.225179" lon="148.001470"><ele>121.8</ele></trkpt>
    <trkpt lat="-43.225194" lon="148.001475"><ele>121.4</ele></trkpt>
    <trkpt lat="-43.225213" lon="148.001475"><ele>121.0</ele></trkpt>
    <trkpt lat="-43.225284" lon="148.001437"><ele>119.3</ele></trkpt>
    <trkpt lat="-43.225347" lon="148.001429"><ele>117.8</ele></trkpt>
    <trkpt lat="-43.225398" lon="148.001437"><ele>116.7</ele></trkpt>
    <trkpt lat="-43.225430" lon="148.001430"><ele>116.0</ele></trkpt>
    <trkpt lat="-43.225475" lon="148.001438"><ele>115.0</ele></trkpt>
    <trkpt lat="-43.225505" lon="148.001431"><ele>114.3</ele></trkpt>
    <trkpt lat="-43.225534" lon="148.001432"><ele>113.7</ele></trkpt>
    <trkpt lat="-43.225551" lon="148.001428"><ele>113.3</ele></trkpt>
    <trkpt lat="-43.225580" lon="148.001414"><ele>112.6</ele></trkpt>
    <trkpt lat="-43.225598" lon="148.001401"><ele>112.1</ele></trkpt>
    <trkpt lat="-43.225630" lon="148.001390"><ele>111.4</ele></trkpt>
    <trkpt lat="-43.225650" lon="148.001381"><ele>110.9</ele></trkpt>
    <trkpt lat="-43.225662" lon="148.001377"><ele>110.7</ele></trkpt>
  </trkseg></trk>
  <trk><name>Side trip: Cape Hauy</name><trkseg>
    <trkpt lat="-43.145577" lon="147.991748"><ele>179.9</ele></trkpt>
    <trkpt lat="-43.145561" lon="147.991818"><ele>179.5</ele></trkpt>
    <trkpt lat="-43.145537" lon="147.991888"><ele>179.1</ele></trkpt>
    <trkpt lat="-43.145518" lon="147.991978"><ele>178.6</ele></trkpt>
    <trkpt lat="-43.145518" lon="147.992011"><ele>178.5</ele></trkpt>
    <trkpt lat="-43.145529" lon="147.992098"><ele>178.0</ele></trkpt>
    <trkpt lat="-43.145552" lon="147.992181"><ele>177.4</ele></trkpt>
    <trkpt lat="-43.145594" lon="147.992280"><ele>176.6</ele></trkpt>
    <trkpt lat="-43.145611" lon="147.992338"><ele>176.2</ele></trkpt>
    <trkpt lat="-43.145629" lon="147.992425"><ele>175.6</ele></trkpt>
    <trkpt lat="-43.145628" lon="147.992503"><ele>174.7</ele></trkpt>
    <trkpt lat="-43.145612" lon="147.992606"><ele>173.4</ele></trkpt>
    <trkpt lat="-43.145599" lon="147.992717"><ele>172.0</ele></trkpt>
    <trkpt lat="-43.145598" lon="147.992771"><ele>171.3</ele></trkpt>
    <trkpt lat="-43.145610" lon="147.992841"><ele>170.3</ele></trkpt>
    <trkpt lat="-43.145606" lon="147.992940"><ele>168.8</ele></trkpt>
    <trkpt lat="-43.145603" lon="147.993021"><ele>167.5</ele></trkpt>
    <trkpt lat="-43.145570" lon="147.993091"><ele>166.2</ele></trkpt>
    <trkpt lat="-43.145519" lon="147.993134"><ele>164.9</ele></trkpt>
    <trkpt lat="-43.145467" lon="147.993240"><ele>162.3</ele></trkpt>
    <trkpt lat="-43.145463" lon="147.993306"><ele>160.9</ele></trkpt>
    <trkpt lat="-43.145439" lon="147.993349"><ele>159.8</ele></trkpt>
    <trkpt lat="-43.145401" lon="147.993371"><ele>158.7</ele></trkpt>
    <trkpt lat="-43.145377" lon="147.993374"><ele>158.0</ele></trkpt>
    <trkpt lat="-43.145343" lon="147.993364"><ele>157.0</ele></trkpt>
    <trkpt lat="-43.145270" lon="147.993387"><ele>154.6</ele></trkpt>
    <trkpt lat="-43.145207" lon="147.993399"><ele>152.6</ele></trkpt>
    <trkpt lat="-43.145164" lon="147.993427"><ele>151.1</ele></trkpt>
    <trkpt lat="-43.145134" lon="147.993445"><ele>150.0</ele></trkpt>
    <trkpt lat="-43.145109" lon="147.993467"><ele>149.1</ele></trkpt>
    <trkpt lat="-43.145067" lon="147.993502"><ele>147.6</ele></trkpt>
    <trkpt lat="-43.145044" lon="147.993539"><ele>146.6</ele></trkpt>
    <trkpt lat="-43.145028" lon="147.993577"><ele>145.6</ele></trkpt>
    <trkpt lat="-43.145024" lon="147.993627"><ele>144.6</ele></trkpt>
    <trkpt lat="-43.145023" lon="147.993664"><ele>143.8</ele></trkpt>
    <trkpt lat="-43.145018" lon="147.993690"><ele>143.2</ele></trkpt>
    <trkpt lat="-43.145018" lon="147.993706"><ele>142.8</ele></trkpt>
    <trkpt lat="-43.145010" lon="147.993724"><ele>142.4</ele></trkpt>
    <trkpt lat="-43.144990" lon="147.993748"><ele>141.6</ele></trkpt>
    <trkpt lat="-43.144967" lon="147.993775"><ele>140.7</ele></trkpt>
    <trkpt lat="-43.144948" lon="147.993801"><ele>139.9</ele></trkpt>
    <trkpt lat="-43.144940" lon="147.993822"><ele>139.4</ele></trkpt>
    <trkpt lat="-43.144936" lon="147.993845"><ele>138.9</ele></trkpt>
    <trkpt lat="-43.144938" lon="147.993887"><ele>137.9</ele></trkpt>
    <trkpt lat="-43.144937" lon="147.993937"><ele>136.8</ele></trkpt>
    <trkpt lat="-43.144934" lon="147.993953"><ele>136.5</ele></trkpt>
    <trkpt lat="-43.144931" lon="147.993988"><ele>135.7</ele></trkpt>
    <trkpt lat="-43.144921" lon="147.994011"><ele>135.1</ele></trkpt>
    <trkpt lat="-43.144917" lon="147.994083"><ele>133.5</ele></trkpt>
    <trkpt lat="-43.144956" lon="147.994199"><ele>130.8</ele></trkpt>
    <trkpt lat="-43.145023" lon="147.994297"><ele>127.9</ele></trkpt>
    <trkpt lat="-43.145096" lon="147.994368"><ele>125.2</ele></trkpt>
    <trkpt lat="-43.145126" lon="147.994403"><ele>124.1</ele></trkpt>
    <trkpt lat="-43.145137" lon="147.994414"><ele>123.7</ele></trkpt>
    <trkpt lat="-43.145173" lon="147.994473"><ele>122.2</ele></trkpt>
    <trkpt lat="-43.145198" lon="147.994537"><ele>120.7</ele></trkpt>
    <trkpt lat="-43.145224" lon="147.994609"><ele>119.1</ele></trkpt>
    <trkpt lat="-43.145244" lon="147.994657"><ele>118.0</ele></trkpt>
    <trkpt lat="-43.145249" lon="147.994681"><ele>117.5</ele></trkpt>
    <trkpt lat="-43.145232" lon="147.994683"><ele>117.0</ele></trkpt>
    <trkpt lat="-43.145217" lon="147.994684"><ele>116.7</ele></trkpt>
    <trkpt lat="-43.145202" lon="147.994690"><ele>116.3</ele></trkpt>
    <trkpt lat="-43.145192" lon="147.994704"><ele>115.9</ele></trkpt>
    <trkpt lat="-43.145185" lon="147.994725"><ele>115.5</ele></trkpt>
    <trkpt lat="-43.145175" lon="147.994744"><ele>115.1</ele></trkpt>
    <trkpt lat="-43.145162" lon="147.994749"><ele>114.7</ele></trkpt>
    <trkpt lat="-43.145147" lon="147.994754"><ele>114.3</ele></trkpt>
    <trkpt lat="-43.145133" lon="147.994754"><ele>114.0</ele></trkpt>
    <trkpt lat="-43.145121" lon="147.994754"><ele>113.7</ele></trkpt>
    <trkpt lat="-43.145112" lon="147.994754"><ele>113.5</ele></trkpt>
    <trkpt lat="-43.145104" lon="147.994760"><ele>113.2</ele></trkpt>
    <trkpt lat="-43.145088" lon="147.994771"><ele>112.8</ele></trkpt>
    <trkpt lat="-43.145081" lon="147.994785"><ele>112.5</ele></trkpt>
    <trkpt lat="-43.145058" lon="147.994788"><ele>111.9</ele></trkpt>
    <trkpt lat="-43.145034" lon="147.994788"><ele>111.3</ele></trkpt>
    <trkpt lat="-43.145002" lon="147.994762"><ele>110.4</ele></trkpt>
    <trkpt lat="-43.144994" lon="147.994750"><ele>110.0</ele></trkpt>
    <trkpt lat="-43.144934" lon="147.994729"><ele>108.4</ele></trkpt>
    <trkpt lat="-43.144903" lon="147.994722"><ele>107.6</ele></trkpt>
    <trkpt lat="-43.144847" lon="147.994696"><ele>106.0</ele></trkpt>
    <trkpt lat="-43.144837" lon="147.994728"><ele>105.3</ele></trkpt>
    <trkpt lat="-43.144835" lon="147.994779"><ele>104.3</ele></trkpt>
    <trkpt lat="-43.144839" lon="147.994841"><ele>103.1</ele></trkpt>
    <trkpt lat="-43.144844" lon="147.994891"><ele>102.0</ele></trkpt>
    <trkpt lat="-43.144847" lon="147.994916"><ele>101.5</ele></trkpt>
    <trkpt lat="-43.144904" lon="147.994996"><ele>99.1</ele></trkpt>
    <trkpt lat="-43.144925" lon="147.995025"><ele>98.2</ele></trkpt>
    <trkpt lat="-43.144949" lon="147.995082"><ele>96.9</ele></trkpt>
    <trkpt lat="-43.144941" lon="147.995099"><ele>96.4</ele></trkpt>
    <trkpt lat="-43.144920" lon="147.995113"><ele>95.8</ele></trkpt>
    <trkpt lat="-43.144899" lon="147.995122"><ele>95.1</ele></trkpt>
    <trkpt lat="-43.144886" lon="147.995121"><ele>94.7</ele></trkpt>
    <trkpt lat="-43.144876" lon="147.995121"><ele>94.4</ele></trkpt>
    <trkpt lat="-43.144862" lon="147.995125"><ele>93.9</ele></trkpt>
    <trkpt lat="-43.144855" lon="147.995128"><ele>93.7</ele></trkpt>
    <trkpt lat="-43.144846" lon="147.995135"><ele>93.4</ele></trkpt>
    <trkpt lat="-43.144820" lon="147.995147"><ele>92.5</ele></trkpt>
    <trkpt lat="-43.144803" lon="147.995159"><ele>91.9</ele></trkpt>
    <trkpt lat="-43.144793" lon="147.995155"><ele>91.6</ele></trkpt>
    <trkpt lat="-43.144759" lon="147.995151"><ele>90.6</ele></trkpt>
    <trkpt lat="-43.144731" lon="147.995147"><ele>89.7</ele></trkpt>
    <trkpt lat="-43.144702" lon="147.995140"><ele>88.8</ele></trkpt>
    <trkpt lat="-43.144685" lon="147.995127"><ele>88.2</ele></trkpt>
    <trkpt lat="-43.144674" lon="147.995097"><ele>87.4</ele></trkpt>
    <trkpt lat="-43.144646" lon="147.995082"><ele>86.4</ele></trkpt>
    <trkpt lat="-43.144586" lon="147.995069"><ele>84.5</ele></trkpt>
    <trkpt lat="-43.144534" lon="147.995071"><ele>82.8</ele></trkpt>
    <trkpt lat="-43.144484" lon="147.995094"><ele>81.0</ele></trkpt>
    <trkpt lat="-43.144459" lon="147.995118"><ele>80.0</ele></trkpt>
    <trkpt lat="-43.144440" lon="147.995153"><ele>79.0</ele></trkpt>
    <trkpt lat="-43.144440" lon="147.995179"><ele>78.4</ele></trkpt>
    <trkpt lat="-43.144440" lon="147.995203"><ele>77.8</ele></trkpt>
    <trkpt lat="-43.144458" lon="147.995245"><ele>76.7</ele></trkpt>
    <trkpt lat="-43.144460" lon="147.995290"><ele>75.6</ele></trkpt>
    <trkpt lat="-43.144445" lon="147.995315"><ele>74.9</ele></trkpt>
    <trkpt lat="-43.144409" lon="147.995335"><ele>73.7</ele></trkpt>
    <trkpt lat="-43.144375" lon="147.995392"><ele>72.0</ele></trkpt>
    <trkpt lat="-43.144344" lon="147.995441"><ele>70.5</ele></trkpt>
    <trkpt lat="-43.144280" lon="147.995576"><ele>66.9</ele></trkpt>
    <trkpt lat="-43.144264" lon="147.995641"><ele>65.3</ele></trkpt>
    <trkpt lat="-43.144245" lon="147.995732"><ele>63.2</ele></trkpt>
    <trkpt lat="-43.144229" lon="147.995810"><ele>61.4</ele></trkpt>
    <trkpt lat="-43.144207" lon="147.995916"><ele>59.6</ele></trkpt>
    <trkpt lat="-43.144170" lon="147.996097"><ele>56.5</ele></trkpt>
    <trkpt lat="-43.144136" lon="147.996146"><ele>55.4</ele></trkpt>
    <trkpt lat="-43.144090" lon="147.996187"><ele>54.6</ele></trkpt>
    <trkpt lat="-43.144081" lon="147.996252"><ele>54.0</ele></trkpt>
    <trkpt lat="-43.144086" lon="147.996343"><ele>53.0</ele></trkpt>
    <trkpt lat="-43.144086" lon="147.996397"><ele>52.5</ele></trkpt>
    <trkpt lat="-43.144052" lon="147.996441"><ele>51.8</ele></trkpt>
    <trkpt lat="-43.144009" lon="147.996544"><ele>51.3</ele></trkpt>
    <trkpt lat="-43.143959" lon="147.996683"><ele>50.9</ele></trkpt>
    <trkpt lat="-43.143895" lon="147.996777"><ele>50.7</ele></trkpt>
    <trkpt lat="-43.143807" lon="147.996874"><ele>51.5</ele></trkpt>
    <trkpt lat="-43.143748" lon="147.997017"><ele>52.4</ele></trkpt>
    <trkpt lat="-43.143690" lon="147.997140"><ele>53.8</ele></trkpt>
    <trkpt lat="-43.143671" lon="147.997243"><ele>55.0</ele></trkpt>
    <trkpt lat="-43.143665" lon="147.997276"><ele>55.4</ele></trkpt>
    <trkpt lat="-43.143661" lon="147.997354"><ele>56.3</ele></trkpt>
    <trkpt lat="-43.143669" lon="147.997449"><ele>57.5</ele></trkpt>
    <trkpt lat="-43.143611" lon="147.997547"><ele>59.4</ele></trkpt>
    <trkpt lat="-43.143610" lon="147.997641"><ele>60.8</ele></trkpt>
    <trkpt lat="-43.143627" lon="147.997745"><ele>62.4</ele></trkpt>
    <trkpt lat="-43.143672" lon="147.997857"><ele>65.0</ele></trkpt>
    <trkpt lat="-43.143683" lon="147.997980"><ele>67.5</ele></trkpt>
    <trkpt lat="-43.143717" lon="147.998191"><ele>72.1</ele></trkpt>
    <trkpt lat="-43.143752" lon="147.998286"><ele>74.6</ele></trkpt>
    <trkpt lat="-43.143809" lon="147.998415"><ele>78.0</ele></trkpt>
    <trkpt lat="-43.143820" lon="147.998518"><ele>80.2</ele></trkpt>
    <trkpt lat="-43.143795" lon="147.998625"><ele>82.6</ele></trkpt>
    <trkpt lat="-43.143769" lon="147.998773"><ele>85.8</ele></trkpt>
    <trkpt lat="-43.143739" lon="147.998785"><ele>86.6</ele></trkpt>
    <trkpt lat="-43.143699" lon="147.998858"><ele>88.3</ele></trkpt>
    <trkpt lat="-43.143695" lon="147.998932"><ele>89.6</ele></trkpt>
    <trkpt lat="-43.143704" lon="147.999040"><ele>91.6</ele></trkpt>
    <trkpt lat="-43.143709" lon="147.999139"><ele>93.3</ele></trkpt>
    <trkpt lat="-43.143720" lon="147.999246"><ele>94.9</ele></trkpt>
    <trkpt lat="-43.143704" lon="147.999316"><ele>95.9</ele></trkpt>
    <trkpt lat="-43.143688" lon="147.999435"><ele>97.7</ele></trkpt>
    <trkpt lat="-43.143693" lon="147.999513"><ele>98.7</ele></trkpt>
    <trkpt lat="-43.143702" lon="147.999567"><ele>99.2</ele></trkpt>
    <trkpt lat="-43.143714" lon="147.999608"><ele>99.6</ele></trkpt>
    <trkpt lat="-43.143773" lon="147.999708"><ele>100.8</ele></trkpt>
    <trkpt lat="-43.143802" lon="147.999803"><ele>101.7</ele></trkpt>
    <trkpt lat="-43.143802" lon="147.999898"><ele>101.8</ele></trkpt>
    <trkpt lat="-43.143804" lon="147.999948"><ele>101.8</ele></trkpt>
    <trkpt lat="-43.143813" lon="148.000030"><ele>101.9</ele></trkpt>
    <trkpt lat="-43.143754" lon="148.000155"><ele>101.9</ele></trkpt>
    <trkpt lat="-43.143715" lon="148.000246"><ele>102.0</ele></trkpt>
    <trkpt lat="-43.143730" lon="148.000349"><ele>102.0</ele></trkpt>
    <trkpt lat="-43.143782" lon="148.000401"><ele>102.0</ele></trkpt>
    <trkpt lat="-43.143887" lon="148.000362"><ele>102.0</ele></trkpt>
    <trkpt lat="-43.143947" lon="148.000414"><ele>101.9</ele></trkpt>
    <trkpt lat="-43.143984" lon="148.000455"><ele>101.9</ele></trkpt>
    <trkpt lat="-43.143998" lon="148.000507"><ele>101.9</ele></trkpt>
    <trkpt lat="-43.143983" lon="148.000589"><ele>101.9</ele></trkpt>
    <trkpt lat="-43.143952" lon="148.000670"><ele>102.0</ele></trkpt>
    <trkpt lat="-43.143929" lon="148.000762"><ele>102.2</ele></trkpt>
    <trkpt lat="-43.143906" lon="148.000792"><ele>102.2</ele></trkpt>
    <trkpt lat="-43.143798" lon="148.001108"><ele>101.9</ele></trkpt>
    <trkpt lat="-43.143736" lon="148.001364"><ele>101.4</ele></trkpt>
    <trkpt lat="-43.143728" lon="148.001445"><ele>101.3</ele></trkpt>
    <trkpt lat="-43.143682" lon="148.001496"><ele>101.2</ele></trkpt>
    <trkpt lat="-43.143629" lon="148.001536"><ele>101.1</ele></trkpt>
    <trkpt lat="-43.143606" lon="148.001628"><ele>100.1</ele></trkpt>
    <trkpt lat="-43.143620" lon="148.001690"><ele>99.4</ele></trkpt>
    <trkpt lat="-43.143605" lon="148.001761"><ele>98.6</ele></trkpt>
    <trkpt lat="-43.143559" lon="148.001832"><ele>97.6</ele></trkpt>
    <trkpt lat="-43.143521" lon="148.001924"><ele>96.1</ele></trkpt>
    <trkpt lat="-43.143521" lon="148.001955"><ele>95.5</ele></trkpt>
    <trkpt lat="-43.143404" lon="148.001942"><ele>92.9</ele></trkpt>
    <trkpt lat="-43.143343" lon="148.001946"><ele>91.5</ele></trkpt>
    <trkpt lat="-43.143288" lon="148.001980"><ele>89.9</ele></trkpt>
    <trkpt lat="-43.143245" lon="148.002014"><ele>88.6</ele></trkpt>
    <trkpt lat="-43.143183" lon="148.002018"><ele>86.9</ele></trkpt>
    <trkpt lat="-43.143162" lon="148.002018"><ele>86.3</ele></trkpt>
    <trkpt lat="-43.143098" lon="148.002046"><ele>84.4</ele></trkpt>
    <trkpt lat="-43.143031" lon="148.002094"><ele>82.6</ele></trkpt>
    <trkpt lat="-43.142955" lon="148.002183"><ele>80.4</ele></trkpt>
    <trkpt lat="-43.142894" lon="148.002269"><ele>78.6</ele></trkpt>
    <trkpt lat="-43.142842" lon="148.002293"><ele>77.5</ele></trkpt>
    <trkpt lat="-43.142773" lon="148.002292"><ele>76.8</ele></trkpt>
    <trkpt lat="-43.142713" lon="148.002311"><ele>76.1</ele></trkpt>
    <trkpt lat="-43.142660" lon="148.002397"><ele>75.2</ele></trkpt>
    <trkpt lat="-43.142647" lon="148.002520"><ele>74.5</ele></trkpt>
    <trkpt lat="-43.142626" lon="148.002578"><ele>74.3</ele></trkpt>
    <trkpt lat="-43.142571" lon="148.002634"><ele>74.0</ele></trkpt>
    <trkpt lat="-43.142504" lon="148.002666"><ele>73.8</ele></trkpt>
    <trkpt lat="-43.142468" lon="148.002711"><ele>73.7</ele></trkpt>
    <trkpt lat="-43.142416" lon="148.002760"><ele>74.2</ele></trkpt>
    <trkpt lat="-43.142367" lon="148.002792"><ele>74.5</ele></trkpt>
    <trkpt lat="-43.142318" lon="148.002865"><ele>75.0</ele></trkpt>
    <trkpt lat="-43.142242" lon="148.003000"><ele>75.8</ele></trkpt>
    <trkpt lat="-43.142232" lon="148.003053"><ele>76.0</ele></trkpt>
    <trkpt lat="-43.142205" lon="148.003119"><ele>76.3</ele></trkpt>
    <trkpt lat="-43.142141" lon="148.003200"><ele>76.7</ele></trkpt>
    <trkpt lat="-43.142068" lon="148.003240"><ele>77.6</ele></trkpt>
    <trkpt lat="-43.141995" lon="148.003292"><ele>78.8</ele></trkpt>
    <trkpt lat="-43.141958" lon="148.003345"><ele>79.6</ele></trkpt>
    <trkpt lat="-43.141937" lon="148.003403"><ele>80.3</ele></trkpt>
    <trkpt lat="-43.141894" lon="148.003488"><ele>81.5</ele></trkpt>
    <trkpt lat="-43.141844" lon="148.003636"><ele>83.5</ele></trkpt>
    <trkpt lat="-43.141777" lon="148.003709"><ele>84.9</ele></trkpt>
    <trkpt lat="-43.141737" lon="148.003787"><ele>86.2</ele></trkpt>
    <trkpt lat="-43.141655" lon="148.003905"><ele>88.7</ele></trkpt>
    <trkpt lat="-43.141595" lon="148.003871"><ele>90.0</ele></trkpt>
    <trkpt lat="-43.141546" lon="148.003862"><ele>91.0</ele></trkpt>
    <trkpt lat="-43.141459" lon="148.003897"><ele>92.1</ele></trkpt>
    <trkpt lat="-43.141356" lon="148.003949"><ele>93.3</ele></trkpt>
    <trkpt lat="-43.141265" lon="148.003960"><ele>94.3</ele></trkpt>
    <trkpt lat="-43.141168" lon="148.003983"><ele>95.1</ele></trkpt>
    <trkpt lat="-43.141114" lon="148.004020"><ele>95.6</ele></trkpt>
    <trkpt lat="-43.140974" lon="148.004104"><ele>95.5</ele></trkpt>
    <trkpt lat="-43.140913" lon="148.004173"><ele>94.6</ele></trkpt>
    <trkpt lat="-43.140794" lon="148.004315"><ele>92.6</ele></trkpt>
    <trkpt lat="-43.140694" lon="148.004421"><ele>90.3</ele></trkpt>
    <trkpt lat="-43.140630" lon="148.004452"><ele>89.1</ele></trkpt>
    <trkpt lat="-43.140566" lon="148.004513"><ele>87.7</ele></trkpt>
    <trkpt lat="-43.140463" lon="148.004598"><ele>85.6</ele></trkpt>
    <trkpt lat="-43.140366" lon="148.004654"><ele>83.8</ele></trkpt>
    <trkpt lat="-43.140307" lon="148.004733"><ele>82.0</ele></trkpt>
    <trkpt lat="-43.140292" lon="148.004743"><ele>81.7</ele></trkpt>
    <trkpt lat="-43.140281" lon="148.004747"><ele>81.4</ele></trkpt>
    <trkpt lat="-43.140261" lon="148.004739"><ele>81.0</ele></trkpt>
    <trkpt lat="-43.140226" lon="148.004728"><ele>80.2</ele></trkpt>
    <trkpt lat="-43.140204" lon="148.004736"><ele>79.7</ele></trkpt>
    <trkpt lat="-43.140177" lon="148.004759"><ele>79.0</ele></trkpt>
    <trkpt lat="-43.140155" lon="148.004769"><ele>78.5</ele></trkpt>
    <trkpt lat="-43.140139" lon="148.004769"><ele>78.2</ele></trkpt>
    <trkpt lat="-43.140084" lon="148.004766"><ele>76.2</ele></trkpt>
    <trkpt lat="-43.140034" lon="148.004748"><ele>74.0</ele></trkpt>
    <trkpt lat="-43.140001" lon="148.004744"><ele>72.6</ele></trkpt>
    <trkpt lat="-43.139984" lon="148.004749"><ele>71.8</ele></trkpt>
    <trkpt lat="-43.139973" lon="148.004758"><ele>71.3</ele></trkpt>
    <trkpt lat="-43.139951" lon="148.004767"><ele>70.3</ele></trkpt>
    <trkpt lat="-43.139913" lon="148.004798"><ele>68.4</ele></trkpt>
    <trkpt lat="-43.139890" lon="148.004813"><ele>67.3</ele></trkpt>
    <trkpt lat="-43.139855" lon="148.004842"><ele>65.9</ele></trkpt>
    <trkpt lat="-43.139825" lon="148.004868"><ele>65.6</ele></trkpt>
    <trkpt lat="-43.139811" lon="148.004882"><ele>65.4</ele></trkpt>
    <trkpt lat="-43.139774" lon="148.004895"><ele>65.1</ele></trkpt>
    <trkpt lat="-43.139750" lon="148.004905"><ele>64.9</ele></trkpt>
    <trkpt lat="-43.139731" lon="148.004908"><ele>64.7</ele></trkpt>
    <trkpt lat="-43.139706" lon="148.004920"><ele>64.5</ele></trkpt>
    <trkpt lat="-43.139695" lon="148.004938"><ele>64.3</ele></trkpt>
    <trkpt lat="-43.139689" lon="148.004951"><ele>64.2</ele></trkpt>
    <trkpt lat="-43.139675" lon="148.004970"><ele>64.1</ele></trkpt>
    <trkpt lat="-43.139667" lon="148.004993"><ele>63.9</ele></trkpt>
    <trkpt lat="-43.139651" lon="148.005033"><ele>63.6</ele></trkpt>
    <trkpt lat="-43.139635" lon="148.005063"><ele>63.1</ele></trkpt>
    <trkpt lat="-43.139615" lon="148.005104"><ele>62.5</ele></trkpt>
    <trkpt lat="-43.139604" lon="148.005175"><ele>61.5</ele></trkpt>
    <trkpt lat="-43.139606" lon="148.005194"><ele>61.3</ele></trkpt>
    <trkpt lat="-43.139619" lon="148.005207"><ele>61.0</ele></trkpt>
    <trkpt lat="-43.139631" lon="148.005221"><ele>60.7</ele></trkpt>
    <trkpt lat="-43.139654" lon="148.005241"><ele>60.2</ele></trkpt>
    <trkpt lat="-43.139659" lon="148.005255"><ele>60.0</ele></trkpt>
    <trkpt lat="-43.139659" lon="148.005279"><ele>59.7</ele></trkpt>
    <trkpt lat="-43.139654" lon="148.005309"><ele>59.3</ele></trkpt>
    <trkpt lat="-43.139652" lon="148.005332"><ele>59.0</ele></trkpt>
    <trkpt lat="-43.139642" lon="148.005338"><ele>58.8</ele></trkpt>
  </trkseg></trk>
</gpx>
