<?xml version="1.0" encoding="UTF-8"?>
<gpx version="1.1" creator="trail-maps from LIST Transport Segments (NRE Tasmania, CC BY 3.0 AU) + OpenStreetMap waypoints (ODbL); elevation Copernicus GLO-30" xmlns="http://www.topografix.com/GPX/1/1">
  <metadata><name>South Coast Track</name></metadata>
  <wpt lat="-43.582976" lon="146.895197"><ele>7.0</ele><name>Boltons Green Campground</name><type>campsite</type></wpt>
  <wpt lat="-43.497982" lon="146.273481"><ele>3.0</ele><name>Buoy Creek camp site</name><type>campsite</type></wpt>
  <wpt lat="-43.581912" lon="146.890328"><ele>3.5</ele><name>Cockle Creek campsite</name><type>campsite</type></wpt>
  <wpt lat="-43.491028" lon="146.225120"><ele>7.2</ele><name>Freney Lagoon Campsite</name><type>campsite</type></wpt>
  <wpt lat="-43.596668" lon="146.686331"><ele>28.2</ele><name>Granite Beach (east) Campsite</name><type>campsite</type></wpt>
  <wpt lat="-43.507140" lon="146.467445"><ele>819.0</ele><name>Ironbound high campground</name><type>campsite</type></wpt>
  <wpt lat="-43.530423" lon="146.496710"><ele>14.2</ele><name>Little Deadmans Bay Campsite</name><type>campsite</type></wpt>
  <wpt lat="-43.480448" lon="146.349356"><ele>21.9</ele><name>Louisa Creek Campground</name><type>campsite</type></wpt>
  <wpt lat="-43.485330" lon="146.409871"><ele>41.3</ele><name>Louisa River Campsite</name><type>campsite</type></wpt>
  <wpt lat="-43.536425" lon="146.590181"><ele>6.2</ele><name>New River Lagoon Boat Crossing Campsite</name><type>campsite</type></wpt>
  <wpt lat="-43.561553" lon="146.624421"><ele>11.0</ele><name>Osmiridium Beach Campsite</name><type>campsite</type></wpt>
  <wpt lat="-43.491556" lon="146.243014"><ele>3.6</ele><name>Point Eric Campsite</name><type>campsite</type></wpt>
  <wpt lat="-43.605658" lon="146.817175"><ele>16.7</ele><name>South Cape Bay Campsite</name><type>campsite</type></wpt>
  <wpt lat="-43.599651" lon="146.786233"><ele>15.1</ele><name>South Cape Rivulet Campsite</name><type>campsite</type></wpt>
  <wpt lat="-43.584406" lon="146.658595"><ele>20.0</ele><name>Surprise Bay Campsite</name><type>campsite</type></wpt>
  <wpt lat="-43.595410" lon="146.721690"><ele>452.1</ele><name>Trackcutters Camp</name><type>campsite</type></wpt>
  <wpt lat="-43.523306" lon="146.512713"><ele>10.0</ele><name>Turua Beach West Campsite</name><type>campsite</type></wpt>
  <wpt lat="-43.582743" lon="146.895641"><ele>2.6</ele><name>Drinking water</name><type>water</type></wpt>
  <wpt lat="-43.418470" lon="146.164230"><ele>3.5</ele><name>Melaleuca walkers' huts</name><desc>Walkers Hut and Charles King Memorial Hut beside the Melaleuca airstrip, at the start of the track.</desc><type>hut</type></wpt>
  <trk><name>Main route</name><trkseg>
    <trkpt lat="-43.422395" lon="146.163110"><ele>3.5</ele></trkpt>
    <trkpt lat="-43.422405" lon="146.163035"><ele>3.5</ele></trkpt>
    <trkpt lat="-43.422435" lon="146.162967"><ele>3.5</ele></trkpt>
    <trkpt lat="-43.422491" lon="146.162894"><ele>3.5</ele></trkpt>
    <trkpt lat="-43.422590" lon="146.162791"><ele>3.5</ele></trkpt>
    <trkpt lat="-43.422747" lon="146.162607"><ele>3.4</ele></trkpt>
    <trkpt lat="-43.422841" lon="146.162501"><ele>3.4</ele></trkpt>
    <trkpt lat="-43.422910" lon="146.162416"><ele>3.3</ele></trkpt>
    <trkpt lat="-43.422951" lon="146.162379"><ele>3.3</ele></trkpt>
    <trkpt lat="-43.423002" lon="146.162343"><ele>3.3</ele></trkpt>
    <trkpt lat="-43.423061" lon="146.162320"><ele>3.2</ele></trkpt>
    <trkpt lat="-43.423314" lon="146.162267"><ele>3.0</ele></trkpt>
    <trkpt lat="-43.423412" lon="146.162235"><ele>2.9</ele></trkpt>
    <trkpt lat="-43.423520" lon="146.162170"><ele>2.8</ele></trkpt>
    <trkpt lat="-43.423591" lon="146.162119"><ele>2.8</ele></trkpt>
    <trkpt lat="-43.423652" lon="146.162079"><ele>2.7</ele></trkpt>
    <trkpt lat="-43.423709" lon="146.162065"><ele>2.6</ele></trkpt>
    <trkpt lat="-43.423767" lon="146.162055"><ele>2.6</ele></trkpt>
    <trkpt lat="-43.423913" lon="146.162057"><ele>2.5</ele></trkpt>
    <trkpt lat="-43.423956" lon="146.162066"><ele>2.5</ele></trkpt>
    <trkpt lat="-43.423990" lon="146.162090"><ele>2.5</ele></trkpt>
    <trkpt lat="-43.424032" lon="146.162165"><ele>2.4</ele></trkpt>
    <trkpt lat="-43.424101" lon="146.162285"><ele>2.4</ele></trkpt>
    <trkpt lat="-43.424136" lon="146.162352"><ele>2.3</ele></trkpt>
    <trkpt lat="-43.424181" lon="146.162417"><ele>2.3</ele></trkpt>
    <trkpt lat="-43.424211" lon="146.162448"><ele>2.3</ele></trkpt>
    <trkpt lat="-43.424248" lon="146.162467"><ele>2.3</ele></trkpt>
    <trkpt lat="-43.424373" lon="146.162491"><ele>2.3</ele></trkpt>
    <trkpt lat="-43.424467" lon="146.162504"><ele>2.3</ele></trkpt>
    <trkpt lat="-43.424635" lon="146.162544"><ele>2.3</ele></trkpt>
    <trkpt lat="-43.424691" lon="146.162555"><ele>2.3</ele></trkpt>
    <trkpt lat="-43.424774" lon="146.162558"><ele>2.2</ele></trkpt>
    <trkpt lat="-43.424866" lon="146.162572"><ele>2.1</ele></trkpt>
    <trkpt lat="-43.424918" lon="146.162592"><ele>2.1</ele></trkpt>
    <trkpt lat="-43.424990" lon="146.162653"><ele>2.0</ele></trkpt>
    <trkpt lat="-43.425066" lon="146.162746"><ele>1.9</ele></trkpt>
    <trkpt lat="-43.425070" lon="146.162750"><ele>1.9</ele></trkpt>
    <trkpt lat="-43.425213" lon="146.162848"><ele>1.8</ele></trkpt>
    <trkpt lat="-43.425305" lon="146.162980"><ele>1.7</ele></trkpt>
    <trkpt lat="-43.425276" lon="146.163101"><ele>1.6</ele></trkpt>
    <trkpt lat="-43.425232" lon="146.163297"><ele>1.5</ele></trkpt>
    <trkpt lat="-43.425201" lon="146.163497"><ele>1.3</ele></trkpt>
    <trkpt lat="-43.425214" lon="146.163570"><ele>1.3</ele></trkpt>
    <trkpt lat="-43.425244" lon="146.163619"><ele>1.2</ele></trkpt>
    <trkpt lat="-43.425265" lon="146.163673"><ele>1.2</ele></trkpt>
    <trkpt lat="-43.425255" lon="146.163746"><ele>1.1</ele></trkpt>
    <trkpt lat="-43.425218" lon="146.163849"><ele>1.0</ele></trkpt>
    <trkpt lat="-43.425157" lon="146.163955"><ele>1.0</ele></trkpt>
    <trkpt lat="-43.425108" lon="146.163979"><ele>0.9</ele></trkpt>
    <trkpt lat="-43.425062" lon="146.163974"><ele>0.9</ele></trkpt>
    <trkpt lat="-43.425000" lon="146.163928"><ele>0.8</ele></trkpt>
    <trkpt lat="-43.424987" lon="146.163993"><ele>0.8</ele></trkpt>
    <trkpt lat="-43.424930" lon="146.164173"><ele>0.8</ele></trkpt>
    <trkpt lat="-43.424910" lon="146.164267"><ele>0.7</ele></trkpt>
    <trkpt lat="-43.424897" lon="146.164334"><ele>0.7</ele></trkpt>
    <trkpt lat="-43.424881" lon="146.164392"><ele>0.7</ele></trkpt>
    <trkpt lat="-43.424865" lon="146.164442"><ele>0.7</ele></trkpt>
    <trkpt lat="-43.424853" lon="146.164506"><ele>0.6</ele></trkpt>
    <trkpt lat="-43.424846" lon="146.164547"><ele>0.6</ele></trkpt>
    <trkpt lat="-43.424846" lon="146.164574"><ele>0.6</ele></trkpt>
    <trkpt lat="-43.424852" lon="146.164600"><ele>0.6</ele></trkpt>
    <trkpt lat="-43.424873" lon="146.164655"><ele>0.6</ele></trkpt>
    <trkpt lat="-43.424905" lon="146.164728"><ele>0.6</ele></trkpt>
    <trkpt lat="-43.424945" lon="146.164815"><ele>0.5</ele></trkpt>
    <trkpt lat="-43.424962" lon="146.164884"><ele>0.5</ele></trkpt>
    <trkpt lat="-43.424962" lon="146.164946"><ele>0.5</ele></trkpt>
    <trkpt lat="-43.424955" lon="146.164980"><ele>0.4</ele></trkpt>
    <trkpt lat="-43.424942" lon="146.165005"><ele>0.4</ele></trkpt>
    <trkpt lat="-43.424905" lon="146.165085"><ele>0.4</ele></trkpt>
    <trkpt lat="-43.424903" lon="146.165113"><ele>0.4</ele></trkpt>
    <trkpt lat="-43.424907" lon="146.165141"><ele>0.4</ele></trkpt>
    <trkpt lat="-43.424947" lon="146.165216"><ele>0.4</ele></trkpt>
    <trkpt lat="-43.425020" lon="146.165325"><ele>0.4</ele></trkpt>
    <trkpt lat="-43.425088" lon="146.165415"><ele>0.4</ele></trkpt>
    <trkpt lat="-43.425165" lon="146.165505"><ele>0.5</ele></trkpt>
    <trkpt lat="-43.425240" lon="146.165592"><ele>0.5</ele></trkpt>
    <trkpt lat="-43.425357" lon="146.165718"><ele>0.6</ele></trkpt>
    <trkpt lat="-43.425420" lon="146.165807"><ele>0.7</ele></trkpt>
    <trkpt lat="-43.425505" lon="146.165917"><ele>0.7</ele></trkpt>
    <trkpt lat="-43.425573" lon="146.166020"><ele>0.8</ele></trkpt>
    <trkpt lat="-43.425640" lon="146.166107"><ele>0.8</ele></trkpt>
    <trkpt lat="-43.425715" lon="146.166188"><ele>0.9</ele></trkpt>
    <trkpt lat="-43.425787" lon="146.166275"><ele>0.9</ele></trkpt>
    <trkpt lat="-43.425857" lon="146.166357"><ele>1.0</ele></trkpt>
    <trkpt lat="-43.425940" lon="146.166438"><ele>1.0</ele></trkpt>
    <trkpt lat="-43.426022" lon="146.166520"><ele>1.1</ele></trkpt>
    <trkpt lat="-43.426134" lon="146.166656"><ele>1.1</ele></trkpt>
    <trkpt lat="-43.426220" lon="146.166763"><ele>1.2</ele></trkpt>
    <trkpt lat="-43.426333" lon="146.166887"><ele>1.2</ele></trkpt>
    <trkpt lat="-43.426397" lon="146.166988"><ele>1.2</ele></trkpt>
    <trkpt lat="-43.426463" lon="146.167073"><ele>1.2</ele></trkpt>
    <trkpt lat="-43.426533" lon="146.167155"><ele>1.3</ele></trkpt>
    <trkpt lat="-43.426600" lon="146.167252"><ele>1.3</ele></trkpt>
    <trkpt lat="-43.426657" lon="146.167348"><ele>1.3</ele></trkpt>
    <trkpt lat="-43.426703" lon="146.167458"><ele>1.3</ele></trkpt>
    <trkpt lat="-43.426768" lon="146.167557"><ele>1.3</ele></trkpt>
    <trkpt lat="-43.426840" lon="146.167643"><ele>1.4</ele></trkpt>
    <trkpt lat="-43.426921" lon="146.167722"><ele>1.5</ele></trkpt>
    <trkpt lat="-43.427005" lon="146.167778"><ele>1.5</ele></trkpt>
    <trkpt lat="-43.427085" lon="146.167832"><ele>1.6</ele></trkpt>
    <trkpt lat="-43.427174" lon="146.167898"><ele>1.6</ele></trkpt>
    <trkpt lat="-43.427262" lon="146.167967"><ele>1.7</ele></trkpt>
    <trkpt lat="-43.427409" lon="146.168090"><ele>1.8</ele></trkpt>
    <trkpt lat="-43.427494" lon="146.168173"><ele>1.9</ele></trkpt>
    <trkpt lat="-43.427592" lon="146.168270"><ele>1.9</ele></trkpt>
    <trkpt lat="-43.427712" lon="146.168408"><ele>2.1</ele></trkpt>
    <trkpt lat="-43.427936" lon="146.168653"><ele>2.4</ele></trkpt>
    <trkpt lat="-43.428089" lon="146.168826"><ele>2.5</ele></trkpt>
    <trkpt lat="-43.428190" lon="146.168943"><ele>2.5</ele></trkpt>
    <trkpt lat="-43.428308" lon="146.169043"><ele>2.5</ele></trkpt>
    <trkpt lat="-43.428395" lon="146.169099"><ele>2.5</ele></trkpt>
    <trkpt lat="-43.428473" lon="146.169125"><ele>2.5</ele></trkpt>
    <trkpt lat="-43.428593" lon="146.169135"><ele>2.5</ele></trkpt>
    <trkpt lat="-43.428785" lon="146.169124"><ele>2.6</ele></trkpt>
    <trkpt lat="-43.428899" lon="146.169129"><ele>2.6</ele></trkpt>
    <trkpt lat="-43.429033" lon="146.169107"><ele>2.6</ele></trkpt>
    <trkpt lat="-43.429178" lon="146.169076"><ele>2.7</ele></trkpt>
    <trkpt lat="-43.429275" lon="146.169052"><ele>2.7</ele></trkpt>
    <trkpt lat="-43.429367" lon="146.169010"><ele>2.8</ele></trkpt>
    <trkpt lat="-43.429451" lon="146.168967"><ele>2.8</ele></trkpt>
    <trkpt lat="-43.429535" lon="146.168911"><ele>2.9</ele></trkpt>
    <trkpt lat="-43.429618" lon="146.168843"><ele>3.0</ele></trkpt>
    <trkpt lat="-43.429721" lon="146.168762"><ele>3.1</ele></trkpt>
    <trkpt lat="-43.429821" lon="146.168707"><ele>3.2</ele></trkpt>
    <trkpt lat="-43.429900" lon="146.168697"><ele>3.2</ele></trkpt>
    <trkpt lat="-43.429997" lon="146.168701"><ele>3.3</ele></trkpt>
    <trkpt lat="-43.430090" lon="146.168718"><ele>3.4</ele></trkpt>
    <trkpt lat="-43.430193" lon="146.168732"><ele>3.4</ele></trkpt>
    <trkpt lat="-43.430295" lon="146.168757"><ele>3.4</ele></trkpt>
    <trkpt lat="-43.430392" lon="146.168793"><ele>3.5</ele></trkpt>
    <trkpt lat="-43.430478" lon="146.168842"><ele>3.5</ele></trkpt>
    <trkpt lat="-43.430572" lon="146.168900"><ele>3.5</ele></trkpt>
    <trkpt lat="-43.430669" lon="146.168945"><ele>3.6</ele></trkpt>
    <trkpt lat="-43.430757" lon="146.168989"><ele>3.6</ele></trkpt>
    <trkpt lat="-43.430837" lon="146.169029"><ele>3.7</ele></trkpt>
    <trkpt lat="-43.431023" lon="146.169115"><ele>3.7</ele></trkpt>
    <trkpt lat="-43.431157" lon="146.169164"><ele>3.7</ele></trkpt>
    <trkpt lat="-43.431222" lon="146.169176"><ele>3.8</ele></trkpt>
    <trkpt lat="-43.431294" lon="146.169164"><ele>3.8</ele></trkpt>
    <trkpt lat="-43.431388" lon="146.169147"><ele>3.8</ele></trkpt>
    <trkpt lat="-43.431696" lon="146.169100"><ele>4.1</ele></trkpt>
    <trkpt lat="-43.431907" lon="146.169068"><ele>4.3</ele></trkpt>
    <trkpt lat="-43.432056" lon="146.169053"><ele>4.5</ele></trkpt>
    <trkpt lat="-43.432279" lon="146.169038"><ele>4.8</ele></trkpt>
    <trkpt lat="-43.432427" lon="146.169031"><ele>5.1</ele></trkpt>
    <trkpt lat="-43.432552" lon="146.169007"><ele>5.3</ele></trkpt>
    <trkpt lat="-43.432623" lon="146.169017"><ele>5.5</ele></trkpt>
    <trkpt lat="-43.432709" lon="146.169036"><ele>5.6</ele></trkpt>
    <trkpt lat="-43.432801" lon="146.169071"><ele>5.8</ele></trkpt>
    <trkpt lat="-43.432921" lon="146.169129"><ele>6.0</ele></trkpt>
    <trkpt lat="-43.433009" lon="146.169175"><ele>6.2</ele></trkpt>
    <trkpt lat="-43.433139" lon="146.169240"><ele>6.3</ele></trkpt>
    <trkpt lat="-43.433258" lon="146.169301"><ele>6.5</ele></trkpt>
    <trkpt lat="-43.433358" lon="146.169345"><ele>6.5</ele></trkpt>
    <trkpt lat="-43.433447" lon="146.169375"><ele>6.6</ele></trkpt>
    <trkpt lat="-43.433545" lon="146.169408"><ele>6.6</ele></trkpt>
    <trkpt lat="-43.433643" lon="146.169445"><ele>6.6</ele></trkpt>
    <trkpt lat="-43.433737" lon="146.169483"><ele>6.6</ele></trkpt>
    <trkpt lat="-43.433835" lon="146.169517"><ele>6.6</ele></trkpt>
    <trkpt lat="-43.433925" lon="146.169545"><ele>6.6</ele></trkpt>
    <trkpt lat="-43.434023" lon="146.169578"><ele>6.6</ele></trkpt>
    <trkpt lat="-43.434112" lon="146.169612"><ele>6.5</ele></trkpt>
    <trkpt lat="-43.434207" lon="146.169640"><ele>6.5</ele></trkpt>
    <trkpt lat="-43.434297" lon="146.169668"><ele>6.5</ele></trkpt>
    <trkpt lat="-43.434387" lon="146.169707"><ele>6.6</ele></trkpt>
    <trkpt lat="-43.434477" lon="146.169738"><ele>6.6</ele></trkpt>
    <trkpt lat="-43.434567" lon="146.169773"><ele>6.6</ele></trkpt>
    <trkpt lat="-43.434662" lon="146.169812"><ele>6.7</ele></trkpt>
    <trkpt lat="-43.434777" lon="146.169862"><ele>6.8</ele></trkpt>
    <trkpt lat="-43.434867" lon="146.169895"><ele>6.9</ele></trkpt>
    <trkpt lat="-43.434958" lon="146.169935"><ele>7.1</ele></trkpt>
    <trkpt lat="-43.435045" lon="146.169970"><ele>7.2</ele></trkpt>
    <trkpt lat="-43.435133" lon="146.170008"><ele>7.5</ele></trkpt>
    <trkpt lat="-43.435232" lon="146.170055"><ele>7.8</ele></trkpt>
    <trkpt lat="-43.435323" lon="146.170098"><ele>8.1</ele></trkpt>
    <trkpt lat="-43.435417" lon="146.170145"><ele>8.4</ele></trkpt>
    <trkpt lat="-43.435510" lon="146.170193"><ele>8.7</ele></trkpt>
    <trkpt lat="-43.435597" lon="146.170233"><ele>9.0</ele></trkpt>
    <trkpt lat="-43.435847" lon="146.170362"><ele>9.9</ele></trkpt>
    <trkpt lat="-43.436130" lon="146.170503"><ele>11.0</ele></trkpt>
    <trkpt lat="-43.436215" lon="146.170552"><ele>11.3</ele></trkpt>
    <trkpt lat="-43.436302" lon="146.170603"><ele>11.6</ele></trkpt>
    <trkpt lat="-43.436390" lon="146.170641"><ele>11.8</ele></trkpt>
    <trkpt lat="-43.436496" lon="146.170688"><ele>12.0</ele></trkpt>
    <trkpt lat="-43.436575" lon="146.170715"><ele>12.2</ele></trkpt>
    <trkpt lat="-43.436641" lon="146.170728"><ele>12.3</ele></trkpt>
    <trkpt lat="-43.436727" lon="146.170737"><ele>12.4</ele></trkpt>
    <trkpt lat="-43.436828" lon="146.170730"><ele>12.6</ele></trkpt>
    <trkpt lat="-43.437067" lon="146.170765"><ele>12.9</ele></trkpt>
    <trkpt lat="-43.437176" lon="146.170785"><ele>13.1</ele></trkpt>
    <trkpt lat="-43.437205" lon="146.170790"><ele>13.1</ele></trkpt>
    <trkpt lat="-43.437275" lon="146.170809"><ele>13.2</ele></trkpt>
    <trkpt lat="-43.437398" lon="146.170855"><ele>13.4</ele></trkpt>
    <trkpt lat="-43.437490" lon="146.170887"><ele>13.6</ele></trkpt>
    <trkpt lat="-43.437587" lon="146.170935"><ele>13.7</ele></trkpt>
    <trkpt lat="-43.437682" lon="146.170977"><ele>13.9</ele></trkpt>
    <trkpt lat="-43.437773" lon="146.171022"><ele>14.1</ele></trkpt>
    <trkpt lat="-43.437858" lon="146.171065"><ele>14.2</ele></trkpt>
    <trkpt lat="-43.437947" lon="146.171117"><ele>14.4</ele></trkpt>
    <trkpt lat="-43.438035" lon="146.171175"><ele>14.5</ele></trkpt>
    <trkpt lat="-43.438123" lon="146.171243"><ele>14.6</ele></trkpt>
    <trkpt lat="-43.438203" lon="146.171305"><ele>14.6</ele></trkpt>
    <trkpt lat="-43.438290" lon="146.171367"><ele>14.6</ele></trkpt>
    <trkpt lat="-43.438373" lon="146.171428"><ele>14.6</ele></trkpt>
    <trkpt lat="-43.438460" lon="146.171490"><ele>14.4</ele></trkpt>
    <trkpt lat="-43.438540" lon="146.171547"><ele>14.3</ele></trkpt>
    <trkpt lat="-43.438627" lon="146.171610"><ele>14.1</ele></trkpt>
    <trkpt lat="-43.438755" lon="146.171697"><ele>13.8</ele></trkpt>
    <trkpt lat="-43.438843" lon="146.171733"><ele>13.5</ele></trkpt>
    <trkpt lat="-43.438940" lon="146.171762"><ele>13.2</ele></trkpt>
    <trkpt lat="-43.439030" lon="146.171778"><ele>13.0</ele></trkpt>
    <trkpt lat="-43.439125" lon="146.171795"><ele>12.7</ele></trkpt>
    <trkpt lat="-43.439217" lon="146.171810"><ele>12.6</ele></trkpt>
    <trkpt lat="-43.439357" lon="146.171867"><ele>12.4</ele></trkpt>
    <trkpt lat="-43.439442" lon="146.171945"><ele>12.4</ele></trkpt>
    <trkpt lat="-43.439522" lon="146.172008"><ele>12.5</ele></trkpt>
    <trkpt lat="-43.439618" lon="146.172077"><ele>12.6</ele></trkpt>
    <trkpt lat="-43.439815" lon="146.172305"><ele>13.4</ele></trkpt>
    <trkpt lat="-43.439883" lon="146.172398"><ele>13.9</ele></trkpt>
    <trkpt lat="-43.439985" lon="146.172561"><ele>14.8</ele></trkpt>
    <trkpt lat="-43.440097" lon="146.172668"><ele>15.5</ele></trkpt>
    <trkpt lat="-43.440198" lon="146.172747"><ele>16.2</ele></trkpt>
    <trkpt lat="-43.440285" lon="146.172813"><ele>16.6</ele></trkpt>
    <trkpt lat="-43.440375" lon="146.172877"><ele>17.0</ele></trkpt>
    <trkpt lat="-43.440502" lon="146.172964"><ele>17.5</ele></trkpt>
    <trkpt lat="-43.440655" lon="146.173057"><ele>17.9</ele></trkpt>
    <trkpt lat="-43.440743" lon="146.173105"><ele>18.0</ele></trkpt>
    <trkpt lat="-43.440882" lon="146.173173"><ele>17.9</ele></trkpt>
    <trkpt lat="-43.440973" lon="146.173228"><ele>17.9</ele></trkpt>
    <trkpt lat="-43.441065" lon="146.173275"><ele>17.6</ele></trkpt>
    <trkpt lat="-43.441153" lon="146.173333"><ele>17.4</ele></trkpt>
    <trkpt lat="-43.441242" lon="146.173385"><ele>17.1</ele></trkpt>
    <trkpt lat="-43.441335" lon="146.173425"><ele>16.7</ele></trkpt>
    <trkpt lat="-43.441425" lon="146.173485"><ele>16.3</ele></trkpt>
    <trkpt lat="-43.441610" lon="146.173594"><ele>15.5</ele></trkpt>
    <trkpt lat="-43.441729" lon="146.173665"><ele>15.1</ele></trkpt>
    <trkpt lat="-43.441872" lon="146.173725"><ele>14.6</ele></trkpt>
    <trkpt lat="-43.442060" lon="146.173798"><ele>14.0</ele></trkpt>
    <trkpt lat="-43.442157" lon="146.173837"><ele>13.9</ele></trkpt>
    <trkpt lat="-43.442255" lon="146.173872"><ele>13.7</ele></trkpt>
    <trkpt lat="-43.442343" lon="146.173897"><ele>13.8</ele></trkpt>
    <trkpt lat="-43.442438" lon="146.173925"><ele>13.8</ele></trkpt>
    <trkpt lat="-43.442528" lon="146.173945"><ele>13.9</ele></trkpt>
    <trkpt lat="-43.442620" lon="146.173963"><ele>14.2</ele></trkpt>
    <trkpt lat="-43.442715" lon="146.173985"><ele>14.5</ele></trkpt>
    <trkpt lat="-43.442815" lon="146.174008"><ele>14.8</ele></trkpt>
    <trkpt lat="-43.442912" lon="146.174033"><ele>15.2</ele></trkpt>
    <trkpt lat="-43.443018" lon="146.174060"><ele>15.6</ele></trkpt>
    <trkpt lat="-43.443120" lon="146.174087"><ele>16.0</ele></trkpt>
    <trkpt lat="-43.443277" lon="146.174183"><ele>16.5</ele></trkpt>
    <trkpt lat="-43.443525" lon="146.174448"><ele>16.8</ele></trkpt>
    <trkpt lat="-43.443717" lon="146.174652"><ele>16.4</ele></trkpt>
    <trkpt lat="-43.443807" lon="146.174715"><ele>16.1</ele></trkpt>
    <trkpt lat="-43.443895" lon="146.174778"><ele>15.8</ele></trkpt>
    <trkpt lat="-43.443983" lon="146.174830"><ele>15.5</ele></trkpt>
    <trkpt lat="-43.444080" lon="146.174878"><ele>15.1</ele></trkpt>
    <trkpt lat="-43.444178" lon="146.174892"><ele>14.7</ele></trkpt>
    <trkpt lat="-43.444272" lon="146.174892"><ele>14.3</ele></trkpt>
    <trkpt lat="-43.444362" lon="146.174897"><ele>14.0</ele></trkpt>
    <trkpt lat="-43.444465" lon="146.174902"><ele>13.7</ele></trkpt>
    <trkpt lat="-43.444565" lon="146.174908"><ele>13.4</ele></trkpt>
    <trkpt lat="-43.444663" lon="146.174918"><ele>13.2</ele></trkpt>
    <trkpt lat="-43.444757" lon="146.174932"><ele>13.0</ele></trkpt>
    <trkpt lat="-43.444855" lon="146.174945"><ele>12.9</ele></trkpt>
    <trkpt lat="-43.444953" lon="146.174963"><ele>12.8</ele></trkpt>
    <trkpt lat="-43.445052" lon="146.175007"><ele>12.7</ele></trkpt>
    <trkpt lat="-43.445143" lon="146.175053"><ele>12.6</ele></trkpt>
    <trkpt lat="-43.445230" lon="146.175110"><ele>12.6</ele></trkpt>
    <trkpt lat="-43.445317" lon="146.175175"><ele>12.6</ele></trkpt>
    <trkpt lat="-43.445398" lon="146.175253"><ele>12.5</ele></trkpt>
    <trkpt lat="-43.445470" lon="146.175345"><ele>12.5</ele></trkpt>
    <trkpt lat="-43.445533" lon="146.175445"><ele>12.5</ele></trkpt>
    <trkpt lat="-43.445587" lon="146.175545"><ele>12.4</ele></trkpt>
    <trkpt lat="-43.445647" lon="146.175657"><ele>12.4</ele></trkpt>
    <trkpt lat="-43.445700" lon="146.175768"><ele>12.5</ele></trkpt>
    <trkpt lat="-43.445753" lon="146.175883"><ele>12.5</ele></trkpt>
    <trkpt lat="-43.445832" lon="146.175967"><ele>12.5</ele></trkpt>
    <trkpt lat="-43.445927" lon="146.176022"><ele>12.5</ele></trkpt>
    <trkpt lat="-43.446015" lon="146.176085"><ele>12.5</ele></trkpt>
    <trkpt lat="-43.446100" lon="146.176160"><ele>12.5</ele></trkpt>
    <trkpt lat="-43.446182" lon="146.176222"><ele>12.4</ele></trkpt>
    <trkpt lat="-43.446272" lon="146.176282"><ele>12.4</ele></trkpt>
    <trkpt lat="-43.446358" lon="146.176338"><ele>12.3</ele></trkpt>
    <trkpt lat="-43.446478" lon="146.176372"><ele>12.2</ele></trkpt>
    <trkpt lat="-43.446572" lon="146.176377"><ele>12.1</ele></trkpt>
    <trkpt lat="-43.446742" lon="146.176402"><ele>11.9</ele></trkpt>
    <trkpt lat="-43.446872" lon="146.176414"><ele>11.8</ele></trkpt>
    <trkpt lat="-43.447002" lon="146.176442"><ele>11.6</ele></trkpt>
    <trkpt lat="-43.447090" lon="146.176467"><ele>11.5</ele></trkpt>
    <trkpt lat="-43.447185" lon="146.176492"><ele>11.4</ele></trkpt>
    <trkpt lat="-43.447285" lon="146.176520"><ele>11.2</ele></trkpt>
    <trkpt lat="-43.447380" lon="146.176555"><ele>11.1</ele></trkpt>
    <trkpt lat="-43.447475" lon="146.176593"><ele>11.0</ele></trkpt>
    <trkpt lat="-43.447563" lon="146.176622"><ele>10.9</ele></trkpt>
    <trkpt lat="-43.447660" lon="146.176647"><ele>10.8</ele></trkpt>
    <trkpt lat="-43.447757" lon="146.176670"><ele>10.7</ele></trkpt>
    <trkpt lat="-43.447863" lon="146.176697"><ele>10.5</ele></trkpt>
    <trkpt lat="-43.447957" lon="146.176723"><ele>10.5</ele></trkpt>
    <trkpt lat="-43.448063" lon="146.176752"><ele>10.4</ele></trkpt>
    <trkpt lat="-43.448157" lon="146.176773"><ele>10.3</ele></trkpt>
    <trkpt lat="-43.448248" lon="146.176797"><ele>10.2</ele></trkpt>
    <trkpt lat="-43.448342" lon="146.176820"><ele>10.2</ele></trkpt>
    <trkpt lat="-43.448443" lon="146.176842"><ele>10.1</ele></trkpt>
    <trkpt lat="-43.448540" lon="146.176868"><ele>10.1</ele></trkpt>
    <trkpt lat="-43.448628" lon="146.176908"><ele>10.1</ele></trkpt>
    <trkpt lat="-43.448720" lon="146.176950"><ele>10.1</ele></trkpt>
    <trkpt lat="-43.448823" lon="146.177017"><ele>10.1</ele></trkpt>
    <trkpt lat="-43.448917" lon="146.177062"><ele>10.1</ele></trkpt>
    <trkpt lat="-43.449012" lon="146.177103"><ele>10.2</ele></trkpt>
    <trkpt lat="-43.449100" lon="146.177170"><ele>10.2</ele></trkpt>
    <trkpt lat="-43.449183" lon="146.177230"><ele>10.2</ele></trkpt>
    <trkpt lat="-43.449262" lon="146.177292"><ele>10.2</ele></trkpt>
    <trkpt lat="-43.449340" lon="146.177360"><ele>10.2</ele></trkpt>
    <trkpt lat="-43.449425" lon="146.177413"><ele>10.2</ele></trkpt>
    <trkpt lat="-43.449513" lon="146.177448"><ele>10.2</ele></trkpt>
    <trkpt lat="-43.449605" lon="146.177475"><ele>10.2</ele></trkpt>
    <trkpt lat="-43.449700" lon="146.177497"><ele>10.2</ele></trkpt>
    <trkpt lat="-43.449877" lon="146.177558"><ele>10.2</ele></trkpt>
    <trkpt lat="-43.449972" lon="146.177608"><ele>10.2</ele></trkpt>
    <trkpt lat="-43.450065" lon="146.177655"><ele>10.2</ele></trkpt>
    <trkpt lat="-43.450147" lon="146.177718"><ele>10.2</ele></trkpt>
    <trkpt lat="-43.450232" lon="146.177782"><ele>10.3</ele></trkpt>
    <trkpt lat="-43.450328" lon="146.177835"><ele>10.4</ele></trkpt>
    <trkpt lat="-43.450415" lon="146.177877"><ele>10.5</ele></trkpt>
    <trkpt lat="-43.450510" lon="146.177927"><ele>10.6</ele></trkpt>
    <trkpt lat="-43.450603" lon="146.177975"><ele>10.7</ele></trkpt>
    <trkpt lat="-43.450692" lon="146.178022"><ele>10.8</ele></trkpt>
    <trkpt lat="-43.450783" lon="146.178073"><ele>10.9</ele></trkpt>
    <trkpt lat="-43.450883" lon="146.178117"><ele>11.1</ele></trkpt>
    <trkpt lat="-43.450982" lon="146.178160"><ele>11.2</ele></trkpt>
    <trkpt lat="-43.451072" lon="146.178188"><ele>11.3</ele></trkpt>
    <trkpt lat="-43.451168" lon="146.178208"><ele>11.5</ele></trkpt>
    <trkpt lat="-43.451267" lon="146.178227"><ele>11.6</ele></trkpt>
    <trkpt lat="-43.451363" lon="146.178250"><ele>11.7</ele></trkpt>
    <trkpt lat="-43.451457" lon="146.178283"><ele>11.9</ele></trkpt>
    <trkpt lat="-43.451555" lon="146.178322"><ele>12.0</ele></trkpt>
    <trkpt lat="-43.451653" lon="146.178362"><ele>12.2</ele></trkpt>
    <trkpt lat="-43.451750" lon="146.178403"><ele>12.3</ele></trkpt>
    <trkpt lat="-43.451842" lon="146.178437"><ele>12.4</ele></trkpt>
    <trkpt lat="-43.451932" lon="146.178473"><ele>12.6</ele></trkpt>
    <trkpt lat="-43.452022" lon="146.178512"><ele>12.7</ele></trkpt>
    <trkpt lat="-43.452112" lon="146.178545"><ele>12.9</ele></trkpt>
    <trkpt lat="-43.452212" lon="146.178585"><ele>13.1</ele></trkpt>
    <trkpt lat="-43.452305" lon="146.178627"><ele>13.3</ele></trkpt>
    <trkpt lat="-43.452393" lon="146.178663"><ele>13.4</ele></trkpt>
    <trkpt lat="-43.452488" lon="146.178705"><ele>13.7</ele></trkpt>
    <trkpt lat="-43.452575" lon="146.178753"><ele>13.9</ele></trkpt>
    <trkpt lat="-43.452662" lon="146.178812"><ele>14.1</ele></trkpt>
    <trkpt lat="-43.452748" lon="146.178878"><ele>14.3</ele></trkpt>
    <trkpt lat="-43.452827" lon="146.178952"><ele>14.5</ele></trkpt>
    <trkpt lat="-43.452953" lon="146.179082"><ele>14.9</ele></trkpt>
    <trkpt lat="-43.453027" lon="146.179167"><ele>15.1</ele></trkpt>
    <trkpt lat="-43.453115" lon="146.179225"><ele>15.4</ele></trkpt>
    <trkpt lat="-43.453202" lon="146.179293"><ele>15.6</ele></trkpt>
    <trkpt lat="-43.453302" lon="146.179338"><ele>15.9</ele></trkpt>
    <trkpt lat="-43.453398" lon="146.179375"><ele>16.2</ele></trkpt>
    <trkpt lat="-43.453493" lon="146.179410"><ele>16.4</ele></trkpt>
    <trkpt lat="-43.453592" lon="146.179453"><ele>16.6</ele></trkpt>
    <trkpt lat="-43.453683" lon="146.179510"><ele>16.9</ele></trkpt>
    <trkpt lat="-43.453770" lon="146.179568"><ele>17.0</ele></trkpt>
    <trkpt lat="-43.453853" lon="146.179628"><ele>17.2</ele></trkpt>
    <trkpt lat="-43.453935" lon="146.179692"><ele>17.4</ele></trkpt>
    <trkpt lat="-43.454018" lon="146.179755"><ele>17.5</ele></trkpt>
    <trkpt lat="-43.454098" lon="146.179822"><ele>17.7</ele></trkpt>
    <trkpt lat="-43.454175" lon="146.179887"><ele>17.9</ele></trkpt>
    <trkpt lat="-43.454262" lon="146.179937"><ele>18.1</ele></trkpt>
    <trkpt lat="-43.454348" lon="146.179990"><ele>18.3</ele></trkpt>
    <trkpt lat="-43.454428" lon="146.180050"><ele>18.5</ele></trkpt>
    <trkpt lat="-43.454508" lon="146.180110"><ele>18.7</ele></trkpt>
    <trkpt lat="-43.454592" lon="146.180168"><ele>18.9</ele></trkpt>
    <trkpt lat="-43.454672" lon="146.180235"><ele>19.1</ele></trkpt>
    <trkpt lat="-43.454750" lon="146.180308"><ele>19.4</ele></trkpt>
    <trkpt lat="-43.454848" lon="146.180398"><ele>19.7</ele></trkpt>
    <trkpt lat="-43.455110" lon="146.180603"><ele>20.6</ele></trkpt>
    <trkpt lat="-43.455205" lon="146.180710"><ele>20.9</ele></trkpt>
    <trkpt lat="-43.455300" lon="146.180760"><ele>21.2</ele></trkpt>
    <trkpt lat="-43.455390" lon="146.180822"><ele>21.5</ele></trkpt>
    <trkpt lat="-43.455467" lon="146.180890"><ele>21.7</ele></trkpt>
    <trkpt lat="-43.455558" lon="146.181023"><ele>22.1</ele></trkpt>
    <trkpt lat="-43.455623" lon="146.181112"><ele>22.3</ele></trkpt>
    <trkpt lat="-43.455705" lon="146.181190"><ele>22.6</ele></trkpt>
    <trkpt lat="-43.455792" lon="146.181228"><ele>22.8</ele></trkpt>
    <trkpt lat="-43.455877" lon="146.181273"><ele>22.9</ele></trkpt>
    <trkpt lat="-43.455965" lon="146.181315"><ele>23.1</ele></trkpt>
    <trkpt lat="-43.456085" lon="146.181357"><ele>23.3</ele></trkpt>
    <trkpt lat="-43.456183" lon="146.181393"><ele>23.4</ele></trkpt>
    <trkpt lat="-43.456273" lon="146.181412"><ele>23.5</ele></trkpt>
    <trkpt lat="-43.456362" lon="146.181440"><ele>23.6</ele></trkpt>
    <trkpt lat="-43.456457" lon="146.181485"><ele>23.7</ele></trkpt>
    <trkpt lat="-43.456545" lon="146.181542"><ele>23.8</ele></trkpt>
    <trkpt lat="-43.456628" lon="146.181592"><ele>23.9</ele></trkpt>
    <trkpt lat="-43.456713" lon="146.181645"><ele>23.9</ele></trkpt>
    <trkpt lat="-43.456790" lon="146.181710"><ele>24.0</ele></trkpt>
    <trkpt lat="-43.456867" lon="146.181777"><ele>24.0</ele></trkpt>
    <trkpt lat="-43.456945" lon="146.181842"><ele>24.0</ele></trkpt>
    <trkpt lat="-43.457027" lon="146.181908"><ele>24.1</ele></trkpt>
    <trkpt lat="-43.457115" lon="146.181980"><ele>24.1</ele></trkpt>
    <trkpt lat="-43.457202" lon="146.182052"><ele>24.1</ele></trkpt>
    <trkpt lat="-43.457283" lon="146.182115"><ele>24.0</ele></trkpt>
    <trkpt lat="-43.457368" lon="146.182180"><ele>24.0</ele></trkpt>
    <trkpt lat="-43.457450" lon="146.182243"><ele>23.9</ele></trkpt>
    <trkpt lat="-43.457608" lon="146.182315"><ele>23.8</ele></trkpt>
    <trkpt lat="-43.457702" lon="146.182335"><ele>23.7</ele></trkpt>
    <trkpt lat="-43.457798" lon="146.182353"><ele>23.5</ele></trkpt>
    <trkpt lat="-43.457898" lon="146.182377"><ele>23.4</ele></trkpt>
    <trkpt lat="-43.457992" lon="146.182420"><ele>23.3</ele></trkpt>
    <trkpt lat="-43.458075" lon="146.182473"><ele>23.1</ele></trkpt>
    <trkpt lat="-43.458211" lon="146.182568"><ele>22.9</ele></trkpt>
    <trkpt lat="-43.458320" lon="146.182605"><ele>22.7</ele></trkpt>
    <trkpt lat="-43.458426" lon="146.182590"><ele>22.4</ele></trkpt>
    <trkpt lat="-43.458504" lon="146.182634"><ele>22.3</ele></trkpt>
    <trkpt lat="-43.458578" lon="146.182783"><ele>22.0</ele></trkpt>
    <trkpt lat="-43.458637" lon="146.182892"><ele>21.7</ele></trkpt>
    <trkpt lat="-43.458708" lon="146.182972"><ele>21.5</ele></trkpt>
    <trkpt lat="-43.458870" lon="146.183008"><ele>21.1</ele></trkpt>
    <trkpt lat="-43.459015" lon="146.183030"><ele>20.8</ele></trkpt>
    <trkpt lat="-43.459117" lon="146.183018"><ele>20.6</ele></trkpt>
    <trkpt lat="-43.459217" lon="146.183037"><ele>20.3</ele></trkpt>
    <trkpt lat="-43.459302" lon="146.183108"><ele>20.1</ele></trkpt>
    <trkpt lat="-43.459368" lon="146.183193"><ele>19.9</ele></trkpt>
    <trkpt lat="-43.459435" lon="146.183287"><ele>19.7</ele></trkpt>
    <trkpt lat="-43.459498" lon="146.183375"><ele>19.6</ele></trkpt>
    <trkpt lat="-43.459573" lon="146.183473"><ele>19.4</ele></trkpt>
    <trkpt lat="-43.459645" lon="146.183548"><ele>19.3</ele></trkpt>
    <trkpt lat="-43.459728" lon="146.183632"><ele>19.2</ele></trkpt>
    <trkpt lat="-43.459805" lon="146.183718"><ele>19.1</ele></trkpt>
    <trkpt lat="-43.459873" lon="146.183805"><ele>19.0</ele></trkpt>
    <trkpt lat="-43.459943" lon="146.183887"><ele>19.0</ele></trkpt>
    <trkpt lat="-43.460013" lon="146.183980"><ele>18.9</ele></trkpt>
    <trkpt lat="-43.460088" lon="146.184073"><ele>18.9</ele></trkpt>
    <trkpt lat="-43.460153" lon="146.184163"><ele>18.8</ele></trkpt>
    <trkpt lat="-43.460223" lon="146.184267"><ele>18.8</ele></trkpt>
    <trkpt lat="-43.460323" lon="146.184383"><ele>18.8</ele></trkpt>
    <trkpt lat="-43.460393" lon="146.184478"><ele>18.7</ele></trkpt>
    <trkpt lat="-43.460480" lon="146.184530"><ele>18.7</ele></trkpt>
    <trkpt lat="-43.460612" lon="146.184572"><ele>18.7</ele></trkpt>
    <trkpt lat="-43.460702" lon="146.184635"><ele>18.7</ele></trkpt>
    <trkpt lat="-43.460783" lon="146.184702"><ele>18.6</ele></trkpt>
    <trkpt lat="-43.460870" lon="146.184770"><ele>18.6</ele></trkpt>
    <trkpt lat="-43.460957" lon="146.184837"><ele>18.6</ele></trkpt>
    <trkpt lat="-43.461048" lon="146.184898"><ele>18.5</ele></trkpt>
    <trkpt lat="-43.461137" lon="146.184960"><ele>18.5</ele></trkpt>
    <trkpt lat="-43.461222" lon="146.185023"><ele>18.5</ele></trkpt>
    <trkpt lat="-43.461302" lon="146.185095"><ele>18.5</ele></trkpt>
    <trkpt lat="-43.461377" lon="146.185178"><ele>18.5</ele></trkpt>
    <trkpt lat="-43.461455" lon="146.185258"><ele>18.6</ele></trkpt>
    <trkpt lat="-43.461532" lon="146.185335"><ele>18.7</ele></trkpt>
    <trkpt lat="-43.461607" lon="146.185423"><ele>18.8</ele></trkpt>
    <trkpt lat="-43.461683" lon="146.185508"><ele>18.9</ele></trkpt>
    <trkpt lat="-43.461767" lon="146.185590"><ele>19.0</ele></trkpt>
    <trkpt lat="-43.461852" lon="146.185652"><ele>19.1</ele></trkpt>
    <trkpt lat="-43.461942" lon="146.185702"><ele>19.2</ele></trkpt>
    <trkpt lat="-43.462037" lon="146.185750"><ele>19.3</ele></trkpt>
    <trkpt lat="-43.462117" lon="146.185812"><ele>19.5</ele></trkpt>
    <trkpt lat="-43.462200" lon="146.185878"><ele>19.6</ele></trkpt>
    <trkpt lat="-43.462317" lon="146.185940"><ele>19.7</ele></trkpt>
    <trkpt lat="-43.462392" lon="146.186013"><ele>19.8</ele></trkpt>
    <trkpt lat="-43.462470" lon="146.186080"><ele>19.9</ele></trkpt>
    <trkpt lat="-43.462548" lon="146.186142"><ele>20.0</ele></trkpt>
    <trkpt lat="-43.462633" lon="146.186218"><ele>20.1</ele></trkpt>
    <trkpt lat="-43.462717" lon="146.186295"><ele>20.2</ele></trkpt>
    <trkpt lat="-43.462800" lon="146.186357"><ele>20.3</ele></trkpt>
    <trkpt lat="-43.462888" lon="146.186413"><ele>20.3</ele></trkpt>
    <trkpt lat="-43.462977" lon="146.186487"><ele>20.4</ele></trkpt>
    <trkpt lat="-43.463115" lon="146.186575"><ele>20.5</ele></trkpt>
    <trkpt lat="-43.463205" lon="146.186605"><ele>20.6</ele></trkpt>
    <trkpt lat="-43.463313" lon="146.186642"><ele>20.6</ele></trkpt>
    <trkpt lat="-43.463475" lon="146.186698"><ele>20.6</ele></trkpt>
    <trkpt lat="-43.463597" lon="146.186723"><ele>20.6</ele></trkpt>
    <trkpt lat="-43.463687" lon="146.186757"><ele>20.5</ele></trkpt>
    <trkpt lat="-43.463777" lon="146.186768"><ele>20.5</ele></trkpt>
    <trkpt lat="-43.464115" lon="146.186737"><ele>20.2</ele></trkpt>
    <trkpt lat="-43.464373" lon="146.186648"><ele>20.0</ele></trkpt>
    <trkpt lat="-43.464497" lon="146.186607"><ele>19.9</ele></trkpt>
    <trkpt lat="-43.464619" lon="146.186573"><ele>19.9</ele></trkpt>
    <trkpt lat="-43.464737" lon="146.186525"><ele>19.9</ele></trkpt>
    <trkpt lat="-43.464828" lon="146.186502"><ele>20.0</ele></trkpt>
    <trkpt lat="-43.464918" lon="146.186470"><ele>20.0</ele></trkpt>
    <trkpt lat="-43.465005" lon="146.186432"><ele>20.1</ele></trkpt>
    <trkpt lat="-43.465097" lon="146.186380"><ele>20.2</ele></trkpt>
    <trkpt lat="-43.465188" lon="146.186322"><ele>20.5</ele></trkpt>
    <trkpt lat="-43.465273" lon="146.186268"><ele>20.7</ele></trkpt>
    <trkpt lat="-43.465367" lon="146.186227"><ele>21.0</ele></trkpt>
    <trkpt lat="-43.465450" lon="146.186160"><ele>21.4</ele></trkpt>
    <trkpt lat="-43.465535" lon="146.186069"><ele>21.8</ele></trkpt>
    <trkpt lat="-43.465616" lon="146.186026"><ele>22.3</ele></trkpt>
    <trkpt lat="-43.465712" lon="146.186027"><ele>22.9</ele></trkpt>
    <trkpt lat="-43.465827" lon="146.186026"><ele>23.6</ele></trkpt>
    <trkpt lat="-43.466100" lon="146.185832"><ele>25.9</ele></trkpt>
    <trkpt lat="-43.466357" lon="146.185673"><ele>28.4</ele></trkpt>
    <trkpt lat="-43.466447" lon="146.185628"><ele>29.3</ele></trkpt>
    <trkpt lat="-43.466750" lon="146.185590"><ele>32.1</ele></trkpt>
    <trkpt lat="-43.467072" lon="146.185633"><ele>35.0</ele></trkpt>
    <trkpt lat="-43.467347" lon="146.185658"><ele>37.4</ele></trkpt>
    <trkpt lat="-43.467622" lon="146.185675"><ele>39.9</ele></trkpt>
    <trkpt lat="-43.467715" lon="146.185683"><ele>40.7</ele></trkpt>
    <trkpt lat="-43.467815" lon="146.185697"><ele>41.5</ele></trkpt>
    <trkpt lat="-43.467908" lon="146.185713"><ele>42.4</ele></trkpt>
    <trkpt lat="-43.468188" lon="146.185738"><ele>44.6</ele></trkpt>
    <trkpt lat="-43.468415" lon="146.185740"><ele>46.4</ele></trkpt>
    <trkpt lat="-43.468510" lon="146.185742"><ele>47.0</ele></trkpt>
    <trkpt lat="-43.468605" lon="146.185742"><ele>47.7</ele></trkpt>
    <trkpt lat="-43.468792" lon="146.185730"><ele>48.9</ele></trkpt>
    <trkpt lat="-43.468880" lon="146.185737"><ele>49.5</ele></trkpt>
    <trkpt lat="-43.468977" lon="146.185753"><ele>50.0</ele></trkpt>
    <trkpt lat="-43.469195" lon="146.185758"><ele>50.9</ele></trkpt>
    <trkpt lat="-43.469353" lon="146.185760"><ele>51.4</ele></trkpt>
    <trkpt lat="-43.469455" lon="146.185740"><ele>51.6</ele></trkpt>
    <trkpt lat="-43.469593" lon="146.185702"><ele>51.8</ele></trkpt>
    <trkpt lat="-43.469778" lon="146.185657"><ele>52.0</ele></trkpt>
    <trkpt lat="-43.469882" lon="146.185650"><ele>52.1</ele></trkpt>
    <trkpt lat="-43.469985" lon="146.185653"><ele>52.2</ele></trkpt>
    <trkpt lat="-43.470140" lon="146.185653"><ele>52.5</ele></trkpt>
    <trkpt lat="-43.470238" lon="146.185668"><ele>52.7</ele></trkpt>
    <trkpt lat="-43.470333" lon="146.185680"><ele>53.0</ele></trkpt>
    <trkpt lat="-43.470523" lon="146.185668"><ele>54.0</ele></trkpt>
    <trkpt lat="-43.470775" lon="146.185703"><ele>55.8</ele></trkpt>
    <trkpt lat="-43.470862" lon="146.185762"><ele>56.6</ele></trkpt>
    <trkpt lat="-43.470922" lon="146.185858"><ele>57.5</ele></trkpt>
    <trkpt lat="-43.471120" lon="146.186183"><ele>60.3</ele></trkpt>
    <trkpt lat="-43.471313" lon="146.186528"><ele>62.9</ele></trkpt>
    <trkpt lat="-43.471405" lon="146.186592"><ele>63.5</ele></trkpt>
    <trkpt lat="-43.471495" lon="146.186633"><ele>63.8</ele></trkpt>
    <trkpt lat="-43.471593" lon="146.186663"><ele>64.1</ele></trkpt>
    <trkpt lat="-43.471685" lon="146.186702"><ele>64.3</ele></trkpt>
    <trkpt lat="-43.471763" lon="146.186787"><ele>64.2</ele></trkpt>
    <trkpt lat="-43.471822" lon="146.186897"><ele>64.2</ele></trkpt>
    <trkpt lat="-43.471837" lon="146.187025"><ele>64.3</ele></trkpt>
    <trkpt lat="-43.471872" lon="146.187158"><ele>64.4</ele></trkpt>
    <trkpt lat="-43.471912" lon="146.187277"><ele>64.4</ele></trkpt>
    <trkpt lat="-43.471960" lon="146.187385"><ele>64.2</ele></trkpt>
    <trkpt lat="-43.472022" lon="146.187483"><ele>63.9</ele></trkpt>
    <trkpt lat="-43.472107" lon="146.187527"><ele>63.7</ele></trkpt>
    <trkpt lat="-43.472193" lon="146.187475"><ele>63.5</ele></trkpt>
    <trkpt lat="-43.472266" lon="146.187416"><ele>63.3</ele></trkpt>
    <trkpt lat="-43.472353" lon="146.187392"><ele>63.1</ele></trkpt>
    <trkpt lat="-43.472523" lon="146.187478"><ele>62.6</ele></trkpt>
    <trkpt lat="-43.472647" lon="146.187473"><ele>62.2</ele></trkpt>
    <trkpt lat="-43.472808" lon="146.187409"><ele>61.3</ele></trkpt>
    <trkpt lat="-43.472937" lon="146.187388"><ele>60.3</ele></trkpt>
    <trkpt lat="-43.473008" lon="146.187465"><ele>59.3</ele></trkpt>
    <trkpt lat="-43.473050" lon="146.187582"><ele>58.4</ele></trkpt>
    <trkpt lat="-43.473120" lon="146.187687"><ele>57.4</ele></trkpt>
    <trkpt lat="-43.473113" lon="146.187812"><ele>56.5</ele></trkpt>
    <trkpt lat="-43.473052" lon="146.187888"><ele>55.6</ele></trkpt>
    <trkpt lat="-43.473012" lon="146.188013"><ele>54.5</ele></trkpt>
    <trkpt lat="-43.473005" lon="146.188140"><ele>53.4</ele></trkpt>
    <trkpt lat="-43.473025" lon="146.188278"><ele>52.2</ele></trkpt>
    <trkpt lat="-43.473060" lon="146.188397"><ele>51.2</ele></trkpt>
    <trkpt lat="-43.473108" lon="146.188503"><ele>50.2</ele></trkpt>
    <trkpt lat="-43.473160" lon="146.188617"><ele>49.1</ele></trkpt>
    <trkpt lat="-43.473240" lon="146.188812"><ele>47.6</ele></trkpt>
    <trkpt lat="-43.473282" lon="146.188930"><ele>46.6</ele></trkpt>
    <trkpt lat="-43.473348" lon="146.189027"><ele>45.7</ele></trkpt>
    <trkpt lat="-43.473403" lon="146.189128"><ele>44.8</ele></trkpt>
    <trkpt lat="-43.473470" lon="146.189230"><ele>43.9</ele></trkpt>
    <trkpt lat="-43.473553" lon="146.189315"><ele>43.0</ele></trkpt>
    <trkpt lat="-43.473605" lon="146.189428"><ele>42.1</ele></trkpt>
    <trkpt lat="-43.473679" lon="146.189446"><ele>41.5</ele></trkpt>
    <trkpt lat="-43.473715" lon="146.189392"><ele>41.1</ele></trkpt>
    <trkpt lat="-43.473725" lon="146.189265"><ele>40.4</ele></trkpt>
    <trkpt lat="-43.473728" lon="146.189159"><ele>39.8</ele></trkpt>
    <trkpt lat="-43.473788" lon="146.189092"><ele>39.4</ele></trkpt>
    <trkpt lat="-43.473955" lon="146.189010"><ele>38.4</ele></trkpt>
    <trkpt lat="-43.474145" lon="146.189072"><ele>37.6</ele></trkpt>
    <trkpt lat="-43.474320" lon="146.189242"><ele>37.0</ele></trkpt>
    <trkpt lat="-43.474390" lon="146.189322"><ele>36.8</ele></trkpt>
    <trkpt lat="-43.474467" lon="146.189408"><ele>36.6</ele></trkpt>
    <trkpt lat="-43.474538" lon="146.189483"><ele>36.5</ele></trkpt>
    <trkpt lat="-43.474610" lon="146.189565"><ele>36.3</ele></trkpt>
    <trkpt lat="-43.474677" lon="146.189653"><ele>36.1</ele></trkpt>
    <trkpt lat="-43.474755" lon="146.189730"><ele>35.9</ele></trkpt>
    <trkpt lat="-43.474830" lon="146.189800"><ele>35.7</ele></trkpt>
    <trkpt lat="-43.474905" lon="146.189880"><ele>35.5</ele></trkpt>
    <trkpt lat="-43.475135" lon="146.189947"><ele>35.0</ele></trkpt>
    <trkpt lat="-43.475423" lon="146.189866"><ele>34.3</ele></trkpt>
    <trkpt lat="-43.475550" lon="146.189785"><ele>34.3</ele></trkpt>
    <trkpt lat="-43.475645" lon="146.189777"><ele>34.3</ele></trkpt>
    <trkpt lat="-43.475737" lon="146.189842"><ele>34.5</ele></trkpt>
    <trkpt lat="-43.475880" lon="146.190003"><ele>34.9</ele></trkpt>
    <trkpt lat="-43.475950" lon="146.190101"><ele>35.0</ele></trkpt>
    <trkpt lat="-43.476059" lon="146.190186"><ele>35.1</ele></trkpt>
    <trkpt lat="-43.476162" lon="146.190266"><ele>35.1</ele></trkpt>
    <trkpt lat="-43.476263" lon="146.190396"><ele>35.2</ele></trkpt>
    <trkpt lat="-43.476373" lon="146.190635"><ele>35.2</ele></trkpt>
    <trkpt lat="-43.476435" lon="146.190727"><ele>35.2</ele></trkpt>
    <trkpt lat="-43.476518" lon="146.190810"><ele>35.2</ele></trkpt>
    <trkpt lat="-43.476587" lon="146.190912"><ele>35.1</ele></trkpt>
    <trkpt lat="-43.476688" lon="146.190986"><ele>35.0</ele></trkpt>
    <trkpt lat="-43.476747" lon="146.191060"><ele>35.1</ele></trkpt>
    <trkpt lat="-43.476788" lon="146.191255"><ele>35.1</ele></trkpt>
    <trkpt lat="-43.476860" lon="146.191355"><ele>35.5</ele></trkpt>
    <trkpt lat="-43.476975" lon="146.191458"><ele>36.0</ele></trkpt>
    <trkpt lat="-43.477040" lon="146.191548"><ele>36.5</ele></trkpt>
    <trkpt lat="-43.477150" lon="146.191583"><ele>37.1</ele></trkpt>
    <trkpt lat="-43.477222" lon="146.191672"><ele>37.6</ele></trkpt>
    <trkpt lat="-43.477253" lon="146.191815"><ele>38.2</ele></trkpt>
    <trkpt lat="-43.477297" lon="146.191928"><ele>38.8</ele></trkpt>
    <trkpt lat="-43.477352" lon="146.192045"><ele>39.4</ele></trkpt>
    <trkpt lat="-43.477407" lon="146.192148"><ele>39.8</ele></trkpt>
    <trkpt lat="-43.477463" lon="146.192253"><ele>40.2</ele></trkpt>
    <trkpt lat="-43.477540" lon="146.192408"><ele>40.4</ele></trkpt>
    <trkpt lat="-43.477592" lon="146.192520"><ele>40.4</ele></trkpt>
    <trkpt lat="-43.477645" lon="146.192630"><ele>40.4</ele></trkpt>
    <trkpt lat="-43.477692" lon="146.192752"><ele>40.2</ele></trkpt>
    <trkpt lat="-43.477748" lon="146.192867"><ele>40.0</ele></trkpt>
    <trkpt lat="-43.477798" lon="146.192978"><ele>39.8</ele></trkpt>
    <trkpt lat="-43.477872" lon="146.193070"><ele>39.5</ele></trkpt>
    <trkpt lat="-43.477903" lon="146.193202"><ele>39.3</ele></trkpt>
    <trkpt lat="-43.477960" lon="146.193430"><ele>39.2</ele></trkpt>
    <trkpt lat="-43.477967" lon="146.193555"><ele>39.2</ele></trkpt>
    <trkpt lat="-43.477998" lon="146.193722"><ele>39.5</ele></trkpt>
    <trkpt lat="-43.478035" lon="146.193845"><ele>39.9</ele></trkpt>
    <trkpt lat="-43.478103" lon="146.193943"><ele>40.3</ele></trkpt>
    <trkpt lat="-43.478192" lon="146.194007"><ele>40.8</ele></trkpt>
    <trkpt lat="-43.478313" lon="146.194088"><ele>41.5</ele></trkpt>
    <trkpt lat="-43.478515" lon="146.194345"><ele>43.2</ele></trkpt>
    <trkpt lat="-43.478596" lon="146.194556"><ele>44.1</ele></trkpt>
    <trkpt lat="-43.478658" lon="146.194733"><ele>44.7</ele></trkpt>
    <trkpt lat="-43.478695" lon="146.194847"><ele>44.9</ele></trkpt>
    <trkpt lat="-43.478758" lon="146.194955"><ele>45.1</ele></trkpt>
    <trkpt lat="-43.478832" lon="146.195047"><ele>45.1</ele></trkpt>
    <trkpt lat="-43.478897" lon="146.195153"><ele>44.9</ele></trkpt>
    <trkpt lat="-43.478972" lon="146.195225"><ele>44.7</ele></trkpt>
    <trkpt lat="-43.479042" lon="146.195325"><ele>44.3</ele></trkpt>
    <trkpt lat="-43.479077" lon="146.195447"><ele>43.9</ele></trkpt>
    <trkpt lat="-43.479122" lon="146.195568"><ele>43.5</ele></trkpt>
    <trkpt lat="-43.479163" lon="146.195692"><ele>42.8</ele></trkpt>
    <trkpt lat="-43.479215" lon="146.195793"><ele>42.3</ele></trkpt>
    <trkpt lat="-43.479273" lon="146.195888"><ele>41.7</ele></trkpt>
    <trkpt lat="-43.479372" lon="146.196038"><ele>40.7</ele></trkpt>
    <trkpt lat="-43.479435" lon="146.196143"><ele>40.0</ele></trkpt>
    <trkpt lat="-43.479488" lon="146.196265"><ele>39.5</ele></trkpt>
    <trkpt lat="-43.479562" lon="146.196360"><ele>38.9</ele></trkpt>
    <trkpt lat="-43.479620" lon="146.196468"><ele>38.5</ele></trkpt>
    <trkpt lat="-43.479703" lon="146.196535"><ele>38.4</ele></trkpt>
    <trkpt lat="-43.479803" lon="146.196682"><ele>38.2</ele></trkpt>
    <trkpt lat="-43.479887" lon="146.196757"><ele>38.3</ele></trkpt>
    <trkpt lat="-43.479968" lon="146.196833"><ele>38.5</ele></trkpt>
    <trkpt lat="-43.480085" lon="146.196902"><ele>38.8</ele></trkpt>
    <trkpt lat="-43.480177" lon="146.196940"><ele>39.0</ele></trkpt>
    <trkpt lat="-43.480408" lon="146.197070"><ele>39.7</ele></trkpt>
    <trkpt lat="-43.480507" lon="146.197185"><ele>40.0</ele></trkpt>
    <trkpt lat="-43.480545" lon="146.197376"><ele>40.1</ele></trkpt>
    <trkpt lat="-43.480602" lon="146.197495"><ele>40.1</ele></trkpt>
    <trkpt lat="-43.480635" lon="146.197630"><ele>40.0</ele></trkpt>
    <trkpt lat="-43.480683" lon="146.197740"><ele>39.7</ele></trkpt>
    <trkpt lat="-43.480708" lon="146.197873"><ele>39.4</ele></trkpt>
    <trkpt lat="-43.480728" lon="146.198008"><ele>39.0</ele></trkpt>
    <trkpt lat="-43.480755" lon="146.198145"><ele>38.6</ele></trkpt>
    <trkpt lat="-43.480803" lon="146.198267"><ele>38.3</ele></trkpt>
    <trkpt lat="-43.480868" lon="146.198375"><ele>37.9</ele></trkpt>
    <trkpt lat="-43.480943" lon="146.198463"><ele>37.6</ele></trkpt>
    <trkpt lat="-43.481025" lon="146.198540"><ele>37.4</ele></trkpt>
    <trkpt lat="-43.481118" lon="146.198583"><ele>37.1</ele></trkpt>
    <trkpt lat="-43.481208" lon="146.198617"><ele>36.9</ele></trkpt>
    <trkpt lat="-43.481305" lon="146.198627"><ele>36.7</ele></trkpt>
    <trkpt lat="-43.481393" lon="146.198653"><ele>36.6</ele></trkpt>
    <trkpt lat="-43.481488" lon="146.198685"><ele>36.5</ele></trkpt>
    <trkpt lat="-43.481590" lon="146.198703"><ele>36.4</ele></trkpt>
    <trkpt lat="-43.481688" lon="146.198712"><ele>36.3</ele></trkpt>
    <trkpt lat="-43.481778" lon="146.198728"><ele>36.2</ele></trkpt>
    <trkpt lat="-43.481912" lon="146.198783"><ele>36.2</ele></trkpt>
    <trkpt lat="-43.482038" lon="146.198800"><ele>36.1</ele></trkpt>
    <trkpt lat="-43.482186" lon="146.198859"><ele>36.0</ele></trkpt>
    <trkpt lat="-43.482287" lon="146.198981"><ele>36.0</ele></trkpt>
    <trkpt lat="-43.482400" lon="146.199095"><ele>36.0</ele></trkpt>
    <trkpt lat="-43.482492" lon="146.199118"><ele>35.9</ele></trkpt>
    <trkpt lat="-43.482580" lon="146.199173"><ele>36.1</ele></trkpt>
    <trkpt lat="-43.482722" lon="146.199197"><ele>36.3</ele></trkpt>
    <trkpt lat="-43.482859" lon="146.199248"><ele>36.6</ele></trkpt>
    <trkpt lat="-43.482990" lon="146.199363"><ele>37.0</ele></trkpt>
    <trkpt lat="-43.483068" lon="146.199428"><ele>37.4</ele></trkpt>
    <trkpt lat="-43.483152" lon="146.199483"><ele>37.8</ele></trkpt>
    <trkpt lat="-43.483242" lon="146.199532"><ele>38.3</ele></trkpt>
    <trkpt lat="-43.483332" lon="146.199573"><ele>38.9</ele></trkpt>
    <trkpt lat="-43.483418" lon="146.199618"><ele>39.6</ele></trkpt>
    <trkpt lat="-43.483507" lon="146.199670"><ele>40.3</ele></trkpt>
    <trkpt lat="-43.483602" lon="146.199708"><ele>41.0</ele></trkpt>
    <trkpt lat="-43.483725" lon="146.199745"><ele>41.8</ele></trkpt>
    <trkpt lat="-43.483947" lon="146.199798"><ele>43.6</ele></trkpt>
    <trkpt lat="-43.484212" lon="146.199920"><ele>45.9</ele></trkpt>
    <trkpt lat="-43.484311" lon="146.199939"><ele>46.7</ele></trkpt>
    <trkpt lat="-43.484420" lon="146.199907"><ele>47.3</ele></trkpt>
    <trkpt lat="-43.484508" lon="146.199842"><ele>47.9</ele></trkpt>
    <trkpt lat="-43.484635" lon="146.199838"><ele>48.1</ele></trkpt>
    <trkpt lat="-43.484735" lon="146.199810"><ele>48.1</ele></trkpt>
    <trkpt lat="-43.484832" lon="146.199798"><ele>48.1</ele></trkpt>
    <trkpt lat="-43.484935" lon="146.199797"><ele>47.9</ele></trkpt>
    <trkpt lat="-43.485030" lon="146.199758"><ele>47.8</ele></trkpt>
    <trkpt lat="-43.485130" lon="146.199777"><ele>47.4</ele></trkpt>
    <trkpt lat="-43.485207" lon="146.199852"><ele>46.9</ele></trkpt>
    <trkpt lat="-43.485267" lon="146.199962"><ele>46.4</ele></trkpt>
    <trkpt lat="-43.485352" lon="146.200003"><ele>45.9</ele></trkpt>
    <trkpt lat="-43.485443" lon="146.200057"><ele>45.3</ele></trkpt>
    <trkpt lat="-43.485533" lon="146.200110"><ele>44.7</ele></trkpt>
    <trkpt lat="-43.485603" lon="146.200198"><ele>44.3</ele></trkpt>
    <trkpt lat="-43.485675" lon="146.200282"><ele>43.8</ele></trkpt>
    <trkpt lat="-43.485748" lon="146.200373"><ele>43.5</ele></trkpt>
    <trkpt lat="-43.485822" lon="146.200455"><ele>43.6</ele></trkpt>
    <trkpt lat="-43.485893" lon="146.200540"><ele>43.7</ele></trkpt>
    <trkpt lat="-43.485960" lon="146.200623"><ele>43.9</ele></trkpt>
    <trkpt lat="-43.486042" lon="146.200718"><ele>44.5</ele></trkpt>
    <trkpt lat="-43.486317" lon="146.200927"><ele>46.2</ele></trkpt>
    <trkpt lat="-43.486424" lon="146.200975"><ele>46.8</ele></trkpt>
    <trkpt lat="-43.486504" lon="146.201047"><ele>47.1</ele></trkpt>
    <trkpt lat="-43.486595" lon="146.201203"><ele>47.6</ele></trkpt>
    <trkpt lat="-43.486637" lon="146.201322"><ele>47.7</ele></trkpt>
    <trkpt lat="-43.486683" lon="146.201437"><ele>47.7</ele></trkpt>
    <trkpt lat="-43.486700" lon="146.201603"><ele>47.6</ele></trkpt>
    <trkpt lat="-43.486706" lon="146.201819"><ele>47.1</ele></trkpt>
    <trkpt lat="-43.486723" lon="146.202004"><ele>46.5</ele></trkpt>
    <trkpt lat="-43.486765" lon="146.202124"><ele>45.9</ele></trkpt>
    <trkpt lat="-43.486848" lon="146.202250"><ele>45.0</ele></trkpt>
    <trkpt lat="-43.486830" lon="146.202375"><ele>44.4</ele></trkpt>
    <trkpt lat="-43.486778" lon="146.202493"><ele>43.6</ele></trkpt>
    <trkpt lat="-43.486727" lon="146.202597"><ele>43.0</ele></trkpt>
    <trkpt lat="-43.486708" lon="146.202727"><ele>42.2</ele></trkpt>
    <trkpt lat="-43.486630" lon="146.202810"><ele>41.5</ele></trkpt>
    <trkpt lat="-43.486585" lon="146.202935"><ele>40.6</ele></trkpt>
    <trkpt lat="-43.486575" lon="146.203067"><ele>39.7</ele></trkpt>
    <trkpt lat="-43.486578" lon="146.203192"><ele>38.7</ele></trkpt>
    <trkpt lat="-43.486617" lon="146.203315"><ele>37.7</ele></trkpt>
    <trkpt lat="-43.486660" lon="146.203440"><ele>36.5</ele></trkpt>
    <trkpt lat="-43.486710" lon="146.203568"><ele>35.4</ele></trkpt>
    <trkpt lat="-43.486762" lon="146.203687"><ele>34.2</ele></trkpt>
    <trkpt lat="-43.486815" lon="146.203793"><ele>33.2</ele></trkpt>
    <trkpt lat="-43.486793" lon="146.203940"><ele>31.9</ele></trkpt>
    <trkpt lat="-43.486662" lon="146.204008"><ele>30.3</ele></trkpt>
    <trkpt lat="-43.486553" lon="146.204163"><ele>28.7</ele></trkpt>
    <trkpt lat="-43.486502" lon="146.204272"><ele>27.9</ele></trkpt>
    <trkpt lat="-43.486480" lon="146.204452"><ele>26.7</ele></trkpt>
    <trkpt lat="-43.486467" lon="146.204577"><ele>26.1</ele></trkpt>
    <trkpt lat="-43.486485" lon="146.204707"><ele>25.4</ele></trkpt>
    <trkpt lat="-43.486522" lon="146.204840"><ele>24.7</ele></trkpt>
    <trkpt lat="-43.486472" lon="146.204952"><ele>23.9</ele></trkpt>
    <trkpt lat="-43.486408" lon="146.205040"><ele>23.1</ele></trkpt>
    <trkpt lat="-43.486388" lon="146.205163"><ele>22.2</ele></trkpt>
    <trkpt lat="-43.486388" lon="146.205302"><ele>21.2</ele></trkpt>
    <trkpt lat="-43.486395" lon="146.205430"><ele>20.2</ele></trkpt>
    <trkpt lat="-43.486407" lon="146.205558"><ele>19.3</ele></trkpt>
    <trkpt lat="-43.486435" lon="146.205690"><ele>18.6</ele></trkpt>
    <trkpt lat="-43.486457" lon="146.205827"><ele>17.8</ele></trkpt>
    <trkpt lat="-43.486492" lon="146.205942"><ele>17.1</ele></trkpt>
    <trkpt lat="-43.486545" lon="146.206050"><ele>16.4</ele></trkpt>
    <trkpt lat="-43.486625" lon="146.206059"><ele>15.7</ele></trkpt>
    <trkpt lat="-43.486692" lon="146.205975"><ele>15.3</ele></trkpt>
    <trkpt lat="-43.486717" lon="146.205845"><ele>14.9</ele></trkpt>
    <trkpt lat="-43.486765" lon="146.205733"><ele>14.5</ele></trkpt>
    <trkpt lat="-43.486835" lon="146.205638"><ele>14.5</ele></trkpt>
    <trkpt lat="-43.486953" lon="146.205659"><ele>14.4</ele></trkpt>
    <trkpt lat="-43.487062" lon="146.205852"><ele>14.7</ele></trkpt>
    <trkpt lat="-43.487108" lon="146.205977"><ele>15.0</ele></trkpt>
    <trkpt lat="-43.487187" lon="146.206060"><ele>15.2</ele></trkpt>
    <trkpt lat="-43.487260" lon="146.206137"><ele>15.3</ele></trkpt>
    <trkpt lat="-43.487340" lon="146.206200"><ele>15.4</ele></trkpt>
    <trkpt lat="-43.487415" lon="146.206270"><ele>15.6</ele></trkpt>
    <trkpt lat="-43.487493" lon="146.206332"><ele>15.7</ele></trkpt>
    <trkpt lat="-43.487577" lon="146.206402"><ele>15.9</ele></trkpt>
    <trkpt lat="-43.487653" lon="146.206470"><ele>16.0</ele></trkpt>
    <trkpt lat="-43.487733" lon="146.206527"><ele>16.1</ele></trkpt>
    <trkpt lat="-43.487817" lon="146.206585"><ele>16.3</ele></trkpt>
    <trkpt lat="-43.487910" lon="146.206640"><ele>16.4</ele></trkpt>
    <trkpt lat="-43.488005" lon="146.206685"><ele>16.5</ele></trkpt>
    <trkpt lat="-43.488093" lon="146.206722"><ele>16.7</ele></trkpt>
    <trkpt lat="-43.488183" lon="146.206768"><ele>16.9</ele></trkpt>
    <trkpt lat="-43.488267" lon="146.206820"><ele>17.1</ele></trkpt>
    <trkpt lat="-43.488360" lon="146.206838"><ele>17.3</ele></trkpt>
    <trkpt lat="-43.488455" lon="146.206878"><ele>17.7</ele></trkpt>
    <trkpt lat="-43.488545" lon="146.206905"><ele>18.0</ele></trkpt>
    <trkpt lat="-43.488637" lon="146.206933"><ele>18.4</ele></trkpt>
    <trkpt lat="-43.488727" lon="146.206960"><ele>18.8</ele></trkpt>
    <trkpt lat="-43.488827" lon="146.206983"><ele>19.3</ele></trkpt>
    <trkpt lat="-43.488925" lon="146.206982"><ele>19.7</ele></trkpt>
    <trkpt lat="-43.489057" lon="146.206988"><ele>20.5</ele></trkpt>
    <trkpt lat="-43.489165" lon="146.206987"><ele>21.0</ele></trkpt>
    <trkpt lat="-43.489258" lon="146.206995"><ele>21.6</ele></trkpt>
    <trkpt lat="-43.489357" lon="146.207003"><ele>22.1</ele></trkpt>
    <trkpt lat="-43.489513" lon="146.207032"><ele>22.9</ele></trkpt>
    <trkpt lat="-43.489612" lon="146.207018"><ele>23.4</ele></trkpt>
    <trkpt lat="-43.489893" lon="146.207072"><ele>24.3</ele></trkpt>
    <trkpt lat="-43.490103" lon="146.207125"><ele>24.5</ele></trkpt>
    <trkpt lat="-43.490238" lon="146.207244"><ele>24.5</ele></trkpt>
    <trkpt lat="-43.490406" lon="146.207303"><ele>24.3</ele></trkpt>
    <trkpt lat="-43.490498" lon="146.207307"><ele>24.1</ele></trkpt>
    <trkpt lat="-43.490588" lon="146.207325"><ele>23.8</ele></trkpt>
    <trkpt lat="-43.490683" lon="146.207365"><ele>23.5</ele></trkpt>
    <trkpt lat="-43.490779" lon="146.207399"><ele>23.1</ele></trkpt>
    <trkpt lat="-43.490877" lon="146.207436"><ele>22.8</ele></trkpt>
    <trkpt lat="-43.490929" lon="146.207441"><ele>22.6</ele></trkpt>
    <trkpt lat="-43.490969" lon="146.207430"><ele>22.4</ele></trkpt>
    <trkpt lat="-43.491011" lon="146.207425"><ele>22.2</ele></trkpt>
    <trkpt lat="-43.491056" lon="146.207435"><ele>22.0</ele></trkpt>
    <trkpt lat="-43.491107" lon="146.207464"><ele>21.7</ele></trkpt>
    <trkpt lat="-43.491145" lon="146.207498"><ele>21.5</ele></trkpt>
    <trkpt lat="-43.491210" lon="146.207525"><ele>21.2</ele></trkpt>
    <trkpt lat="-43.491269" lon="146.207542"><ele>20.9</ele></trkpt>
    <trkpt lat="-43.491315" lon="146.207540"><ele>20.6</ele></trkpt>
    <trkpt lat="-43.491360" lon="146.207523"><ele>20.3</ele></trkpt>
    <trkpt lat="-43.491403" lon="146.207517"><ele>20.1</ele></trkpt>
    <trkpt lat="-43.491451" lon="146.207521"><ele>19.8</ele></trkpt>
    <trkpt lat="-43.491517" lon="146.207553"><ele>19.4</ele></trkpt>
    <trkpt lat="-43.491633" lon="146.207635"><ele>18.6</ele></trkpt>
    <trkpt lat="-43.491732" lon="146.207726"><ele>17.9</ele></trkpt>
    <trkpt lat="-43.491813" lon="146.207800"><ele>17.4</ele></trkpt>
    <trkpt lat="-43.491912" lon="146.207912"><ele>16.8</ele></trkpt>
    <trkpt lat="-43.492007" lon="146.208027"><ele>16.1</ele></trkpt>
    <trkpt lat="-43.492087" lon="146.208103"><ele>15.6</ele></trkpt>
    <trkpt lat="-43.492162" lon="146.208188"><ele>15.1</ele></trkpt>
    <trkpt lat="-43.492245" lon="146.208263"><ele>14.7</ele></trkpt>
    <trkpt lat="-43.492315" lon="146.208342"><ele>14.3</ele></trkpt>
    <trkpt lat="-43.492410" lon="146.208447"><ele>13.8</ele></trkpt>
    <trkpt lat="-43.492487" lon="146.208532"><ele>13.4</ele></trkpt>
    <trkpt lat="-43.492613" lon="146.208702"><ele>12.7</ele></trkpt>
    <trkpt lat="-43.492680" lon="146.208807"><ele>12.3</ele></trkpt>
    <trkpt lat="-43.492743" lon="146.208912"><ele>11.9</ele></trkpt>
    <trkpt lat="-43.492805" lon="146.209003"><ele>11.5</ele></trkpt>
    <trkpt lat="-43.492875" lon="146.209107"><ele>11.1</ele></trkpt>
    <trkpt lat="-43.492943" lon="146.209212"><ele>10.6</ele></trkpt>
    <trkpt lat="-43.493012" lon="146.209315"><ele>10.2</ele></trkpt>
    <trkpt lat="-43.493082" lon="146.209415"><ele>9.8</ele></trkpt>
    <trkpt lat="-43.493222" lon="146.209638"><ele>8.9</ele></trkpt>
    <trkpt lat="-43.493284" lon="146.209738"><ele>8.5</ele></trkpt>
    <trkpt lat="-43.493357" lon="146.209843"><ele>8.1</ele></trkpt>
    <trkpt lat="-43.493411" lon="146.209931"><ele>7.8</ele></trkpt>
    <trkpt lat="-43.493501" lon="146.210071"><ele>7.4</ele></trkpt>
    <trkpt lat="-43.493584" lon="146.210184"><ele>7.1</ele></trkpt>
    <trkpt lat="-43.493656" lon="146.210295"><ele>6.8</ele></trkpt>
    <trkpt lat="-43.493716" lon="146.210408"><ele>6.7</ele></trkpt>
    <trkpt lat="-43.493770" lon="146.210488"><ele>6.6</ele></trkpt>
    <trkpt lat="-43.493839" lon="146.210635"><ele>6.4</ele></trkpt>
    <trkpt lat="-43.493980" lon="146.210950"><ele>6.3</ele></trkpt>
    <trkpt lat="-43.494133" lon="146.211257"><ele>6.5</ele></trkpt>
    <trkpt lat="-43.494178" lon="146.211365"><ele>6.6</ele></trkpt>
    <trkpt lat="-43.494219" lon="146.211456"><ele>6.6</ele></trkpt>
    <trkpt lat="-43.494265" lon="146.211547"><ele>6.7</ele></trkpt>
    <trkpt lat="-43.494321" lon="146.211665"><ele>6.8</ele></trkpt>
    <trkpt lat="-43.494428" lon="146.211890"><ele>7.1</ele></trkpt>
    <trkpt lat="-43.494521" lon="146.212072"><ele>7.2</ele></trkpt>
    <trkpt lat="-43.494567" lon="146.212157"><ele>7.3</ele></trkpt>
    <trkpt lat="-43.494652" lon="146.212343"><ele>7.3</ele></trkpt>
    <trkpt lat="-43.494739" lon="146.212524"><ele>7.4</ele></trkpt>
    <trkpt lat="-43.494857" lon="146.212763"><ele>7.3</ele></trkpt>
    <trkpt lat="-43.494914" lon="146.212925"><ele>7.2</ele></trkpt>
    <trkpt lat="-43.494932" lon="146.212997"><ele>7.2</ele></trkpt>
    <trkpt lat="-43.494968" lon="146.213173"><ele>7.0</ele></trkpt>
    <trkpt lat="-43.495000" lon="146.213332"><ele>6.8</ele></trkpt>
    <trkpt lat="-43.495043" lon="146.213552"><ele>6.5</ele></trkpt>
    <trkpt lat="-43.495088" lon="146.213742"><ele>5.9</ele></trkpt>
    <trkpt lat="-43.495118" lon="146.213902"><ele>5.4</ele></trkpt>
    <trkpt lat="-43.495133" lon="146.214026"><ele>4.9</ele></trkpt>
    <trkpt lat="-43.495207" lon="146.214282"><ele>4.1</ele></trkpt>
    <trkpt lat="-43.495196" lon="146.214495"><ele>3.6</ele></trkpt>
    <trkpt lat="-43.494731" lon="146.215061"><ele>1.9</ele></trkpt>
    <trkpt lat="-43.494469" lon="146.215377"><ele>2.3</ele></trkpt>
    <trkpt lat="-43.494206" lon="146.215876"><ele>2.6</ele></trkpt>
    <trkpt lat="-43.494020" lon="146.216332"><ele>2.8</ele></trkpt>
    <trkpt lat="-43.493741" lon="146.217031"><ele>2.8</ele></trkpt>
    <trkpt lat="-43.493482" lon="146.217942"><ele>2.5</ele></trkpt>
    <trkpt lat="-43.493174" lon="146.219129"><ele>2.1</ele></trkpt>
    <trkpt lat="-43.492902" lon="146.220167"><ele>2.5</ele></trkpt>
    <trkpt lat="-43.492624" lon="146.221041"><ele>2.6</ele></trkpt>
    <trkpt lat="-43.492324" lon="146.222102"><ele>1.6</ele></trkpt>
    <trkpt lat="-43.492084" lon="146.222751"><ele>1.1</ele></trkpt>
    <trkpt lat="-43.491753" lon="146.223488"><ele>0.9</ele></trkpt>
    <trkpt lat="-43.491440" lon="146.224142"><ele>1.1</ele></trkpt>
    <trkpt lat="-43.491134" lon="146.224437"><ele>1.5</ele></trkpt>
    <trkpt lat="-43.491117" lon="146.224555"><ele>1.5</ele></trkpt>
    <trkpt lat="-43.491145" lon="146.224623"><ele>1.6</ele></trkpt>
    <trkpt lat="-43.491230" lon="146.224740"><ele>1.6</ele></trkpt>
    <trkpt lat="-43.491301" lon="146.224946"><ele>1.8</ele></trkpt>
    <trkpt lat="-43.491338" lon="146.225154"><ele>1.9</ele></trkpt>
    <trkpt lat="-43.491319" lon="146.225802"><ele>1.9</ele></trkpt>
    <trkpt lat="-43.491188" lon="146.226854"><ele>1.5</ele></trkpt>
    <trkpt lat="-43.491012" lon="146.228177"><ele>1.6</ele></trkpt>
    <trkpt lat="-43.490781" lon="146.230124"><ele>1.7</ele></trkpt>
    <trkpt lat="-43.490734" lon="146.230563"><ele>2.0</ele></trkpt>
    <trkpt lat="-43.490670" lon="146.231369"><ele>3.2</ele></trkpt>
    <trkpt lat="-43.490617" lon="146.232294"><ele>3.3</ele></trkpt>
    <trkpt lat="-43.490550" lon="146.233376"><ele>2.3</ele></trkpt>
    <trkpt lat="-43.490529" lon="146.234093"><ele>1.8</ele></trkpt>
    <trkpt lat="-43.490522" lon="146.235374"><ele>1.8</ele></trkpt>
    <trkpt lat="-43.490548" lon="146.236939"><ele>2.1</ele></trkpt>
    <trkpt lat="-43.490575" lon="146.237474"><ele>2.3</ele></trkpt>
    <trkpt lat="-43.490670" lon="146.238605"><ele>2.1</ele></trkpt>
    <trkpt lat="-43.490787" lon="146.239253"><ele>1.9</ele></trkpt>
    <trkpt lat="-43.491008" lon="146.240096"><ele>1.8</ele></trkpt>
    <trkpt lat="-43.491173" lon="146.240482"><ele>4.7</ele></trkpt>
    <trkpt lat="-43.491173" lon="146.240483"><ele>4.7</ele></trkpt>
    <trkpt lat="-43.491136" lon="146.240716"><ele>6.5</ele></trkpt>
    <trkpt lat="-43.491105" lon="146.240824"><ele>7.3</ele></trkpt>
    <trkpt lat="-43.491095" lon="146.240849"><ele>7.6</ele></trkpt>
    <trkpt lat="-43.491066" lon="146.240888"><ele>8.0</ele></trkpt>
    <trkpt lat="-43.491055" lon="146.240966"><ele>8.6</ele></trkpt>
    <trkpt lat="-43.491050" lon="146.241099"><ele>9.7</ele></trkpt>
    <trkpt lat="-43.491048" lon="146.241115"><ele>9.8</ele></trkpt>
    <trkpt lat="-43.491043" lon="146.241178"><ele>10.3</ele></trkpt>
    <trkpt lat="-43.491052" lon="146.241252"><ele>10.9</ele></trkpt>
    <trkpt lat="-43.491097" lon="146.241283"><ele>11.5</ele></trkpt>
    <trkpt lat="-43.491143" lon="146.241323"><ele>12.2</ele></trkpt>
    <trkpt lat="-43.491168" lon="146.241380"><ele>12.8</ele></trkpt>
    <trkpt lat="-43.491214" lon="146.241407"><ele>13.4</ele></trkpt>
    <trkpt lat="-43.491258" lon="146.241428"><ele>13.8</ele></trkpt>
    <trkpt lat="-43.491302" lon="146.241463"><ele>14.2</ele></trkpt>
    <trkpt lat="-43.491350" lon="146.241463"><ele>14.5</ele></trkpt>
    <trkpt lat="-43.491393" lon="146.241482"><ele>14.8</ele></trkpt>
    <trkpt lat="-43.491420" lon="146.241542"><ele>15.2</ele></trkpt>
    <trkpt lat="-43.491485" lon="146.241562"><ele>15.5</ele></trkpt>
    <trkpt lat="-43.491515" lon="146.241588"><ele>15.5</ele></trkpt>
    <trkpt lat="-43.491570" lon="146.241655"><ele>15.5</ele></trkpt>
    <trkpt lat="-43.491605" lon="146.241697"><ele>15.5</ele></trkpt>
    <trkpt lat="-43.491640" lon="146.241740"><ele>15.5</ele></trkpt>
    <trkpt lat="-43.491677" lon="146.241778"><ele>15.5</ele></trkpt>
    <trkpt lat="-43.491703" lon="146.241833"><ele>15.1</ele></trkpt>
    <trkpt lat="-43.491737" lon="146.241882"><ele>14.6</ele></trkpt>
    <trkpt lat="-43.491763" lon="146.241935"><ele>14.2</ele></trkpt>
    <trkpt lat="-43.491777" lon="146.242007"><ele>13.7</ele></trkpt>
    <trkpt lat="-43.491812" lon="146.242074"><ele>13.1</ele></trkpt>
    <trkpt lat="-43.491840" lon="146.242175"><ele>12.2</ele></trkpt>
    <trkpt lat="-43.491848" lon="146.242257"><ele>11.5</ele></trkpt>
    <trkpt lat="-43.491848" lon="146.242325"><ele>10.9</ele></trkpt>
    <trkpt lat="-43.491862" lon="146.242395"><ele>10.3</ele></trkpt>
    <trkpt lat="-43.491887" lon="146.242453"><ele>9.7</ele></trkpt>
    <trkpt lat="-43.491900" lon="146.242520"><ele>9.1</ele></trkpt>
    <trkpt lat="-43.491868" lon="146.242577"><ele>8.5</ele></trkpt>
    <trkpt lat="-43.491871" lon="146.242619"><ele>8.2</ele></trkpt>
    <trkpt lat="-43.491873" lon="146.242720"><ele>7.4</ele></trkpt>
    <trkpt lat="-43.491843" lon="146.242772"><ele>6.9</ele></trkpt>
    <trkpt lat="-43.491843" lon="146.242901"><ele>6.0</ele></trkpt>
    <trkpt lat="-43.491828" lon="146.243045"><ele>5.0</ele></trkpt>
    <trkpt lat="-43.491629" lon="146.243167"><ele>3.0</ele></trkpt>
    <trkpt lat="-43.491230" lon="146.243370"><ele>1.2</ele></trkpt>
    <trkpt lat="-43.491007" lon="146.243519"><ele>1.2</ele></trkpt>
    <trkpt lat="-43.490948" lon="146.243735"><ele>1.0</ele></trkpt>
    <trkpt lat="-43.490860" lon="146.244030"><ele>0.7</ele></trkpt>
    <trkpt lat="-43.490622" lon="146.244345"><ele>0.3</ele></trkpt>
    <trkpt lat="-43.490539" lon="146.244956"><ele>0.2</ele></trkpt>
    <trkpt lat="-43.490408" lon="146.245361"><ele>0.5</ele></trkpt>
    <trkpt lat="-43.490154" lon="146.245882"><ele>0.6</ele></trkpt>
    <trkpt lat="-43.490093" lon="146.246191"><ele>0.5</ele></trkpt>
    <trkpt lat="-43.490102" lon="146.246585"><ele>0.5</ele></trkpt>
    <trkpt lat="-43.489907" lon="146.248426"><ele>0.2</ele></trkpt>
    <trkpt lat="-43.489798" lon="146.249675"><ele>0.0</ele></trkpt>
    <trkpt lat="-43.489782" lon="146.250184"><ele>0.0</ele></trkpt>
    <trkpt lat="-43.489907" lon="146.250999"><ele>0.0</ele></trkpt>
    <trkpt lat="-43.490058" lon="146.252034"><ele>0.0</ele></trkpt>
    <trkpt lat="-43.490248" lon="146.252947"><ele>0.1</ele></trkpt>
    <trkpt lat="-43.490452" lon="146.253625"><ele>0.2</ele></trkpt>
    <trkpt lat="-43.490623" lon="146.254206"><ele>0.6</ele></trkpt>
    <trkpt lat="-43.490823" lon="146.255175"><ele>0.5</ele></trkpt>
    <trkpt lat="-43.490902" lon="146.255505"><ele>0.6</ele></trkpt>
    <trkpt lat="-43.491036" lon="146.256040"><ele>0.2</ele></trkpt>
    <trkpt lat="-43.491246" lon="146.257023"><ele>0.2</ele></trkpt>
    <trkpt lat="-43.491408" lon="146.257805"><ele>0.0</ele></trkpt>
    <trkpt lat="-43.491638" lon="146.258770"><ele>0.0</ele></trkpt>
    <trkpt lat="-43.491878" lon="146.259726"><ele>0.0</ele></trkpt>
    <trkpt lat="-43.492103" lon="146.260507"><ele>0.0</ele></trkpt>
    <trkpt lat="-43.492456" lon="146.261402"><ele>0.0</ele></trkpt>
    <trkpt lat="-43.492562" lon="146.261850"><ele>0.1</ele></trkpt>
    <trkpt lat="-43.492492" lon="146.262273"><ele>0.3</ele></trkpt>
    <trkpt lat="-43.492600" lon="146.262529"><ele>0.5</ele></trkpt>
    <trkpt lat="-43.493119" lon="146.263242"><ele>1.9</ele></trkpt>
    <trkpt lat="-43.493356" lon="146.263925"><ele>3.1</ele></trkpt>
    <trkpt lat="-43.493552" lon="146.263977"><ele>4.7</ele></trkpt>
    <trkpt lat="-43.493703" lon="146.264266"><ele>7.8</ele></trkpt>
    <trkpt lat="-43.494190" lon="146.264379"><ele>13.6</ele></trkpt>
    <trkpt lat="-43.494388" lon="146.264549"><ele>15.4</ele></trkpt>
    <trkpt lat="-43.494553" lon="146.264708"><ele>15.3</ele></trkpt>
    <trkpt lat="-43.494815" lon="146.265201"><ele>12.8</ele></trkpt>
    <trkpt lat="-43.494882" lon="146.265836"><ele>8.7</ele></trkpt>
    <trkpt lat="-43.495002" lon="146.266126"><ele>7.2</ele></trkpt>
    <trkpt lat="-43.495122" lon="146.266584"><ele>5.5</ele></trkpt>
    <trkpt lat="-43.495235" lon="146.266931"><ele>4.3</ele></trkpt>
    <trkpt lat="-43.496440" lon="146.269382"><ele>1.2</ele></trkpt>
    <trkpt lat="-43.497079" lon="146.270256"><ele>0.3</ele></trkpt>
    <trkpt lat="-43.497640" lon="146.271527"><ele>0.1</ele></trkpt>
    <trkpt lat="-43.497957" lon="146.271890"><ele>0.0</ele></trkpt>
    <trkpt lat="-43.498231" lon="146.272366"><ele>0.1</ele></trkpt>
    <trkpt lat="-43.498260" lon="146.272750"><ele>0.4</ele></trkpt>
    <trkpt lat="-43.498126" lon="146.273085"><ele>1.0</ele></trkpt>
    <trkpt lat="-43.497850" lon="146.273413"><ele>2.4</ele></trkpt>
    <trkpt lat="-43.497674" lon="146.273608"><ele>2.9</ele></trkpt>
    <trkpt lat="-43.497663" lon="146.273622"><ele>2.9</ele></trkpt>
    <trkpt lat="-43.497659" lon="146.273635"><ele>3.0</ele></trkpt>
    <trkpt lat="-43.497670" lon="146.273658"><ele>3.0</ele></trkpt>
    <trkpt lat="-43.497709" lon="146.273736"><ele>3.1</ele></trkpt>
    <trkpt lat="-43.497724" lon="146.273829"><ele>3.2</ele></trkpt>
    <trkpt lat="-43.497750" lon="146.273982"><ele>3.3</ele></trkpt>
    <trkpt lat="-43.497750" lon="146.274333"><ele>3.3</ele></trkpt>
    <trkpt lat="-43.497700" lon="146.274750"><ele>2.8</ele></trkpt>
    <trkpt lat="-43.497683" lon="146.274882"><ele>2.5</ele></trkpt>
    <trkpt lat="-43.497630" lon="146.275350"><ele>2.0</ele></trkpt>
    <trkpt lat="-43.497588" lon="146.275752"><ele>1.9</ele></trkpt>
    <trkpt lat="-43.497526" lon="146.276175"><ele>2.1</ele></trkpt>
    <trkpt lat="-43.497466" lon="146.276420"><ele>2.4</ele></trkpt>
    <trkpt lat="-43.497353" lon="146.276750"><ele>3.2</ele></trkpt>
    <trkpt lat="-43.497315" lon="146.277117"><ele>4.1</ele></trkpt>
    <trkpt lat="-43.497253" lon="146.277522"><ele>4.9</ele></trkpt>
    <trkpt lat="-43.497152" lon="146.277745"><ele>5.3</ele></trkpt>
    <trkpt lat="-43.497080" lon="146.277948"><ele>5.6</ele></trkpt>
    <trkpt lat="-43.497035" lon="146.278065"><ele>5.8</ele></trkpt>
    <trkpt lat="-43.496893" lon="146.278382"><ele>6.0</ele></trkpt>
    <trkpt lat="-43.496688" lon="146.278762"><ele>6.2</ele></trkpt>
    <trkpt lat="-43.496512" lon="146.279157"><ele>7.1</ele></trkpt>
    <trkpt lat="-43.496420" lon="146.279565"><ele>8.3</ele></trkpt>
    <trkpt lat="-43.496352" lon="146.279972"><ele>9.8</ele></trkpt>
    <trkpt lat="-43.496327" lon="146.280098"><ele>10.2</ele></trkpt>
    <trkpt lat="-43.496262" lon="146.280513"><ele>11.5</ele></trkpt>
    <trkpt lat="-43.496197" lon="146.280927"><ele>12.5</ele></trkpt>
    <trkpt lat="-43.496163" lon="146.281122"><ele>12.8</ele></trkpt>
    <trkpt lat="-43.496142" lon="146.281537"><ele>13.0</ele></trkpt>
    <trkpt lat="-43.496110" lon="146.281660"><ele>13.0</ele></trkpt>
    <trkpt lat="-43.496053" lon="146.281811"><ele>12.9</ele></trkpt>
    <trkpt lat="-43.496023" lon="146.281980"><ele>12.8</ele></trkpt>
    <trkpt lat="-43.496010" lon="146.282110"><ele>12.7</ele></trkpt>
    <trkpt lat="-43.496002" lon="146.282240"><ele>12.6</ele></trkpt>
    <trkpt lat="-43.495993" lon="146.282365"><ele>12.4</ele></trkpt>
    <trkpt lat="-43.495890" lon="146.282808"><ele>12.1</ele></trkpt>
    <trkpt lat="-43.495867" lon="146.282945"><ele>12.0</ele></trkpt>
    <trkpt lat="-43.495833" lon="146.283077"><ele>12.0</ele></trkpt>
    <trkpt lat="-43.495798" lon="146.283203"><ele>11.9</ele></trkpt>
    <trkpt lat="-43.495787" lon="146.283335"><ele>11.9</ele></trkpt>
    <trkpt lat="-43.495770" lon="146.283465"><ele>11.9</ele></trkpt>
    <trkpt lat="-43.495736" lon="146.283662"><ele>11.9</ele></trkpt>
    <trkpt lat="-43.495712" lon="146.283852"><ele>12.0</ele></trkpt>
    <trkpt lat="-43.495695" lon="146.283992"><ele>12.1</ele></trkpt>
    <trkpt lat="-43.495643" lon="146.284113"><ele>12.2</ele></trkpt>
    <trkpt lat="-43.495552" lon="146.284397"><ele>12.2</ele></trkpt>
    <trkpt lat="-43.495512" lon="146.284512"><ele>12.1</ele></trkpt>
    <trkpt lat="-43.495410" lon="146.284795"><ele>11.8</ele></trkpt>
    <trkpt lat="-43.495322" lon="146.284933"><ele>11.5</ele></trkpt>
    <trkpt lat="-43.495250" lon="146.285033"><ele>11.3</ele></trkpt>
    <trkpt lat="-43.495045" lon="146.285392"><ele>10.8</ele></trkpt>
    <trkpt lat="-43.494965" lon="146.285470"><ele>10.7</ele></trkpt>
    <trkpt lat="-43.494920" lon="146.285592"><ele>10.6</ele></trkpt>
    <trkpt lat="-43.494760" lon="146.285880"><ele>10.6</ele></trkpt>
    <trkpt lat="-43.494572" lon="146.286153"><ele>11.2</ele></trkpt>
    <trkpt lat="-43.494516" lon="146.286298"><ele>11.6</ele></trkpt>
    <trkpt lat="-43.494503" lon="146.286483"><ele>12.1</ele></trkpt>
    <trkpt lat="-43.494493" lon="146.286687"><ele>12.8</ele></trkpt>
    <trkpt lat="-43.494430" lon="146.286868"><ele>13.5</ele></trkpt>
    <trkpt lat="-43.494417" lon="146.287007"><ele>14.1</ele></trkpt>
    <trkpt lat="-43.494440" lon="146.287140"><ele>14.6</ele></trkpt>
    <trkpt lat="-43.494468" lon="146.287265"><ele>15.1</ele></trkpt>
    <trkpt lat="-43.494508" lon="146.287723"><ele>16.9</ele></trkpt>
    <trkpt lat="-43.494410" lon="146.288113"><ele>18.2</ele></trkpt>
    <trkpt lat="-43.494192" lon="146.288395"><ele>19.0</ele></trkpt>
    <trkpt lat="-43.494012" lon="146.288675"><ele>19.6</ele></trkpt>
    <trkpt lat="-43.493803" lon="146.289035"><ele>20.5</ele></trkpt>
    <trkpt lat="-43.493745" lon="146.289181"><ele>20.8</ele></trkpt>
    <trkpt lat="-43.493673" lon="146.289235"><ele>21.1</ele></trkpt>
    <trkpt lat="-43.493602" lon="146.289263"><ele>21.3</ele></trkpt>
    <trkpt lat="-43.493485" lon="146.289396"><ele>21.8</ele></trkpt>
    <trkpt lat="-43.493185" lon="146.289828"><ele>23.7</ele></trkpt>
    <trkpt lat="-43.493070" lon="146.289920"><ele>24.2</ele></trkpt>
    <trkpt lat="-43.492868" lon="146.290300"><ele>25.1</ele></trkpt>
    <trkpt lat="-43.492740" lon="146.290560"><ele>25.2</ele></trkpt>
    <trkpt lat="-43.492505" lon="146.290873"><ele>24.9</ele></trkpt>
    <trkpt lat="-43.492370" lon="146.291072"><ele>24.5</ele></trkpt>
    <trkpt lat="-43.492317" lon="146.291178"><ele>24.2</ele></trkpt>
    <trkpt lat="-43.492250" lon="146.291315"><ele>23.8</ele></trkpt>
    <trkpt lat="-43.492193" lon="146.291430"><ele>23.4</ele></trkpt>
    <trkpt lat="-43.492142" lon="146.291545"><ele>23.1</ele></trkpt>
    <trkpt lat="-43.492085" lon="146.291655"><ele>22.9</ele></trkpt>
    <trkpt lat="-43.492033" lon="146.291760"><ele>22.8</ele></trkpt>
    <trkpt lat="-43.491980" lon="146.291873"><ele>22.7</ele></trkpt>
    <trkpt lat="-43.491912" lon="146.291967"><ele>22.7</ele></trkpt>
    <trkpt lat="-43.491798" lon="146.292157"><ele>22.6</ele></trkpt>
    <trkpt lat="-43.491635" lon="146.292453"><ele>22.4</ele></trkpt>
    <trkpt lat="-43.491437" lon="146.292750"><ele>22.2</ele></trkpt>
    <trkpt lat="-43.491378" lon="146.292848"><ele>22.3</ele></trkpt>
    <trkpt lat="-43.491292" lon="146.292960"><ele>22.3</ele></trkpt>
    <trkpt lat="-43.491032" lon="146.293252"><ele>22.3</ele></trkpt>
    <trkpt lat="-43.490823" lon="146.293612"><ele>22.4</ele></trkpt>
    <trkpt lat="-43.490673" lon="146.293920"><ele>22.8</ele></trkpt>
    <trkpt lat="-43.490597" lon="146.294023"><ele>23.0</ele></trkpt>
    <trkpt lat="-43.490477" lon="146.294362"><ele>23.2</ele></trkpt>
    <trkpt lat="-43.490275" lon="146.294680"><ele>23.1</ele></trkpt>
    <trkpt lat="-43.489973" lon="146.294880"><ele>22.8</ele></trkpt>
    <trkpt lat="-43.489758" lon="146.295122"><ele>22.6</ele></trkpt>
    <trkpt lat="-43.489672" lon="146.295192"><ele>22.7</ele></trkpt>
    <trkpt lat="-43.489575" lon="146.295222"><ele>22.7</ele></trkpt>
    <trkpt lat="-43.489240" lon="146.295455"><ele>23.6</ele></trkpt>
    <trkpt lat="-43.489105" lon="146.295558"><ele>24.1</ele></trkpt>
    <trkpt lat="-43.489020" lon="146.295648"><ele>24.5</ele></trkpt>
    <trkpt lat="-43.488792" lon="146.295822"><ele>25.4</ele></trkpt>
    <trkpt lat="-43.488520" lon="146.296060"><ele>26.0</ele></trkpt>
    <trkpt lat="-43.488367" lon="146.296210"><ele>26.1</ele></trkpt>
    <trkpt lat="-43.488248" lon="146.296268"><ele>26.0</ele></trkpt>
    <trkpt lat="-43.488168" lon="146.296345"><ele>25.9</ele></trkpt>
    <trkpt lat="-43.488085" lon="146.296422"><ele>25.7</ele></trkpt>
    <trkpt lat="-43.488005" lon="146.296480"><ele>25.5</ele></trkpt>
    <trkpt lat="-43.487927" lon="146.296542"><ele>25.3</ele></trkpt>
    <trkpt lat="-43.487802" lon="146.296640"><ele>24.9</ele></trkpt>
    <trkpt lat="-43.487622" lon="146.296897"><ele>24.6</ele></trkpt>
    <trkpt lat="-43.487542" lon="146.296958"><ele>24.5</ele></trkpt>
    <trkpt lat="-43.487488" lon="146.297060"><ele>24.5</ele></trkpt>
    <trkpt lat="-43.487217" lon="146.297210"><ele>24.9</ele></trkpt>
    <trkpt lat="-43.486975" lon="146.297378"><ele>25.6</ele></trkpt>
    <trkpt lat="-43.486907" lon="146.297463"><ele>25.8</ele></trkpt>
    <trkpt lat="-43.486790" lon="146.297552"><ele>26.2</ele></trkpt>
    <trkpt lat="-43.486678" lon="146.297668"><ele>26.5</ele></trkpt>
    <trkpt lat="-43.486572" lon="146.297793"><ele>26.8</ele></trkpt>
    <trkpt lat="-43.486507" lon="146.297882"><ele>26.9</ele></trkpt>
    <trkpt lat="-43.486425" lon="146.297967"><ele>27.0</ele></trkpt>
    <trkpt lat="-43.486335" lon="146.297995"><ele>27.1</ele></trkpt>
    <trkpt lat="-43.486242" lon="146.298042"><ele>27.2</ele></trkpt>
    <trkpt lat="-43.486132" lon="146.298175"><ele>27.4</ele></trkpt>
    <trkpt lat="-43.485870" lon="146.298492"><ele>27.8</ele></trkpt>
    <trkpt lat="-43.485673" lon="146.298753"><ele>28.3</ele></trkpt>
    <trkpt lat="-43.485567" lon="146.298833"><ele>28.6</ele></trkpt>
    <trkpt lat="-43.485378" lon="146.298960"><ele>29.2</ele></trkpt>
    <trkpt lat="-43.485153" lon="146.299182"><ele>29.9</ele></trkpt>
    <trkpt lat="-43.484867" lon="146.299260"><ele>30.7</ele></trkpt>
    <trkpt lat="-43.484770" lon="146.299417"><ele>31.1</ele></trkpt>
    <trkpt lat="-43.484472" lon="146.299677"><ele>32.0</ele></trkpt>
    <trkpt lat="-43.484315" lon="146.300033"><ele>33.0</ele></trkpt>
    <trkpt lat="-43.484228" lon="146.300075"><ele>33.3</ele></trkpt>
    <trkpt lat="-43.484153" lon="146.300147"><ele>33.7</ele></trkpt>
    <trkpt lat="-43.484097" lon="146.300292"><ele>34.3</ele></trkpt>
    <trkpt lat="-43.483987" lon="146.300587"><ele>35.5</ele></trkpt>
    <trkpt lat="-43.483827" lon="146.300888"><ele>37.2</ele></trkpt>
    <trkpt lat="-43.483678" lon="146.301240"><ele>39.5</ele></trkpt>
    <trkpt lat="-43.483647" lon="146.301368"><ele>40.3</ele></trkpt>
    <trkpt lat="-43.483573" lon="146.301620"><ele>41.9</ele></trkpt>
    <trkpt lat="-43.483438" lon="146.302005"><ele>44.6</ele></trkpt>
    <trkpt lat="-43.483335" lon="146.302392"><ele>47.3</ele></trkpt>
    <trkpt lat="-43.483182" lon="146.302800"><ele>50.6</ele></trkpt>
    <trkpt lat="-43.483053" lon="146.303130"><ele>53.3</ele></trkpt>
    <trkpt lat="-43.482918" lon="146.303367"><ele>55.6</ele></trkpt>
    <trkpt lat="-43.482705" lon="146.303658"><ele>58.8</ele></trkpt>
    <trkpt lat="-43.482482" lon="146.303998"><ele>62.2</ele></trkpt>
    <trkpt lat="-43.482385" lon="146.304373"><ele>65.4</ele></trkpt>
    <trkpt lat="-43.482367" lon="146.304747"><ele>68.6</ele></trkpt>
    <trkpt lat="-43.482366" lon="146.304991"><ele>71.0</ele></trkpt>
    <trkpt lat="-43.482337" lon="146.305148"><ele>72.7</ele></trkpt>
    <trkpt lat="-43.482259" lon="146.305301"><ele>75.0</ele></trkpt>
    <trkpt lat="-43.482152" lon="146.305420"><ele>77.6</ele></trkpt>
    <trkpt lat="-43.481900" lon="146.305628"><ele>84.6</ele></trkpt>
    <trkpt lat="-43.481775" lon="146.305817"><ele>90.0</ele></trkpt>
    <trkpt lat="-43.481622" lon="146.306057"><ele>97.8</ele></trkpt>
    <trkpt lat="-43.481342" lon="146.306163"><ele>108.8</ele></trkpt>
    <trkpt lat="-43.481160" lon="146.306428"><ele>119.3</ele></trkpt>
    <trkpt lat="-43.480957" lon="146.306658"><ele>130.1</ele></trkpt>
    <trkpt lat="-43.480685" lon="146.306663"><ele>141.6</ele></trkpt>
    <trkpt lat="-43.480430" lon="146.306797"><ele>153.4</ele></trkpt>
    <trkpt lat="-43.480203" lon="146.306962"><ele>164.7</ele></trkpt>
    <trkpt lat="-43.479943" lon="146.307095"><ele>177.7</ele></trkpt>
    <trkpt lat="-43.479767" lon="146.307370"><ele>190.3</ele></trkpt>
    <trkpt lat="-43.479550" lon="146.307578"><ele>202.2</ele></trkpt>
    <trkpt lat="-43.479447" lon="146.307932"><ele>213.4</ele></trkpt>
    <trkpt lat="-43.479350" lon="146.308272"><ele>222.6</ele></trkpt>
    <trkpt lat="-43.479215" lon="146.308650"><ele>230.6</ele></trkpt>
    <trkpt lat="-43.479037" lon="146.308908"><ele>235.5</ele></trkpt>
    <trkpt lat="-43.478930" lon="146.309277"><ele>239.4</ele></trkpt>
    <trkpt lat="-43.478870" lon="146.309430"><ele>240.7</ele></trkpt>
    <trkpt lat="-43.478773" lon="146.309527"><ele>241.4</ele></trkpt>
    <trkpt lat="-43.478570" lon="146.309793"><ele>242.5</ele></trkpt>
    <trkpt lat="-43.478450" lon="146.310125"><ele>243.1</ele></trkpt>
    <trkpt lat="-43.478410" lon="146.310530"><ele>242.7</ele></trkpt>
    <trkpt lat="-43.478408" lon="146.310680"><ele>242.4</ele></trkpt>
    <trkpt lat="-43.478493" lon="146.310847"><ele>241.5</ele></trkpt>
    <trkpt lat="-43.478603" lon="146.311283"><ele>239.1</ele></trkpt>
    <trkpt lat="-43.478637" lon="146.311408"><ele>238.1</ele></trkpt>
    <trkpt lat="-43.478682" lon="146.311747"><ele>235.0</ele></trkpt>
    <trkpt lat="-43.478642" lon="146.312185"><ele>229.9</ele></trkpt>
    <trkpt lat="-43.478593" lon="146.312583"><ele>224.2</ele></trkpt>
    <trkpt lat="-43.478628" lon="146.313008"><ele>217.4</ele></trkpt>
    <trkpt lat="-43.478642" lon="146.313240"><ele>213.3</ele></trkpt>
    <trkpt lat="-43.478627" lon="146.313703"><ele>203.9</ele></trkpt>
    <trkpt lat="-43.478673" lon="146.314068"><ele>195.7</ele></trkpt>
    <trkpt lat="-43.478638" lon="146.314435"><ele>187.6</ele></trkpt>
    <trkpt lat="-43.478607" lon="146.314552"><ele>185.0</ele></trkpt>
    <trkpt lat="-43.478548" lon="146.314922"><ele>177.7</ele></trkpt>
    <trkpt lat="-43.478562" lon="146.315352"><ele>170.9</ele></trkpt>
    <trkpt lat="-43.478580" lon="146.315620"><ele>168.1</ele></trkpt>
    <trkpt lat="-43.478588" lon="146.315795"><ele>166.4</ele></trkpt>
    <trkpt lat="-43.478568" lon="146.315923"><ele>165.5</ele></trkpt>
    <trkpt lat="-43.478562" lon="146.316077"><ele>164.4</ele></trkpt>
    <trkpt lat="-43.478613" lon="146.316193"><ele>163.4</ele></trkpt>
    <trkpt lat="-43.478678" lon="146.316290"><ele>162.5</ele></trkpt>
    <trkpt lat="-43.478677" lon="146.316418"><ele>161.6</ele></trkpt>
    <trkpt lat="-43.478658" lon="146.316540"><ele>160.7</ele></trkpt>
    <trkpt lat="-43.478588" lon="146.316827"><ele>158.5</ele></trkpt>
    <trkpt lat="-43.478533" lon="146.316975"><ele>157.2</ele></trkpt>
    <trkpt lat="-43.478535" lon="146.317113"><ele>156.2</ele></trkpt>
    <trkpt lat="-43.478498" lon="146.317267"><ele>154.8</ele></trkpt>
    <trkpt lat="-43.478465" lon="146.317393"><ele>153.6</ele></trkpt>
    <trkpt lat="-43.478443" lon="146.317527"><ele>152.4</ele></trkpt>
    <trkpt lat="-43.478420" lon="146.317662"><ele>151.2</ele></trkpt>
    <trkpt lat="-43.478397" lon="146.317793"><ele>150.0</ele></trkpt>
    <trkpt lat="-43.478365" lon="146.317913"><ele>148.8</ele></trkpt>
    <trkpt lat="-43.478330" lon="146.318253"><ele>145.4</ele></trkpt>
    <trkpt lat="-43.478358" lon="146.318373"><ele>144.0</ele></trkpt>
    <trkpt lat="-43.478353" lon="146.318512"><ele>142.4</ele></trkpt>
    <trkpt lat="-43.478253" lon="146.318705"><ele>139.5</ele></trkpt>
    <trkpt lat="-43.478170" lon="146.318765"><ele>137.8</ele></trkpt>
    <trkpt lat="-43.478073" lon="146.318813"><ele>135.9</ele></trkpt>
    <trkpt lat="-43.477987" lon="146.318858"><ele>133.9</ele></trkpt>
    <trkpt lat="-43.477897" lon="146.318902"><ele>131.9</ele></trkpt>
    <trkpt lat="-43.477797" lon="146.318900"><ele>129.7</ele></trkpt>
    <trkpt lat="-43.477707" lon="146.318907"><ele>127.5</ele></trkpt>
    <trkpt lat="-43.477615" lon="146.318932"><ele>125.2</ele></trkpt>
    <trkpt lat="-43.477482" lon="146.318943"><ele>122.0</ele></trkpt>
    <trkpt lat="-43.477335" lon="146.319100"><ele>117.5</ele></trkpt>
    <trkpt lat="-43.477282" lon="146.319208"><ele>115.1</ele></trkpt>
    <trkpt lat="-43.477237" lon="146.319330"><ele>112.5</ele></trkpt>
    <trkpt lat="-43.477210" lon="146.319455"><ele>110.2</ele></trkpt>
    <trkpt lat="-43.477195" lon="146.319588"><ele>107.8</ele></trkpt>
    <trkpt lat="-43.477167" lon="146.319745"><ele>104.9</ele></trkpt>
    <trkpt lat="-43.477118" lon="146.319860"><ele>102.9</ele></trkpt>
    <trkpt lat="-43.477129" lon="146.320040"><ele>100.4</ele></trkpt>
    <trkpt lat="-43.477219" lon="146.320298"><ele>97.1</ele></trkpt>
    <trkpt lat="-43.477200" lon="146.320545"><ele>94.7</ele></trkpt>
    <trkpt lat="-43.477125" lon="146.320632"><ele>93.5</ele></trkpt>
    <trkpt lat="-43.477053" lon="146.320727"><ele>92.3</ele></trkpt>
    <trkpt lat="-43.476917" lon="146.320927"><ele>90.3</ele></trkpt>
    <trkpt lat="-43.476870" lon="146.321040"><ele>89.4</ele></trkpt>
    <trkpt lat="-43.476820" lon="146.321238"><ele>88.2</ele></trkpt>
    <trkpt lat="-43.476790" lon="146.321357"><ele>87.5</ele></trkpt>
    <trkpt lat="-43.476768" lon="146.321478"><ele>86.7</ele></trkpt>
    <trkpt lat="-43.476730" lon="146.321655"><ele>85.4</ele></trkpt>
    <trkpt lat="-43.476708" lon="146.321777"><ele>84.5</ele></trkpt>
    <trkpt lat="-43.476740" lon="146.322125"><ele>82.0</ele></trkpt>
    <trkpt lat="-43.476733" lon="146.322337"><ele>80.4</ele></trkpt>
    <trkpt lat="-43.476770" lon="146.322497"><ele>79.2</ele></trkpt>
    <trkpt lat="-43.476729" lon="146.322615"><ele>78.1</ele></trkpt>
    <trkpt lat="-43.476700" lon="146.322738"><ele>77.1</ele></trkpt>
    <trkpt lat="-43.476695" lon="146.322872"><ele>76.0</ele></trkpt>
    <trkpt lat="-43.476685" lon="146.323012"><ele>74.8</ele></trkpt>
    <trkpt lat="-43.476703" lon="146.323143"><ele>73.6</ele></trkpt>
    <trkpt lat="-43.476742" lon="146.323263"><ele>72.5</ele></trkpt>
    <trkpt lat="-43.476742" lon="146.323400"><ele>71.4</ele></trkpt>
    <trkpt lat="-43.476725" lon="146.323627"><ele>69.5</ele></trkpt>
    <trkpt lat="-43.476713" lon="146.323823"><ele>67.8</ele></trkpt>
    <trkpt lat="-43.476693" lon="146.323953"><ele>66.6</ele></trkpt>
    <trkpt lat="-43.476680" lon="146.324085"><ele>65.4</ele></trkpt>
    <trkpt lat="-43.476667" lon="146.324217"><ele>64.1</ele></trkpt>
    <trkpt lat="-43.476657" lon="146.324350"><ele>62.9</ele></trkpt>
    <trkpt lat="-43.476627" lon="146.324473"><ele>61.7</ele></trkpt>
    <trkpt lat="-43.476563" lon="146.324758"><ele>59.2</ele></trkpt>
    <trkpt lat="-43.476528" lon="146.324880"><ele>58.2</ele></trkpt>
    <trkpt lat="-43.476502" lon="146.324992"><ele>57.3</ele></trkpt>
    <trkpt lat="-43.476428" lon="146.325073"><ele>56.4</ele></trkpt>
    <trkpt lat="-43.476352" lon="146.325140"><ele>55.6</ele></trkpt>
    <trkpt lat="-43.476285" lon="146.325227"><ele>54.8</ele></trkpt>
    <trkpt lat="-43.476197" lon="146.325318"><ele>53.9</ele></trkpt>
    <trkpt lat="-43.476140" lon="146.325428"><ele>53.2</ele></trkpt>
    <trkpt lat="-43.476118" lon="146.325563"><ele>52.5</ele></trkpt>
    <trkpt lat="-43.476140" lon="146.325693"><ele>51.8</ele></trkpt>
    <trkpt lat="-43.476172" lon="146.325822"><ele>51.1</ele></trkpt>
    <trkpt lat="-43.476225" lon="146.325928"><ele>50.4</ele></trkpt>
    <trkpt lat="-43.476288" lon="146.326125"><ele>49.2</ele></trkpt>
    <trkpt lat="-43.476277" lon="146.326377"><ele>47.4</ele></trkpt>
    <trkpt lat="-43.476202" lon="146.326564"><ele>45.8</ele></trkpt>
    <trkpt lat="-43.476192" lon="146.326743"><ele>44.3</ele></trkpt>
    <trkpt lat="-43.476315" lon="146.327087"><ele>41.3</ele></trkpt>
    <trkpt lat="-43.476475" lon="146.327442"><ele>38.8</ele></trkpt>
    <trkpt lat="-43.476640" lon="146.327665"><ele>38.2</ele></trkpt>
    <trkpt lat="-43.476747" lon="146.327997"><ele>38.8</ele></trkpt>
    <trkpt lat="-43.476872" lon="146.328353"><ele>40.0</ele></trkpt>
    <trkpt lat="-43.476938" lon="146.328790"><ele>40.9</ele></trkpt>
    <trkpt lat="-43.477027" lon="146.329118"><ele>40.8</ele></trkpt>
    <trkpt lat="-43.477057" lon="146.329238"><ele>40.6</ele></trkpt>
    <trkpt lat="-43.477098" lon="146.329367"><ele>40.3</ele></trkpt>
    <trkpt lat="-43.477133" lon="146.329488"><ele>40.0</ele></trkpt>
    <trkpt lat="-43.477192" lon="146.329595"><ele>39.6</ele></trkpt>
    <trkpt lat="-43.477270" lon="146.329717"><ele>39.0</ele></trkpt>
    <trkpt lat="-43.477420" lon="146.330030"><ele>37.8</ele></trkpt>
    <trkpt lat="-43.477512" lon="146.330205"><ele>37.2</ele></trkpt>
    <trkpt lat="-43.477638" lon="146.330448"><ele>36.5</ele></trkpt>
    <trkpt lat="-43.477687" lon="146.330558"><ele>36.2</ele></trkpt>
    <trkpt lat="-43.477723" lon="146.330673"><ele>36.0</ele></trkpt>
    <trkpt lat="-43.477758" lon="146.330792"><ele>35.8</ele></trkpt>
    <trkpt lat="-43.477792" lon="146.330920"><ele>35.5</ele></trkpt>
    <trkpt lat="-43.477830" lon="146.331040"><ele>35.3</ele></trkpt>
    <trkpt lat="-43.477875" lon="146.331150"><ele>35.0</ele></trkpt>
    <trkpt lat="-43.477908" lon="146.331373"><ele>34.5</ele></trkpt>
    <trkpt lat="-43.477917" lon="146.331500"><ele>34.2</ele></trkpt>
    <trkpt lat="-43.477987" lon="146.331592"><ele>34.0</ele></trkpt>
    <trkpt lat="-43.478065" lon="146.331680"><ele>33.7</ele></trkpt>
    <trkpt lat="-43.478143" lon="146.331747"><ele>33.5</ele></trkpt>
    <trkpt lat="-43.478213" lon="146.331825"><ele>33.2</ele></trkpt>
    <trkpt lat="-43.478325" lon="146.331972"><ele>32.8</ele></trkpt>
    <trkpt lat="-43.478405" lon="146.332067"><ele>32.4</ele></trkpt>
    <trkpt lat="-43.478477" lon="146.332145"><ele>32.0</ele></trkpt>
    <trkpt lat="-43.478552" lon="146.332230"><ele>31.6</ele></trkpt>
    <trkpt lat="-43.478688" lon="146.332373"><ele>30.9</ele></trkpt>
    <trkpt lat="-43.478742" lon="146.332490"><ele>30.4</ele></trkpt>
    <trkpt lat="-43.478792" lon="146.332613"><ele>30.0</ele></trkpt>
    <trkpt lat="-43.478828" lon="146.332730"><ele>29.6</ele></trkpt>
    <trkpt lat="-43.478853" lon="146.332850"><ele>29.2</ele></trkpt>
    <trkpt lat="-43.478908" lon="146.332967"><ele>28.7</ele></trkpt>
    <trkpt lat="-43.478943" lon="146.333092"><ele>28.2</ele></trkpt>
    <trkpt lat="-43.478985" lon="146.333220"><ele>27.6</ele></trkpt>
    <trkpt lat="-43.479027" lon="146.333330"><ele>27.1</ele></trkpt>
    <trkpt lat="-43.479063" lon="146.333447"><ele>26.6</ele></trkpt>
    <trkpt lat="-43.479108" lon="146.333575"><ele>26.1</ele></trkpt>
    <trkpt lat="-43.479145" lon="146.333723"><ele>25.5</ele></trkpt>
    <trkpt lat="-43.479232" lon="146.333980"><ele>24.5</ele></trkpt>
    <trkpt lat="-43.479252" lon="146.334115"><ele>23.9</ele></trkpt>
    <trkpt lat="-43.479247" lon="146.334250"><ele>23.5</ele></trkpt>
    <trkpt lat="-43.479215" lon="146.334382"><ele>23.1</ele></trkpt>
    <trkpt lat="-43.479187" lon="146.334515"><ele>22.7</ele></trkpt>
    <trkpt lat="-43.479158" lon="146.334635"><ele>22.4</ele></trkpt>
    <trkpt lat="-43.479180" lon="146.334767"><ele>22.1</ele></trkpt>
    <trkpt lat="-43.479152" lon="146.334893"><ele>21.8</ele></trkpt>
    <trkpt lat="-43.479137" lon="146.335032"><ele>21.7</ele></trkpt>
    <trkpt lat="-43.479130" lon="146.335163"><ele>21.5</ele></trkpt>
    <trkpt lat="-43.479188" lon="146.335427"><ele>21.7</ele></trkpt>
    <trkpt lat="-43.479260" lon="146.335567"><ele>21.9</ele></trkpt>
    <trkpt lat="-43.479332" lon="146.335665"><ele>22.3</ele></trkpt>
    <trkpt lat="-43.479380" lon="146.335788"><ele>22.6</ele></trkpt>
    <trkpt lat="-43.479385" lon="146.336275"><ele>23.5</ele></trkpt>
    <trkpt lat="-43.479392" lon="146.336415"><ele>23.7</ele></trkpt>
    <trkpt lat="-43.479403" lon="146.336555"><ele>24.0</ele></trkpt>
    <trkpt lat="-43.479488" lon="146.336920"><ele>24.7</ele></trkpt>
    <trkpt lat="-43.479500" lon="146.337068"><ele>24.9</ele></trkpt>
    <trkpt lat="-43.479628" lon="146.337393"><ele>25.0</ele></trkpt>
    <trkpt lat="-43.479685" lon="146.337507"><ele>25.1</ele></trkpt>
    <trkpt lat="-43.479757" lon="146.337605"><ele>25.2</ele></trkpt>
    <trkpt lat="-43.479807" lon="146.337728"><ele>25.3</ele></trkpt>
    <trkpt lat="-43.479863" lon="146.337843"><ele>25.4</ele></trkpt>
    <trkpt lat="-43.479918" lon="146.337995"><ele>25.4</ele></trkpt>
    <trkpt lat="-43.479970" lon="146.338272"><ele>24.8</ele></trkpt>
    <trkpt lat="-43.480003" lon="146.338405"><ele>24.1</ele></trkpt>
    <trkpt lat="-43.480048" lon="146.338643"><ele>22.8</ele></trkpt>
    <trkpt lat="-43.480130" lon="146.338997"><ele>20.3</ele></trkpt>
    <trkpt lat="-43.480086" lon="146.339202"><ele>18.8</ele></trkpt>
    <trkpt lat="-43.480091" lon="146.339389"><ele>17.5</ele></trkpt>
    <trkpt lat="-43.480090" lon="146.339579"><ele>16.1</ele></trkpt>
    <trkpt lat="-43.480123" lon="146.339776"><ele>14.7</ele></trkpt>
    <trkpt lat="-43.480151" lon="146.339900"><ele>14.0</ele></trkpt>
    <trkpt lat="-43.480179" lon="146.340009"><ele>13.3</ele></trkpt>
    <trkpt lat="-43.480267" lon="146.340078"><ele>12.6</ele></trkpt>
    <trkpt lat="-43.480373" lon="146.340100"><ele>12.1</ele></trkpt>
    <trkpt lat="-43.480478" lon="146.340042"><ele>11.6</ele></trkpt>
    <trkpt lat="-43.480572" lon="146.340060"><ele>11.2</ele></trkpt>
    <trkpt lat="-43.480692" lon="146.340118"><ele>10.7</ele></trkpt>
    <trkpt lat="-43.480757" lon="146.340207"><ele>10.4</ele></trkpt>
    <trkpt lat="-43.480813" lon="146.340308"><ele>10.1</ele></trkpt>
    <trkpt lat="-43.480882" lon="146.340407"><ele>9.7</ele></trkpt>
    <trkpt lat="-43.480933" lon="146.340527"><ele>9.5</ele></trkpt>
    <trkpt lat="-43.480992" lon="146.340653"><ele>9.3</ele></trkpt>
    <trkpt lat="-43.481057" lon="146.340825"><ele>9.2</ele></trkpt>
    <trkpt lat="-43.481048" lon="146.340954"><ele>9.2</ele></trkpt>
    <trkpt lat="-43.481058" lon="146.341119"><ele>9.3</ele></trkpt>
    <trkpt lat="-43.481159" lon="146.341280"><ele>9.4</ele></trkpt>
    <trkpt lat="-43.481215" lon="146.341443"><ele>9.4</ele></trkpt>
    <trkpt lat="-43.481154" lon="146.341621"><ele>9.5</ele></trkpt>
    <trkpt lat="-43.481118" lon="146.341742"><ele>9.6</ele></trkpt>
    <trkpt lat="-43.481110" lon="146.341936"><ele>9.8</ele></trkpt>
    <trkpt lat="-43.481102" lon="146.342157"><ele>10.0</ele></trkpt>
    <trkpt lat="-43.481043" lon="146.342307"><ele>10.1</ele></trkpt>
    <trkpt lat="-43.480963" lon="146.342370"><ele>10.2</ele></trkpt>
    <trkpt lat="-43.480852" lon="146.342512"><ele>10.3</ele></trkpt>
    <trkpt lat="-43.480778" lon="146.342608"><ele>10.3</ele></trkpt>
    <trkpt lat="-43.480738" lon="146.342720"><ele>10.3</ele></trkpt>
    <trkpt lat="-43.480693" lon="146.342847"><ele>10.6</ele></trkpt>
    <trkpt lat="-43.480650" lon="146.342968"><ele>10.8</ele></trkpt>
    <trkpt lat="-43.480603" lon="146.343085"><ele>11.1</ele></trkpt>
    <trkpt lat="-43.480543" lon="146.343197"><ele>11.5</ele></trkpt>
    <trkpt lat="-43.480437" lon="146.343392"><ele>12.3</ele></trkpt>
    <trkpt lat="-43.480375" lon="146.343535"><ele>13.0</ele></trkpt>
    <trkpt lat="-43.480332" lon="146.344117"><ele>16.5</ele></trkpt>
    <trkpt lat="-43.480357" lon="146.344488"><ele>18.6</ele></trkpt>
    <trkpt lat="-43.480358" lon="146.344872"><ele>20.2</ele></trkpt>
    <trkpt lat="-43.480300" lon="146.344998"><ele>20.7</ele></trkpt>
    <trkpt lat="-43.480267" lon="146.345122"><ele>21.1</ele></trkpt>
    <trkpt lat="-43.480240" lon="146.345243"><ele>21.4</ele></trkpt>
    <trkpt lat="-43.480227" lon="146.345377"><ele>21.6</ele></trkpt>
    <trkpt lat="-43.480222" lon="146.345542"><ele>22.0</ele></trkpt>
    <trkpt lat="-43.480193" lon="146.345660"><ele>22.2</ele></trkpt>
    <trkpt lat="-43.480188" lon="146.345923"><ele>22.8</ele></trkpt>
    <trkpt lat="-43.480150" lon="146.346127"><ele>23.1</ele></trkpt>
    <trkpt lat="-43.480025" lon="146.346393"><ele>23.3</ele></trkpt>
    <trkpt lat="-43.479862" lon="146.346566"><ele>23.4</ele></trkpt>
    <trkpt lat="-43.479765" lon="146.346783"><ele>23.5</ele></trkpt>
    <trkpt lat="-43.479788" lon="146.347155"><ele>23.7</ele></trkpt>
    <trkpt lat="-43.479783" lon="146.347580"><ele>22.7</ele></trkpt>
    <trkpt lat="-43.479865" lon="146.347947"><ele>21.5</ele></trkpt>
    <trkpt lat="-43.479887" lon="146.348385"><ele>20.0</ele></trkpt>
    <trkpt lat="-43.479905" lon="146.348792"><ele>19.0</ele></trkpt>
    <trkpt lat="-43.479918" lon="146.348923"><ele>18.8</ele></trkpt>
    <trkpt lat="-43.479968" lon="146.349045"><ele>18.7</ele></trkpt>
    <trkpt lat="-43.480060" lon="146.349173"><ele>18.9</ele></trkpt>
    <trkpt lat="-43.480134" lon="146.349128"><ele>19.0</ele></trkpt>
    <trkpt lat="-43.480231" lon="146.349068"><ele>19.6</ele></trkpt>
    <trkpt lat="-43.480297" lon="146.349086"><ele>20.1</ele></trkpt>
    <trkpt lat="-43.480390" lon="146.349166"><ele>20.9</ele></trkpt>
    <trkpt lat="-43.480604" lon="146.349439"><ele>24.6</ele></trkpt>
    <trkpt lat="-43.480717" lon="146.349638"><ele>27.2</ele></trkpt>
    <trkpt lat="-43.480745" lon="146.349867"><ele>29.5</ele></trkpt>
    <trkpt lat="-43.480712" lon="146.349983"><ele>30.8</ele></trkpt>
    <trkpt lat="-43.480677" lon="146.350317"><ele>33.8</ele></trkpt>
    <trkpt lat="-43.480748" lon="146.350520"><ele>35.7</ele></trkpt>
    <trkpt lat="-43.480790" lon="146.350855"><ele>38.3</ele></trkpt>
    <trkpt lat="-43.480822" lon="146.350973"><ele>39.2</ele></trkpt>
    <trkpt lat="-43.480847" lon="146.351105"><ele>40.2</ele></trkpt>
    <trkpt lat="-43.480833" lon="146.351253"><ele>41.3</ele></trkpt>
    <trkpt lat="-43.480850" lon="146.351727"><ele>44.9</ele></trkpt>
    <trkpt lat="-43.480818" lon="146.351953"><ele>46.8</ele></trkpt>
    <trkpt lat="-43.480828" lon="146.352322"><ele>50.3</ele></trkpt>
    <trkpt lat="-43.480792" lon="146.352733"><ele>54.1</ele></trkpt>
    <trkpt lat="-43.480781" lon="146.352922"><ele>55.8</ele></trkpt>
    <trkpt lat="-43.480767" lon="146.353143"><ele>57.1</ele></trkpt>
    <trkpt lat="-43.480808" lon="146.353567"><ele>58.4</ele></trkpt>
    <trkpt lat="-43.480833" lon="146.353695"><ele>58.6</ele></trkpt>
    <trkpt lat="-43.480877" lon="146.353820"><ele>58.1</ele></trkpt>
    <trkpt lat="-43.480927" lon="146.353930"><ele>57.6</ele></trkpt>
    <trkpt lat="-43.480972" lon="146.354057"><ele>57.0</ele></trkpt>
    <trkpt lat="-43.481027" lon="146.354170"><ele>56.0</ele></trkpt>
    <trkpt lat="-43.481095" lon="146.354272"><ele>55.1</ele></trkpt>
    <trkpt lat="-43.481153" lon="146.354382"><ele>54.1</ele></trkpt>
    <trkpt lat="-43.481208" lon="146.354493"><ele>53.0</ele></trkpt>
    <trkpt lat="-43.481272" lon="146.354583"><ele>52.1</ele></trkpt>
    <trkpt lat="-43.481323" lon="146.354698"><ele>51.3</ele></trkpt>
    <trkpt lat="-43.481417" lon="146.354842"><ele>50.4</ele></trkpt>
    <trkpt lat="-43.481473" lon="146.354955"><ele>49.8</ele></trkpt>
    <trkpt lat="-43.481538" lon="146.355053"><ele>49.4</ele></trkpt>
    <trkpt lat="-43.481590" lon="146.355155"><ele>48.9</ele></trkpt>
    <trkpt lat="-43.481723" lon="146.355315"><ele>48.3</ele></trkpt>
    <trkpt lat="-43.481793" lon="146.355398"><ele>48.0</ele></trkpt>
    <trkpt lat="-43.481845" lon="146.355505"><ele>47.7</ele></trkpt>
    <trkpt lat="-43.481888" lon="146.355628"><ele>47.4</ele></trkpt>
    <trkpt lat="-43.482008" lon="146.355822"><ele>46.9</ele></trkpt>
    <trkpt lat="-43.482213" lon="146.355863"><ele>46.2</ele></trkpt>
    <trkpt lat="-43.482437" lon="146.355842"><ele>45.1</ele></trkpt>
    <trkpt lat="-43.482528" lon="146.355815"><ele>44.6</ele></trkpt>
    <trkpt lat="-43.482625" lon="146.355785"><ele>44.1</ele></trkpt>
    <trkpt lat="-43.482712" lon="146.355725"><ele>43.6</ele></trkpt>
    <trkpt lat="-43.482798" lon="146.355692"><ele>43.2</ele></trkpt>
    <trkpt lat="-43.482885" lon="146.355657"><ele>42.7</ele></trkpt>
    <trkpt lat="-43.482980" lon="146.355657"><ele>42.2</ele></trkpt>
    <trkpt lat="-43.483068" lon="146.355687"><ele>41.7</ele></trkpt>
    <trkpt lat="-43.483163" lon="146.355728"><ele>41.1</ele></trkpt>
    <trkpt lat="-43.483238" lon="146.355800"><ele>40.6</ele></trkpt>
    <trkpt lat="-43.483307" lon="146.355892"><ele>39.9</ele></trkpt>
    <trkpt lat="-43.483420" lon="146.355963"><ele>39.1</ele></trkpt>
    <trkpt lat="-43.483473" lon="146.355977"><ele>38.7</ele></trkpt>
    <trkpt lat="-43.483491" lon="146.356024"><ele>38.4</ele></trkpt>
    <trkpt lat="-43.483453" lon="146.356071"><ele>38.1</ele></trkpt>
    <trkpt lat="-43.483531" lon="146.356123"><ele>37.6</ele></trkpt>
    <trkpt lat="-43.483604" lon="146.356166"><ele>37.1</ele></trkpt>
    <trkpt lat="-43.483687" lon="146.356255"><ele>36.5</ele></trkpt>
    <trkpt lat="-43.483748" lon="146.356347"><ele>36.0</ele></trkpt>
    <trkpt lat="-43.483810" lon="146.356458"><ele>35.5</ele></trkpt>
    <trkpt lat="-43.483902" lon="146.356633"><ele>35.3</ele></trkpt>
    <trkpt lat="-43.483948" lon="146.356752"><ele>35.2</ele></trkpt>
    <trkpt lat="-43.484030" lon="146.356867"><ele>35.6</ele></trkpt>
    <trkpt lat="-43.484316" lon="146.356901"><ele>37.2</ele></trkpt>
    <trkpt lat="-43.484388" lon="146.357019"><ele>38.2</ele></trkpt>
    <trkpt lat="-43.484473" lon="146.357517"><ele>41.9</ele></trkpt>
    <trkpt lat="-43.484553" lon="146.357763"><ele>43.9</ele></trkpt>
    <trkpt lat="-43.484645" lon="146.357924"><ele>44.7</ele></trkpt>
    <trkpt lat="-43.484784" lon="146.358004"><ele>45.5</ele></trkpt>
    <trkpt lat="-43.484918" lon="146.358043"><ele>45.2</ele></trkpt>
    <trkpt lat="-43.485048" lon="146.358048"><ele>44.9</ele></trkpt>
    <trkpt lat="-43.485117" lon="146.358102"><ele>44.4</ele></trkpt>
    <trkpt lat="-43.485168" lon="146.358143"><ele>44.0</ele></trkpt>
    <trkpt lat="-43.485218" lon="146.358180"><ele>43.7</ele></trkpt>
    <trkpt lat="-43.485273" lon="146.358208"><ele>43.3</ele></trkpt>
    <trkpt lat="-43.485312" lon="146.358248"><ele>42.8</ele></trkpt>
    <trkpt lat="-43.485312" lon="146.358318"><ele>42.4</ele></trkpt>
    <trkpt lat="-43.485335" lon="146.358407"><ele>41.7</ele></trkpt>
    <trkpt lat="-43.485375" lon="146.358453"><ele>41.2</ele></trkpt>
    <trkpt lat="-43.485427" lon="146.358485"><ele>40.7</ele></trkpt>
    <trkpt lat="-43.485463" lon="146.358525"><ele>40.2</ele></trkpt>
    <trkpt lat="-43.485497" lon="146.358567"><ele>39.8</ele></trkpt>
    <trkpt lat="-43.485545" lon="146.358612"><ele>39.2</ele></trkpt>
    <trkpt lat="-43.485592" lon="146.358662"><ele>38.6</ele></trkpt>
    <trkpt lat="-43.485637" lon="146.358673"><ele>38.2</ele></trkpt>
    <trkpt lat="-43.485672" lon="146.358728"><ele>37.8</ele></trkpt>
    <trkpt lat="-43.485733" lon="146.358747"><ele>37.3</ele></trkpt>
    <trkpt lat="-43.485787" lon="146.358755"><ele>36.9</ele></trkpt>
    <trkpt lat="-43.485832" lon="146.358777"><ele>36.6</ele></trkpt>
    <trkpt lat="-43.485885" lon="146.358777"><ele>36.2</ele></trkpt>
    <trkpt lat="-43.485948" lon="146.358893"><ele>35.7</ele></trkpt>
    <trkpt lat="-43.485973" lon="146.358952"><ele>35.5</ele></trkpt>
    <trkpt lat="-43.485992" lon="146.359015"><ele>35.2</ele></trkpt>
    <trkpt lat="-43.486012" lon="146.359077"><ele>35.0</ele></trkpt>
    <trkpt lat="-43.486058" lon="146.359228"><ele>34.5</ele></trkpt>
    <trkpt lat="-43.486093" lon="146.359290"><ele>34.3</ele></trkpt>
    <trkpt lat="-43.486125" lon="146.359343"><ele>34.1</ele></trkpt>
    <trkpt lat="-43.486153" lon="146.359400"><ele>33.9</ele></trkpt>
    <trkpt lat="-43.486177" lon="146.359468"><ele>33.7</ele></trkpt>
    <trkpt lat="-43.486200" lon="146.359522"><ele>33.5</ele></trkpt>
    <trkpt lat="-43.486230" lon="146.359587"><ele>33.2</ele></trkpt>
    <trkpt lat="-43.486253" lon="146.359652"><ele>33.0</ele></trkpt>
    <trkpt lat="-43.486265" lon="146.359722"><ele>32.7</ele></trkpt>
    <trkpt lat="-43.486293" lon="146.359812"><ele>32.4</ele></trkpt>
    <trkpt lat="-43.486315" lon="146.359878"><ele>32.0</ele></trkpt>
    <trkpt lat="-43.486352" lon="146.359965"><ele>31.6</ele></trkpt>
    <trkpt lat="-43.486325" lon="146.360243"><ele>30.1</ele></trkpt>
    <trkpt lat="-43.486293" lon="146.360350"><ele>29.4</ele></trkpt>
    <trkpt lat="-43.486277" lon="146.360413"><ele>29.0</ele></trkpt>
    <trkpt lat="-43.486267" lon="146.360487"><ele>28.6</ele></trkpt>
    <trkpt lat="-43.486278" lon="146.360555"><ele>28.2</ele></trkpt>
    <trkpt lat="-43.486272" lon="146.360620"><ele>27.8</ele></trkpt>
    <trkpt lat="-43.486265" lon="146.360687"><ele>27.4</ele></trkpt>
    <trkpt lat="-43.486278" lon="146.360848"><ele>26.4</ele></trkpt>
    <trkpt lat="-43.486272" lon="146.360910"><ele>26.1</ele></trkpt>
    <trkpt lat="-43.486278" lon="146.361000"><ele>25.6</ele></trkpt>
    <trkpt lat="-43.486174" lon="146.361250"><ele>24.2</ele></trkpt>
    <trkpt lat="-43.486237" lon="146.361585"><ele>23.0</ele></trkpt>
    <trkpt lat="-43.486350" lon="146.361968"><ele>22.1</ele></trkpt>
    <trkpt lat="-43.486363" lon="146.362093"><ele>22.0</ele></trkpt>
    <trkpt lat="-43.486363" lon="146.362184"><ele>22.0</ele></trkpt>
    <trkpt lat="-43.486411" lon="146.362258"><ele>22.0</ele></trkpt>
    <trkpt lat="-43.486496" lon="146.362347"><ele>22.2</ele></trkpt>
    <trkpt lat="-43.486549" lon="146.362450"><ele>22.3</ele></trkpt>
    <trkpt lat="-43.486540" lon="146.362543"><ele>22.5</ele></trkpt>
    <trkpt lat="-43.486558" lon="146.362613"><ele>22.6</ele></trkpt>
    <trkpt lat="-43.486598" lon="146.362658"><ele>22.7</ele></trkpt>
    <trkpt lat="-43.486623" lon="146.362713"><ele>22.8</ele></trkpt>
    <trkpt lat="-43.486650" lon="146.362772"><ele>23.0</ele></trkpt>
    <trkpt lat="-43.486687" lon="146.362823"><ele>23.1</ele></trkpt>
    <trkpt lat="-43.486722" lon="146.362878"><ele>23.2</ele></trkpt>
    <trkpt lat="-43.486765" lon="146.362918"><ele>23.2</ele></trkpt>
    <trkpt lat="-43.486805" lon="146.362953"><ele>23.3</ele></trkpt>
    <trkpt lat="-43.486848" lon="146.362987"><ele>23.4</ele></trkpt>
    <trkpt lat="-43.486898" lon="146.363017"><ele>23.5</ele></trkpt>
    <trkpt lat="-43.486942" lon="146.363055"><ele>23.7</ele></trkpt>
    <trkpt lat="-43.486990" lon="146.363083"><ele>23.8</ele></trkpt>
    <trkpt lat="-43.487038" lon="146.363107"><ele>24.0</ele></trkpt>
    <trkpt lat="-43.487085" lon="146.363122"><ele>24.2</ele></trkpt>
    <trkpt lat="-43.487138" lon="146.363148"><ele>24.4</ele></trkpt>
    <trkpt lat="-43.487185" lon="146.363180"><ele>24.5</ele></trkpt>
    <trkpt lat="-43.487235" lon="146.363208"><ele>24.6</ele></trkpt>
    <trkpt lat="-43.487275" lon="146.363248"><ele>24.8</ele></trkpt>
    <trkpt lat="-43.487290" lon="146.363323"><ele>24.9</ele></trkpt>
    <trkpt lat="-43.487317" lon="146.363380"><ele>25.0</ele></trkpt>
    <trkpt lat="-43.487325" lon="146.363453"><ele>25.2</ele></trkpt>
    <trkpt lat="-43.487313" lon="146.363533"><ele>25.3</ele></trkpt>
    <trkpt lat="-43.487323" lon="146.363602"><ele>25.4</ele></trkpt>
    <trkpt lat="-43.487370" lon="146.363702"><ele>25.6</ele></trkpt>
    <trkpt lat="-43.487405" lon="146.363760"><ele>25.8</ele></trkpt>
    <trkpt lat="-43.487475" lon="146.363850"><ele>26.1</ele></trkpt>
    <trkpt lat="-43.487513" lon="146.363902"><ele>26.3</ele></trkpt>
    <trkpt lat="-43.487548" lon="146.363952"><ele>26.5</ele></trkpt>
    <trkpt lat="-43.487585" lon="146.363998"><ele>26.6</ele></trkpt>
    <trkpt lat="-43.487623" lon="146.364038"><ele>26.7</ele></trkpt>
    <trkpt lat="-43.487653" lon="146.364095"><ele>26.7</ele></trkpt>
    <trkpt lat="-43.487680" lon="146.364160"><ele>26.8</ele></trkpt>
    <trkpt lat="-43.487725" lon="146.364198"><ele>26.8</ele></trkpt>
    <trkpt lat="-43.487758" lon="146.364243"><ele>26.8</ele></trkpt>
    <trkpt lat="-43.487890" lon="146.364568"><ele>26.3</ele></trkpt>
    <trkpt lat="-43.487920" lon="146.364633"><ele>26.2</ele></trkpt>
    <trkpt lat="-43.487950" lon="146.364688"><ele>26.1</ele></trkpt>
    <trkpt lat="-43.487978" lon="146.364745"><ele>26.0</ele></trkpt>
    <trkpt lat="-43.488003" lon="146.364797"><ele>25.9</ele></trkpt>
    <trkpt lat="-43.488078" lon="146.364893"><ele>25.7</ele></trkpt>
    <trkpt lat="-43.488127" lon="146.364930"><ele>25.6</ele></trkpt>
    <trkpt lat="-43.488175" lon="146.364962"><ele>25.5</ele></trkpt>
    <trkpt lat="-43.488227" lon="146.365053"><ele>25.2</ele></trkpt>
    <trkpt lat="-43.488263" lon="146.365125"><ele>25.1</ele></trkpt>
    <trkpt lat="-43.488340" lon="146.365237"><ele>24.6</ele></trkpt>
    <trkpt lat="-43.488390" lon="146.365260"><ele>24.4</ele></trkpt>
    <trkpt lat="-43.488432" lon="146.365283"><ele>24.2</ele></trkpt>
    <trkpt lat="-43.488675" lon="146.365453"><ele>23.2</ele></trkpt>
    <trkpt lat="-43.488832" lon="146.365513"><ele>22.9</ele></trkpt>
    <trkpt lat="-43.488940" lon="146.365615"><ele>22.7</ele></trkpt>
    <trkpt lat="-43.488982" lon="146.365645"><ele>22.7</ele></trkpt>
    <trkpt lat="-43.489150" lon="146.365737"><ele>22.4</ele></trkpt>
    <trkpt lat="-43.489195" lon="146.365762"><ele>22.3</ele></trkpt>
    <trkpt lat="-43.489238" lon="146.365803"><ele>22.3</ele></trkpt>
    <trkpt lat="-43.489342" lon="146.365875"><ele>22.2</ele></trkpt>
    <trkpt lat="-43.489578" lon="146.366030"><ele>22.3</ele></trkpt>
    <trkpt lat="-43.489632" lon="146.366057"><ele>22.4</ele></trkpt>
    <trkpt lat="-43.489668" lon="146.366088"><ele>22.5</ele></trkpt>
    <trkpt lat="-43.489668" lon="146.366088"><ele>22.5</ele></trkpt>
    <trkpt lat="-43.489812" lon="146.366200"><ele>22.9</ele></trkpt>
    <trkpt lat="-43.489885" lon="146.366263"><ele>23.2</ele></trkpt>
    <trkpt lat="-43.489932" lon="146.366293"><ele>23.4</ele></trkpt>
    <trkpt lat="-43.489975" lon="146.366332"><ele>23.5</ele></trkpt>
    <trkpt lat="-43.490020" lon="146.366360"><ele>23.5</ele></trkpt>
    <trkpt lat="-43.490067" lon="146.366393"><ele>23.6</ele></trkpt>
    <trkpt lat="-43.490167" lon="146.366412"><ele>23.8</ele></trkpt>
    <trkpt lat="-43.490250" lon="146.366437"><ele>23.9</ele></trkpt>
    <trkpt lat="-43.490335" lon="146.366460"><ele>23.9</ele></trkpt>
    <trkpt lat="-43.490390" lon="146.366488"><ele>23.9</ele></trkpt>
    <trkpt lat="-43.490437" lon="146.366527"><ele>23.9</ele></trkpt>
    <trkpt lat="-43.490487" lon="146.366552"><ele>23.9</ele></trkpt>
    <trkpt lat="-43.490533" lon="146.366587"><ele>23.9</ele></trkpt>
    <trkpt lat="-43.490583" lon="146.366607"><ele>23.8</ele></trkpt>
    <trkpt lat="-43.490637" lon="146.366618"><ele>23.8</ele></trkpt>
    <trkpt lat="-43.490685" lon="146.366643"><ele>23.8</ele></trkpt>
    <trkpt lat="-43.490732" lon="146.366675"><ele>23.7</ele></trkpt>
    <trkpt lat="-43.490780" lon="146.366700"><ele>23.6</ele></trkpt>
    <trkpt lat="-43.490828" lon="146.366733"><ele>23.5</ele></trkpt>
    <trkpt lat="-43.490875" lon="146.366767"><ele>23.4</ele></trkpt>
    <trkpt lat="-43.490917" lon="146.366798"><ele>23.4</ele></trkpt>
    <trkpt lat="-43.490945" lon="146.366848"><ele>23.3</ele></trkpt>
    <trkpt lat="-43.490985" lon="146.366905"><ele>23.1</ele></trkpt>
    <trkpt lat="-43.491020" lon="146.366965"><ele>22.9</ele></trkpt>
    <trkpt lat="-43.491052" lon="146.367030"><ele>22.8</ele></trkpt>
    <trkpt lat="-43.491223" lon="146.367358"><ele>22.0</ele></trkpt>
    <trkpt lat="-43.491272" lon="146.367527"><ele>21.8</ele></trkpt>
    <trkpt lat="-43.491470" lon="146.367843"><ele>21.5</ele></trkpt>
    <trkpt lat="-43.491515" lon="146.367888"><ele>21.5</ele></trkpt>
    <trkpt lat="-43.491545" lon="146.367937"><ele>21.4</ele></trkpt>
    <trkpt lat="-43.491582" lon="146.367980"><ele>21.3</ele></trkpt>
    <trkpt lat="-43.491627" lon="146.368037"><ele>21.2</ele></trkpt>
    <trkpt lat="-43.491672" lon="146.368110"><ele>21.0</ele></trkpt>
    <trkpt lat="-43.491820" lon="146.368432"><ele>20.5</ele></trkpt>
    <trkpt lat="-43.491840" lon="146.368500"><ele>20.4</ele></trkpt>
    <trkpt lat="-43.491853" lon="146.368562"><ele>20.4</ele></trkpt>
    <trkpt lat="-43.491860" lon="146.368648"><ele>20.3</ele></trkpt>
    <trkpt lat="-43.491833" lon="146.368705"><ele>20.2</ele></trkpt>
    <trkpt lat="-43.491768" lon="146.368788"><ele>20.2</ele></trkpt>
    <trkpt lat="-43.491723" lon="146.368832"><ele>20.1</ele></trkpt>
    <trkpt lat="-43.491680" lon="146.368875"><ele>20.1</ele></trkpt>
    <trkpt lat="-43.491637" lon="146.368912"><ele>20.0</ele></trkpt>
    <trkpt lat="-43.491597" lon="146.368962"><ele>19.9</ele></trkpt>
    <trkpt lat="-43.491570" lon="146.369018"><ele>19.8</ele></trkpt>
    <trkpt lat="-43.491542" lon="146.369067"><ele>19.7</ele></trkpt>
    <trkpt lat="-43.491505" lon="146.369110"><ele>19.6</ele></trkpt>
    <trkpt lat="-43.491468" lon="146.369157"><ele>19.6</ele></trkpt>
    <trkpt lat="-43.491430" lon="146.369197"><ele>19.5</ele></trkpt>
    <trkpt lat="-43.491387" lon="146.369237"><ele>19.5</ele></trkpt>
    <trkpt lat="-43.491338" lon="146.369267"><ele>19.5</ele></trkpt>
    <trkpt lat="-43.491287" lon="146.369368"><ele>19.4</ele></trkpt>
    <trkpt lat="-43.491227" lon="146.369435"><ele>19.4</ele></trkpt>
    <trkpt lat="-43.491205" lon="146.369510"><ele>19.3</ele></trkpt>
    <trkpt lat="-43.491177" lon="146.369578"><ele>19.2</ele></trkpt>
    <trkpt lat="-43.491142" lon="146.369635"><ele>19.2</ele></trkpt>
    <trkpt lat="-43.491112" lon="146.369698"><ele>19.2</ele></trkpt>
    <trkpt lat="-43.491062" lon="146.369733"><ele>19.4</ele></trkpt>
    <trkpt lat="-43.491027" lon="146.369790"><ele>19.5</ele></trkpt>
    <trkpt lat="-43.491002" lon="146.369852"><ele>19.6</ele></trkpt>
    <trkpt lat="-43.490982" lon="146.369913"><ele>19.7</ele></trkpt>
    <trkpt lat="-43.490965" lon="146.369982"><ele>19.9</ele></trkpt>
    <trkpt lat="-43.490955" lon="146.370045"><ele>20.1</ele></trkpt>
    <trkpt lat="-43.490912" lon="146.370173"><ele>20.5</ele></trkpt>
    <trkpt lat="-43.490832" lon="146.370262"><ele>21.0</ele></trkpt>
    <trkpt lat="-43.490758" lon="146.370280"><ele>21.5</ele></trkpt>
    <trkpt lat="-43.490490" lon="146.370277"><ele>23.4</ele></trkpt>
    <trkpt lat="-43.490343" lon="146.370270"><ele>24.6</ele></trkpt>
    <trkpt lat="-43.490233" lon="146.370248"><ele>25.4</ele></trkpt>
    <trkpt lat="-43.490160" lon="146.370223"><ele>26.0</ele></trkpt>
    <trkpt lat="-43.489860" lon="146.370188"><ele>28.0</ele></trkpt>
    <trkpt lat="-43.489575" lon="146.370287"><ele>29.9</ele></trkpt>
    <trkpt lat="-43.489267" lon="146.370262"><ele>31.5</ele></trkpt>
    <trkpt lat="-43.488992" lon="146.370282"><ele>31.6</ele></trkpt>
    <trkpt lat="-43.488665" lon="146.370392"><ele>31.2</ele></trkpt>
    <trkpt lat="-43.488530" lon="146.370470"><ele>30.6</ele></trkpt>
    <trkpt lat="-43.488483" lon="146.370492"><ele>30.4</ele></trkpt>
    <trkpt lat="-43.488440" lon="146.370515"><ele>30.2</ele></trkpt>
    <trkpt lat="-43.488402" lon="146.370595"><ele>29.8</ele></trkpt>
    <trkpt lat="-43.488368" lon="146.370648"><ele>29.5</ele></trkpt>
    <trkpt lat="-43.488330" lon="146.370688"><ele>29.2</ele></trkpt>
    <trkpt lat="-43.488283" lon="146.370723"><ele>28.9</ele></trkpt>
    <trkpt lat="-43.488242" lon="146.370762"><ele>28.6</ele></trkpt>
    <trkpt lat="-43.488117" lon="146.370877"><ele>27.6</ele></trkpt>
    <trkpt lat="-43.488075" lon="146.370920"><ele>27.2</ele></trkpt>
    <trkpt lat="-43.488035" lon="146.370960"><ele>26.8</ele></trkpt>
    <trkpt lat="-43.487987" lon="146.370985"><ele>26.6</ele></trkpt>
    <trkpt lat="-43.487945" lon="146.371028"><ele>26.4</ele></trkpt>
    <trkpt lat="-43.487900" lon="146.371068"><ele>26.1</ele></trkpt>
    <trkpt lat="-43.487867" lon="146.371113"><ele>25.9</ele></trkpt>
    <trkpt lat="-43.487840" lon="146.371168"><ele>25.7</ele></trkpt>
    <trkpt lat="-43.487820" lon="146.371243"><ele>25.6</ele></trkpt>
    <trkpt lat="-43.487747" lon="146.371407"><ele>25.5</ele></trkpt>
    <trkpt lat="-43.487722" lon="146.371460"><ele>25.5</ele></trkpt>
    <trkpt lat="-43.487685" lon="146.371502"><ele>25.4</ele></trkpt>
    <trkpt lat="-43.487642" lon="146.371537"><ele>25.4</ele></trkpt>
    <trkpt lat="-43.487598" lon="146.371590"><ele>25.3</ele></trkpt>
    <trkpt lat="-43.487558" lon="146.371640"><ele>25.3</ele></trkpt>
    <trkpt lat="-43.487522" lon="146.371688"><ele>25.2</ele></trkpt>
    <trkpt lat="-43.487482" lon="146.371738"><ele>25.2</ele></trkpt>
    <trkpt lat="-43.487453" lon="146.371793"><ele>25.1</ele></trkpt>
    <trkpt lat="-43.487427" lon="146.371855"><ele>25.1</ele></trkpt>
    <trkpt lat="-43.487400" lon="146.371915"><ele>25.1</ele></trkpt>
    <trkpt lat="-43.487367" lon="146.371975"><ele>25.0</ele></trkpt>
    <trkpt lat="-43.487203" lon="146.372293"><ele>25.0</ele></trkpt>
    <trkpt lat="-43.487168" lon="146.372333"><ele>25.0</ele></trkpt>
    <trkpt lat="-43.487132" lon="146.372370"><ele>24.9</ele></trkpt>
    <trkpt lat="-43.487093" lon="146.372412"><ele>24.8</ele></trkpt>
    <trkpt lat="-43.487053" lon="146.372448"><ele>24.7</ele></trkpt>
    <trkpt lat="-43.487010" lon="146.372488"><ele>24.5</ele></trkpt>
    <trkpt lat="-43.486972" lon="146.372538"><ele>24.4</ele></trkpt>
    <trkpt lat="-43.486935" lon="146.372582"><ele>24.2</ele></trkpt>
    <trkpt lat="-43.486892" lon="146.372613"><ele>24.0</ele></trkpt>
    <trkpt lat="-43.486800" lon="146.372720"><ele>23.4</ele></trkpt>
    <trkpt lat="-43.486758" lon="146.372768"><ele>23.1</ele></trkpt>
    <trkpt lat="-43.486730" lon="146.372825"><ele>22.8</ele></trkpt>
    <trkpt lat="-43.486583" lon="146.373153"><ele>21.3</ele></trkpt>
    <trkpt lat="-43.486557" lon="146.373240"><ele>20.9</ele></trkpt>
    <trkpt lat="-43.486493" lon="146.373312"><ele>20.4</ele></trkpt>
    <trkpt lat="-43.486488" lon="146.373378"><ele>20.1</ele></trkpt>
    <trkpt lat="-43.486485" lon="146.373448"><ele>19.9</ele></trkpt>
    <trkpt lat="-43.486477" lon="146.373518"><ele>19.7</ele></trkpt>
    <trkpt lat="-43.486465" lon="146.373588"><ele>19.5</ele></trkpt>
    <trkpt lat="-43.486455" lon="146.373657"><ele>19.4</ele></trkpt>
    <trkpt lat="-43.486442" lon="146.373728"><ele>19.2</ele></trkpt>
    <trkpt lat="-43.486430" lon="146.373802"><ele>19.0</ele></trkpt>
    <trkpt lat="-43.486418" lon="146.373875"><ele>19.1</ele></trkpt>
    <trkpt lat="-43.486407" lon="146.373948"><ele>19.1</ele></trkpt>
    <trkpt lat="-43.486397" lon="146.374022"><ele>19.2</ele></trkpt>
    <trkpt lat="-43.486388" lon="146.374095"><ele>19.2</ele></trkpt>
    <trkpt lat="-43.486380" lon="146.374163"><ele>19.3</ele></trkpt>
    <trkpt lat="-43.486367" lon="146.374233"><ele>19.3</ele></trkpt>
    <trkpt lat="-43.486357" lon="146.374302"><ele>19.4</ele></trkpt>
    <trkpt lat="-43.486342" lon="146.374400"><ele>19.5</ele></trkpt>
    <trkpt lat="-43.486348" lon="146.374802"><ele>19.7</ele></trkpt>
    <trkpt lat="-43.486472" lon="146.375033"><ele>19.8</ele></trkpt>
    <trkpt lat="-43.486438" lon="146.375420"><ele>19.7</ele></trkpt>
    <trkpt lat="-43.486323" lon="146.375820"><ele>19.0</ele></trkpt>
    <trkpt lat="-43.486267" lon="146.376006"><ele>18.8</ele></trkpt>
    <trkpt lat="-43.486197" lon="146.376078"><ele>18.7</ele></trkpt>
    <trkpt lat="-43.486095" lon="146.376120"><ele>18.7</ele></trkpt>
    <trkpt lat="-43.485937" lon="146.376102"><ele>19.0</ele></trkpt>
    <trkpt lat="-43.485793" lon="146.376200"><ele>19.4</ele></trkpt>
    <trkpt lat="-43.485747" lon="146.376235"><ele>19.5</ele></trkpt>
    <trkpt lat="-43.485710" lon="146.376280"><ele>19.6</ele></trkpt>
    <trkpt lat="-43.485662" lon="146.376312"><ele>19.8</ele></trkpt>
    <trkpt lat="-43.485612" lon="146.376330"><ele>19.9</ele></trkpt>
    <trkpt lat="-43.485530" lon="146.376363"><ele>20.1</ele></trkpt>
    <trkpt lat="-43.485483" lon="146.376388"><ele>20.2</ele></trkpt>
    <trkpt lat="-43.485432" lon="146.376387"><ele>20.3</ele></trkpt>
    <trkpt lat="-43.485383" lon="146.376403"><ele>20.4</ele></trkpt>
    <trkpt lat="-43.485248" lon="146.376487"><ele>20.6</ele></trkpt>
    <trkpt lat="-43.485202" lon="146.376533"><ele>20.7</ele></trkpt>
    <trkpt lat="-43.485163" lon="146.376577"><ele>20.8</ele></trkpt>
    <trkpt lat="-43.484930" lon="146.376850"><ele>21.3</ele></trkpt>
    <trkpt lat="-43.484918" lon="146.376910"><ele>21.3</ele></trkpt>
    <trkpt lat="-43.484903" lon="146.376970"><ele>21.3</ele></trkpt>
    <trkpt lat="-43.484890" lon="146.377030"><ele>21.4</ele></trkpt>
    <trkpt lat="-43.484868" lon="146.377088"><ele>21.4</ele></trkpt>
    <trkpt lat="-43.484710" lon="146.377433"><ele>21.6</ele></trkpt>
    <trkpt lat="-43.484672" lon="146.377475"><ele>21.6</ele></trkpt>
    <trkpt lat="-43.484432" lon="146.377707"><ele>22.1</ele></trkpt>
    <trkpt lat="-43.484388" lon="146.377747"><ele>22.1</ele></trkpt>
    <trkpt lat="-43.484187" lon="146.378108"><ele>22.6</ele></trkpt>
    <trkpt lat="-43.484138" lon="146.378283"><ele>22.8</ele></trkpt>
    <trkpt lat="-43.484133" lon="146.378348"><ele>22.8</ele></trkpt>
    <trkpt lat="-43.484168" lon="146.378740"><ele>23.1</ele></trkpt>
    <trkpt lat="-43.484177" lon="146.378803"><ele>23.1</ele></trkpt>
    <trkpt lat="-43.484175" lon="146.379183"><ele>23.4</ele></trkpt>
    <trkpt lat="-43.484170" lon="146.379248"><ele>23.4</ele></trkpt>
    <trkpt lat="-43.484162" lon="146.379325"><ele>23.5</ele></trkpt>
    <trkpt lat="-43.484142" lon="146.379519"><ele>23.6</ele></trkpt>
    <trkpt lat="-43.484078" lon="146.379680"><ele>23.8</ele></trkpt>
    <trkpt lat="-43.484043" lon="146.379727"><ele>23.8</ele></trkpt>
    <trkpt lat="-43.483978" lon="146.379767"><ele>23.9</ele></trkpt>
    <trkpt lat="-43.483935" lon="146.379798"><ele>23.9</ele></trkpt>
    <trkpt lat="-43.483835" lon="146.379906"><ele>24.0</ele></trkpt>
    <trkpt lat="-43.483748" lon="146.380090"><ele>24.2</ele></trkpt>
    <trkpt lat="-43.483755" lon="146.380190"><ele>24.3</ele></trkpt>
    <trkpt lat="-43.483746" lon="146.380243"><ele>24.3</ele></trkpt>
    <trkpt lat="-43.483753" lon="146.380300"><ele>24.3</ele></trkpt>
    <trkpt lat="-43.483777" lon="146.380363"><ele>24.4</ele></trkpt>
    <trkpt lat="-43.483798" lon="146.380430"><ele>24.5</ele></trkpt>
    <trkpt lat="-43.483820" lon="146.380493"><ele>24.5</ele></trkpt>
    <trkpt lat="-43.483835" lon="146.380560"><ele>24.6</ele></trkpt>
    <trkpt lat="-43.483838" lon="146.380627"><ele>24.7</ele></trkpt>
    <trkpt lat="-43.483845" lon="146.380693"><ele>24.7</ele></trkpt>
    <trkpt lat="-43.483858" lon="146.380758"><ele>24.8</ele></trkpt>
    <trkpt lat="-43.483873" lon="146.380820"><ele>24.8</ele></trkpt>
    <trkpt lat="-43.483905" lon="146.380942"><ele>24.9</ele></trkpt>
    <trkpt lat="-43.483923" lon="146.381000"><ele>24.9</ele></trkpt>
    <trkpt lat="-43.483945" lon="146.381063"><ele>25.0</ele></trkpt>
    <trkpt lat="-43.484015" lon="146.381480"><ele>25.2</ele></trkpt>
    <trkpt lat="-43.484018" lon="146.381555"><ele>25.2</ele></trkpt>
    <trkpt lat="-43.484043" lon="146.381927"><ele>25.4</ele></trkpt>
    <trkpt lat="-43.484045" lon="146.381993"><ele>25.4</ele></trkpt>
    <trkpt lat="-43.484100" lon="146.382423"><ele>25.5</ele></trkpt>
    <trkpt lat="-43.484120" lon="146.382485"><ele>25.5</ele></trkpt>
    <trkpt lat="-43.484142" lon="146.382543"><ele>25.5</ele></trkpt>
    <trkpt lat="-43.484165" lon="146.382603"><ele>25.5</ele></trkpt>
    <trkpt lat="-43.484292" lon="146.383000"><ele>25.6</ele></trkpt>
    <trkpt lat="-43.484305" lon="146.383062"><ele>25.6</ele></trkpt>
    <trkpt lat="-43.484318" lon="146.383128"><ele>25.6</ele></trkpt>
    <trkpt lat="-43.484332" lon="146.383192"><ele>25.6</ele></trkpt>
    <trkpt lat="-43.484342" lon="146.383255"><ele>25.6</ele></trkpt>
    <trkpt lat="-43.484353" lon="146.383320"><ele>25.7</ele></trkpt>
    <trkpt lat="-43.484420" lon="146.383723"><ele>25.8</ele></trkpt>
    <trkpt lat="-43.484430" lon="146.383787"><ele>25.8</ele></trkpt>
    <trkpt lat="-43.484442" lon="146.383850"><ele>25.8</ele></trkpt>
    <trkpt lat="-43.484503" lon="146.384088"><ele>25.9</ele></trkpt>
    <trkpt lat="-43.484532" lon="146.384140"><ele>25.9</ele></trkpt>
    <trkpt lat="-43.484553" lon="146.384202"><ele>25.9</ele></trkpt>
    <trkpt lat="-43.484570" lon="146.384265"><ele>25.9</ele></trkpt>
    <trkpt lat="-43.484587" lon="146.384332"><ele>26.0</ele></trkpt>
    <trkpt lat="-43.484603" lon="146.384392"><ele>26.0</ele></trkpt>
    <trkpt lat="-43.484622" lon="146.384452"><ele>26.1</ele></trkpt>
    <trkpt lat="-43.484642" lon="146.384512"><ele>26.1</ele></trkpt>
    <trkpt lat="-43.484660" lon="146.384577"><ele>26.2</ele></trkpt>
    <trkpt lat="-43.484677" lon="146.384645"><ele>26.2</ele></trkpt>
    <trkpt lat="-43.484693" lon="146.384712"><ele>26.3</ele></trkpt>
    <trkpt lat="-43.484712" lon="146.384778"><ele>26.3</ele></trkpt>
    <trkpt lat="-43.484728" lon="146.384845"><ele>26.4</ele></trkpt>
    <trkpt lat="-43.484745" lon="146.384907"><ele>26.5</ele></trkpt>
    <trkpt lat="-43.484763" lon="146.384967"><ele>26.5</ele></trkpt>
    <trkpt lat="-43.484780" lon="146.385032"><ele>26.6</ele></trkpt>
    <trkpt lat="-43.484838" lon="146.385370"><ele>27.0</ele></trkpt>
    <trkpt lat="-43.484857" lon="146.385440"><ele>27.1</ele></trkpt>
    <trkpt lat="-43.484875" lon="146.385507"><ele>27.2</ele></trkpt>
    <trkpt lat="-43.484892" lon="146.385573"><ele>27.3</ele></trkpt>
    <trkpt lat="-43.484908" lon="146.385638"><ele>27.4</ele></trkpt>
    <trkpt lat="-43.484935" lon="146.385755"><ele>27.6</ele></trkpt>
    <trkpt lat="-43.484933" lon="146.386065"><ele>28.0</ele></trkpt>
    <trkpt lat="-43.484927" lon="146.386137"><ele>28.1</ele></trkpt>
    <trkpt lat="-43.484920" lon="146.386200"><ele>28.1</ele></trkpt>
    <trkpt lat="-43.484915" lon="146.386267"><ele>28.2</ele></trkpt>
    <trkpt lat="-43.484843" lon="146.386585"><ele>28.7</ele></trkpt>
    <trkpt lat="-43.484833" lon="146.386662"><ele>28.8</ele></trkpt>
    <trkpt lat="-43.484808" lon="146.386723"><ele>28.9</ele></trkpt>
    <trkpt lat="-43.484782" lon="146.386783"><ele>28.9</ele></trkpt>
    <trkpt lat="-43.484753" lon="146.386842"><ele>29.0</ele></trkpt>
    <trkpt lat="-43.484717" lon="146.386918"><ele>29.1</ele></trkpt>
    <trkpt lat="-43.484572" lon="146.387227"><ele>29.4</ele></trkpt>
    <trkpt lat="-43.484563" lon="146.387338"><ele>29.5</ele></trkpt>
    <trkpt lat="-43.484568" lon="146.387410"><ele>29.5</ele></trkpt>
    <trkpt lat="-43.484592" lon="146.387473"><ele>29.5</ele></trkpt>
    <trkpt lat="-43.484617" lon="146.387535"><ele>29.6</ele></trkpt>
    <trkpt lat="-43.484638" lon="146.387603"><ele>29.6</ele></trkpt>
    <trkpt lat="-43.484660" lon="146.387668"><ele>29.6</ele></trkpt>
    <trkpt lat="-43.484682" lon="146.387735"><ele>29.7</ele></trkpt>
    <trkpt lat="-43.484702" lon="146.387802"><ele>29.7</ele></trkpt>
    <trkpt lat="-43.484722" lon="146.387863"><ele>29.8</ele></trkpt>
    <trkpt lat="-43.484743" lon="146.387925"><ele>29.8</ele></trkpt>
    <trkpt lat="-43.484765" lon="146.387985"><ele>29.8</ele></trkpt>
    <trkpt lat="-43.484788" lon="146.388048"><ele>29.9</ele></trkpt>
    <trkpt lat="-43.484810" lon="146.388115"><ele>29.9</ele></trkpt>
    <trkpt lat="-43.484830" lon="146.388180"><ele>29.9</ele></trkpt>
    <trkpt lat="-43.484850" lon="146.388247"><ele>29.9</ele></trkpt>
    <trkpt lat="-43.484868" lon="146.388312"><ele>29.9</ele></trkpt>
    <trkpt lat="-43.484888" lon="146.388375"><ele>30.0</ele></trkpt>
    <trkpt lat="-43.484908" lon="146.388442"><ele>30.0</ele></trkpt>
    <trkpt lat="-43.484927" lon="146.388507"><ele>30.0</ele></trkpt>
    <trkpt lat="-43.484947" lon="146.388572"><ele>30.0</ele></trkpt>
    <trkpt lat="-43.484978" lon="146.388678"><ele>30.1</ele></trkpt>
    <trkpt lat="-43.484970" lon="146.388773"><ele>30.1</ele></trkpt>
    <trkpt lat="-43.485023" lon="146.389182"><ele>30.2</ele></trkpt>
    <trkpt lat="-43.485038" lon="146.389255"><ele>30.2</ele></trkpt>
    <trkpt lat="-43.485048" lon="146.389322"><ele>30.3</ele></trkpt>
    <trkpt lat="-43.485058" lon="146.389398"><ele>30.3</ele></trkpt>
    <trkpt lat="-43.485067" lon="146.389463"><ele>30.3</ele></trkpt>
    <trkpt lat="-43.485075" lon="146.389527"><ele>30.4</ele></trkpt>
    <trkpt lat="-43.485083" lon="146.389593"><ele>30.4</ele></trkpt>
    <trkpt lat="-43.485088" lon="146.389663"><ele>30.4</ele></trkpt>
    <trkpt lat="-43.485092" lon="146.389733"><ele>30.4</ele></trkpt>
    <trkpt lat="-43.485093" lon="146.389803"><ele>30.5</ele></trkpt>
    <trkpt lat="-43.485095" lon="146.389875"><ele>30.5</ele></trkpt>
    <trkpt lat="-43.485097" lon="146.389945"><ele>30.6</ele></trkpt>
    <trkpt lat="-43.485097" lon="146.390012"><ele>30.6</ele></trkpt>
    <trkpt lat="-43.485095" lon="146.390078"><ele>30.6</ele></trkpt>
    <trkpt lat="-43.485093" lon="146.390148"><ele>30.7</ele></trkpt>
    <trkpt lat="-43.485092" lon="146.390212"><ele>30.7</ele></trkpt>
    <trkpt lat="-43.485092" lon="146.390282"><ele>30.8</ele></trkpt>
    <trkpt lat="-43.485088" lon="146.390353"><ele>30.9</ele></trkpt>
    <trkpt lat="-43.485085" lon="146.390422"><ele>31.0</ele></trkpt>
    <trkpt lat="-43.485082" lon="146.390488"><ele>31.1</ele></trkpt>
    <trkpt lat="-43.485062" lon="146.390842"><ele>31.6</ele></trkpt>
    <trkpt lat="-43.485055" lon="146.390917"><ele>31.7</ele></trkpt>
    <trkpt lat="-43.485048" lon="146.390988"><ele>31.8</ele></trkpt>
    <trkpt lat="-43.485037" lon="146.391058"><ele>32.0</ele></trkpt>
    <trkpt lat="-43.485027" lon="146.391132"><ele>32.1</ele></trkpt>
    <trkpt lat="-43.485015" lon="146.391203"><ele>32.2</ele></trkpt>
    <trkpt lat="-43.485000" lon="146.391275"><ele>32.3</ele></trkpt>
    <trkpt lat="-43.484988" lon="146.391348"><ele>32.4</ele></trkpt>
    <trkpt lat="-43.484977" lon="146.391420"><ele>32.6</ele></trkpt>
    <trkpt lat="-43.484963" lon="146.391522"><ele>32.7</ele></trkpt>
    <trkpt lat="-43.484872" lon="146.391690"><ele>33.1</ele></trkpt>
    <trkpt lat="-43.484862" lon="146.391762"><ele>33.2</ele></trkpt>
    <trkpt lat="-43.484853" lon="146.391833"><ele>33.3</ele></trkpt>
    <trkpt lat="-43.484843" lon="146.391905"><ele>33.4</ele></trkpt>
    <trkpt lat="-43.484835" lon="146.391972"><ele>33.5</ele></trkpt>
    <trkpt lat="-43.484825" lon="146.392042"><ele>33.6</ele></trkpt>
    <trkpt lat="-43.484813" lon="146.392115"><ele>33.6</ele></trkpt>
    <trkpt lat="-43.484803" lon="146.392183"><ele>33.7</ele></trkpt>
    <trkpt lat="-43.484795" lon="146.392252"><ele>33.8</ele></trkpt>
    <trkpt lat="-43.484785" lon="146.392322"><ele>33.8</ele></trkpt>
    <trkpt lat="-43.484773" lon="146.392388"><ele>33.9</ele></trkpt>
    <trkpt lat="-43.484762" lon="146.392457"><ele>33.9</ele></trkpt>
    <trkpt lat="-43.484752" lon="146.392525"><ele>34.0</ele></trkpt>
    <trkpt lat="-43.484742" lon="146.392592"><ele>34.1</ele></trkpt>
    <trkpt lat="-43.484732" lon="146.392660"><ele>34.1</ele></trkpt>
    <trkpt lat="-43.484718" lon="146.392730"><ele>34.2</ele></trkpt>
    <trkpt lat="-43.484707" lon="146.392798"><ele>34.2</ele></trkpt>
    <trkpt lat="-43.484692" lon="146.392865"><ele>34.3</ele></trkpt>
    <trkpt lat="-43.484678" lon="146.392932"><ele>34.3</ele></trkpt>
    <trkpt lat="-43.484673" lon="146.393002"><ele>34.4</ele></trkpt>
    <trkpt lat="-43.484677" lon="146.393070"><ele>34.4</ele></trkpt>
    <trkpt lat="-43.484683" lon="146.393145"><ele>34.5</ele></trkpt>
    <trkpt lat="-43.484648" lon="146.393487"><ele>34.7</ele></trkpt>
    <trkpt lat="-43.484648" lon="146.393560"><ele>34.8</ele></trkpt>
    <trkpt lat="-43.484652" lon="146.393635"><ele>34.8</ele></trkpt>
    <trkpt lat="-43.484655" lon="146.393710"><ele>34.9</ele></trkpt>
    <trkpt lat="-43.484660" lon="146.393782"><ele>34.9</ele></trkpt>
    <trkpt lat="-43.484662" lon="146.393857"><ele>35.0</ele></trkpt>
    <trkpt lat="-43.484662" lon="146.393928"><ele>35.1</ele></trkpt>
    <trkpt lat="-43.484663" lon="146.394000"><ele>35.2</ele></trkpt>
    <trkpt lat="-43.484667" lon="146.394072"><ele>35.2</ele></trkpt>
    <trkpt lat="-43.484670" lon="146.394143"><ele>35.3</ele></trkpt>
    <trkpt lat="-43.484683" lon="146.394223"><ele>35.4</ele></trkpt>
    <trkpt lat="-43.484688" lon="146.394293"><ele>35.4</ele></trkpt>
    <trkpt lat="-43.484693" lon="146.394363"><ele>35.5</ele></trkpt>
    <trkpt lat="-43.484695" lon="146.394433"><ele>35.5</ele></trkpt>
    <trkpt lat="-43.484697" lon="146.394507"><ele>35.6</ele></trkpt>
    <trkpt lat="-43.484700" lon="146.394578"><ele>35.6</ele></trkpt>
    <trkpt lat="-43.484698" lon="146.394650"><ele>35.6</ele></trkpt>
    <trkpt lat="-43.484695" lon="146.394725"><ele>35.7</ele></trkpt>
    <trkpt lat="-43.484688" lon="146.394800"><ele>35.7</ele></trkpt>
    <trkpt lat="-43.484692" lon="146.394870"><ele>35.8</ele></trkpt>
    <trkpt lat="-43.484692" lon="146.394942"><ele>35.8</ele></trkpt>
    <trkpt lat="-43.484692" lon="146.395010"><ele>35.8</ele></trkpt>
    <trkpt lat="-43.484692" lon="146.395077"><ele>35.8</ele></trkpt>
    <trkpt lat="-43.484692" lon="146.395145"><ele>35.8</ele></trkpt>
    <trkpt lat="-43.484688" lon="146.395215"><ele>35.9</ele></trkpt>
    <trkpt lat="-43.484685" lon="146.395283"><ele>35.9</ele></trkpt>
    <trkpt lat="-43.484683" lon="146.395355"><ele>35.9</ele></trkpt>
    <trkpt lat="-43.484678" lon="146.395428"><ele>35.9</ele></trkpt>
    <trkpt lat="-43.484677" lon="146.395495"><ele>35.9</ele></trkpt>
    <trkpt lat="-43.484673" lon="146.395568"><ele>35.9</ele></trkpt>
    <trkpt lat="-43.484672" lon="146.395642"><ele>36.0</ele></trkpt>
    <trkpt lat="-43.484673" lon="146.395712"><ele>36.0</ele></trkpt>
    <trkpt lat="-43.484673" lon="146.395785"><ele>36.0</ele></trkpt>
    <trkpt lat="-43.484670" lon="146.395855"><ele>36.0</ele></trkpt>
    <trkpt lat="-43.484665" lon="146.395928"><ele>36.1</ele></trkpt>
    <trkpt lat="-43.484663" lon="146.396000"><ele>36.1</ele></trkpt>
    <trkpt lat="-43.484657" lon="146.396075"><ele>36.1</ele></trkpt>
    <trkpt lat="-43.484653" lon="146.396147"><ele>36.1</ele></trkpt>
    <trkpt lat="-43.484653" lon="146.396218"><ele>36.2</ele></trkpt>
    <trkpt lat="-43.484645" lon="146.396297"><ele>36.2</ele></trkpt>
    <trkpt lat="-43.484645" lon="146.396370"><ele>36.2</ele></trkpt>
    <trkpt lat="-43.484645" lon="146.396440"><ele>36.2</ele></trkpt>
    <trkpt lat="-43.484643" lon="146.396510"><ele>36.2</ele></trkpt>
    <trkpt lat="-43.484643" lon="146.396582"><ele>36.2</ele></trkpt>
    <trkpt lat="-43.484642" lon="146.396653"><ele>36.1</ele></trkpt>
    <trkpt lat="-43.484637" lon="146.396720"><ele>36.1</ele></trkpt>
    <trkpt lat="-43.484567" lon="146.396852"><ele>35.9</ele></trkpt>
    <trkpt lat="-43.484573" lon="146.396920"><ele>35.8</ele></trkpt>
    <trkpt lat="-43.484577" lon="146.396988"><ele>35.7</ele></trkpt>
    <trkpt lat="-43.484582" lon="146.397058"><ele>35.6</ele></trkpt>
    <trkpt lat="-43.484580" lon="146.397130"><ele>35.4</ele></trkpt>
    <trkpt lat="-43.484582" lon="146.397205"><ele>35.2</ele></trkpt>
    <trkpt lat="-43.484583" lon="146.397277"><ele>35.0</ele></trkpt>
    <trkpt lat="-43.484593" lon="146.397347"><ele>34.7</ele></trkpt>
    <trkpt lat="-43.484617" lon="146.397478"><ele>34.3</ele></trkpt>
    <trkpt lat="-43.484628" lon="146.397553"><ele>33.8</ele></trkpt>
    <trkpt lat="-43.484642" lon="146.397627"><ele>33.4</ele></trkpt>
    <trkpt lat="-43.484653" lon="146.397702"><ele>32.9</ele></trkpt>
    <trkpt lat="-43.484665" lon="146.397772"><ele>32.4</ele></trkpt>
    <trkpt lat="-43.484680" lon="146.397845"><ele>32.0</ele></trkpt>
    <trkpt lat="-43.484698" lon="146.397908"><ele>31.5</ele></trkpt>
    <trkpt lat="-43.484703" lon="146.397982"><ele>31.0</ele></trkpt>
    <trkpt lat="-43.484713" lon="146.398078"><ele>30.4</ele></trkpt>
    <trkpt lat="-43.484707" lon="146.398153"><ele>29.9</ele></trkpt>
    <trkpt lat="-43.484692" lon="146.398280"><ele>29.0</ele></trkpt>
    <trkpt lat="-43.484731" lon="146.398385"><ele>28.2</ele></trkpt>
    <trkpt lat="-43.484788" lon="146.398434"><ele>27.6</ele></trkpt>
    <trkpt lat="-43.484845" lon="146.398505"><ele>26.8</ele></trkpt>
    <trkpt lat="-43.484855" lon="146.398553"><ele>26.5</ele></trkpt>
    <trkpt lat="-43.484887" lon="146.398673"><ele>25.5</ele></trkpt>
    <trkpt lat="-43.485012" lon="146.398759"><ele>24.0</ele></trkpt>
    <trkpt lat="-43.485062" lon="146.398868"><ele>23.3</ele></trkpt>
    <trkpt lat="-43.485133" lon="146.399088"><ele>21.9</ele></trkpt>
    <trkpt lat="-43.485248" lon="146.399395"><ele>20.8</ele></trkpt>
    <trkpt lat="-43.485287" lon="146.399447"><ele>20.6</ele></trkpt>
    <trkpt lat="-43.485322" lon="146.399510"><ele>20.4</ele></trkpt>
    <trkpt lat="-43.485319" lon="146.399571"><ele>20.3</ele></trkpt>
    <trkpt lat="-43.485317" lon="146.399638"><ele>20.1</ele></trkpt>
    <trkpt lat="-43.485347" lon="146.399705"><ele>20.0</ele></trkpt>
    <trkpt lat="-43.485372" lon="146.399770"><ele>19.8</ele></trkpt>
    <trkpt lat="-43.485427" lon="146.399875"><ele>19.4</ele></trkpt>
    <trkpt lat="-43.485408" lon="146.399952"><ele>19.1</ele></trkpt>
    <trkpt lat="-43.485403" lon="146.400025"><ele>18.9</ele></trkpt>
    <trkpt lat="-43.485407" lon="146.400102"><ele>18.8</ele></trkpt>
    <trkpt lat="-43.485410" lon="146.400180"><ele>18.7</ele></trkpt>
    <trkpt lat="-43.485418" lon="146.400257"><ele>18.6</ele></trkpt>
    <trkpt lat="-43.485435" lon="146.400328"><ele>18.6</ele></trkpt>
    <trkpt lat="-43.485450" lon="146.400402"><ele>18.5</ele></trkpt>
    <trkpt lat="-43.485455" lon="146.400478"><ele>18.5</ele></trkpt>
    <trkpt lat="-43.485462" lon="146.400547"><ele>18.5</ele></trkpt>
    <trkpt lat="-43.485483" lon="146.400608"><ele>18.5</ele></trkpt>
    <trkpt lat="-43.485527" lon="146.400645"><ele>18.4</ele></trkpt>
    <trkpt lat="-43.485570" lon="146.400747"><ele>18.4</ele></trkpt>
    <trkpt lat="-43.485708" lon="146.401087"><ele>18.3</ele></trkpt>
    <trkpt lat="-43.485692" lon="146.401265"><ele>18.2</ele></trkpt>
    <trkpt lat="-43.485693" lon="146.401332"><ele>18.1</ele></trkpt>
    <trkpt lat="-43.485693" lon="146.401400"><ele>18.1</ele></trkpt>
    <trkpt lat="-43.485687" lon="146.401468"><ele>18.1</ele></trkpt>
    <trkpt lat="-43.485680" lon="146.401537"><ele>18.2</ele></trkpt>
    <trkpt lat="-43.485677" lon="146.401607"><ele>18.2</ele></trkpt>
    <trkpt lat="-43.485663" lon="146.401678"><ele>18.3</ele></trkpt>
    <trkpt lat="-43.485657" lon="146.401753"><ele>18.4</ele></trkpt>
    <trkpt lat="-43.485655" lon="146.401827"><ele>18.5</ele></trkpt>
    <trkpt lat="-43.485690" lon="146.401883"><ele>18.6</ele></trkpt>
    <trkpt lat="-43.485690" lon="146.401947"><ele>18.7</ele></trkpt>
    <trkpt lat="-43.485715" lon="146.402017"><ele>18.8</ele></trkpt>
    <trkpt lat="-43.485732" lon="146.402088"><ele>18.8</ele></trkpt>
    <trkpt lat="-43.485750" lon="146.402157"><ele>18.9</ele></trkpt>
    <trkpt lat="-43.485768" lon="146.402218"><ele>19.0</ele></trkpt>
    <trkpt lat="-43.485787" lon="146.402285"><ele>19.1</ele></trkpt>
    <trkpt lat="-43.485803" lon="146.402350"><ele>19.1</ele></trkpt>
    <trkpt lat="-43.485815" lon="146.402420"><ele>19.2</ele></trkpt>
    <trkpt lat="-43.485822" lon="146.402490"><ele>19.3</ele></trkpt>
    <trkpt lat="-43.485838" lon="146.402593"><ele>19.4</ele></trkpt>
    <trkpt lat="-43.485803" lon="146.402678"><ele>19.5</ele></trkpt>
    <trkpt lat="-43.485825" lon="146.402748"><ele>19.6</ele></trkpt>
    <trkpt lat="-43.485848" lon="146.402822"><ele>19.7</ele></trkpt>
    <trkpt lat="-43.485867" lon="146.402895"><ele>19.9</ele></trkpt>
    <trkpt lat="-43.485877" lon="146.402967"><ele>20.1</ele></trkpt>
    <trkpt lat="-43.485883" lon="146.403042"><ele>20.3</ele></trkpt>
    <trkpt lat="-43.485888" lon="146.403117"><ele>20.5</ele></trkpt>
    <trkpt lat="-43.485897" lon="146.403215"><ele>20.8</ele></trkpt>
    <trkpt lat="-43.485890" lon="146.403288"><ele>21.1</ele></trkpt>
    <trkpt lat="-43.485893" lon="146.403360"><ele>21.4</ele></trkpt>
    <trkpt lat="-43.485897" lon="146.403430"><ele>21.7</ele></trkpt>
    <trkpt lat="-43.485903" lon="146.403500"><ele>22.0</ele></trkpt>
    <trkpt lat="-43.485905" lon="146.403568"><ele>22.3</ele></trkpt>
    <trkpt lat="-43.485892" lon="146.403633"><ele>22.7</ele></trkpt>
    <trkpt lat="-43.485875" lon="146.403707"><ele>23.3</ele></trkpt>
    <trkpt lat="-43.485835" lon="146.404118"><ele>26.5</ele></trkpt>
    <trkpt lat="-43.485908" lon="146.404502"><ele>29.9</ele></trkpt>
    <trkpt lat="-43.485917" lon="146.404872"><ele>32.7</ele></trkpt>
    <trkpt lat="-43.485893" lon="146.404925"><ele>33.1</ele></trkpt>
    <trkpt lat="-43.485867" lon="146.404980"><ele>33.6</ele></trkpt>
    <trkpt lat="-43.485837" lon="146.405032"><ele>34.0</ele></trkpt>
    <trkpt lat="-43.485688" lon="146.405317"><ele>35.7</ele></trkpt>
    <trkpt lat="-43.485655" lon="146.405427"><ele>36.0</ele></trkpt>
    <trkpt lat="-43.485638" lon="146.405508"><ele>36.2</ele></trkpt>
    <trkpt lat="-43.485635" lon="146.405575"><ele>36.4</ele></trkpt>
    <trkpt lat="-43.485630" lon="146.405642"><ele>36.5</ele></trkpt>
    <trkpt lat="-43.485617" lon="146.405705"><ele>36.6</ele></trkpt>
    <trkpt lat="-43.485597" lon="146.405763"><ele>36.7</ele></trkpt>
    <trkpt lat="-43.485575" lon="146.405828"><ele>36.7</ele></trkpt>
    <trkpt lat="-43.485563" lon="146.405900"><ele>36.7</ele></trkpt>
    <trkpt lat="-43.485553" lon="146.405967"><ele>36.7</ele></trkpt>
    <trkpt lat="-43.485542" lon="146.406033"><ele>36.7</ele></trkpt>
    <trkpt lat="-43.485535" lon="146.406100"><ele>36.8</ele></trkpt>
    <trkpt lat="-43.485525" lon="146.406162"><ele>36.8</ele></trkpt>
    <trkpt lat="-43.485515" lon="146.406237"><ele>36.8</ele></trkpt>
    <trkpt lat="-43.485493" lon="146.406360"><ele>36.8</ele></trkpt>
    <trkpt lat="-43.485478" lon="146.406432"><ele>36.8</ele></trkpt>
    <trkpt lat="-43.485478" lon="146.406503"><ele>36.8</ele></trkpt>
    <trkpt lat="-43.485472" lon="146.406593"><ele>36.9</ele></trkpt>
    <trkpt lat="-43.485470" lon="146.406667"><ele>36.9</ele></trkpt>
    <trkpt lat="-43.485467" lon="146.406737"><ele>36.9</ele></trkpt>
    <trkpt lat="-43.485460" lon="146.406807"><ele>36.9</ele></trkpt>
    <trkpt lat="-43.485443" lon="146.406925"><ele>36.9</ele></trkpt>
    <trkpt lat="-43.485420" lon="146.406992"><ele>36.9</ele></trkpt>
    <trkpt lat="-43.485417" lon="146.407060"><ele>36.9</ele></trkpt>
    <trkpt lat="-43.485412" lon="146.407130"><ele>36.9</ele></trkpt>
    <trkpt lat="-43.485397" lon="146.407198"><ele>36.9</ele></trkpt>
    <trkpt lat="-43.485392" lon="146.407267"><ele>36.9</ele></trkpt>
    <trkpt lat="-43.485385" lon="146.407337"><ele>36.9</ele></trkpt>
    <trkpt lat="-43.485380" lon="146.407402"><ele>36.9</ele></trkpt>
    <trkpt lat="-43.485372" lon="146.407467"><ele>36.9</ele></trkpt>
    <trkpt lat="-43.485363" lon="146.407533"><ele>36.9</ele></trkpt>
    <trkpt lat="-43.485355" lon="146.407602"><ele>36.9</ele></trkpt>
    <trkpt lat="-43.485350" lon="146.407667"><ele>36.9</ele></trkpt>
    <trkpt lat="-43.485340" lon="146.407730"><ele>36.9</ele></trkpt>
    <trkpt lat="-43.485328" lon="146.407822"><ele>36.9</ele></trkpt>
    <trkpt lat="-43.485307" lon="146.407892"><ele>36.9</ele></trkpt>
    <trkpt lat="-43.485300" lon="146.407963"><ele>36.9</ele></trkpt>
    <trkpt lat="-43.485295" lon="146.408035"><ele>36.9</ele></trkpt>
    <trkpt lat="-43.485283" lon="146.408107"><ele>36.9</ele></trkpt>
    <trkpt lat="-43.485273" lon="146.408180"><ele>36.9</ele></trkpt>
    <trkpt lat="-43.485267" lon="146.408253"><ele>36.9</ele></trkpt>
    <trkpt lat="-43.485258" lon="146.408322"><ele>37.0</ele></trkpt>
    <trkpt lat="-43.485243" lon="146.408402"><ele>37.1</ele></trkpt>
    <trkpt lat="-43.485232" lon="146.408473"><ele>37.2</ele></trkpt>
    <trkpt lat="-43.485222" lon="146.408552"><ele>37.3</ele></trkpt>
    <trkpt lat="-43.485208" lon="146.408625"><ele>37.5</ele></trkpt>
    <trkpt lat="-43.485203" lon="146.408700"><ele>37.7</ele></trkpt>
    <trkpt lat="-43.485200" lon="146.408773"><ele>37.8</ele></trkpt>
    <trkpt lat="-43.485183" lon="146.408845"><ele>38.0</ele></trkpt>
    <trkpt lat="-43.485168" lon="146.408910"><ele>38.2</ele></trkpt>
    <trkpt lat="-43.485158" lon="146.408977"><ele>38.3</ele></trkpt>
    <trkpt lat="-43.485148" lon="146.409045"><ele>38.5</ele></trkpt>
    <trkpt lat="-43.485132" lon="146.409115"><ele>38.7</ele></trkpt>
    <trkpt lat="-43.485120" lon="146.409182"><ele>38.9</ele></trkpt>
    <trkpt lat="-43.485118" lon="146.409253"><ele>39.0</ele></trkpt>
    <trkpt lat="-43.485113" lon="146.409317"><ele>39.2</ele></trkpt>
    <trkpt lat="-43.485184" lon="146.409482"><ele>39.7</ele></trkpt>
    <trkpt lat="-43.485253" lon="146.409642"><ele>40.2</ele></trkpt>
    <trkpt lat="-43.485372" lon="146.409756"><ele>41.1</ele></trkpt>
    <trkpt lat="-43.485488" lon="146.409802"><ele>42.0</ele></trkpt>
    <trkpt lat="-43.485592" lon="146.409826"><ele>42.6</ele></trkpt>
    <trkpt lat="-43.485670" lon="146.409815"><ele>43.0</ele></trkpt>
    <trkpt lat="-43.485759" lon="146.409763"><ele>43.5</ele></trkpt>
    <trkpt lat="-43.485818" lon="146.409726"><ele>43.6</ele></trkpt>
    <trkpt lat="-43.485987" lon="146.409797"><ele>43.8</ele></trkpt>
    <trkpt lat="-43.486022" lon="146.409816"><ele>43.8</ele></trkpt>
    <trkpt lat="-43.486127" lon="146.409835"><ele>43.7</ele></trkpt>
    <trkpt lat="-43.486220" lon="146.409895"><ele>43.6</ele></trkpt>
    <trkpt lat="-43.486359" lon="146.409956"><ele>43.4</ele></trkpt>
    <trkpt lat="-43.486395" lon="146.410017"><ele>43.2</ele></trkpt>
    <trkpt lat="-43.486667" lon="146.410088"><ele>41.9</ele></trkpt>
    <trkpt lat="-43.487005" lon="146.410123"><ele>39.3</ele></trkpt>
    <trkpt lat="-43.487248" lon="146.410337"><ele>36.9</ele></trkpt>
    <trkpt lat="-43.487513" lon="146.410467"><ele>35.3</ele></trkpt>
    <trkpt lat="-43.487622" lon="146.410853"><ele>34.6</ele></trkpt>
    <trkpt lat="-43.487643" lon="146.411285"><ele>35.2</ele></trkpt>
    <trkpt lat="-43.487933" lon="146.411666"><ele>36.5</ele></trkpt>
    <trkpt lat="-43.487930" lon="146.412118"><ele>37.7</ele></trkpt>
    <trkpt lat="-43.487927" lon="146.412527"><ele>38.2</ele></trkpt>
    <trkpt lat="-43.488082" lon="146.412870"><ele>36.4</ele></trkpt>
    <trkpt lat="-43.488340" lon="146.413166"><ele>34.1</ele></trkpt>
    <trkpt lat="-43.488408" lon="146.413145"><ele>33.8</ele></trkpt>
    <trkpt lat="-43.488463" lon="146.413162"><ele>33.5</ele></trkpt>
    <trkpt lat="-43.488587" lon="146.413275"><ele>32.5</ele></trkpt>
    <trkpt lat="-43.488637" lon="146.413287"><ele>32.2</ele></trkpt>
    <trkpt lat="-43.488688" lon="146.413300"><ele>31.9</ele></trkpt>
    <trkpt lat="-43.488737" lon="146.413313"><ele>31.6</ele></trkpt>
    <trkpt lat="-43.488787" lon="146.413322"><ele>31.3</ele></trkpt>
    <trkpt lat="-43.488835" lon="146.413332"><ele>31.0</ele></trkpt>
    <trkpt lat="-43.488887" lon="146.413337"><ele>30.7</ele></trkpt>
    <trkpt lat="-43.488933" lon="146.413347"><ele>30.4</ele></trkpt>
    <trkpt lat="-43.488983" lon="146.413358"><ele>30.2</ele></trkpt>
    <trkpt lat="-43.489032" lon="146.413367"><ele>30.0</ele></trkpt>
    <trkpt lat="-43.489110" lon="146.413388"><ele>29.9</ele></trkpt>
    <trkpt lat="-43.489155" lon="146.413408"><ele>29.8</ele></trkpt>
    <trkpt lat="-43.489228" lon="146.413458"><ele>29.7</ele></trkpt>
    <trkpt lat="-43.489270" lon="146.413507"><ele>29.7</ele></trkpt>
    <trkpt lat="-43.489310" lon="146.413558"><ele>29.9</ele></trkpt>
    <trkpt lat="-43.489347" lon="146.413607"><ele>30.0</ele></trkpt>
    <trkpt lat="-43.489385" lon="146.413658"><ele>30.1</ele></trkpt>
    <trkpt lat="-43.489422" lon="146.413707"><ele>30.2</ele></trkpt>
    <trkpt lat="-43.489458" lon="146.413755"><ele>30.3</ele></trkpt>
    <trkpt lat="-43.489490" lon="146.413803"><ele>30.4</ele></trkpt>
    <trkpt lat="-43.489522" lon="146.413852"><ele>30.5</ele></trkpt>
    <trkpt lat="-43.489555" lon="146.413898"><ele>30.6</ele></trkpt>
    <trkpt lat="-43.489588" lon="146.413950"><ele>30.7</ele></trkpt>
    <trkpt lat="-43.489625" lon="146.414003"><ele>30.9</ele></trkpt>
    <trkpt lat="-43.489658" lon="146.414052"><ele>31.0</ele></trkpt>
    <trkpt lat="-43.489692" lon="146.414102"><ele>31.2</ele></trkpt>
    <trkpt lat="-43.489727" lon="146.414153"><ele>31.3</ele></trkpt>
    <trkpt lat="-43.489760" lon="146.414200"><ele>31.4</ele></trkpt>
    <trkpt lat="-43.489797" lon="146.414252"><ele>31.6</ele></trkpt>
    <trkpt lat="-43.489833" lon="146.414300"><ele>31.8</ele></trkpt>
    <trkpt lat="-43.489868" lon="146.414348"><ele>31.9</ele></trkpt>
    <trkpt lat="-43.489907" lon="146.414395"><ele>32.1</ele></trkpt>
    <trkpt lat="-43.489945" lon="146.414442"><ele>32.3</ele></trkpt>
    <trkpt lat="-43.489983" lon="146.414485"><ele>32.4</ele></trkpt>
    <trkpt lat="-43.490022" lon="146.414527"><ele>32.6</ele></trkpt>
    <trkpt lat="-43.490062" lon="146.414565"><ele>32.8</ele></trkpt>
    <trkpt lat="-43.490105" lon="146.414598"><ele>33.0</ele></trkpt>
    <trkpt lat="-43.490152" lon="146.414630"><ele>33.2</ele></trkpt>
    <trkpt lat="-43.490195" lon="146.414662"><ele>33.4</ele></trkpt>
    <trkpt lat="-43.490242" lon="146.414693"><ele>33.6</ele></trkpt>
    <trkpt lat="-43.490287" lon="146.414723"><ele>33.8</ele></trkpt>
    <trkpt lat="-43.490333" lon="146.414755"><ele>34.0</ele></trkpt>
    <trkpt lat="-43.490375" lon="146.414778"><ele>34.2</ele></trkpt>
    <trkpt lat="-43.490420" lon="146.414785"><ele>34.4</ele></trkpt>
    <trkpt lat="-43.490472" lon="146.414802"><ele>34.6</ele></trkpt>
    <trkpt lat="-43.490523" lon="146.414820"><ele>34.9</ele></trkpt>
    <trkpt lat="-43.490690" lon="146.414992"><ele>36.0</ele></trkpt>
    <trkpt lat="-43.490758" lon="146.415040"><ele>36.5</ele></trkpt>
    <trkpt lat="-43.491020" lon="146.415253"><ele>38.7</ele></trkpt>
    <trkpt lat="-43.491272" lon="146.415387"><ele>41.0</ele></trkpt>
    <trkpt lat="-43.491522" lon="146.415513"><ele>43.7</ele></trkpt>
    <trkpt lat="-43.491565" lon="146.415530"><ele>44.2</ele></trkpt>
    <trkpt lat="-43.491802" lon="146.415738"><ele>47.2</ele></trkpt>
    <trkpt lat="-43.492003" lon="146.416033"><ele>50.2</ele></trkpt>
    <trkpt lat="-43.492208" lon="146.416335"><ele>53.5</ele></trkpt>
    <trkpt lat="-43.492232" lon="146.416400"><ele>54.2</ele></trkpt>
    <trkpt lat="-43.492342" lon="146.416748"><ele>58.4</ele></trkpt>
    <trkpt lat="-43.492360" lon="146.416805"><ele>59.1</ele></trkpt>
    <trkpt lat="-43.492397" lon="146.417182"><ele>65.3</ele></trkpt>
    <trkpt lat="-43.492402" lon="146.417508"><ele>72.2</ele></trkpt>
    <trkpt lat="-43.492500" lon="146.417875"><ele>82.7</ele></trkpt>
    <trkpt lat="-43.492577" lon="146.418215"><ele>93.9</ele></trkpt>
    <trkpt lat="-43.492728" lon="146.418530"><ele>106.6</ele></trkpt>
    <trkpt lat="-43.492867" lon="146.418847"><ele>118.8</ele></trkpt>
    <trkpt lat="-43.492933" lon="146.419192"><ele>130.4</ele></trkpt>
    <trkpt lat="-43.492983" lon="146.419578"><ele>142.9</ele></trkpt>
    <trkpt lat="-43.493075" lon="146.419945"><ele>155.5</ele></trkpt>
    <trkpt lat="-43.493252" lon="146.420367"><ele>172.8</ele></trkpt>
    <trkpt lat="-43.493398" lon="146.420842"><ele>193.2</ele></trkpt>
    <trkpt lat="-43.493445" lon="146.421142"><ele>206.1</ele></trkpt>
    <trkpt lat="-43.493668" lon="146.421362"><ele>222.2</ele></trkpt>
    <trkpt lat="-43.493793" lon="146.421665"><ele>236.1</ele></trkpt>
    <trkpt lat="-43.493935" lon="146.421942"><ele>249.0</ele></trkpt>
    <trkpt lat="-43.494143" lon="146.422220"><ele>263.2</ele></trkpt>
    <trkpt lat="-43.494245" lon="146.422550"><ele>274.3</ele></trkpt>
    <trkpt lat="-43.494273" lon="146.422677"><ele>277.9</ele></trkpt>
    <trkpt lat="-43.494310" lon="146.422713"><ele>279.7</ele></trkpt>
    <trkpt lat="-43.494533" lon="146.423007"><ele>289.9</ele></trkpt>
    <trkpt lat="-43.494635" lon="146.423242"><ele>295.5</ele></trkpt>
    <trkpt lat="-43.494813" lon="146.423548"><ele>301.6</ele></trkpt>
    <trkpt lat="-43.495070" lon="146.423762"><ele>305.8</ele></trkpt>
    <trkpt lat="-43.495302" lon="146.423953"><ele>309.7</ele></trkpt>
    <trkpt lat="-43.495430" lon="146.424325"><ele>313.8</ele></trkpt>
    <trkpt lat="-43.495660" lon="146.424573"><ele>316.7</ele></trkpt>
    <trkpt lat="-43.496063" lon="146.424715"><ele>320.4</ele></trkpt>
    <trkpt lat="-43.496185" lon="146.424788"><ele>321.3</ele></trkpt>
    <trkpt lat="-43.496235" lon="146.424798"><ele>321.5</ele></trkpt>
    <trkpt lat="-43.496283" lon="146.424805"><ele>321.7</ele></trkpt>
    <trkpt lat="-43.496570" lon="146.424843"><ele>322.4</ele></trkpt>
    <trkpt lat="-43.496650" lon="146.424888"><ele>322.6</ele></trkpt>
    <trkpt lat="-43.496715" lon="146.424898"><ele>322.7</ele></trkpt>
    <trkpt lat="-43.497013" lon="146.424945"><ele>323.8</ele></trkpt>
    <trkpt lat="-43.497053" lon="146.424983"><ele>324.1</ele></trkpt>
    <trkpt lat="-43.497097" lon="146.425015"><ele>324.4</ele></trkpt>
    <trkpt lat="-43.497165" lon="146.425065"><ele>324.9</ele></trkpt>
    <trkpt lat="-43.497412" lon="146.425360"><ele>328.0</ele></trkpt>
    <trkpt lat="-43.497583" lon="146.425653"><ele>331.4</ele></trkpt>
    <trkpt lat="-43.497773" lon="146.425970"><ele>335.4</ele></trkpt>
    <trkpt lat="-43.498008" lon="146.426208"><ele>339.8</ele></trkpt>
    <trkpt lat="-43.498263" lon="146.426418"><ele>344.8</ele></trkpt>
    <trkpt lat="-43.498563" lon="146.426470"><ele>350.5</ele></trkpt>
    <trkpt lat="-43.498843" lon="146.426398"><ele>356.1</ele></trkpt>
    <trkpt lat="-43.499115" lon="146.426443"><ele>361.1</ele></trkpt>
    <trkpt lat="-43.499387" lon="146.426380"><ele>366.2</ele></trkpt>
    <trkpt lat="-43.499717" lon="146.426500"><ele>373.2</ele></trkpt>
    <trkpt lat="-43.499967" lon="146.426612"><ele>379.0</ele></trkpt>
    <trkpt lat="-43.500240" lon="146.426607"><ele>385.4</ele></trkpt>
    <trkpt lat="-43.500575" lon="146.426607"><ele>393.8</ele></trkpt>
    <trkpt lat="-43.501062" lon="146.426550"><ele>404.5</ele></trkpt>
    <trkpt lat="-43.501482" lon="146.426626"><ele>413.2</ele></trkpt>
    <trkpt lat="-43.501840" lon="146.426682"><ele>421.8</ele></trkpt>
    <trkpt lat="-43.502123" lon="146.426708"><ele>430.0</ele></trkpt>
    <trkpt lat="-43.502393" lon="146.426798"><ele>438.4</ele></trkpt>
    <trkpt lat="-43.502680" lon="146.426837"><ele>446.8</ele></trkpt>
    <trkpt lat="-43.502898" lon="146.427102"><ele>455.1</ele></trkpt>
    <trkpt lat="-43.503097" lon="146.427353"><ele>461.8</ele></trkpt>
    <trkpt lat="-43.503397" lon="146.427483"><ele>467.8</ele></trkpt>
    <trkpt lat="-43.503637" lon="146.427640"><ele>472.8</ele></trkpt>
    <trkpt lat="-43.503918" lon="146.427857"><ele>480.6</ele></trkpt>
    <trkpt lat="-43.504097" lon="146.428175"><ele>489.8</ele></trkpt>
    <trkpt lat="-43.504300" lon="146.428397"><ele>500.3</ele></trkpt>
    <trkpt lat="-43.504407" lon="146.428713"><ele>513.0</ele></trkpt>
    <trkpt lat="-43.504553" lon="146.428985"><ele>527.1</ele></trkpt>
    <trkpt lat="-43.504712" lon="146.429238"><ele>541.7</ele></trkpt>
    <trkpt lat="-43.504828" lon="146.429550"><ele>557.0</ele></trkpt>
    <trkpt lat="-43.505027" lon="146.429740"><ele>571.2</ele></trkpt>
    <trkpt lat="-43.505188" lon="146.430000"><ele>585.3</ele></trkpt>
    <trkpt lat="-43.505365" lon="146.430275"><ele>600.2</ele></trkpt>
    <trkpt lat="-43.505495" lon="146.430639"><ele>614.7</ele></trkpt>
    <trkpt lat="-43.505628" lon="146.430847"><ele>624.0</ele></trkpt>
    <trkpt lat="-43.505897" lon="146.430863"><ele>636.6</ele></trkpt>
    <trkpt lat="-43.506055" lon="146.431167"><ele>649.1</ele></trkpt>
    <trkpt lat="-43.506181" lon="146.431481"><ele>659.8</ele></trkpt>
    <trkpt lat="-43.506183" lon="146.431825"><ele>669.9</ele></trkpt>
    <trkpt lat="-43.506177" lon="146.432180"><ele>680.1</ele></trkpt>
    <trkpt lat="-43.506210" lon="146.432560"><ele>690.3</ele></trkpt>
    <trkpt lat="-43.506283" lon="146.432940"><ele>699.8</ele></trkpt>
    <trkpt lat="-43.506352" lon="146.433293"><ele>708.2</ele></trkpt>
    <trkpt lat="-43.506303" lon="146.433683"><ele>716.4</ele></trkpt>
    <trkpt lat="-43.506235" lon="146.434080"><ele>723.8</ele></trkpt>
    <trkpt lat="-43.506135" lon="146.434467"><ele>729.9</ele></trkpt>
    <trkpt lat="-43.506115" lon="146.434817"><ele>734.0</ele></trkpt>
    <trkpt lat="-43.506093" lon="146.434880"><ele>734.7</ele></trkpt>
    <trkpt lat="-43.506043" lon="146.435257"><ele>737.7</ele></trkpt>
    <trkpt lat="-43.505943" lon="146.435633"><ele>739.9</ele></trkpt>
    <trkpt lat="-43.505815" lon="146.436025"><ele>741.5</ele></trkpt>
    <trkpt lat="-43.505635" lon="146.436410"><ele>743.6</ele></trkpt>
    <trkpt lat="-43.505448" lon="146.436733"><ele>746.0</ele></trkpt>
    <trkpt lat="-43.505297" lon="146.437043"><ele>748.2</ele></trkpt>
    <trkpt lat="-43.505162" lon="146.437310"><ele>749.9</ele></trkpt>
    <trkpt lat="-43.505143" lon="146.437377"><ele>750.2</ele></trkpt>
    <trkpt lat="-43.505128" lon="146.437438"><ele>750.6</ele></trkpt>
    <trkpt lat="-43.505113" lon="146.437503"><ele>750.7</ele></trkpt>
    <trkpt lat="-43.505100" lon="146.437567"><ele>750.9</ele></trkpt>
    <trkpt lat="-43.505082" lon="146.437630"><ele>751.0</ele></trkpt>
    <trkpt lat="-43.505065" lon="146.437703"><ele>751.1</ele></trkpt>
    <trkpt lat="-43.505052" lon="146.437770"><ele>751.3</ele></trkpt>
    <trkpt lat="-43.504967" lon="146.438043"><ele>751.2</ele></trkpt>
    <trkpt lat="-43.504932" lon="146.438097"><ele>751.1</ele></trkpt>
    <trkpt lat="-43.504900" lon="146.438155"><ele>751.1</ele></trkpt>
    <trkpt lat="-43.504873" lon="146.438212"><ele>751.0</ele></trkpt>
    <trkpt lat="-43.504847" lon="146.438268"><ele>750.9</ele></trkpt>
    <trkpt lat="-43.504820" lon="146.438325"><ele>750.9</ele></trkpt>
    <trkpt lat="-43.504792" lon="146.438377"><ele>750.8</ele></trkpt>
    <trkpt lat="-43.504535" lon="146.438895"><ele>750.4</ele></trkpt>
    <trkpt lat="-43.504462" lon="146.439082"><ele>750.3</ele></trkpt>
    <trkpt lat="-43.504428" lon="146.439135"><ele>750.4</ele></trkpt>
    <trkpt lat="-43.504390" lon="146.439180"><ele>750.4</ele></trkpt>
    <trkpt lat="-43.504357" lon="146.439235"><ele>750.5</ele></trkpt>
    <trkpt lat="-43.504315" lon="146.439278"><ele>750.5</ele></trkpt>
    <trkpt lat="-43.504273" lon="146.439322"><ele>750.6</ele></trkpt>
    <trkpt lat="-43.504232" lon="146.439367"><ele>750.7</ele></trkpt>
    <trkpt lat="-43.504190" lon="146.439410"><ele>750.8</ele></trkpt>
    <trkpt lat="-43.504148" lon="146.439452"><ele>750.8</ele></trkpt>
    <trkpt lat="-43.504102" lon="146.439485"><ele>750.9</ele></trkpt>
    <trkpt lat="-43.504062" lon="146.439530"><ele>751.0</ele></trkpt>
    <trkpt lat="-43.504023" lon="146.439577"><ele>751.1</ele></trkpt>
    <trkpt lat="-43.503990" lon="146.439628"><ele>751.2</ele></trkpt>
    <trkpt lat="-43.503952" lon="146.439672"><ele>751.3</ele></trkpt>
    <trkpt lat="-43.503917" lon="146.439730"><ele>751.4</ele></trkpt>
    <trkpt lat="-43.503892" lon="146.439787"><ele>751.4</ele></trkpt>
    <trkpt lat="-43.503868" lon="146.439840"><ele>751.6</ele></trkpt>
    <trkpt lat="-43.503683" lon="146.440093"><ele>752.6</ele></trkpt>
    <trkpt lat="-43.503648" lon="146.440140"><ele>752.9</ele></trkpt>
    <trkpt lat="-43.503610" lon="146.440198"><ele>753.3</ele></trkpt>
    <trkpt lat="-43.503477" lon="146.440577"><ele>756.0</ele></trkpt>
    <trkpt lat="-43.503355" lon="146.440908"><ele>759.3</ele></trkpt>
    <trkpt lat="-43.503325" lon="146.441307"><ele>764.1</ele></trkpt>
    <trkpt lat="-43.503265" lon="146.441733"><ele>770.4</ele></trkpt>
    <trkpt lat="-43.503263" lon="146.442103"><ele>776.4</ele></trkpt>
    <trkpt lat="-43.503245" lon="146.442492"><ele>782.9</ele></trkpt>
    <trkpt lat="-43.503235" lon="146.442883"><ele>789.8</ele></trkpt>
    <trkpt lat="-43.503317" lon="146.443287"><ele>797.3</ele></trkpt>
    <trkpt lat="-43.503303" lon="146.443635"><ele>802.9</ele></trkpt>
    <trkpt lat="-43.503342" lon="146.444030"><ele>808.7</ele></trkpt>
    <trkpt lat="-43.503440" lon="146.444433"><ele>813.5</ele></trkpt>
    <trkpt lat="-43.503505" lon="146.444795"><ele>815.9</ele></trkpt>
    <trkpt lat="-43.503660" lon="146.445148"><ele>817.1</ele></trkpt>
    <trkpt lat="-43.503682" lon="146.445210"><ele>817.2</ele></trkpt>
    <trkpt lat="-43.503705" lon="146.445268"><ele>817.3</ele></trkpt>
    <trkpt lat="-43.503733" lon="146.445318"><ele>817.4</ele></trkpt>
    <trkpt lat="-43.503910" lon="146.445635"><ele>817.7</ele></trkpt>
    <trkpt lat="-43.503933" lon="146.445703"><ele>817.7</ele></trkpt>
    <trkpt lat="-43.504048" lon="146.446068"><ele>818.1</ele></trkpt>
    <trkpt lat="-43.504072" lon="146.446123"><ele>818.3</ele></trkpt>
    <trkpt lat="-43.504213" lon="146.446508"><ele>819.7</ele></trkpt>
    <trkpt lat="-43.504407" lon="146.446870"><ele>821.9</ele></trkpt>
    <trkpt lat="-43.504510" lon="146.447218"><ele>824.1</ele></trkpt>
    <trkpt lat="-43.504648" lon="146.447583"><ele>826.7</ele></trkpt>
    <trkpt lat="-43.504763" lon="146.447957"><ele>829.3</ele></trkpt>
    <trkpt lat="-43.504860" lon="146.448357"><ele>831.6</ele></trkpt>
    <trkpt lat="-43.504905" lon="146.448785"><ele>833.6</ele></trkpt>
    <trkpt lat="-43.504958" lon="146.449262"><ele>835.1</ele></trkpt>
    <trkpt lat="-43.505053" lon="146.449627"><ele>835.8</ele></trkpt>
    <trkpt lat="-43.505080" lon="146.449705"><ele>835.9</ele></trkpt>
    <trkpt lat="-43.505132" lon="146.449858"><ele>835.9</ele></trkpt>
    <trkpt lat="-43.505197" lon="146.450277"><ele>835.5</ele></trkpt>
    <trkpt lat="-43.505227" lon="146.450700"><ele>834.4</ele></trkpt>
    <trkpt lat="-43.505223" lon="146.450763"><ele>834.1</ele></trkpt>
    <trkpt lat="-43.505273" lon="146.451063"><ele>832.8</ele></trkpt>
    <trkpt lat="-43.505283" lon="146.451138"><ele>832.4</ele></trkpt>
    <trkpt lat="-43.505287" lon="146.451217"><ele>832.0</ele></trkpt>
    <trkpt lat="-43.505297" lon="146.451283"><ele>831.7</ele></trkpt>
    <trkpt lat="-43.505307" lon="146.451353"><ele>831.3</ele></trkpt>
    <trkpt lat="-43.505308" lon="146.451432"><ele>831.0</ele></trkpt>
    <trkpt lat="-43.505312" lon="146.451508"><ele>830.6</ele></trkpt>
    <trkpt lat="-43.505313" lon="146.451580"><ele>830.3</ele></trkpt>
    <trkpt lat="-43.505315" lon="146.451653"><ele>830.0</ele></trkpt>
    <trkpt lat="-43.505317" lon="146.451722"><ele>829.9</ele></trkpt>
    <trkpt lat="-43.505328" lon="146.451787"><ele>829.7</ele></trkpt>
    <trkpt lat="-43.505342" lon="146.451853"><ele>829.5</ele></trkpt>
    <trkpt lat="-43.505357" lon="146.451925"><ele>829.3</ele></trkpt>
    <trkpt lat="-43.505365" lon="146.451995"><ele>829.2</ele></trkpt>
    <trkpt lat="-43.505362" lon="146.452065"><ele>829.4</ele></trkpt>
    <trkpt lat="-43.505381" lon="146.452218"><ele>829.7</ele></trkpt>
    <trkpt lat="-43.505395" lon="146.452377"><ele>830.3</ele></trkpt>
    <trkpt lat="-43.505441" lon="146.452920"><ele>835.8</ele></trkpt>
    <trkpt lat="-43.505417" lon="146.453355"><ele>842.9</ele></trkpt>
    <trkpt lat="-43.505480" lon="146.453762"><ele>850.9</ele></trkpt>
    <trkpt lat="-43.505468" lon="146.454122"><ele>858.0</ele></trkpt>
    <trkpt lat="-43.505452" lon="146.454502"><ele>865.6</ele></trkpt>
    <trkpt lat="-43.505373" lon="146.454893"><ele>874.3</ele></trkpt>
    <trkpt lat="-43.505320" lon="146.455268"><ele>882.7</ele></trkpt>
    <trkpt lat="-43.505310" lon="146.455655"><ele>890.7</ele></trkpt>
    <trkpt lat="-43.505238" lon="146.456132"><ele>899.6</ele></trkpt>
    <trkpt lat="-43.505208" lon="146.456287"><ele>902.1</ele></trkpt>
    <trkpt lat="-43.505130" lon="146.456695"><ele>907.4</ele></trkpt>
    <trkpt lat="-43.504942" lon="146.457018"><ele>910.9</ele></trkpt>
    <trkpt lat="-43.504732" lon="146.457302"><ele>912.8</ele></trkpt>
    <trkpt lat="-43.504583" lon="146.457452"><ele>913.3</ele></trkpt>
    <trkpt lat="-43.504560" lon="146.457507"><ele>913.4</ele></trkpt>
    <trkpt lat="-43.504548" lon="146.457567"><ele>913.4</ele></trkpt>
    <trkpt lat="-43.504527" lon="146.457627"><ele>913.4</ele></trkpt>
    <trkpt lat="-43.504428" lon="146.457947"><ele>913.0</ele></trkpt>
    <trkpt lat="-43.504228" lon="146.458268"><ele>911.7</ele></trkpt>
    <trkpt lat="-43.504025" lon="146.458583"><ele>910.0</ele></trkpt>
    <trkpt lat="-43.503728" lon="146.458772"><ele>908.4</ele></trkpt>
    <trkpt lat="-43.503683" lon="146.458805"><ele>908.2</ele></trkpt>
    <trkpt lat="-43.503650" lon="146.458862"><ele>907.9</ele></trkpt>
    <trkpt lat="-43.503622" lon="146.458920"><ele>907.6</ele></trkpt>
    <trkpt lat="-43.503592" lon="146.458985"><ele>907.3</ele></trkpt>
    <trkpt lat="-43.503563" lon="146.459052"><ele>907.0</ele></trkpt>
    <trkpt lat="-43.503538" lon="146.459120"><ele>906.7</ele></trkpt>
    <trkpt lat="-43.503513" lon="146.459195"><ele>906.3</ele></trkpt>
    <trkpt lat="-43.503490" lon="146.459258"><ele>906.0</ele></trkpt>
    <trkpt lat="-43.503473" lon="146.459330"><ele>905.6</ele></trkpt>
    <trkpt lat="-43.503458" lon="146.459402"><ele>905.3</ele></trkpt>
    <trkpt lat="-43.503445" lon="146.459473"><ele>904.9</ele></trkpt>
    <trkpt lat="-43.503443" lon="146.459548"><ele>904.4</ele></trkpt>
    <trkpt lat="-43.503465" lon="146.459615"><ele>904.0</ele></trkpt>
    <trkpt lat="-43.503492" lon="146.459687"><ele>903.4</ele></trkpt>
    <trkpt lat="-43.503513" lon="146.459745"><ele>903.0</ele></trkpt>
    <trkpt lat="-43.503508" lon="146.459830"><ele>902.4</ele></trkpt>
    <trkpt lat="-43.503497" lon="146.459907"><ele>901.9</ele></trkpt>
    <trkpt lat="-43.503507" lon="146.459980"><ele>901.3</ele></trkpt>
    <trkpt lat="-43.503518" lon="146.460053"><ele>900.8</ele></trkpt>
    <trkpt lat="-43.503527" lon="146.460135"><ele>900.2</ele></trkpt>
    <trkpt lat="-43.503527" lon="146.460202"><ele>899.7</ele></trkpt>
    <trkpt lat="-43.503537" lon="146.460278"><ele>899.1</ele></trkpt>
    <trkpt lat="-43.503547" lon="146.460362"><ele>898.4</ele></trkpt>
    <trkpt lat="-43.503572" lon="146.460418"><ele>897.9</ele></trkpt>
    <trkpt lat="-43.503597" lon="146.460487"><ele>897.3</ele></trkpt>
    <trkpt lat="-43.503615" lon="146.460558"><ele>896.8</ele></trkpt>
    <trkpt lat="-43.503630" lon="146.460635"><ele>896.1</ele></trkpt>
    <trkpt lat="-43.503640" lon="146.460708"><ele>895.5</ele></trkpt>
    <trkpt lat="-43.503657" lon="146.460778"><ele>894.9</ele></trkpt>
    <trkpt lat="-43.503680" lon="146.460850"><ele>894.3</ele></trkpt>
    <trkpt lat="-43.503705" lon="146.460913"><ele>893.7</ele></trkpt>
    <trkpt lat="-43.503732" lon="146.460977"><ele>893.0</ele></trkpt>
    <trkpt lat="-43.503758" lon="146.461043"><ele>892.3</ele></trkpt>
    <trkpt lat="-43.503790" lon="146.461112"><ele>891.6</ele></trkpt>
    <trkpt lat="-43.503828" lon="146.461172"><ele>890.9</ele></trkpt>
    <trkpt lat="-43.503860" lon="146.461217"><ele>890.3</ele></trkpt>
    <trkpt lat="-43.503897" lon="146.461280"><ele>889.6</ele></trkpt>
    <trkpt lat="-43.503933" lon="146.461332"><ele>888.9</ele></trkpt>
    <trkpt lat="-43.503970" lon="146.461383"><ele>888.2</ele></trkpt>
    <trkpt lat="-43.504013" lon="146.461427"><ele>887.6</ele></trkpt>
    <trkpt lat="-43.504053" lon="146.461463"><ele>887.0</ele></trkpt>
    <trkpt lat="-43.504098" lon="146.461500"><ele>886.2</ele></trkpt>
    <trkpt lat="-43.504137" lon="146.461538"><ele>885.5</ele></trkpt>
    <trkpt lat="-43.504172" lon="146.461598"><ele>884.6</ele></trkpt>
    <trkpt lat="-43.504195" lon="146.461657"><ele>883.9</ele></trkpt>
    <trkpt lat="-43.504390" lon="146.461927"><ele>879.3</ele></trkpt>
    <trkpt lat="-43.504432" lon="146.462000"><ele>878.1</ele></trkpt>
    <trkpt lat="-43.504580" lon="146.462167"><ele>874.7</ele></trkpt>
    <trkpt lat="-43.504787" lon="146.462472"><ele>869.5</ele></trkpt>
    <trkpt lat="-43.504810" lon="146.462527"><ele>868.7</ele></trkpt>
    <trkpt lat="-43.504837" lon="146.462580"><ele>868.0</ele></trkpt>
    <trkpt lat="-43.504878" lon="146.462615"><ele>867.2</ele></trkpt>
    <trkpt lat="-43.505100" lon="146.462872"><ele>863.2</ele></trkpt>
    <trkpt lat="-43.505381" lon="146.463313"><ele>859.2</ele></trkpt>
    <trkpt lat="-43.505434" lon="146.463475"><ele>858.6</ele></trkpt>
    <trkpt lat="-43.505550" lon="146.463636"><ele>857.8</ele></trkpt>
    <trkpt lat="-43.505621" lon="146.463795"><ele>857.3</ele></trkpt>
    <trkpt lat="-43.505702" lon="146.463912"><ele>857.0</ele></trkpt>
    <trkpt lat="-43.505765" lon="146.463978"><ele>856.9</ele></trkpt>
    <trkpt lat="-43.505803" lon="146.464033"><ele>856.8</ele></trkpt>
    <trkpt lat="-43.505838" lon="146.464092"><ele>856.7</ele></trkpt>
    <trkpt lat="-43.505872" lon="146.464157"><ele>856.6</ele></trkpt>
    <trkpt lat="-43.505898" lon="146.464222"><ele>856.6</ele></trkpt>
    <trkpt lat="-43.505928" lon="146.464290"><ele>856.5</ele></trkpt>
    <trkpt lat="-43.505958" lon="146.464355"><ele>856.4</ele></trkpt>
    <trkpt lat="-43.505987" lon="146.464425"><ele>856.3</ele></trkpt>
    <trkpt lat="-43.506005" lon="146.464497"><ele>856.2</ele></trkpt>
    <trkpt lat="-43.506020" lon="146.464568"><ele>856.0</ele></trkpt>
    <trkpt lat="-43.506033" lon="146.464642"><ele>855.8</ele></trkpt>
    <trkpt lat="-43.506047" lon="146.464718"><ele>855.6</ele></trkpt>
    <trkpt lat="-43.506055" lon="146.464788"><ele>855.4</ele></trkpt>
    <trkpt lat="-43.506070" lon="146.464855"><ele>855.3</ele></trkpt>
    <trkpt lat="-43.506083" lon="146.464922"><ele>855.0</ele></trkpt>
    <trkpt lat="-43.506100" lon="146.464990"><ele>854.7</ele></trkpt>
    <trkpt lat="-43.506118" lon="146.465060"><ele>854.4</ele></trkpt>
    <trkpt lat="-43.506132" lon="146.465125"><ele>854.1</ele></trkpt>
    <trkpt lat="-43.506132" lon="146.465255"><ele>853.4</ele></trkpt>
    <trkpt lat="-43.506150" lon="146.465312"><ele>852.9</ele></trkpt>
    <trkpt lat="-43.506173" lon="146.465365"><ele>852.4</ele></trkpt>
    <trkpt lat="-43.506193" lon="146.465432"><ele>851.8</ele></trkpt>
    <trkpt lat="-43.506217" lon="146.465497"><ele>851.3</ele></trkpt>
    <trkpt lat="-43.506230" lon="146.465568"><ele>850.6</ele></trkpt>
    <trkpt lat="-43.506248" lon="146.465642"><ele>849.6</ele></trkpt>
    <trkpt lat="-43.506265" lon="146.465708"><ele>848.7</ele></trkpt>
    <trkpt lat="-43.506342" lon="146.465852"><ele>846.4</ele></trkpt>
    <trkpt lat="-43.506542" lon="146.466088"><ele>840.2</ele></trkpt>
    <trkpt lat="-43.506777" lon="146.466297"><ele>833.0</ele></trkpt>
    <trkpt lat="-43.506895" lon="146.466385"><ele>829.7</ele></trkpt>
    <trkpt lat="-43.507038" lon="146.466705"><ele>824.0</ele></trkpt>
    <trkpt lat="-43.507024" lon="146.466913"><ele>821.6</ele></trkpt>
    <trkpt lat="-43.507013" lon="146.467041"><ele>820.7</ele></trkpt>
    <trkpt lat="-43.507043" lon="146.467112"><ele>820.1</ele></trkpt>
    <trkpt lat="-43.507100" lon="146.467146"><ele>819.5</ele></trkpt>
    <trkpt lat="-43.507153" lon="146.467222"><ele>818.9</ele></trkpt>
    <trkpt lat="-43.507227" lon="146.467473"><ele>818.1</ele></trkpt>
    <trkpt lat="-43.507367" lon="146.467600"><ele>817.7</ele></trkpt>
    <trkpt lat="-43.507433" lon="146.467598"><ele>817.6</ele></trkpt>
    <trkpt lat="-43.507492" lon="146.467603"><ele>817.5</ele></trkpt>
    <trkpt lat="-43.507540" lon="146.467608"><ele>817.5</ele></trkpt>
    <trkpt lat="-43.507585" lon="146.467613"><ele>817.4</ele></trkpt>
    <trkpt lat="-43.507630" lon="146.467620"><ele>817.4</ele></trkpt>
    <trkpt lat="-43.507687" lon="146.467622"><ele>817.3</ele></trkpt>
    <trkpt lat="-43.507737" lon="146.467615"><ele>817.3</ele></trkpt>
    <trkpt lat="-43.507785" lon="146.467603"><ele>817.2</ele></trkpt>
    <trkpt lat="-43.507835" lon="146.467590"><ele>817.1</ele></trkpt>
    <trkpt lat="-43.507882" lon="146.467568"><ele>816.9</ele></trkpt>
    <trkpt lat="-43.507928" lon="146.467550"><ele>816.7</ele></trkpt>
    <trkpt lat="-43.507975" lon="146.467523"><ele>816.5</ele></trkpt>
    <trkpt lat="-43.508023" lon="146.467500"><ele>816.3</ele></trkpt>
    <trkpt lat="-43.508067" lon="146.467477"><ele>816.1</ele></trkpt>
    <trkpt lat="-43.508120" lon="146.467447"><ele>815.9</ele></trkpt>
    <trkpt lat="-43.508170" lon="146.467413"><ele>815.6</ele></trkpt>
    <trkpt lat="-43.508223" lon="146.467385"><ele>815.4</ele></trkpt>
    <trkpt lat="-43.508270" lon="146.467343"><ele>815.1</ele></trkpt>
    <trkpt lat="-43.508320" lon="146.467325"><ele>814.9</ele></trkpt>
    <trkpt lat="-43.508368" lon="146.467295"><ele>814.6</ele></trkpt>
    <trkpt lat="-43.508403" lon="146.467248"><ele>814.4</ele></trkpt>
    <trkpt lat="-43.508440" lon="146.467205"><ele>814.2</ele></trkpt>
    <trkpt lat="-43.508528" lon="146.467113"><ele>813.6</ele></trkpt>
    <trkpt lat="-43.508572" lon="146.467060"><ele>813.1</ele></trkpt>
    <trkpt lat="-43.508612" lon="146.467013"><ele>812.6</ele></trkpt>
    <trkpt lat="-43.508648" lon="146.466967"><ele>812.2</ele></trkpt>
    <trkpt lat="-43.508667" lon="146.466898"><ele>811.8</ele></trkpt>
    <trkpt lat="-43.508744" lon="146.466771"><ele>810.3</ele></trkpt>
    <trkpt lat="-43.508804" lon="146.466717"><ele>809.2</ele></trkpt>
    <trkpt lat="-43.508907" lon="146.466685"><ele>807.7</ele></trkpt>
    <trkpt lat="-43.509108" lon="146.466662"><ele>803.4</ele></trkpt>
    <trkpt lat="-43.509457" lon="146.466688"><ele>794.3</ele></trkpt>
    <trkpt lat="-43.509747" lon="146.466722"><ele>784.9</ele></trkpt>
    <trkpt lat="-43.510018" lon="146.466643"><ele>775.6</ele></trkpt>
    <trkpt lat="-43.510307" lon="146.466602"><ele>765.8</ele></trkpt>
    <trkpt lat="-43.510598" lon="146.466580"><ele>755.6</ele></trkpt>
    <trkpt lat="-43.510877" lon="146.466643"><ele>745.6</ele></trkpt>
    <trkpt lat="-43.511140" lon="146.466723"><ele>736.0</ele></trkpt>
    <trkpt lat="-43.511372" lon="146.466860"><ele>727.1</ele></trkpt>
    <trkpt lat="-43.511648" lon="146.466867"><ele>717.8</ele></trkpt>
    <trkpt lat="-43.511957" lon="146.466872"><ele>707.8</ele></trkpt>
    <trkpt lat="-43.512215" lon="146.466965"><ele>699.2</ele></trkpt>
    <trkpt lat="-43.512470" lon="146.467103"><ele>690.1</ele></trkpt>
    <trkpt lat="-43.512753" lon="146.467163"><ele>679.8</ele></trkpt>
    <trkpt lat="-43.512967" lon="146.467327"><ele>670.4</ele></trkpt>
    <trkpt lat="-43.513220" lon="146.467360"><ele>660.1</ele></trkpt>
    <trkpt lat="-43.513503" lon="146.467382"><ele>648.2</ele></trkpt>
    <trkpt lat="-43.513767" lon="146.467417"><ele>636.8</ele></trkpt>
    <trkpt lat="-43.514028" lon="146.467525"><ele>624.7</ele></trkpt>
    <trkpt lat="-43.514157" lon="146.467813"><ele>613.9</ele></trkpt>
    <trkpt lat="-43.514385" lon="146.467988"><ele>602.7</ele></trkpt>
    <trkpt lat="-43.514578" lon="146.468223"><ele>591.9</ele></trkpt>
    <trkpt lat="-43.514688" lon="146.468565"><ele>580.6</ele></trkpt>
    <trkpt lat="-43.514907" lon="146.468615"><ele>571.6</ele></trkpt>
    <trkpt lat="-43.515135" lon="146.468813"><ele>561.0</ele></trkpt>
    <trkpt lat="-43.515466" lon="146.469029"><ele>545.8</ele></trkpt>
    <trkpt lat="-43.515722" lon="146.469255"><ele>532.5</ele></trkpt>
    <trkpt lat="-43.515933" lon="146.469372"><ele>522.5</ele></trkpt>
    <trkpt lat="-43.516148" lon="146.469603"><ele>510.5</ele></trkpt>
    <trkpt lat="-43.516405" lon="146.469713"><ele>499.2</ele></trkpt>
    <trkpt lat="-43.516642" lon="146.469815"><ele>489.5</ele></trkpt>
    <trkpt lat="-43.516940" lon="146.469688"><ele>478.4</ele></trkpt>
    <trkpt lat="-43.517140" lon="146.469832"><ele>471.2</ele></trkpt>
    <trkpt lat="-43.517335" lon="146.470065"><ele>463.7</ele></trkpt>
    <trkpt lat="-43.517542" lon="146.470310"><ele>456.7</ele></trkpt>
    <trkpt lat="-43.517825" lon="146.470402"><ele>449.8</ele></trkpt>
    <trkpt lat="-43.518073" lon="146.470530"><ele>443.6</ele></trkpt>
    <trkpt lat="-43.518265" lon="146.470500"><ele>439.1</ele></trkpt>
    <trkpt lat="-43.518442" lon="146.470473"><ele>434.5</ele></trkpt>
    <trkpt lat="-43.518703" lon="146.470470"><ele>427.3</ele></trkpt>
    <trkpt lat="-43.518968" lon="146.470402"><ele>419.5</ele></trkpt>
    <trkpt lat="-43.519232" lon="146.470542"><ele>411.7</ele></trkpt>
    <trkpt lat="-43.519503" lon="146.470690"><ele>404.2</ele></trkpt>
    <trkpt lat="-43.519763" lon="146.470767"><ele>397.7</ele></trkpt>
    <trkpt lat="-43.520032" lon="146.470645"><ele>391.3</ele></trkpt>
    <trkpt lat="-43.520282" lon="146.470720"><ele>385.7</ele></trkpt>
    <trkpt lat="-43.520528" lon="146.470798"><ele>380.8</ele></trkpt>
    <trkpt lat="-43.520765" lon="146.471002"><ele>376.5</ele></trkpt>
    <trkpt lat="-43.521030" lon="146.471120"><ele>373.3</ele></trkpt>
    <trkpt lat="-43.521285" lon="146.471392"><ele>369.9</ele></trkpt>
    <trkpt lat="-43.521530" lon="146.471660"><ele>366.6</ele></trkpt>
    <trkpt lat="-43.521772" lon="146.471712"><ele>363.6</ele></trkpt>
    <trkpt lat="-43.522047" lon="146.471835"><ele>357.5</ele></trkpt>
    <trkpt lat="-43.522285" lon="146.472075"><ele>349.8</ele></trkpt>
    <trkpt lat="-43.522499" lon="146.472155"><ele>343.5</ele></trkpt>
    <trkpt lat="-43.522783" lon="146.472068"><ele>334.3</ele></trkpt>
    <trkpt lat="-43.523089" lon="146.472100"><ele>323.1</ele></trkpt>
    <trkpt lat="-43.523500" lon="146.472362"><ele>307.1</ele></trkpt>
    <trkpt lat="-43.523758" lon="146.472565"><ele>296.8</ele></trkpt>
    <trkpt lat="-43.523973" lon="146.472800"><ele>287.3</ele></trkpt>
    <trkpt lat="-43.524188" lon="146.473032"><ele>277.8</ele></trkpt>
    <trkpt lat="-43.524433" lon="146.473065"><ele>269.4</ele></trkpt>
    <trkpt lat="-43.524677" lon="146.472995"><ele>260.4</ele></trkpt>
    <trkpt lat="-43.524970" lon="146.472975"><ele>250.0</ele></trkpt>
    <trkpt lat="-43.525183" lon="146.473110"><ele>241.9</ele></trkpt>
    <trkpt lat="-43.525242" lon="146.473137"><ele>239.8</ele></trkpt>
    <trkpt lat="-43.525415" lon="146.473207"><ele>234.1</ele></trkpt>
    <trkpt lat="-43.525713" lon="146.473102"><ele>224.7</ele></trkpt>
    <trkpt lat="-43.525993" lon="146.473192"><ele>216.9</ele></trkpt>
    <trkpt lat="-43.526293" lon="146.473521"><ele>206.4</ele></trkpt>
    <trkpt lat="-43.526452" lon="146.473575"><ele>201.8</ele></trkpt>
    <trkpt lat="-43.526655" lon="146.473732"><ele>196.2</ele></trkpt>
    <trkpt lat="-43.526720" lon="146.473718"><ele>194.7</ele></trkpt>
    <trkpt lat="-43.526853" lon="146.473820"><ele>192.0</ele></trkpt>
    <trkpt lat="-43.526885" lon="146.473915"><ele>190.6</ele></trkpt>
    <trkpt lat="-43.526928" lon="146.473943"><ele>189.8</ele></trkpt>
    <trkpt lat="-43.526970" lon="146.473992"><ele>188.9</ele></trkpt>
    <trkpt lat="-43.527087" lon="146.474205"><ele>185.6</ele></trkpt>
    <trkpt lat="-43.527342" lon="146.474278"><ele>182.3</ele></trkpt>
    <trkpt lat="-43.527387" lon="146.474277"><ele>181.8</ele></trkpt>
    <trkpt lat="-43.527658" lon="146.474235"><ele>179.0</ele></trkpt>
    <trkpt lat="-43.527937" lon="146.474165"><ele>174.4</ele></trkpt>
    <trkpt lat="-43.528223" lon="146.474203"><ele>168.5</ele></trkpt>
    <trkpt lat="-43.528393" lon="146.474323"><ele>164.3</ele></trkpt>
    <trkpt lat="-43.528622" lon="146.474475"><ele>158.4</ele></trkpt>
    <trkpt lat="-43.528665" lon="146.474495"><ele>157.3</ele></trkpt>
    <trkpt lat="-43.528832" lon="146.474788"><ele>151.5</ele></trkpt>
    <trkpt lat="-43.529005" lon="146.474922"><ele>147.9</ele></trkpt>
    <trkpt lat="-43.529287" lon="146.475130"><ele>142.2</ele></trkpt>
    <trkpt lat="-43.529378" lon="146.475365"><ele>138.7</ele></trkpt>
    <trkpt lat="-43.529460" lon="146.475472"><ele>136.6</ele></trkpt>
    <trkpt lat="-43.529552" lon="146.475857"><ele>130.8</ele></trkpt>
    <trkpt lat="-43.529503" lon="146.476055"><ele>127.7</ele></trkpt>
    <trkpt lat="-43.529385" lon="146.476487"><ele>121.8</ele></trkpt>
    <trkpt lat="-43.529550" lon="146.476760"><ele>117.1</ele></trkpt>
    <trkpt lat="-43.529729" lon="146.477043"><ele>114.1</ele></trkpt>
    <trkpt lat="-43.530072" lon="146.477217"><ele>113.5</ele></trkpt>
    <trkpt lat="-43.530343" lon="146.477460"><ele>114.6</ele></trkpt>
    <trkpt lat="-43.530512" lon="146.477760"><ele>115.8</ele></trkpt>
    <trkpt lat="-43.530727" lon="146.478042"><ele>117.6</ele></trkpt>
    <trkpt lat="-43.530992" lon="146.478248"><ele>119.6</ele></trkpt>
    <trkpt lat="-43.531262" lon="146.478415"><ele>121.9</ele></trkpt>
    <trkpt lat="-43.531533" lon="146.478545"><ele>123.9</ele></trkpt>
    <trkpt lat="-43.531843" lon="146.478728"><ele>125.2</ele></trkpt>
    <trkpt lat="-43.532125" lon="146.478872"><ele>126.1</ele></trkpt>
    <trkpt lat="-43.532250" lon="146.479237"><ele>126.1</ele></trkpt>
    <trkpt lat="-43.532295" lon="146.479575"><ele>125.6</ele></trkpt>
    <trkpt lat="-43.532380" lon="146.479637"><ele>125.6</ele></trkpt>
    <trkpt lat="-43.532423" lon="146.479612"><ele>125.6</ele></trkpt>
    <trkpt lat="-43.532473" lon="146.479598"><ele>125.7</ele></trkpt>
    <trkpt lat="-43.532705" lon="146.479465"><ele>126.2</ele></trkpt>
    <trkpt lat="-43.532985" lon="146.479575"><ele>126.6</ele></trkpt>
    <trkpt lat="-43.533270" lon="146.479633"><ele>126.1</ele></trkpt>
    <trkpt lat="-43.533470" lon="146.479705"><ele>125.5</ele></trkpt>
    <trkpt lat="-43.533587" lon="146.479708"><ele>124.9</ele></trkpt>
    <trkpt lat="-43.533808" lon="146.479847"><ele>123.3</ele></trkpt>
    <trkpt lat="-43.534027" lon="146.480118"><ele>121.7</ele></trkpt>
    <trkpt lat="-43.534152" lon="146.480505"><ele>121.2</ele></trkpt>
    <trkpt lat="-43.534308" lon="146.480820"><ele>121.0</ele></trkpt>
    <trkpt lat="-43.534375" lon="146.480868"><ele>120.9</ele></trkpt>
    <trkpt lat="-43.534645" lon="146.480863"><ele>120.2</ele></trkpt>
    <trkpt lat="-43.534702" lon="146.480850"><ele>120.0</ele></trkpt>
    <trkpt lat="-43.534965" lon="146.480910"><ele>119.1</ele></trkpt>
    <trkpt lat="-43.535137" lon="146.481048"><ele>117.4</ele></trkpt>
    <trkpt lat="-43.535313" lon="146.481313"><ele>113.9</ele></trkpt>
    <trkpt lat="-43.535470" lon="146.481660"><ele>109.9</ele></trkpt>
    <trkpt lat="-43.535640" lon="146.482058"><ele>105.6</ele></trkpt>
    <trkpt lat="-43.535758" lon="146.482393"><ele>101.5</ele></trkpt>
    <trkpt lat="-43.535932" lon="146.482712"><ele>97.6</ele></trkpt>
    <trkpt lat="-43.536043" lon="146.483100"><ele>93.6</ele></trkpt>
    <trkpt lat="-43.536092" lon="146.483482"><ele>89.5</ele></trkpt>
    <trkpt lat="-43.536345" lon="146.483752"><ele>84.8</ele></trkpt>
    <trkpt lat="-43.536548" lon="146.483972"><ele>80.5</ele></trkpt>
    <trkpt lat="-43.536712" lon="146.484307"><ele>74.4</ele></trkpt>
    <trkpt lat="-43.536792" lon="146.484598"><ele>69.8</ele></trkpt>
    <trkpt lat="-43.536785" lon="146.485033"><ele>65.0</ele></trkpt>
    <trkpt lat="-43.536903" lon="146.485368"><ele>62.6</ele></trkpt>
    <trkpt lat="-43.536932" lon="146.485768"><ele>61.5</ele></trkpt>
    <trkpt lat="-43.536965" lon="146.486170"><ele>61.6</ele></trkpt>
    <trkpt lat="-43.537053" lon="146.486547"><ele>61.3</ele></trkpt>
    <trkpt lat="-43.537087" lon="146.486597"><ele>61.2</ele></trkpt>
    <trkpt lat="-43.537343" lon="146.486690"><ele>58.7</ele></trkpt>
    <trkpt lat="-43.537628" lon="146.486807"><ele>53.2</ele></trkpt>
    <trkpt lat="-43.537685" lon="146.486790"><ele>52.2</ele></trkpt>
    <trkpt lat="-43.537742" lon="146.486780"><ele>51.2</ele></trkpt>
    <trkpt lat="-43.537797" lon="146.486770"><ele>50.3</ele></trkpt>
    <trkpt lat="-43.537843" lon="146.486763"><ele>49.6</ele></trkpt>
    <trkpt lat="-43.537888" lon="146.486757"><ele>48.9</ele></trkpt>
    <trkpt lat="-43.538115" lon="146.486903"><ele>45.8</ele></trkpt>
    <trkpt lat="-43.538307" lon="146.487120"><ele>43.0</ele></trkpt>
    <trkpt lat="-43.538330" lon="146.487520"><ele>40.1</ele></trkpt>
    <trkpt lat="-43.538307" lon="146.487593"><ele>39.6</ele></trkpt>
    <trkpt lat="-43.538343" lon="146.487958"><ele>38.9</ele></trkpt>
    <trkpt lat="-43.538330" lon="146.488022"><ele>38.8</ele></trkpt>
    <trkpt lat="-43.538452" lon="146.488355"><ele>37.7</ele></trkpt>
    <trkpt lat="-43.538460" lon="146.488425"><ele>37.4</ele></trkpt>
    <trkpt lat="-43.538622" lon="146.488730"><ele>35.8</ele></trkpt>
    <trkpt lat="-43.538758" lon="146.489123"><ele>34.0</ele></trkpt>
    <trkpt lat="-43.538697" lon="146.489528"><ele>32.0</ele></trkpt>
    <trkpt lat="-43.538490" lon="146.489828"><ele>29.4</ele></trkpt>
    <trkpt lat="-43.538455" lon="146.489875"><ele>28.9</ele></trkpt>
    <trkpt lat="-43.538220" lon="146.489978"><ele>27.7</ele></trkpt>
    <trkpt lat="-43.538013" lon="146.490115"><ele>26.4</ele></trkpt>
    <trkpt lat="-43.537777" lon="146.490397"><ele>25.5</ele></trkpt>
    <trkpt lat="-43.537730" lon="146.490423"><ele>25.4</ele></trkpt>
    <trkpt lat="-43.537667" lon="146.490792"><ele>25.4</ele></trkpt>
    <trkpt lat="-43.537582" lon="146.491180"><ele>26.3</ele></trkpt>
    <trkpt lat="-43.537317" lon="146.491248"><ele>26.6</ele></trkpt>
    <trkpt lat="-43.537018" lon="146.491205"><ele>27.7</ele></trkpt>
    <trkpt lat="-43.536807" lon="146.491265"><ele>29.0</ele></trkpt>
    <trkpt lat="-43.536651" lon="146.491509"><ele>30.5</ele></trkpt>
    <trkpt lat="-43.536553" lon="146.491766"><ele>31.4</ele></trkpt>
    <trkpt lat="-43.536402" lon="146.491660"><ele>31.8</ele></trkpt>
    <trkpt lat="-43.536123" lon="146.491788"><ele>31.8</ele></trkpt>
    <trkpt lat="-43.535833" lon="146.491848"><ele>31.3</ele></trkpt>
    <trkpt lat="-43.535550" lon="146.491972"><ele>30.4</ele></trkpt>
    <trkpt lat="-43.535342" lon="146.492243"><ele>28.9</ele></trkpt>
    <trkpt lat="-43.535153" lon="146.492585"><ele>27.5</ele></trkpt>
    <trkpt lat="-43.535190" lon="146.492985"><ele>26.1</ele></trkpt>
    <trkpt lat="-43.535255" lon="146.493327"><ele>23.9</ele></trkpt>
    <trkpt lat="-43.535232" lon="146.493393"><ele>23.3</ele></trkpt>
    <trkpt lat="-43.535192" lon="146.493807"><ele>19.7</ele></trkpt>
    <trkpt lat="-43.534978" lon="146.494093"><ele>16.4</ele></trkpt>
    <trkpt lat="-43.534772" lon="146.494385"><ele>13.5</ele></trkpt>
    <trkpt lat="-43.534518" lon="146.494358"><ele>11.4</ele></trkpt>
    <trkpt lat="-43.534338" lon="146.494475"><ele>10.4</ele></trkpt>
    <trkpt lat="-43.534318" lon="146.494787"><ele>10.9</ele></trkpt>
    <trkpt lat="-43.534398" lon="146.494972"><ele>11.7</ele></trkpt>
    <trkpt lat="-43.534607" lon="146.495280"><ele>13.0</ele></trkpt>
    <trkpt lat="-43.534807" lon="146.495527"><ele>14.5</ele></trkpt>
    <trkpt lat="-43.534957" lon="146.495888"><ele>15.9</ele></trkpt>
    <trkpt lat="-43.534822" lon="146.496182"><ele>16.1</ele></trkpt>
    <trkpt lat="-43.534597" lon="146.496487"><ele>15.4</ele></trkpt>
    <trkpt lat="-43.534422" lon="146.496532"><ele>15.2</ele></trkpt>
    <trkpt lat="-43.534185" lon="146.496260"><ele>14.8</ele></trkpt>
    <trkpt lat="-43.534133" lon="146.496228"><ele>14.7</ele></trkpt>
    <trkpt lat="-43.533928" lon="146.496458"><ele>14.4</ele></trkpt>
    <trkpt lat="-43.533753" lon="146.496820"><ele>13.9</ele></trkpt>
    <trkpt lat="-43.533557" lon="146.497128"><ele>14.4</ele></trkpt>
    <trkpt lat="-43.533367" lon="146.497437"><ele>14.5</ele></trkpt>
    <trkpt lat="-43.533128" lon="146.497561"><ele>15.1</ele></trkpt>
    <trkpt lat="-43.532952" lon="146.497437"><ele>16.4</ele></trkpt>
    <trkpt lat="-43.532910" lon="146.497028"><ele>19.9</ele></trkpt>
    <trkpt lat="-43.532697" lon="146.496970"><ele>22.3</ele></trkpt>
    <trkpt lat="-43.532395" lon="146.497057"><ele>25.3</ele></trkpt>
    <trkpt lat="-43.532162" lon="146.496940"><ele>26.7</ele></trkpt>
    <trkpt lat="-43.531855" lon="146.496935"><ele>26.6</ele></trkpt>
    <trkpt lat="-43.531570" lon="146.496968"><ele>23.6</ele></trkpt>
    <trkpt lat="-43.531283" lon="146.496842"><ele>19.8</ele></trkpt>
    <trkpt lat="-43.530898" lon="146.496740"><ele>15.8</ele></trkpt>
    <trkpt lat="-43.530722" lon="146.496692"><ele>13.9</ele></trkpt>
    <trkpt lat="-43.530613" lon="146.496662"><ele>12.7</ele></trkpt>
    <trkpt lat="-43.530475" lon="146.496690"><ele>11.7</ele></trkpt>
    <trkpt lat="-43.530374" lon="146.496761"><ele>11.1</ele></trkpt>
    <trkpt lat="-43.530293" lon="146.496858"><ele>10.7</ele></trkpt>
    <trkpt lat="-43.530121" lon="146.497019"><ele>9.9</ele></trkpt>
    <trkpt lat="-43.530042" lon="146.497056"><ele>9.3</ele></trkpt>
    <trkpt lat="-43.529964" lon="146.497163"><ele>8.2</ele></trkpt>
    <trkpt lat="-43.529851" lon="146.497355"><ele>7.2</ele></trkpt>
    <trkpt lat="-43.529781" lon="146.497539"><ele>7.7</ele></trkpt>
    <trkpt lat="-43.529748" lon="146.497745"><ele>9.0</ele></trkpt>
    <trkpt lat="-43.529753" lon="146.497998"><ele>11.2</ele></trkpt>
    <trkpt lat="-43.529714" lon="146.498069"><ele>11.9</ele></trkpt>
    <trkpt lat="-43.529570" lon="146.498285"><ele>14.0</ele></trkpt>
    <trkpt lat="-43.529313" lon="146.498490"><ele>15.6</ele></trkpt>
    <trkpt lat="-43.529007" lon="146.498530"><ele>18.0</ele></trkpt>
    <trkpt lat="-43.528762" lon="146.498645"><ele>18.2</ele></trkpt>
    <trkpt lat="-43.528473" lon="146.498723"><ele>17.3</ele></trkpt>
    <trkpt lat="-43.528222" lon="146.498795"><ele>17.5</ele></trkpt>
    <trkpt lat="-43.527970" lon="146.499023"><ele>19.1</ele></trkpt>
    <trkpt lat="-43.527733" lon="146.499275"><ele>20.5</ele></trkpt>
    <trkpt lat="-43.527502" lon="146.499467"><ele>21.7</ele></trkpt>
    <trkpt lat="-43.527223" lon="146.499643"><ele>22.7</ele></trkpt>
    <trkpt lat="-43.527150" lon="146.499700"><ele>22.9</ele></trkpt>
    <trkpt lat="-43.526933" lon="146.500000"><ele>23.7</ele></trkpt>
    <trkpt lat="-43.526698" lon="146.500273"><ele>24.6</ele></trkpt>
    <trkpt lat="-43.526472" lon="146.500553"><ele>25.3</ele></trkpt>
    <trkpt lat="-43.526262" lon="146.500858"><ele>25.9</ele></trkpt>
    <trkpt lat="-43.526027" lon="146.501108"><ele>26.2</ele></trkpt>
    <trkpt lat="-43.525983" lon="146.501153"><ele>26.2</ele></trkpt>
    <trkpt lat="-43.525768" lon="146.501400"><ele>25.7</ele></trkpt>
    <trkpt lat="-43.525725" lon="146.501428"><ele>25.6</ele></trkpt>
    <trkpt lat="-43.525687" lon="146.501462"><ele>25.6</ele></trkpt>
    <trkpt lat="-43.525560" lon="146.501620"><ele>25.5</ele></trkpt>
    <trkpt lat="-43.525527" lon="146.501662"><ele>25.4</ele></trkpt>
    <trkpt lat="-43.525515" lon="146.501728"><ele>25.5</ele></trkpt>
    <trkpt lat="-43.525480" lon="146.501790"><ele>25.5</ele></trkpt>
    <trkpt lat="-43.525328" lon="146.502103"><ele>26.0</ele></trkpt>
    <trkpt lat="-43.525045" lon="146.502265"><ele>27.8</ele></trkpt>
    <trkpt lat="-43.525003" lon="146.502288"><ele>28.2</ele></trkpt>
    <trkpt lat="-43.524717" lon="146.502482"><ele>31.7</ele></trkpt>
    <trkpt lat="-43.524485" lon="146.502715"><ele>34.4</ele></trkpt>
    <trkpt lat="-43.524296" lon="146.502798"><ele>36.1</ele></trkpt>
    <trkpt lat="-43.524226" lon="146.502903"><ele>37.0</ele></trkpt>
    <trkpt lat="-43.524282" lon="146.502987"><ele>37.6</ele></trkpt>
    <trkpt lat="-43.524343" lon="146.503133"><ele>38.6</ele></trkpt>
    <trkpt lat="-43.524273" lon="146.503290"><ele>39.2</ele></trkpt>
    <trkpt lat="-43.524217" lon="146.503420"><ele>39.4</ele></trkpt>
    <trkpt lat="-43.524270" lon="146.503735"><ele>39.5</ele></trkpt>
    <trkpt lat="-43.524203" lon="146.504053"><ele>39.4</ele></trkpt>
    <trkpt lat="-43.524020" lon="146.504330"><ele>39.1</ele></trkpt>
    <trkpt lat="-43.523780" lon="146.504315"><ele>38.7</ele></trkpt>
    <trkpt lat="-43.523677" lon="146.504622"><ele>38.2</ele></trkpt>
    <trkpt lat="-43.523557" lon="146.505025"><ele>37.6</ele></trkpt>
    <trkpt lat="-43.523535" lon="146.505403"><ele>36.5</ele></trkpt>
    <trkpt lat="-43.523518" lon="146.505677"><ele>35.2</ele></trkpt>
    <trkpt lat="-43.523498" lon="146.506035"><ele>33.2</ele></trkpt>
    <trkpt lat="-43.523403" lon="146.506415"><ele>30.4</ele></trkpt>
    <trkpt lat="-43.523426" lon="146.506588"><ele>29.2</ele></trkpt>
    <trkpt lat="-43.523461" lon="146.506793"><ele>28.0</ele></trkpt>
    <trkpt lat="-43.523525" lon="146.507306"><ele>26.2</ele></trkpt>
    <trkpt lat="-43.523635" lon="146.507723"><ele>22.7</ele></trkpt>
    <trkpt lat="-43.523797" lon="146.508027"><ele>18.3</ele></trkpt>
    <trkpt lat="-43.523942" lon="146.508273"><ele>14.2</ele></trkpt>
    <trkpt lat="-43.523946" lon="146.508282"><ele>14.1</ele></trkpt>
    <trkpt lat="-43.523995" lon="146.508574"><ele>10.0</ele></trkpt>
    <trkpt lat="-43.523935" lon="146.508974"><ele>4.8</ele></trkpt>
    <trkpt lat="-43.523832" lon="146.509558"><ele>1.6</ele></trkpt>
    <trkpt lat="-43.523745" lon="146.510174"><ele>0.9</ele></trkpt>
    <trkpt lat="-43.523681" lon="146.510895"><ele>0.3</ele></trkpt>
    <trkpt lat="-43.523589" lon="146.511747"><ele>0.9</ele></trkpt>
    <trkpt lat="-43.523611" lon="146.512441"><ele>2.2</ele></trkpt>
    <trkpt lat="-43.523645" lon="146.513678"><ele>3.5</ele></trkpt>
    <trkpt lat="-43.523753" lon="146.514456"><ele>2.4</ele></trkpt>
    <trkpt lat="-43.523984" lon="146.515051"><ele>1.0</ele></trkpt>
    <trkpt lat="-43.524232" lon="146.515581"><ele>0.0</ele></trkpt>
    <trkpt lat="-43.524523" lon="146.516000"><ele>0.6</ele></trkpt>
    <trkpt lat="-43.524886" lon="146.516405"><ele>1.5</ele></trkpt>
    <trkpt lat="-43.525116" lon="146.516633"><ele>1.8</ele></trkpt>
    <trkpt lat="-43.525236" lon="146.516966"><ele>1.9</ele></trkpt>
    <trkpt lat="-43.525252" lon="146.517287"><ele>1.5</ele></trkpt>
    <trkpt lat="-43.525191" lon="146.517595"><ele>1.2</ele></trkpt>
    <trkpt lat="-43.525068" lon="146.517831"><ele>1.1</ele></trkpt>
    <trkpt lat="-43.524782" lon="146.518270"><ele>2.3</ele></trkpt>
    <trkpt lat="-43.524779" lon="146.518280"><ele>2.4</ele></trkpt>
    <trkpt lat="-43.524680" lon="146.518550"><ele>3.7</ele></trkpt>
    <trkpt lat="-43.524887" lon="146.518798"><ele>5.8</ele></trkpt>
    <trkpt lat="-43.525125" lon="146.519030"><ele>8.2</ele></trkpt>
    <trkpt lat="-43.525373" lon="146.519232"><ele>11.2</ele></trkpt>
    <trkpt lat="-43.525425" lon="146.519240"><ele>11.8</ele></trkpt>
    <trkpt lat="-43.525473" lon="146.519250"><ele>12.3</ele></trkpt>
    <trkpt lat="-43.525640" lon="146.519563"><ele>15.2</ele></trkpt>
    <trkpt lat="-43.525797" lon="146.519887"><ele>17.9</ele></trkpt>
    <trkpt lat="-43.525843" lon="146.519913"><ele>18.5</ele></trkpt>
    <trkpt lat="-43.526033" lon="146.520160"><ele>21.3</ele></trkpt>
    <trkpt lat="-43.526347" lon="146.520262"><ele>23.0</ele></trkpt>
    <trkpt lat="-43.526658" lon="146.520365"><ele>24.9</ele></trkpt>
    <trkpt lat="-43.526707" lon="146.520332"><ele>25.2</ele></trkpt>
    <trkpt lat="-43.526795" lon="146.520323"><ele>25.8</ele></trkpt>
    <trkpt lat="-43.526848" lon="146.520343"><ele>26.2</ele></trkpt>
    <trkpt lat="-43.526893" lon="146.520388"><ele>26.6</ele></trkpt>
    <trkpt lat="-43.527155" lon="146.520580"><ele>29.4</ele></trkpt>
    <trkpt lat="-43.527310" lon="146.520898"><ele>33.0</ele></trkpt>
    <trkpt lat="-43.527371" lon="146.520991"><ele>34.2</ele></trkpt>
    <trkpt lat="-43.527467" lon="146.521052"><ele>35.6</ele></trkpt>
    <trkpt lat="-43.527557" lon="146.521106"><ele>36.9</ele></trkpt>
    <trkpt lat="-43.527701" lon="146.521143"><ele>38.6</ele></trkpt>
    <trkpt lat="-43.527816" lon="146.521181"><ele>39.8</ele></trkpt>
    <trkpt lat="-43.527929" lon="146.521176"><ele>40.8</ele></trkpt>
    <trkpt lat="-43.528032" lon="146.521090"><ele>41.6</ele></trkpt>
    <trkpt lat="-43.528091" lon="146.521005"><ele>42.2</ele></trkpt>
    <trkpt lat="-43.528168" lon="146.520842"><ele>42.6</ele></trkpt>
    <trkpt lat="-43.528265" lon="146.520810"><ele>42.7</ele></trkpt>
    <trkpt lat="-43.528562" lon="146.520783"><ele>42.7</ele></trkpt>
    <trkpt lat="-43.528623" lon="146.520780"><ele>42.7</ele></trkpt>
    <trkpt lat="-43.528877" lon="146.520537"><ele>41.9</ele></trkpt>
    <trkpt lat="-43.528923" lon="146.520537"><ele>41.7</ele></trkpt>
    <trkpt lat="-43.529172" lon="146.520425"><ele>40.5</ele></trkpt>
    <trkpt lat="-43.529222" lon="146.520413"><ele>40.2</ele></trkpt>
    <trkpt lat="-43.529318" lon="146.520377"><ele>39.6</ele></trkpt>
    <trkpt lat="-43.529378" lon="146.520353"><ele>39.1</ele></trkpt>
    <trkpt lat="-43.529483" lon="146.520232"><ele>37.9</ele></trkpt>
    <trkpt lat="-43.529613" lon="146.520140"><ele>36.4</ele></trkpt>
    <trkpt lat="-43.529766" lon="146.520195"><ele>34.2</ele></trkpt>
    <trkpt lat="-43.529878" lon="146.520315"><ele>32.7</ele></trkpt>
    <trkpt lat="-43.529861" lon="146.520573"><ele>31.0</ele></trkpt>
    <trkpt lat="-43.529805" lon="146.520752"><ele>30.8</ele></trkpt>
    <trkpt lat="-43.529612" lon="146.521022"><ele>30.6</ele></trkpt>
    <trkpt lat="-43.529447" lon="146.521114"><ele>30.8</ele></trkpt>
    <trkpt lat="-43.529413" lon="146.521170"><ele>31.0</ele></trkpt>
    <trkpt lat="-43.529427" lon="146.521577"><ele>32.9</ele></trkpt>
    <trkpt lat="-43.529550" lon="146.521915"><ele>35.0</ele></trkpt>
    <trkpt lat="-43.529543" lon="146.522340"><ele>36.4</ele></trkpt>
    <trkpt lat="-43.529575" lon="146.522738"><ele>37.1</ele></trkpt>
    <trkpt lat="-43.529512" lon="146.523147"><ele>37.8</ele></trkpt>
    <trkpt lat="-43.529632" lon="146.523523"><ele>36.9</ele></trkpt>
    <trkpt lat="-43.529693" lon="146.523942"><ele>34.8</ele></trkpt>
    <trkpt lat="-43.529678" lon="146.524198"><ele>32.7</ele></trkpt>
    <trkpt lat="-43.529558" lon="146.524612"><ele>29.9</ele></trkpt>
    <trkpt lat="-43.529512" lon="146.524963"><ele>28.8</ele></trkpt>
    <trkpt lat="-43.529518" lon="146.525372"><ele>29.9</ele></trkpt>
    <trkpt lat="-43.529627" lon="146.525747"><ele>33.0</ele></trkpt>
    <trkpt lat="-43.529728" lon="146.526122"><ele>37.2</ele></trkpt>
    <trkpt lat="-43.529916" lon="146.526432"><ele>43.0</ele></trkpt>
    <trkpt lat="-43.529915" lon="146.526765"><ele>48.1</ele></trkpt>
    <trkpt lat="-43.529762" lon="146.527043"><ele>52.9</ele></trkpt>
    <trkpt lat="-43.529667" lon="146.527430"><ele>58.6</ele></trkpt>
    <trkpt lat="-43.529653" lon="146.527635"><ele>61.7</ele></trkpt>
    <trkpt lat="-43.529660" lon="146.527698"><ele>62.7</ele></trkpt>
    <trkpt lat="-43.529670" lon="146.528077"><ele>67.0</ele></trkpt>
    <trkpt lat="-43.529753" lon="146.528457"><ele>70.3</ele></trkpt>
    <trkpt lat="-43.529957" lon="146.528770"><ele>73.0</ele></trkpt>
    <trkpt lat="-43.530075" lon="146.529162"><ele>73.6</ele></trkpt>
    <trkpt lat="-43.530130" lon="146.529555"><ele>71.3</ele></trkpt>
    <trkpt lat="-43.530183" lon="146.529977"><ele>66.3</ele></trkpt>
    <trkpt lat="-43.530370" lon="146.530270"><ele>60.7</ele></trkpt>
    <trkpt lat="-43.530393" lon="146.530642"><ele>56.7</ele></trkpt>
    <trkpt lat="-43.530487" lon="146.531037"><ele>54.8</ele></trkpt>
    <trkpt lat="-43.530423" lon="146.531403"><ele>56.5</ele></trkpt>
    <trkpt lat="-43.530242" lon="146.531723"><ele>61.3</ele></trkpt>
    <trkpt lat="-43.529987" lon="146.531930"><ele>67.9</ele></trkpt>
    <trkpt lat="-43.529735" lon="146.532130"><ele>73.6</ele></trkpt>
    <trkpt lat="-43.529487" lon="146.532340"><ele>76.8</ele></trkpt>
    <trkpt lat="-43.529292" lon="146.532637"><ele>77.6</ele></trkpt>
    <trkpt lat="-43.529095" lon="146.533017"><ele>77.3</ele></trkpt>
    <trkpt lat="-43.528900" lon="146.533185"><ele>77.3</ele></trkpt>
    <trkpt lat="-43.528850" lon="146.533278"><ele>77.6</ele></trkpt>
    <trkpt lat="-43.528597" lon="146.533382"><ele>78.7</ele></trkpt>
    <trkpt lat="-43.528548" lon="146.533373"><ele>79.0</ele></trkpt>
    <trkpt lat="-43.528335" lon="146.533600"><ele>80.3</ele></trkpt>
    <trkpt lat="-43.528080" lon="146.533792"><ele>80.8</ele></trkpt>
    <trkpt lat="-43.528032" lon="146.533802"><ele>80.9</ele></trkpt>
    <trkpt lat="-43.527823" lon="146.534010"><ele>79.1</ele></trkpt>
    <trkpt lat="-43.527525" lon="146.534007"><ele>76.5</ele></trkpt>
    <trkpt lat="-43.527475" lon="146.533977"><ele>76.3</ele></trkpt>
    <trkpt lat="-43.527215" lon="146.534053"><ele>76.1</ele></trkpt>
    <trkpt lat="-43.527027" lon="146.534345"><ele>78.0</ele></trkpt>
    <trkpt lat="-43.526763" lon="146.534446"><ele>81.5</ele></trkpt>
    <trkpt lat="-43.526497" lon="146.534640"><ele>86.5</ele></trkpt>
    <trkpt lat="-43.526388" lon="146.534943"><ele>90.0</ele></trkpt>
    <trkpt lat="-43.526132" lon="146.535070"><ele>92.7</ele></trkpt>
    <trkpt lat="-43.525857" lon="146.535212"><ele>94.3</ele></trkpt>
    <trkpt lat="-43.525565" lon="146.535280"><ele>95.0</ele></trkpt>
    <trkpt lat="-43.525308" lon="146.535513"><ele>94.3</ele></trkpt>
    <trkpt lat="-43.525132" lon="146.535826"><ele>92.6</ele></trkpt>
    <trkpt lat="-43.524832" lon="146.536335"><ele>87.6</ele></trkpt>
    <trkpt lat="-43.524697" lon="146.536663"><ele>83.6</ele></trkpt>
    <trkpt lat="-43.524488" lon="146.536973"><ele>79.2</ele></trkpt>
    <trkpt lat="-43.524333" lon="146.537257"><ele>75.4</ele></trkpt>
    <trkpt lat="-43.524267" lon="146.537300"><ele>74.4</ele></trkpt>
    <trkpt lat="-43.524047" lon="146.537527"><ele>69.8</ele></trkpt>
    <trkpt lat="-43.524030" lon="146.537593"><ele>68.9</ele></trkpt>
    <trkpt lat="-43.523908" lon="146.537791"><ele>65.9</ele></trkpt>
    <trkpt lat="-43.523909" lon="146.537907"><ele>64.5</ele></trkpt>
    <trkpt lat="-43.523977" lon="146.538140"><ele>61.3</ele></trkpt>
    <trkpt lat="-43.523917" lon="146.538548"><ele>55.2</ele></trkpt>
    <trkpt lat="-43.523890" lon="146.538968"><ele>48.9</ele></trkpt>
    <trkpt lat="-43.523983" lon="146.539357"><ele>43.6</ele></trkpt>
    <trkpt lat="-43.523921" lon="146.539634"><ele>40.1</ele></trkpt>
    <trkpt lat="-43.523894" lon="146.539948"><ele>35.7</ele></trkpt>
    <trkpt lat="-43.523898" lon="146.540245"><ele>31.2</ele></trkpt>
    <trkpt lat="-43.523885" lon="146.540423"><ele>28.5</ele></trkpt>
    <trkpt lat="-43.523847" lon="146.540567"><ele>26.2</ele></trkpt>
    <trkpt lat="-43.523795" lon="146.540720"><ele>23.8</ele></trkpt>
    <trkpt lat="-43.523607" lon="146.540858"><ele>20.2</ele></trkpt>
    <trkpt lat="-43.523441" lon="146.541320"><ele>13.7</ele></trkpt>
    <trkpt lat="-43.523199" lon="146.542012"><ele>7.0</ele></trkpt>
    <trkpt lat="-43.523179" lon="146.542338"><ele>4.9</ele></trkpt>
    <trkpt lat="-43.525129" lon="146.547254"><ele>0.0</ele></trkpt>
    <trkpt lat="-43.526030" lon="146.550067"><ele>0.0</ele></trkpt>
    <trkpt lat="-43.527126" lon="146.553392"><ele>0.0</ele></trkpt>
    <trkpt lat="-43.528114" lon="146.556511"><ele>0.0</ele></trkpt>
    <trkpt lat="-43.529058" lon="146.559463"><ele>0.0</ele></trkpt>
    <trkpt lat="-43.529764" lon="146.561992"><ele>0.3</ele></trkpt>
    <trkpt lat="-43.530650" lon="146.564658"><ele>0.0</ele></trkpt>
    <trkpt lat="-43.531281" lon="146.566567"><ele>0.1</ele></trkpt>
    <trkpt lat="-43.532826" lon="146.570876"><ele>0.1</ele></trkpt>
    <trkpt lat="-43.533819" lon="146.573522"><ele>0.8</ele></trkpt>
    <trkpt lat="-43.534827" lon="146.576345"><ele>0.8</ele></trkpt>
    <trkpt lat="-43.535992" lon="146.578970"><ele>1.1</ele></trkpt>
    <trkpt lat="-43.537324" lon="146.582147"><ele>2.7</ele></trkpt>
    <trkpt lat="-43.538488" lon="146.584585"><ele>0.3</ele></trkpt>
    <trkpt lat="-43.538958" lon="146.585716"><ele>0.0</ele></trkpt>
    <trkpt lat="-43.539170" lon="146.586630"><ele>0.5</ele></trkpt>
    <trkpt lat="-43.539099" lon="146.586972"><ele>1.1</ele></trkpt>
    <trkpt lat="-43.538942" lon="146.587203"><ele>1.7</ele></trkpt>
    <trkpt lat="-43.538800" lon="146.587286"><ele>2.0</ele></trkpt>
    <trkpt lat="-43.538657" lon="146.587336"><ele>2.2</ele></trkpt>
    <trkpt lat="-43.538484" lon="146.587198"><ele>2.0</ele></trkpt>
    <trkpt lat="-43.538365" lon="146.587130"><ele>1.9</ele></trkpt>
    <trkpt lat="-43.538305" lon="146.587036"><ele>1.9</ele></trkpt>
    <trkpt lat="-43.538252" lon="146.586999"><ele>1.9</ele></trkpt>
    <trkpt lat="-43.538195" lon="146.587023"><ele>1.8</ele></trkpt>
    <trkpt lat="-43.538078" lon="146.587121"><ele>1.5</ele></trkpt>
    <trkpt lat="-43.538030" lon="146.587161"><ele>1.4</ele></trkpt>
    <trkpt lat="-43.536328" lon="146.589287"><ele>2.5</ele></trkpt>
    <trkpt lat="-43.536178" lon="146.589602"><ele>4.1</ele></trkpt>
    <trkpt lat="-43.536172" lon="146.589765"><ele>4.7</ele></trkpt>
    <trkpt lat="-43.536303" lon="146.590160"><ele>6.9</ele></trkpt>
    <trkpt lat="-43.536435" lon="146.590528"><ele>8.4</ele></trkpt>
    <trkpt lat="-43.536592" lon="146.590888"><ele>8.9</ele></trkpt>
    <trkpt lat="-43.536732" lon="146.591240"><ele>9.1</ele></trkpt>
    <trkpt lat="-43.536937" lon="146.591557"><ele>9.9</ele></trkpt>
    <trkpt lat="-43.537090" lon="146.591908"><ele>10.9</ele></trkpt>
    <trkpt lat="-43.536967" lon="146.592233"><ele>12.0</ele></trkpt>
    <trkpt lat="-43.537020" lon="146.592622"><ele>13.3</ele></trkpt>
    <trkpt lat="-43.537021" lon="146.592669"><ele>13.5</ele></trkpt>
    <trkpt lat="-43.537049" lon="146.592838"><ele>14.1</ele></trkpt>
    <trkpt lat="-43.537132" lon="146.593023"><ele>14.5</ele></trkpt>
    <trkpt lat="-43.537194" lon="146.593137"><ele>14.7</ele></trkpt>
    <trkpt lat="-43.537251" lon="146.593201"><ele>14.8</ele></trkpt>
    <trkpt lat="-43.537297" lon="146.593248"><ele>14.8</ele></trkpt>
    <trkpt lat="-43.537307" lon="146.593268"><ele>14.8</ele></trkpt>
    <trkpt lat="-43.537436" lon="146.593438"><ele>14.9</ele></trkpt>
    <trkpt lat="-43.537586" lon="146.593562"><ele>15.0</ele></trkpt>
    <trkpt lat="-43.537634" lon="146.593678"><ele>15.1</ele></trkpt>
    <trkpt lat="-43.537685" lon="146.593829"><ele>15.3</ele></trkpt>
    <trkpt lat="-43.537691" lon="146.593839"><ele>15.4</ele></trkpt>
    <trkpt lat="-43.537741" lon="146.593987"><ele>15.6</ele></trkpt>
    <trkpt lat="-43.537827" lon="146.594136"><ele>16.0</ele></trkpt>
    <trkpt lat="-43.537874" lon="146.594167"><ele>16.1</ele></trkpt>
    <trkpt lat="-43.537951" lon="146.594303"><ele>16.7</ele></trkpt>
    <trkpt lat="-43.538029" lon="146.594449"><ele>17.3</ele></trkpt>
    <trkpt lat="-43.538123" lon="146.594599"><ele>18.3</ele></trkpt>
    <trkpt lat="-43.538215" lon="146.594694"><ele>19.1</ele></trkpt>
    <trkpt lat="-43.538254" lon="146.594800"><ele>19.7</ele></trkpt>
    <trkpt lat="-43.538311" lon="146.594932"><ele>20.7</ele></trkpt>
    <trkpt lat="-43.538325" lon="146.594966"><ele>20.9</ele></trkpt>
    <trkpt lat="-43.538425" lon="146.595137"><ele>22.2</ele></trkpt>
    <trkpt lat="-43.538508" lon="146.595260"><ele>23.1</ele></trkpt>
    <trkpt lat="-43.538623" lon="146.595380"><ele>24.0</ele></trkpt>
    <trkpt lat="-43.538775" lon="146.595559"><ele>25.1</ele></trkpt>
    <trkpt lat="-43.538794" lon="146.595594"><ele>25.3</ele></trkpt>
    <trkpt lat="-43.538844" lon="146.595642"><ele>25.6</ele></trkpt>
    <trkpt lat="-43.538933" lon="146.595727"><ele>26.1</ele></trkpt>
    <trkpt lat="-43.539101" lon="146.595886"><ele>26.8</ele></trkpt>
    <trkpt lat="-43.539152" lon="146.595954"><ele>27.0</ele></trkpt>
    <trkpt lat="-43.539227" lon="146.596013"><ele>27.2</ele></trkpt>
    <trkpt lat="-43.539302" lon="146.596082"><ele>27.4</ele></trkpt>
    <trkpt lat="-43.539342" lon="146.596115"><ele>27.5</ele></trkpt>
    <trkpt lat="-43.539406" lon="146.596221"><ele>27.7</ele></trkpt>
    <trkpt lat="-43.539423" lon="146.596234"><ele>27.7</ele></trkpt>
    <trkpt lat="-43.539544" lon="146.596435"><ele>28.4</ele></trkpt>
    <trkpt lat="-43.539557" lon="146.596451"><ele>28.5</ele></trkpt>
    <trkpt lat="-43.539696" lon="146.596587"><ele>29.4</ele></trkpt>
    <trkpt lat="-43.539806" lon="146.596719"><ele>30.4</ele></trkpt>
    <trkpt lat="-43.539817" lon="146.596793"><ele>30.8</ele></trkpt>
    <trkpt lat="-43.539804" lon="146.596826"><ele>31.1</ele></trkpt>
    <trkpt lat="-43.539814" lon="146.596860"><ele>31.3</ele></trkpt>
    <trkpt lat="-43.539875" lon="146.596932"><ele>32.1</ele></trkpt>
    <trkpt lat="-43.539901" lon="146.597048"><ele>33.0</ele></trkpt>
    <trkpt lat="-43.539911" lon="146.597064"><ele>33.1</ele></trkpt>
    <trkpt lat="-43.539955" lon="146.597077"><ele>33.7</ele></trkpt>
    <trkpt lat="-43.540034" lon="146.597064"><ele>34.6</ele></trkpt>
    <trkpt lat="-43.540099" lon="146.597188"><ele>35.8</ele></trkpt>
    <trkpt lat="-43.540206" lon="146.597257"><ele>37.2</ele></trkpt>
    <trkpt lat="-43.540225" lon="146.597267"><ele>37.5</ele></trkpt>
    <trkpt lat="-43.540265" lon="146.597361"><ele>38.4</ele></trkpt>
    <trkpt lat="-43.540270" lon="146.597421"><ele>38.9</ele></trkpt>
    <trkpt lat="-43.540296" lon="146.597578"><ele>39.9</ele></trkpt>
    <trkpt lat="-43.540369" lon="146.597740"><ele>40.8</ele></trkpt>
    <trkpt lat="-43.540466" lon="146.597911"><ele>41.3</ele></trkpt>
    <trkpt lat="-43.540544" lon="146.598054"><ele>41.4</ele></trkpt>
    <trkpt lat="-43.540529" lon="146.598259"><ele>41.2</ele></trkpt>
    <trkpt lat="-43.540561" lon="146.598376"><ele>41.0</ele></trkpt>
    <trkpt lat="-43.540631" lon="146.598416"><ele>40.8</ele></trkpt>
    <trkpt lat="-43.540678" lon="146.598515"><ele>40.5</ele></trkpt>
    <trkpt lat="-43.540761" lon="146.598542"><ele>40.3</ele></trkpt>
    <trkpt lat="-43.540924" lon="146.598575"><ele>39.8</ele></trkpt>
    <trkpt lat="-43.540946" lon="146.598623"><ele>39.7</ele></trkpt>
    <trkpt lat="-43.541048" lon="146.598648"><ele>39.4</ele></trkpt>
    <trkpt lat="-43.541133" lon="146.598745"><ele>39.2</ele></trkpt>
    <trkpt lat="-43.541141" lon="146.598757"><ele>39.2</ele></trkpt>
    <trkpt lat="-43.541203" lon="146.598871"><ele>39.1</ele></trkpt>
    <trkpt lat="-43.541306" lon="146.599011"><ele>39.0</ele></trkpt>
    <trkpt lat="-43.541406" lon="146.599080"><ele>38.9</ele></trkpt>
    <trkpt lat="-43.541572" lon="146.599110"><ele>38.4</ele></trkpt>
    <trkpt lat="-43.541585" lon="146.599112"><ele>38.4</ele></trkpt>
    <trkpt lat="-43.541711" lon="146.599159"><ele>37.6</ele></trkpt>
    <trkpt lat="-43.541826" lon="146.599179"><ele>36.9</ele></trkpt>
    <trkpt lat="-43.541933" lon="146.599213"><ele>36.4</ele></trkpt>
    <trkpt lat="-43.541969" lon="146.599204"><ele>36.2</ele></trkpt>
    <trkpt lat="-43.542029" lon="146.599198"><ele>35.9</ele></trkpt>
    <trkpt lat="-43.542124" lon="146.599200"><ele>35.7</ele></trkpt>
    <trkpt lat="-43.542218" lon="146.599275"><ele>35.6</ele></trkpt>
    <trkpt lat="-43.542282" lon="146.599322"><ele>35.4</ele></trkpt>
    <trkpt lat="-43.542293" lon="146.599328"><ele>35.4</ele></trkpt>
    <trkpt lat="-43.542402" lon="146.599405"><ele>35.7</ele></trkpt>
    <trkpt lat="-43.542454" lon="146.599415"><ele>35.8</ele></trkpt>
    <trkpt lat="-43.542497" lon="146.599452"><ele>36.0</ele></trkpt>
    <trkpt lat="-43.542593" lon="146.599556"><ele>36.5</ele></trkpt>
    <trkpt lat="-43.542681" lon="146.599683"><ele>37.1</ele></trkpt>
    <trkpt lat="-43.542801" lon="146.599859"><ele>38.2</ele></trkpt>
    <trkpt lat="-43.542826" lon="146.600018"><ele>39.1</ele></trkpt>
    <trkpt lat="-43.542793" lon="146.600159"><ele>39.6</ele></trkpt>
    <trkpt lat="-43.542845" lon="146.600309"><ele>40.1</ele></trkpt>
    <trkpt lat="-43.542885" lon="146.600412"><ele>40.4</ele></trkpt>
    <trkpt lat="-43.542930" lon="146.600439"><ele>40.5</ele></trkpt>
    <trkpt lat="-43.542975" lon="146.600453"><ele>40.6</ele></trkpt>
    <trkpt lat="-43.543074" lon="146.600413"><ele>40.9</ele></trkpt>
    <trkpt lat="-43.543112" lon="146.600369"><ele>41.0</ele></trkpt>
    <trkpt lat="-43.543142" lon="146.600330"><ele>41.0</ele></trkpt>
    <trkpt lat="-43.543184" lon="146.600322"><ele>41.0</ele></trkpt>
    <trkpt lat="-43.543391" lon="146.600358"><ele>40.8</ele></trkpt>
    <trkpt lat="-43.543409" lon="146.600355"><ele>40.7</ele></trkpt>
    <trkpt lat="-43.543438" lon="146.600353"><ele>40.7</ele></trkpt>
    <trkpt lat="-43.543468" lon="146.600358"><ele>40.7</ele></trkpt>
    <trkpt lat="-43.543577" lon="146.600505"><ele>40.5</ele></trkpt>
    <trkpt lat="-43.543719" lon="146.600619"><ele>40.3</ele></trkpt>
    <trkpt lat="-43.543774" lon="146.600659"><ele>40.1</ele></trkpt>
    <trkpt lat="-43.543880" lon="146.600769"><ele>39.8</ele></trkpt>
    <trkpt lat="-43.544019" lon="146.600805"><ele>39.4</ele></trkpt>
    <trkpt lat="-43.544181" lon="146.600847"><ele>38.7</ele></trkpt>
    <trkpt lat="-43.544241" lon="146.600876"><ele>38.4</ele></trkpt>
    <trkpt lat="-43.544355" lon="146.601008"><ele>37.6</ele></trkpt>
    <trkpt lat="-43.544439" lon="146.601130"><ele>37.2</ele></trkpt>
    <trkpt lat="-43.544517" lon="146.601288"><ele>36.8</ele></trkpt>
    <trkpt lat="-43.544595" lon="146.601404"><ele>36.8</ele></trkpt>
    <trkpt lat="-43.544662" lon="146.601489"><ele>36.8</ele></trkpt>
    <trkpt lat="-43.544753" lon="146.601654"><ele>37.0</ele></trkpt>
    <trkpt lat="-43.544861" lon="146.601871"><ele>37.2</ele></trkpt>
    <trkpt lat="-43.544930" lon="146.601916"><ele>37.2</ele></trkpt>
    <trkpt lat="-43.544955" lon="146.601936"><ele>37.3</ele></trkpt>
    <trkpt lat="-43.544993" lon="146.602026"><ele>37.3</ele></trkpt>
    <trkpt lat="-43.545042" lon="146.602165"><ele>37.2</ele></trkpt>
    <trkpt lat="-43.545012" lon="146.602315"><ele>36.9</ele></trkpt>
    <trkpt lat="-43.545012" lon="146.602428"><ele>36.7</ele></trkpt>
    <trkpt lat="-43.545094" lon="146.602631"><ele>36.1</ele></trkpt>
    <trkpt lat="-43.545106" lon="146.602733"><ele>35.8</ele></trkpt>
    <trkpt lat="-43.545139" lon="146.602777"><ele>35.6</ele></trkpt>
    <trkpt lat="-43.545178" lon="146.602857"><ele>35.1</ele></trkpt>
    <trkpt lat="-43.545251" lon="146.602916"><ele>34.5</ele></trkpt>
    <trkpt lat="-43.545322" lon="146.602976"><ele>33.9</ele></trkpt>
    <trkpt lat="-43.545415" lon="146.603019"><ele>33.2</ele></trkpt>
    <trkpt lat="-43.545521" lon="146.603076"><ele>32.3</ele></trkpt>
    <trkpt lat="-43.545686" lon="146.603289"><ele>31.0</ele></trkpt>
    <trkpt lat="-43.545698" lon="146.603300"><ele>30.9</ele></trkpt>
    <trkpt lat="-43.545790" lon="146.603403"><ele>30.3</ele></trkpt>
    <trkpt lat="-43.545884" lon="146.603570"><ele>29.9</ele></trkpt>
    <trkpt lat="-43.545975" lon="146.603819"><ele>29.4</ele></trkpt>
    <trkpt lat="-43.546072" lon="146.604102"><ele>28.7</ele></trkpt>
    <trkpt lat="-43.546171" lon="146.604293"><ele>27.9</ele></trkpt>
    <trkpt lat="-43.546239" lon="146.604382"><ele>27.4</ele></trkpt>
    <trkpt lat="-43.546268" lon="146.604524"><ele>26.9</ele></trkpt>
    <trkpt lat="-43.546268" lon="146.604586"><ele>26.7</ele></trkpt>
    <trkpt lat="-43.546290" lon="146.604705"><ele>26.2</ele></trkpt>
    <trkpt lat="-43.546401" lon="146.604837"><ele>25.6</ele></trkpt>
    <trkpt lat="-43.546474" lon="146.604890"><ele>25.3</ele></trkpt>
    <trkpt lat="-43.546546" lon="146.604989"><ele>24.6</ele></trkpt>
    <trkpt lat="-43.546598" lon="146.605225"><ele>23.2</ele></trkpt>
    <trkpt lat="-43.546616" lon="146.605466"><ele>21.9</ele></trkpt>
    <trkpt lat="-43.546580" lon="146.605709"><ele>20.7</ele></trkpt>
    <trkpt lat="-43.546635" lon="146.605914"><ele>20.1</ele></trkpt>
    <trkpt lat="-43.546666" lon="146.606043"><ele>19.6</ele></trkpt>
    <trkpt lat="-43.546645" lon="146.606109"><ele>19.3</ele></trkpt>
    <trkpt lat="-43.546525" lon="146.606208"><ele>18.2</ele></trkpt>
    <trkpt lat="-43.546450" lon="146.606329"><ele>17.3</ele></trkpt>
    <trkpt lat="-43.546333" lon="146.606516"><ele>15.6</ele></trkpt>
    <trkpt lat="-43.546248" lon="146.606690"><ele>15.1</ele></trkpt>
    <trkpt lat="-43.546205" lon="146.606821"><ele>14.9</ele></trkpt>
    <trkpt lat="-43.546206" lon="146.606871"><ele>14.7</ele></trkpt>
    <trkpt lat="-43.546193" lon="146.606955"><ele>14.4</ele></trkpt>
    <trkpt lat="-43.546189" lon="146.607064"><ele>14.1</ele></trkpt>
    <trkpt lat="-43.546181" lon="146.607106"><ele>13.9</ele></trkpt>
    <trkpt lat="-43.546175" lon="146.607148"><ele>13.8</ele></trkpt>
    <trkpt lat="-43.546154" lon="146.607176"><ele>13.7</ele></trkpt>
    <trkpt lat="-43.546127" lon="146.607195"><ele>13.5</ele></trkpt>
    <trkpt lat="-43.546103" lon="146.607211"><ele>13.4</ele></trkpt>
    <trkpt lat="-43.546091" lon="146.607218"><ele>13.3</ele></trkpt>
    <trkpt lat="-43.546075" lon="146.607227"><ele>13.2</ele></trkpt>
    <trkpt lat="-43.545983" lon="146.607394"><ele>12.4</ele></trkpt>
    <trkpt lat="-43.546032" lon="146.607455"><ele>12.1</ele></trkpt>
    <trkpt lat="-43.546143" lon="146.607575"><ele>12.0</ele></trkpt>
    <trkpt lat="-43.546282" lon="146.607691"><ele>12.0</ele></trkpt>
    <trkpt lat="-43.546407" lon="146.607676"><ele>12.1</ele></trkpt>
    <trkpt lat="-43.546527" lon="146.607649"><ele>12.2</ele></trkpt>
    <trkpt lat="-43.546619" lon="146.607547"><ele>12.7</ele></trkpt>
    <trkpt lat="-43.546696" lon="146.607488"><ele>13.0</ele></trkpt>
    <trkpt lat="-43.546730" lon="146.607342"><ele>13.6</ele></trkpt>
    <trkpt lat="-43.546813" lon="146.607178"><ele>14.5</ele></trkpt>
    <trkpt lat="-43.546822" lon="146.607125"><ele>14.8</ele></trkpt>
    <trkpt lat="-43.546848" lon="146.607060"><ele>15.2</ele></trkpt>
    <trkpt lat="-43.546956" lon="146.606995"><ele>16.0</ele></trkpt>
    <trkpt lat="-43.547001" lon="146.606997"><ele>16.3</ele></trkpt>
    <trkpt lat="-43.547054" lon="146.606972"><ele>16.7</ele></trkpt>
    <trkpt lat="-43.547134" lon="146.606927"><ele>17.4</ele></trkpt>
    <trkpt lat="-43.547212" lon="146.606989"><ele>18.2</ele></trkpt>
    <trkpt lat="-43.547229" lon="146.606980"><ele>18.4</ele></trkpt>
    <trkpt lat="-43.547318" lon="146.606976"><ele>19.1</ele></trkpt>
    <trkpt lat="-43.547428" lon="146.606998"><ele>20.1</ele></trkpt>
    <trkpt lat="-43.547540" lon="146.607116"><ele>21.3</ele></trkpt>
    <trkpt lat="-43.547602" lon="146.607147"><ele>21.8</ele></trkpt>
    <trkpt lat="-43.547708" lon="146.607238"><ele>22.4</ele></trkpt>
    <trkpt lat="-43.547802" lon="146.607344"><ele>23.1</ele></trkpt>
    <trkpt lat="-43.547853" lon="146.607344"><ele>23.5</ele></trkpt>
    <trkpt lat="-43.547937" lon="146.607356"><ele>24.0</ele></trkpt>
    <trkpt lat="-43.548065" lon="146.607407"><ele>24.9</ele></trkpt>
    <trkpt lat="-43.548180" lon="146.607498"><ele>25.9</ele></trkpt>
    <trkpt lat="-43.548223" lon="146.607581"><ele>26.5</ele></trkpt>
    <trkpt lat="-43.548268" lon="146.607622"><ele>26.9</ele></trkpt>
    <trkpt lat="-43.548315" lon="146.607708"><ele>27.1</ele></trkpt>
    <trkpt lat="-43.548388" lon="146.607806"><ele>27.5</ele></trkpt>
    <trkpt lat="-43.548427" lon="146.607858"><ele>27.6</ele></trkpt>
    <trkpt lat="-43.548516" lon="146.607966"><ele>28.6</ele></trkpt>
    <trkpt lat="-43.548530" lon="146.608022"><ele>29.0</ele></trkpt>
    <trkpt lat="-43.548589" lon="146.608087"><ele>29.7</ele></trkpt>
    <trkpt lat="-43.548652" lon="146.608078"><ele>30.3</ele></trkpt>
    <trkpt lat="-43.548710" lon="146.608010"><ele>31.2</ele></trkpt>
    <trkpt lat="-43.548797" lon="146.607968"><ele>32.3</ele></trkpt>
    <trkpt lat="-43.548898" lon="146.608020"><ele>33.5</ele></trkpt>
    <trkpt lat="-43.548937" lon="146.608083"><ele>33.8</ele></trkpt>
    <trkpt lat="-43.548985" lon="146.608165"><ele>34.2</ele></trkpt>
    <trkpt lat="-43.548995" lon="146.608181"><ele>34.2</ele></trkpt>
    <trkpt lat="-43.549037" lon="146.608194"><ele>34.5</ele></trkpt>
    <trkpt lat="-43.549056" lon="146.608200"><ele>34.6</ele></trkpt>
    <trkpt lat="-43.549116" lon="146.608316"><ele>35.0</ele></trkpt>
    <trkpt lat="-43.549153" lon="146.608383"><ele>35.1</ele></trkpt>
    <trkpt lat="-43.549212" lon="146.608426"><ele>35.3</ele></trkpt>
    <trkpt lat="-43.549226" lon="146.608426"><ele>35.4</ele></trkpt>
    <trkpt lat="-43.549269" lon="146.608437"><ele>35.5</ele></trkpt>
    <trkpt lat="-43.549314" lon="146.608447"><ele>35.6</ele></trkpt>
    <trkpt lat="-43.549402" lon="146.608455"><ele>35.6</ele></trkpt>
    <trkpt lat="-43.549478" lon="146.608412"><ele>35.7</ele></trkpt>
    <trkpt lat="-43.549508" lon="146.608400"><ele>35.7</ele></trkpt>
    <trkpt lat="-43.549582" lon="146.608370"><ele>35.6</ele></trkpt>
    <trkpt lat="-43.549624" lon="146.608409"><ele>35.5</ele></trkpt>
    <trkpt lat="-43.549740" lon="146.608495"><ele>35.2</ele></trkpt>
    <trkpt lat="-43.549805" lon="146.608502"><ele>35.0</ele></trkpt>
    <trkpt lat="-43.549875" lon="146.608445"><ele>34.2</ele></trkpt>
    <trkpt lat="-43.549880" lon="146.608441"><ele>34.1</ele></trkpt>
    <trkpt lat="-43.549956" lon="146.608393"><ele>33.3</ele></trkpt>
    <trkpt lat="-43.550069" lon="146.608394"><ele>32.2</ele></trkpt>
    <trkpt lat="-43.550165" lon="146.608430"><ele>31.3</ele></trkpt>
    <trkpt lat="-43.550213" lon="146.608475"><ele>30.8</ele></trkpt>
    <trkpt lat="-43.550243" lon="146.608446"><ele>30.5</ele></trkpt>
    <trkpt lat="-43.550301" lon="146.608395"><ele>29.9</ele></trkpt>
    <trkpt lat="-43.550341" lon="146.608326"><ele>29.5</ele></trkpt>
    <trkpt lat="-43.550362" lon="146.608285"><ele>29.3</ele></trkpt>
    <trkpt lat="-43.550414" lon="146.608238"><ele>28.9</ele></trkpt>
    <trkpt lat="-43.550448" lon="146.608217"><ele>28.7</ele></trkpt>
    <trkpt lat="-43.550536" lon="146.608093"><ele>28.3</ele></trkpt>
    <trkpt lat="-43.550562" lon="146.608058"><ele>28.3</ele></trkpt>
    <trkpt lat="-43.550654" lon="146.607987"><ele>28.3</ele></trkpt>
    <trkpt lat="-43.550714" lon="146.607946"><ele>28.3</ele></trkpt>
    <trkpt lat="-43.550735" lon="146.607944"><ele>28.3</ele></trkpt>
    <trkpt lat="-43.550821" lon="146.607919"><ele>28.2</ele></trkpt>
    <trkpt lat="-43.550885" lon="146.607828"><ele>28.1</ele></trkpt>
    <trkpt lat="-43.550947" lon="146.607675"><ele>28.5</ele></trkpt>
    <trkpt lat="-43.550975" lon="146.607628"><ele>28.9</ele></trkpt>
    <trkpt lat="-43.551038" lon="146.607555"><ele>29.5</ele></trkpt>
    <trkpt lat="-43.551179" lon="146.607555"><ele>30.8</ele></trkpt>
    <trkpt lat="-43.551231" lon="146.607540"><ele>31.3</ele></trkpt>
    <trkpt lat="-43.551370" lon="146.607530"><ele>32.8</ele></trkpt>
    <trkpt lat="-43.551397" lon="146.607542"><ele>33.1</ele></trkpt>
    <trkpt lat="-43.551541" lon="146.607628"><ele>34.7</ele></trkpt>
    <trkpt lat="-43.551554" lon="146.607641"><ele>34.9</ele></trkpt>
    <trkpt lat="-43.551715" lon="146.607771"><ele>36.7</ele></trkpt>
    <trkpt lat="-43.551825" lon="146.607887"><ele>37.9</ele></trkpt>
    <trkpt lat="-43.551803" lon="146.608088"><ele>39.1</ele></trkpt>
    <trkpt lat="-43.551801" lon="146.608361"><ele>40.4</ele></trkpt>
    <trkpt lat="-43.551796" lon="146.608737"><ele>41.6</ele></trkpt>
    <trkpt lat="-43.551800" lon="146.608962"><ele>42.4</ele></trkpt>
    <trkpt lat="-43.551780" lon="146.609090"><ele>42.9</ele></trkpt>
    <trkpt lat="-43.551761" lon="146.609301"><ele>43.4</ele></trkpt>
    <trkpt lat="-43.551790" lon="146.609556"><ele>44.0</ele></trkpt>
    <trkpt lat="-43.551741" lon="146.609808"><ele>44.5</ele></trkpt>
    <trkpt lat="-43.551744" lon="146.609826"><ele>44.6</ele></trkpt>
    <trkpt lat="-43.551744" lon="146.610055"><ele>45.1</ele></trkpt>
    <trkpt lat="-43.551757" lon="146.610185"><ele>45.4</ele></trkpt>
    <trkpt lat="-43.551777" lon="146.610361"><ele>45.8</ele></trkpt>
    <trkpt lat="-43.551856" lon="146.610524"><ele>46.2</ele></trkpt>
    <trkpt lat="-43.551923" lon="146.610611"><ele>46.5</ele></trkpt>
    <trkpt lat="-43.551942" lon="146.610753"><ele>46.9</ele></trkpt>
    <trkpt lat="-43.551968" lon="146.610831"><ele>47.2</ele></trkpt>
    <trkpt lat="-43.552052" lon="146.611033"><ele>48.4</ele></trkpt>
    <trkpt lat="-43.552110" lon="146.611274"><ele>49.8</ele></trkpt>
    <trkpt lat="-43.552212" lon="146.611353"><ele>50.7</ele></trkpt>
    <trkpt lat="-43.552311" lon="146.611412"><ele>51.4</ele></trkpt>
    <trkpt lat="-43.552406" lon="146.611417"><ele>51.9</ele></trkpt>
    <trkpt lat="-43.552544" lon="146.611509"><ele>52.6</ele></trkpt>
    <trkpt lat="-43.552686" lon="146.611543"><ele>53.2</ele></trkpt>
    <trkpt lat="-43.552890" lon="146.611634"><ele>54.2</ele></trkpt>
    <trkpt lat="-43.552995" lon="146.611696"><ele>54.9</ele></trkpt>
    <trkpt lat="-43.553070" lon="146.611748"><ele>55.3</ele></trkpt>
    <trkpt lat="-43.553139" lon="146.611778"><ele>55.7</ele></trkpt>
    <trkpt lat="-43.553284" lon="146.611837"><ele>56.6</ele></trkpt>
    <trkpt lat="-43.553335" lon="146.611831"><ele>57.1</ele></trkpt>
    <trkpt lat="-43.553421" lon="146.611798"><ele>58.0</ele></trkpt>
    <trkpt lat="-43.553510" lon="146.611793"><ele>58.9</ele></trkpt>
    <trkpt lat="-43.553730" lon="146.611766"><ele>61.7</ele></trkpt>
    <trkpt lat="-43.553909" lon="146.611710"><ele>64.0</ele></trkpt>
    <trkpt lat="-43.553980" lon="146.611572"><ele>65.5</ele></trkpt>
    <trkpt lat="-43.554078" lon="146.611481"><ele>66.6</ele></trkpt>
    <trkpt lat="-43.554175" lon="146.611442"><ele>67.5</ele></trkpt>
    <trkpt lat="-43.554193" lon="146.611424"><ele>67.6</ele></trkpt>
    <trkpt lat="-43.554319" lon="146.611422"><ele>68.4</ele></trkpt>
    <trkpt lat="-43.554420" lon="146.611478"><ele>68.9</ele></trkpt>
    <trkpt lat="-43.554538" lon="146.611542"><ele>69.2</ele></trkpt>
    <trkpt lat="-43.554736" lon="146.611642"><ele>68.5</ele></trkpt>
    <trkpt lat="-43.554892" lon="146.611798"><ele>67.2</ele></trkpt>
    <trkpt lat="-43.555047" lon="146.611930"><ele>65.9</ele></trkpt>
    <trkpt lat="-43.555188" lon="146.611986"><ele>64.8</ele></trkpt>
    <trkpt lat="-43.555409" lon="146.611949"><ele>62.9</ele></trkpt>
    <trkpt lat="-43.555566" lon="146.612004"><ele>61.5</ele></trkpt>
    <trkpt lat="-43.555667" lon="146.612002"><ele>60.5</ele></trkpt>
    <trkpt lat="-43.555818" lon="146.612046"><ele>59.1</ele></trkpt>
    <trkpt lat="-43.555991" lon="146.612099"><ele>57.6</ele></trkpt>
    <trkpt lat="-43.556145" lon="146.612182"><ele>56.1</ele></trkpt>
    <trkpt lat="-43.556276" lon="146.612262"><ele>54.7</ele></trkpt>
    <trkpt lat="-43.556346" lon="146.612322"><ele>54.0</ele></trkpt>
    <trkpt lat="-43.556385" lon="146.612330"><ele>53.7</ele></trkpt>
    <trkpt lat="-43.556445" lon="146.612368"><ele>53.1</ele></trkpt>
    <trkpt lat="-43.556508" lon="146.612440"><ele>52.4</ele></trkpt>
    <trkpt lat="-43.556555" lon="146.612523"><ele>51.8</ele></trkpt>
    <trkpt lat="-43.556624" lon="146.612641"><ele>51.0</ele></trkpt>
    <trkpt lat="-43.556637" lon="146.612730"><ele>50.5</ele></trkpt>
    <trkpt lat="-43.556599" lon="146.612859"><ele>49.7</ele></trkpt>
    <trkpt lat="-43.556599" lon="146.612886"><ele>49.5</ele></trkpt>
    <trkpt lat="-43.556591" lon="146.612959"><ele>49.1</ele></trkpt>
    <trkpt lat="-43.556589" lon="146.613042"><ele>48.6</ele></trkpt>
    <trkpt lat="-43.556571" lon="146.613200"><ele>47.6</ele></trkpt>
    <trkpt lat="-43.556603" lon="146.613336"><ele>46.6</ele></trkpt>
    <trkpt lat="-43.556638" lon="146.613424"><ele>45.9</ele></trkpt>
    <trkpt lat="-43.556711" lon="146.613568"><ele>44.7</ele></trkpt>
    <trkpt lat="-43.556798" lon="146.613626"><ele>43.8</ele></trkpt>
    <trkpt lat="-43.556829" lon="146.613685"><ele>43.3</ele></trkpt>
    <trkpt lat="-43.556888" lon="146.613824"><ele>42.0</ele></trkpt>
    <trkpt lat="-43.556908" lon="146.613877"><ele>41.6</ele></trkpt>
    <trkpt lat="-43.556934" lon="146.614046"><ele>40.2</ele></trkpt>
    <trkpt lat="-43.556922" lon="146.614161"><ele>39.3</ele></trkpt>
    <trkpt lat="-43.556923" lon="146.614289"><ele>38.3</ele></trkpt>
    <trkpt lat="-43.556964" lon="146.614429"><ele>37.0</ele></trkpt>
    <trkpt lat="-43.557026" lon="146.614580"><ele>36.0</ele></trkpt>
    <trkpt lat="-43.557041" lon="146.614610"><ele>35.8</ele></trkpt>
    <trkpt lat="-43.557037" lon="146.614750"><ele>34.9</ele></trkpt>
    <trkpt lat="-43.557085" lon="146.614847"><ele>34.3</ele></trkpt>
    <trkpt lat="-43.557148" lon="146.614916"><ele>33.7</ele></trkpt>
    <trkpt lat="-43.557329" lon="146.615070"><ele>32.1</ele></trkpt>
    <trkpt lat="-43.557344" lon="146.615097"><ele>31.9</ele></trkpt>
    <trkpt lat="-43.557395" lon="146.615218"><ele>31.2</ele></trkpt>
    <trkpt lat="-43.557430" lon="146.615456"><ele>30.2</ele></trkpt>
    <trkpt lat="-43.557513" lon="146.615697"><ele>29.6</ele></trkpt>
    <trkpt lat="-43.557552" lon="146.615809"><ele>29.6</ele></trkpt>
    <trkpt lat="-43.557577" lon="146.615935"><ele>29.7</ele></trkpt>
    <trkpt lat="-43.557633" lon="146.616159"><ele>29.8</ele></trkpt>
    <trkpt lat="-43.557640" lon="146.616194"><ele>29.9</ele></trkpt>
    <trkpt lat="-43.557651" lon="146.616222"><ele>29.9</ele></trkpt>
    <trkpt lat="-43.557655" lon="146.616226"><ele>29.9</ele></trkpt>
    <trkpt lat="-43.557668" lon="146.616242"><ele>29.9</ele></trkpt>
    <trkpt lat="-43.557685" lon="146.616273"><ele>30.0</ele></trkpt>
    <trkpt lat="-43.557706" lon="146.616343"><ele>30.1</ele></trkpt>
    <trkpt lat="-43.557761" lon="146.616476"><ele>30.7</ele></trkpt>
    <trkpt lat="-43.557770" lon="146.616531"><ele>31.0</ele></trkpt>
    <trkpt lat="-43.557745" lon="146.616679"><ele>31.6</ele></trkpt>
    <trkpt lat="-43.557749" lon="146.616774"><ele>32.3</ele></trkpt>
    <trkpt lat="-43.557749" lon="146.616802"><ele>32.5</ele></trkpt>
    <trkpt lat="-43.557734" lon="146.616868"><ele>33.0</ele></trkpt>
    <trkpt lat="-43.557733" lon="146.616902"><ele>33.2</ele></trkpt>
    <trkpt lat="-43.557742" lon="146.617014"><ele>34.0</ele></trkpt>
    <trkpt lat="-43.557749" lon="146.617058"><ele>34.3</ele></trkpt>
    <trkpt lat="-43.557771" lon="146.617236"><ele>35.8</ele></trkpt>
    <trkpt lat="-43.557795" lon="146.617431"><ele>37.4</ele></trkpt>
    <trkpt lat="-43.557792" lon="146.617456"><ele>37.6</ele></trkpt>
    <trkpt lat="-43.557738" lon="146.617675"><ele>39.5</ele></trkpt>
    <trkpt lat="-43.557701" lon="146.617858"><ele>41.1</ele></trkpt>
    <trkpt lat="-43.557685" lon="146.618039"><ele>42.7</ele></trkpt>
    <trkpt lat="-43.557665" lon="146.618248"><ele>44.5</ele></trkpt>
    <trkpt lat="-43.557640" lon="146.618285"><ele>44.9</ele></trkpt>
    <trkpt lat="-43.557630" lon="146.618377"><ele>45.7</ele></trkpt>
    <trkpt lat="-43.557748" lon="146.618710"><ele>48.6</ele></trkpt>
    <trkpt lat="-43.557773" lon="146.618765"><ele>49.1</ele></trkpt>
    <trkpt lat="-43.557960" lon="146.619068"><ele>52.1</ele></trkpt>
    <trkpt lat="-43.557973" lon="146.619128"><ele>52.5</ele></trkpt>
    <trkpt lat="-43.558160" lon="146.619442"><ele>54.5</ele></trkpt>
    <trkpt lat="-43.558410" lon="146.619680"><ele>55.6</ele></trkpt>
    <trkpt lat="-43.558650" lon="146.619950"><ele>55.6</ele></trkpt>
    <trkpt lat="-43.558713" lon="146.620060"><ele>55.3</ele></trkpt>
    <trkpt lat="-43.558765" lon="146.620088"><ele>55.0</ele></trkpt>
    <trkpt lat="-43.558798" lon="146.620135"><ele>54.6</ele></trkpt>
    <trkpt lat="-43.558822" lon="146.620203"><ele>54.1</ele></trkpt>
    <trkpt lat="-43.558862" lon="146.620578"><ele>50.8</ele></trkpt>
    <trkpt lat="-43.558867" lon="146.620968"><ele>46.0</ele></trkpt>
    <trkpt lat="-43.558920" lon="146.621283"><ele>41.2</ele></trkpt>
    <trkpt lat="-43.558973" lon="146.621590"><ele>36.3</ele></trkpt>
    <trkpt lat="-43.558985" lon="146.621702"><ele>34.6</ele></trkpt>
    <trkpt lat="-43.559052" lon="146.621858"><ele>31.9</ele></trkpt>
    <trkpt lat="-43.559092" lon="146.621912"><ele>31.0</ele></trkpt>
    <trkpt lat="-43.559135" lon="146.621950"><ele>30.2</ele></trkpt>
    <trkpt lat="-43.559265" lon="146.622093"><ele>27.5</ele></trkpt>
    <trkpt lat="-43.559280" lon="146.622155"><ele>26.8</ele></trkpt>
    <trkpt lat="-43.559323" lon="146.622443"><ele>23.7</ele></trkpt>
    <trkpt lat="-43.559227" lon="146.622740"><ele>21.0</ele></trkpt>
    <trkpt lat="-43.559245" lon="146.623143"><ele>18.3</ele></trkpt>
    <trkpt lat="-43.559175" lon="146.623295"><ele>17.2</ele></trkpt>
    <trkpt lat="-43.559120" lon="146.623408"><ele>16.3</ele></trkpt>
    <trkpt lat="-43.559080" lon="146.623828"><ele>13.4</ele></trkpt>
    <trkpt lat="-43.559062" lon="146.624157"><ele>11.6</ele></trkpt>
    <trkpt lat="-43.559075" lon="146.624360"><ele>10.7</ele></trkpt>
    <trkpt lat="-43.559070" lon="146.624428"><ele>10.4</ele></trkpt>
    <trkpt lat="-43.559075" lon="146.624495"><ele>10.1</ele></trkpt>
    <trkpt lat="-43.559065" lon="146.624565"><ele>9.8</ele></trkpt>
    <trkpt lat="-43.559048" lon="146.624710"><ele>9.4</ele></trkpt>
    <trkpt lat="-43.559077" lon="146.624775"><ele>9.2</ele></trkpt>
    <trkpt lat="-43.559083" lon="146.624845"><ele>9.0</ele></trkpt>
    <trkpt lat="-43.559082" lon="146.624910"><ele>8.9</ele></trkpt>
    <trkpt lat="-43.559105" lon="146.624985"><ele>8.8</ele></trkpt>
    <trkpt lat="-43.559155" lon="146.625133"><ele>8.7</ele></trkpt>
    <trkpt lat="-43.559157" lon="146.625202"><ele>8.6</ele></trkpt>
    <trkpt lat="-43.559163" lon="146.625272"><ele>8.6</ele></trkpt>
    <trkpt lat="-43.559175" lon="146.625345"><ele>8.7</ele></trkpt>
    <trkpt lat="-43.559198" lon="146.625413"><ele>8.8</ele></trkpt>
    <trkpt lat="-43.559217" lon="146.625483"><ele>9.0</ele></trkpt>
    <trkpt lat="-43.559228" lon="146.625543"><ele>9.1</ele></trkpt>
    <trkpt lat="-43.559240" lon="146.625618"><ele>9.3</ele></trkpt>
    <trkpt lat="-43.559255" lon="146.625685"><ele>9.4</ele></trkpt>
    <trkpt lat="-43.559263" lon="146.625755"><ele>9.7</ele></trkpt>
    <trkpt lat="-43.559258" lon="146.625828"><ele>9.9</ele></trkpt>
    <trkpt lat="-43.559237" lon="146.625890"><ele>10.1</ele></trkpt>
    <trkpt lat="-43.559222" lon="146.625953"><ele>10.3</ele></trkpt>
    <trkpt lat="-43.559193" lon="146.626080"><ele>10.8</ele></trkpt>
    <trkpt lat="-43.559177" lon="146.626153"><ele>11.1</ele></trkpt>
    <trkpt lat="-43.559177" lon="146.626228"><ele>11.4</ele></trkpt>
    <trkpt lat="-43.559192" lon="146.626298"><ele>11.7</ele></trkpt>
    <trkpt lat="-43.559215" lon="146.626365"><ele>12.0</ele></trkpt>
    <trkpt lat="-43.559240" lon="146.626427"><ele>12.3</ele></trkpt>
    <trkpt lat="-43.559252" lon="146.626488"><ele>12.5</ele></trkpt>
    <trkpt lat="-43.559265" lon="146.626558"><ele>12.8</ele></trkpt>
    <trkpt lat="-43.559278" lon="146.626627"><ele>13.1</ele></trkpt>
    <trkpt lat="-43.559297" lon="146.626688"><ele>13.4</ele></trkpt>
    <trkpt lat="-43.559307" lon="146.626753"><ele>13.6</ele></trkpt>
    <trkpt lat="-43.559338" lon="146.626867"><ele>14.1</ele></trkpt>
    <trkpt lat="-43.559392" lon="146.627298"><ele>15.8</ele></trkpt>
    <trkpt lat="-43.559390" lon="146.627365"><ele>16.0</ele></trkpt>
    <trkpt lat="-43.559455" lon="146.627830"><ele>17.6</ele></trkpt>
    <trkpt lat="-43.559457" lon="146.628132"><ele>18.6</ele></trkpt>
    <trkpt lat="-43.559463" lon="146.628200"><ele>18.8</ele></trkpt>
    <trkpt lat="-43.559467" lon="146.628265"><ele>19.1</ele></trkpt>
    <trkpt lat="-43.559462" lon="146.628365"><ele>19.4</ele></trkpt>
    <trkpt lat="-43.559467" lon="146.628440"><ele>19.6</ele></trkpt>
    <trkpt lat="-43.559633" lon="146.628787"><ele>20.7</ele></trkpt>
    <trkpt lat="-43.559660" lon="146.628848"><ele>20.9</ele></trkpt>
    <trkpt lat="-43.559718" lon="146.628957"><ele>21.2</ele></trkpt>
    <trkpt lat="-43.559737" lon="146.629017"><ele>21.3</ele></trkpt>
    <trkpt lat="-43.559758" lon="146.629217"><ele>21.7</ele></trkpt>
    <trkpt lat="-43.559775" lon="146.629292"><ele>21.9</ele></trkpt>
    <trkpt lat="-43.559803" lon="146.629378"><ele>22.1</ele></trkpt>
    <trkpt lat="-43.559822" lon="146.629762"><ele>22.8</ele></trkpt>
    <trkpt lat="-43.559870" lon="146.629883"><ele>23.0</ele></trkpt>
    <trkpt lat="-43.560072" lon="146.630212"><ele>23.9</ele></trkpt>
    <trkpt lat="-43.560253" lon="146.630548"><ele>25.3</ele></trkpt>
    <trkpt lat="-43.560438" lon="146.630888"><ele>26.9</ele></trkpt>
    <trkpt lat="-43.560563" lon="146.631072"><ele>27.9</ele></trkpt>
    <trkpt lat="-43.560700" lon="146.631275"><ele>29.2</ele></trkpt>
    <trkpt lat="-43.560912" lon="146.631573"><ele>31.1</ele></trkpt>
    <trkpt lat="-43.561117" lon="146.631927"><ele>33.2</ele></trkpt>
    <trkpt lat="-43.561328" lon="146.632175"><ele>35.2</ele></trkpt>
    <trkpt lat="-43.561390" lon="146.632285"><ele>35.9</ele></trkpt>
    <trkpt lat="-43.561602" lon="146.632578"><ele>38.4</ele></trkpt>
    <trkpt lat="-43.561750" lon="146.632945"><ele>41.5</ele></trkpt>
    <trkpt lat="-43.561835" lon="146.633303"><ele>45.0</ele></trkpt>
    <trkpt lat="-43.562003" lon="146.633645"><ele>49.8</ele></trkpt>
    <trkpt lat="-43.562198" lon="146.633953"><ele>55.5</ele></trkpt>
    <trkpt lat="-43.562388" lon="146.634288"><ele>63.3</ele></trkpt>
    <trkpt lat="-43.562602" lon="146.634532"><ele>71.8</ele></trkpt>
    <trkpt lat="-43.562687" lon="146.634897"><ele>81.1</ele></trkpt>
    <trkpt lat="-43.562800" lon="146.635225"><ele>89.6</ele></trkpt>
    <trkpt lat="-43.562882" lon="146.635632"><ele>97.6</ele></trkpt>
    <trkpt lat="-43.562932" lon="146.636003"><ele>102.2</ele></trkpt>
    <trkpt lat="-43.562973" lon="146.636218"><ele>103.8</ele></trkpt>
    <trkpt lat="-43.562985" lon="146.636672"><ele>105.5</ele></trkpt>
    <trkpt lat="-43.563055" lon="146.637018"><ele>106.5</ele></trkpt>
    <trkpt lat="-43.562840" lon="146.637330"><ele>108.0</ele></trkpt>
    <trkpt lat="-43.562725" lon="146.637403"><ele>109.3</ele></trkpt>
    <trkpt lat="-43.562650" lon="146.637516"><ele>110.7</ele></trkpt>
    <trkpt lat="-43.562717" lon="146.637624"><ele>112.4</ele></trkpt>
    <trkpt lat="-43.562817" lon="146.637733"><ele>114.4</ele></trkpt>
    <trkpt lat="-43.562930" lon="146.638133"><ele>119.8</ele></trkpt>
    <trkpt lat="-43.562983" lon="146.638477"><ele>123.8</ele></trkpt>
    <trkpt lat="-43.563053" lon="146.638903"><ele>127.6</ele></trkpt>
    <trkpt lat="-43.563263" lon="146.639142"><ele>128.7</ele></trkpt>
    <trkpt lat="-43.563317" lon="146.639282"><ele>128.7</ele></trkpt>
    <trkpt lat="-43.563360" lon="146.639323"><ele>128.7</ele></trkpt>
    <trkpt lat="-43.563630" lon="146.639412"><ele>128.2</ele></trkpt>
    <trkpt lat="-43.563928" lon="146.639503"><ele>126.7</ele></trkpt>
    <trkpt lat="-43.564158" lon="146.639387"><ele>126.2</ele></trkpt>
    <trkpt lat="-43.564460" lon="146.639438"><ele>127.1</ele></trkpt>
    <trkpt lat="-43.564507" lon="146.639453"><ele>127.2</ele></trkpt>
    <trkpt lat="-43.564780" lon="146.639433"><ele>127.8</ele></trkpt>
    <trkpt lat="-43.565092" lon="146.639423"><ele>128.4</ele></trkpt>
    <trkpt lat="-43.565370" lon="146.639253"><ele>129.4</ele></trkpt>
    <trkpt lat="-43.565417" lon="146.639230"><ele>129.6</ele></trkpt>
    <trkpt lat="-43.565635" lon="146.639007"><ele>130.4</ele></trkpt>
    <trkpt lat="-43.565753" lon="146.638898"><ele>131.1</ele></trkpt>
    <trkpt lat="-43.565948" lon="146.638522"><ele>133.7</ele></trkpt>
    <trkpt lat="-43.566190" lon="146.638353"><ele>136.9</ele></trkpt>
    <trkpt lat="-43.566460" lon="146.638162"><ele>141.4</ele></trkpt>
    <trkpt lat="-43.566643" lon="146.637900"><ele>145.4</ele></trkpt>
    <trkpt lat="-43.566927" lon="146.637790"><ele>149.3</ele></trkpt>
    <trkpt lat="-43.567187" lon="146.637908"><ele>152.2</ele></trkpt>
    <trkpt lat="-43.567468" lon="146.638097"><ele>154.0</ele></trkpt>
    <trkpt lat="-43.567910" lon="146.638393"><ele>153.1</ele></trkpt>
    <trkpt lat="-43.568047" lon="146.638722"><ele>150.9</ele></trkpt>
    <trkpt lat="-43.568300" lon="146.638890"><ele>147.7</ele></trkpt>
    <trkpt lat="-43.568669" lon="146.639268"><ele>142.7</ele></trkpt>
    <trkpt lat="-43.568968" lon="146.639572"><ele>140.9</ele></trkpt>
    <trkpt lat="-43.568997" lon="146.639620"><ele>140.8</ele></trkpt>
    <trkpt lat="-43.569148" lon="146.639943"><ele>141.1</ele></trkpt>
    <trkpt lat="-43.569182" lon="146.640348"><ele>142.0</ele></trkpt>
    <trkpt lat="-43.569225" lon="146.640765"><ele>142.7</ele></trkpt>
    <trkpt lat="-43.569215" lon="146.641188"><ele>144.2</ele></trkpt>
    <trkpt lat="-43.569162" lon="146.641482"><ele>145.3</ele></trkpt>
    <trkpt lat="-43.569108" lon="146.641908"><ele>147.1</ele></trkpt>
    <trkpt lat="-43.569118" lon="146.642327"><ele>149.9</ele></trkpt>
    <trkpt lat="-43.569190" lon="146.642718"><ele>152.8</ele></trkpt>
    <trkpt lat="-43.569333" lon="146.643077"><ele>155.2</ele></trkpt>
    <trkpt lat="-43.569352" lon="146.643507"><ele>157.1</ele></trkpt>
    <trkpt lat="-43.569357" lon="146.643572"><ele>157.3</ele></trkpt>
    <trkpt lat="-43.569420" lon="146.643933"><ele>156.7</ele></trkpt>
    <trkpt lat="-43.569452" lon="146.644005"><ele>156.1</ele></trkpt>
    <trkpt lat="-43.569490" lon="146.644042"><ele>155.7</ele></trkpt>
    <trkpt lat="-43.569577" lon="146.644400"><ele>152.7</ele></trkpt>
    <trkpt lat="-43.569810" lon="146.644737"><ele>148.9</ele></trkpt>
    <trkpt lat="-43.569885" lon="146.644777"><ele>148.0</ele></trkpt>
    <trkpt lat="-43.569930" lon="146.644802"><ele>147.5</ele></trkpt>
    <trkpt lat="-43.570110" lon="146.644958"><ele>145.3</ele></trkpt>
    <trkpt lat="-43.570368" lon="146.645213"><ele>140.6</ele></trkpt>
    <trkpt lat="-43.570413" lon="146.645220"><ele>140.0</ele></trkpt>
    <trkpt lat="-43.570707" lon="146.645350"><ele>135.0</ele></trkpt>
    <trkpt lat="-43.570945" lon="146.645542"><ele>128.6</ele></trkpt>
    <trkpt lat="-43.571092" lon="146.645642"><ele>124.0</ele></trkpt>
    <trkpt lat="-43.571143" lon="146.645658"><ele>122.4</ele></trkpt>
    <trkpt lat="-43.571403" lon="146.645875"><ele>114.4</ele></trkpt>
    <trkpt lat="-43.571593" lon="146.646193"><ele>108.8</ele></trkpt>
    <trkpt lat="-43.571815" lon="146.646427"><ele>105.1</ele></trkpt>
    <trkpt lat="-43.571975" lon="146.646770"><ele>102.6</ele></trkpt>
    <trkpt lat="-43.572172" lon="146.647072"><ele>100.4</ele></trkpt>
    <trkpt lat="-43.572252" lon="146.647242"><ele>99.1</ele></trkpt>
    <trkpt lat="-43.572537" lon="146.647320"><ele>95.7</ele></trkpt>
    <trkpt lat="-43.572817" lon="146.647398"><ele>91.6</ele></trkpt>
    <trkpt lat="-43.573105" lon="146.647420"><ele>86.9</ele></trkpt>
    <trkpt lat="-43.573402" lon="146.647367"><ele>81.1</ele></trkpt>
    <trkpt lat="-43.573702" lon="146.647265"><ele>73.6</ele></trkpt>
    <trkpt lat="-43.573958" lon="146.647382"><ele>66.5</ele></trkpt>
    <trkpt lat="-43.574138" lon="146.647558"><ele>60.2</ele></trkpt>
    <trkpt lat="-43.574175" lon="146.647600"><ele>58.8</ele></trkpt>
    <trkpt lat="-43.574435" lon="146.647820"><ele>49.2</ele></trkpt>
    <trkpt lat="-43.574682" lon="146.647988"><ele>42.9</ele></trkpt>
    <trkpt lat="-43.574943" lon="146.648047"><ele>40.7</ele></trkpt>
    <trkpt lat="-43.575266" lon="146.648081"><ele>41.6</ele></trkpt>
    <trkpt lat="-43.575455" lon="146.648073"><ele>43.5</ele></trkpt>
    <trkpt lat="-43.575657" lon="146.648087"><ele>46.2</ele></trkpt>
    <trkpt lat="-43.575848" lon="146.648075"><ele>48.9</ele></trkpt>
    <trkpt lat="-43.576013" lon="146.648027"><ele>50.9</ele></trkpt>
    <trkpt lat="-43.576060" lon="146.648057"><ele>51.4</ele></trkpt>
    <trkpt lat="-43.576330" lon="146.647965"><ele>52.6</ele></trkpt>
    <trkpt lat="-43.576585" lon="146.647733"><ele>52.2</ele></trkpt>
    <trkpt lat="-43.576895" lon="146.647575"><ele>51.6</ele></trkpt>
    <trkpt lat="-43.577158" lon="146.647588"><ele>51.5</ele></trkpt>
    <trkpt lat="-43.577195" lon="146.647548"><ele>51.5</ele></trkpt>
    <trkpt lat="-43.577403" lon="146.647353"><ele>51.8</ele></trkpt>
    <trkpt lat="-43.577662" lon="146.647147"><ele>52.8</ele></trkpt>
    <trkpt lat="-43.577908" lon="146.646883"><ele>54.4</ele></trkpt>
    <trkpt lat="-43.577987" lon="146.646797"><ele>55.0</ele></trkpt>
    <trkpt lat="-43.578275" lon="146.646598"><ele>57.6</ele></trkpt>
    <trkpt lat="-43.578563" lon="146.646643"><ele>59.9</ele></trkpt>
    <trkpt lat="-43.578902" lon="146.646720"><ele>61.7</ele></trkpt>
    <trkpt lat="-43.579147" lon="146.646853"><ele>61.4</ele></trkpt>
    <trkpt lat="-43.579253" lon="146.646870"><ele>61.0</ele></trkpt>
    <trkpt lat="-43.579345" lon="146.646918"><ele>60.1</ele></trkpt>
    <trkpt lat="-43.579405" lon="146.646953"><ele>59.6</ele></trkpt>
    <trkpt lat="-43.579457" lon="146.646948"><ele>59.1</ele></trkpt>
    <trkpt lat="-43.579522" lon="146.646950"><ele>58.4</ele></trkpt>
    <trkpt lat="-43.579732" lon="146.646998"><ele>55.6</ele></trkpt>
    <trkpt lat="-43.579787" lon="146.647000"><ele>54.8</ele></trkpt>
    <trkpt lat="-43.579837" lon="146.646990"><ele>53.8</ele></trkpt>
    <trkpt lat="-43.579890" lon="146.647008"><ele>52.7</ele></trkpt>
    <trkpt lat="-43.579942" lon="146.647032"><ele>51.7</ele></trkpt>
    <trkpt lat="-43.580160" lon="146.647072"><ele>46.9</ele></trkpt>
    <trkpt lat="-43.580207" lon="146.647075"><ele>45.8</ele></trkpt>
    <trkpt lat="-43.580393" lon="146.647137"><ele>40.9</ele></trkpt>
    <trkpt lat="-43.580448" lon="146.647130"><ele>39.4</ele></trkpt>
    <trkpt lat="-43.580665" lon="146.647162"><ele>33.2</ele></trkpt>
    <trkpt lat="-43.580960" lon="146.647130"><ele>23.9</ele></trkpt>
    <trkpt lat="-43.581248" lon="146.647263"><ele>15.3</ele></trkpt>
    <trkpt lat="-43.581366" lon="146.647373"><ele>12.0</ele></trkpt>
    <trkpt lat="-43.581485" lon="146.647485"><ele>9.4</ele></trkpt>
    <trkpt lat="-43.581516" lon="146.647978"><ele>4.8</ele></trkpt>
    <trkpt lat="-43.581505" lon="146.648314"><ele>3.5</ele></trkpt>
    <trkpt lat="-43.581453" lon="146.648688"><ele>3.1</ele></trkpt>
    <trkpt lat="-43.581389" lon="146.649036"><ele>2.4</ele></trkpt>
    <trkpt lat="-43.581363" lon="146.649356"><ele>1.6</ele></trkpt>
    <trkpt lat="-43.581374" lon="146.650073"><ele>0.5</ele></trkpt>
    <trkpt lat="-43.581873" lon="146.652577"><ele>0.3</ele></trkpt>
    <trkpt lat="-43.582283" lon="146.654283"><ele>1.9</ele></trkpt>
    <trkpt lat="-43.582618" lon="146.655596"><ele>0.5</ele></trkpt>
    <trkpt lat="-43.583103" lon="146.656756"><ele>0.0</ele></trkpt>
    <trkpt lat="-43.583273" lon="146.657208"><ele>0.0</ele></trkpt>
    <trkpt lat="-43.583431" lon="146.657627"><ele>0.2</ele></trkpt>
    <trkpt lat="-43.583620" lon="146.657956"><ele>2.2</ele></trkpt>
    <trkpt lat="-43.583922" lon="146.658480"><ele>10.0</ele></trkpt>
    <trkpt lat="-43.584072" lon="146.658775"><ele>14.7</ele></trkpt>
    <trkpt lat="-43.584268" lon="146.658877"><ele>18.4</ele></trkpt>
    <trkpt lat="-43.584455" lon="146.658824"><ele>21.4</ele></trkpt>
    <trkpt lat="-43.584838" lon="146.658812"><ele>24.7</ele></trkpt>
    <trkpt lat="-43.585142" lon="146.658865"><ele>26.6</ele></trkpt>
    <trkpt lat="-43.585295" lon="146.659185"><ele>28.9</ele></trkpt>
    <trkpt lat="-43.585495" lon="146.659492"><ele>31.9</ele></trkpt>
    <trkpt lat="-43.585753" lon="146.659713"><ele>35.5</ele></trkpt>
    <trkpt lat="-43.585945" lon="146.660017"><ele>39.5</ele></trkpt>
    <trkpt lat="-43.586140" lon="146.660265"><ele>44.1</ele></trkpt>
    <trkpt lat="-43.586322" lon="146.660573"><ele>51.1</ele></trkpt>
    <trkpt lat="-43.586470" lon="146.660953"><ele>60.6</ele></trkpt>
    <trkpt lat="-43.586633" lon="146.661193"><ele>68.9</ele></trkpt>
    <trkpt lat="-43.586830" lon="146.661473"><ele>79.7</ele></trkpt>
    <trkpt lat="-43.587055" lon="146.661642"><ele>90.3</ele></trkpt>
    <trkpt lat="-43.587232" lon="146.661957"><ele>103.0</ele></trkpt>
    <trkpt lat="-43.587285" lon="146.662305"><ele>114.5</ele></trkpt>
    <trkpt lat="-43.587467" lon="146.662585"><ele>127.1</ele></trkpt>
    <trkpt lat="-43.587780" lon="146.662875"><ele>143.7</ele></trkpt>
    <trkpt lat="-43.587997" lon="146.663023"><ele>153.6</ele></trkpt>
    <trkpt lat="-43.588162" lon="146.663340"><ele>163.5</ele></trkpt>
    <trkpt lat="-43.588288" lon="146.663658"><ele>171.5</ele></trkpt>
    <trkpt lat="-43.588480" lon="146.664013"><ele>178.4</ele></trkpt>
    <trkpt lat="-43.588602" lon="146.664300"><ele>181.4</ele></trkpt>
    <trkpt lat="-43.588780" lon="146.664657"><ele>181.7</ele></trkpt>
    <trkpt lat="-43.589042" lon="146.664758"><ele>179.1</ele></trkpt>
    <trkpt lat="-43.589183" lon="146.665105"><ele>174.0</ele></trkpt>
    <trkpt lat="-43.589357" lon="146.665440"><ele>167.3</ele></trkpt>
    <trkpt lat="-43.589523" lon="146.665767"><ele>159.9</ele></trkpt>
    <trkpt lat="-43.589848" lon="146.665840"><ele>152.2</ele></trkpt>
    <trkpt lat="-43.590040" lon="146.665933"><ele>148.1</ele></trkpt>
    <trkpt lat="-43.590272" lon="146.666218"><ele>141.8</ele></trkpt>
    <trkpt lat="-43.590475" lon="146.666528"><ele>135.8</ele></trkpt>
    <trkpt lat="-43.590783" lon="146.666643"><ele>129.1</ele></trkpt>
    <trkpt lat="-43.591033" lon="146.666788"><ele>122.2</ele></trkpt>
    <trkpt lat="-43.591305" lon="146.666923"><ele>115.3</ele></trkpt>
    <trkpt lat="-43.591615" lon="146.667103"><ele>107.4</ele></trkpt>
    <trkpt lat="-43.591875" lon="146.667148"><ele>101.2</ele></trkpt>
    <trkpt lat="-43.592138" lon="146.667350"><ele>94.3</ele></trkpt>
    <trkpt lat="-43.592387" lon="146.667583"><ele>88.2</ele></trkpt>
    <trkpt lat="-43.592432" lon="146.667622"><ele>87.1</ele></trkpt>
    <trkpt lat="-43.592632" lon="146.667835"><ele>82.3</ele></trkpt>
    <trkpt lat="-43.592800" lon="146.668037"><ele>79.2</ele></trkpt>
    <trkpt lat="-43.593067" lon="146.668262"><ele>75.9</ele></trkpt>
    <trkpt lat="-43.593228" lon="146.668420"><ele>73.5</ele></trkpt>
    <trkpt lat="-43.593375" lon="146.668553"><ele>71.2</ele></trkpt>
    <trkpt lat="-43.593412" lon="146.668595"><ele>70.5</ele></trkpt>
    <trkpt lat="-43.593683" lon="146.668592"><ele>66.2</ele></trkpt>
    <trkpt lat="-43.593782" lon="146.668645"><ele>64.2</ele></trkpt>
    <trkpt lat="-43.593847" lon="146.668637"><ele>63.0</ele></trkpt>
    <trkpt lat="-43.594107" lon="146.668843"><ele>54.9</ele></trkpt>
    <trkpt lat="-43.594215" lon="146.669252"><ele>46.7</ele></trkpt>
    <trkpt lat="-43.594088" lon="146.669553"><ele>39.8</ele></trkpt>
    <trkpt lat="-43.593893" lon="146.669848"><ele>29.8</ele></trkpt>
    <trkpt lat="-43.593878" lon="146.669930"><ele>27.7</ele></trkpt>
    <trkpt lat="-43.594017" lon="146.670182"><ele>20.4</ele></trkpt>
    <trkpt lat="-43.594263" lon="146.670288"><ele>13.7</ele></trkpt>
    <trkpt lat="-43.594382" lon="146.670582"><ele>8.2</ele></trkpt>
    <trkpt lat="-43.594368" lon="146.671235"><ele>2.9</ele></trkpt>
    <trkpt lat="-43.594320" lon="146.671977"><ele>3.1</ele></trkpt>
    <trkpt lat="-43.594266" lon="146.672528"><ele>3.4</ele></trkpt>
    <trkpt lat="-43.594169" lon="146.673325"><ele>3.1</ele></trkpt>
    <trkpt lat="-43.594164" lon="146.673980"><ele>2.9</ele></trkpt>
    <trkpt lat="-43.594180" lon="146.675553"><ele>3.5</ele></trkpt>
    <trkpt lat="-43.594224" lon="146.676460"><ele>4.0</ele></trkpt>
    <trkpt lat="-43.594309" lon="146.677592"><ele>4.5</ele></trkpt>
    <trkpt lat="-43.594379" lon="146.678290"><ele>4.2</ele></trkpt>
    <trkpt lat="-43.594629" lon="146.679510"><ele>3.4</ele></trkpt>
    <trkpt lat="-43.594952" lon="146.680533"><ele>3.7</ele></trkpt>
    <trkpt lat="-43.595404" lon="146.681825"><ele>4.1</ele></trkpt>
    <trkpt lat="-43.595668" lon="146.682549"><ele>4.1</ele></trkpt>
    <trkpt lat="-43.595978" lon="146.683495"><ele>4.0</ele></trkpt>
    <trkpt lat="-43.596288" lon="146.684552"><ele>4.6</ele></trkpt>
    <trkpt lat="-43.596444" lon="146.685198"><ele>8.1</ele></trkpt>
    <trkpt lat="-43.596475" lon="146.685413"><ele>10.5</ele></trkpt>
    <trkpt lat="-43.596423" lon="146.685748"><ele>14.9</ele></trkpt>
    <trkpt lat="-43.596537" lon="146.686052"><ele>20.1</ele></trkpt>
    <trkpt lat="-43.596578" lon="146.686085"><ele>21.1</ele></trkpt>
    <trkpt lat="-43.596622" lon="146.686475"><ele>26.8</ele></trkpt>
    <trkpt lat="-43.596575" lon="146.686759"><ele>30.1</ele></trkpt>
    <trkpt lat="-43.596540" lon="146.686908"><ele>31.5</ele></trkpt>
    <trkpt lat="-43.596480" lon="146.687030"><ele>32.5</ele></trkpt>
    <trkpt lat="-43.596305" lon="146.687330"><ele>34.1</ele></trkpt>
    <trkpt lat="-43.596225" lon="146.687767"><ele>35.4</ele></trkpt>
    <trkpt lat="-43.596260" lon="146.688145"><ele>37.3</ele></trkpt>
    <trkpt lat="-43.596350" lon="146.688568"><ele>41.5</ele></trkpt>
    <trkpt lat="-43.596555" lon="146.688780"><ele>46.8</ele></trkpt>
    <trkpt lat="-43.596682" lon="146.689128"><ele>54.4</ele></trkpt>
    <trkpt lat="-43.596830" lon="146.689478"><ele>64.5</ele></trkpt>
    <trkpt lat="-43.596872" lon="146.689810"><ele>74.0</ele></trkpt>
    <trkpt lat="-43.596993" lon="146.690138"><ele>84.6</ele></trkpt>
    <trkpt lat="-43.597010" lon="146.690507"><ele>95.5</ele></trkpt>
    <trkpt lat="-43.596983" lon="146.690885"><ele>106.8</ele></trkpt>
    <trkpt lat="-43.597082" lon="146.691195"><ele>117.1</ele></trkpt>
    <trkpt lat="-43.597233" lon="146.691488"><ele>128.0</ele></trkpt>
    <trkpt lat="-43.597373" lon="146.691813"><ele>139.4</ele></trkpt>
    <trkpt lat="-43.597443" lon="146.691935"><ele>144.0</ele></trkpt>
    <trkpt lat="-43.597483" lon="146.692330"><ele>156.0</ele></trkpt>
    <trkpt lat="-43.597344" lon="146.692822"><ele>170.8</ele></trkpt>
    <trkpt lat="-43.597358" lon="146.693417"><ele>186.0</ele></trkpt>
    <trkpt lat="-43.597313" lon="146.693775"><ele>195.6</ele></trkpt>
    <trkpt lat="-43.597335" lon="146.694170"><ele>206.1</ele></trkpt>
    <trkpt lat="-43.597473" lon="146.694490"><ele>216.0</ele></trkpt>
    <trkpt lat="-43.597468" lon="146.694805"><ele>224.6</ele></trkpt>
    <trkpt lat="-43.597575" lon="146.695133"><ele>235.0</ele></trkpt>
    <trkpt lat="-43.597713" lon="146.695472"><ele>245.9</ele></trkpt>
    <trkpt lat="-43.597895" lon="146.695757"><ele>255.7</ele></trkpt>
    <trkpt lat="-43.597967" lon="146.696118"><ele>265.1</ele></trkpt>
    <trkpt lat="-43.597960" lon="146.696472"><ele>273.6</ele></trkpt>
    <trkpt lat="-43.598138" lon="146.696685"><ele>281.0</ele></trkpt>
    <trkpt lat="-43.598398" lon="146.696820"><ele>290.1</ele></trkpt>
    <trkpt lat="-43.598463" lon="146.697203"><ele>300.2</ele></trkpt>
    <trkpt lat="-43.598555" lon="146.697548"><ele>310.1</ele></trkpt>
    <trkpt lat="-43.598665" lon="146.697913"><ele>320.0</ele></trkpt>
    <trkpt lat="-43.598648" lon="146.698287"><ele>328.0</ele></trkpt>
    <trkpt lat="-43.598515" lon="146.698658"><ele>333.8</ele></trkpt>
    <trkpt lat="-43.598380" lon="146.698963"><ele>336.6</ele></trkpt>
    <trkpt lat="-43.598088" lon="146.699385"><ele>337.1</ele></trkpt>
    <trkpt lat="-43.597697" lon="146.699623"><ele>336.2</ele></trkpt>
    <trkpt lat="-43.597435" lon="146.699843"><ele>334.5</ele></trkpt>
    <trkpt lat="-43.597172" lon="146.700033"><ele>332.9</ele></trkpt>
    <trkpt lat="-43.596912" lon="146.700305"><ele>330.8</ele></trkpt>
    <trkpt lat="-43.596755" lon="146.700743"><ele>328.7</ele></trkpt>
    <trkpt lat="-43.596639" lon="146.701347"><ele>328.5</ele></trkpt>
    <trkpt lat="-43.596582" lon="146.701950"><ele>330.4</ele></trkpt>
    <trkpt lat="-43.596505" lon="146.702348"><ele>332.5</ele></trkpt>
    <trkpt lat="-43.596395" lon="146.702663"><ele>334.3</ele></trkpt>
    <trkpt lat="-43.596160" lon="146.702918"><ele>336.1</ele></trkpt>
    <trkpt lat="-43.595953" lon="146.703210"><ele>338.1</ele></trkpt>
    <trkpt lat="-43.595713" lon="146.703480"><ele>340.8</ele></trkpt>
    <trkpt lat="-43.595668" lon="146.703832"><ele>343.9</ele></trkpt>
    <trkpt lat="-43.595762" lon="146.704215"><ele>348.3</ele></trkpt>
    <trkpt lat="-43.595680" lon="146.704602"><ele>353.9</ele></trkpt>
    <trkpt lat="-43.595662" lon="146.705017"><ele>360.3</ele></trkpt>
    <trkpt lat="-43.595735" lon="146.705357"><ele>366.1</ele></trkpt>
    <trkpt lat="-43.595778" lon="146.705758"><ele>373.4</ele></trkpt>
    <trkpt lat="-43.595865" lon="146.706105"><ele>380.6</ele></trkpt>
    <trkpt lat="-43.596017" lon="146.706422"><ele>388.6</ele></trkpt>
    <trkpt lat="-43.596133" lon="146.706773"><ele>396.9</ele></trkpt>
    <trkpt lat="-43.596208" lon="146.707148"><ele>404.9</ele></trkpt>
    <trkpt lat="-43.596278" lon="146.707512"><ele>411.8</ele></trkpt>
    <trkpt lat="-43.596288" lon="146.707907"><ele>418.0</ele></trkpt>
    <trkpt lat="-43.596153" lon="146.708282"><ele>423.5</ele></trkpt>
    <trkpt lat="-43.595975" lon="146.708558"><ele>427.3</ele></trkpt>
    <trkpt lat="-43.595882" lon="146.708940"><ele>430.4</ele></trkpt>
    <trkpt lat="-43.595918" lon="146.709352"><ele>432.3</ele></trkpt>
    <trkpt lat="-43.595940" lon="146.709487"><ele>432.6</ele></trkpt>
    <trkpt lat="-43.595910" lon="146.709863"><ele>432.3</ele></trkpt>
    <trkpt lat="-43.595817" lon="146.710257"><ele>430.7</ele></trkpt>
    <trkpt lat="-43.595733" lon="146.710402"><ele>429.7</ele></trkpt>
    <trkpt lat="-43.595717" lon="146.710465"><ele>429.3</ele></trkpt>
    <trkpt lat="-43.595678" lon="146.710510"><ele>428.9</ele></trkpt>
    <trkpt lat="-43.595652" lon="146.710568"><ele>428.6</ele></trkpt>
    <trkpt lat="-43.595627" lon="146.710627"><ele>428.1</ele></trkpt>
    <trkpt lat="-43.595602" lon="146.710685"><ele>427.7</ele></trkpt>
    <trkpt lat="-43.595588" lon="146.710747"><ele>427.3</ele></trkpt>
    <trkpt lat="-43.595550" lon="146.710917"><ele>426.2</ele></trkpt>
    <trkpt lat="-43.595447" lon="146.711232"><ele>424.0</ele></trkpt>
    <trkpt lat="-43.595330" lon="146.711650"><ele>420.3</ele></trkpt>
    <trkpt lat="-43.595375" lon="146.712015"><ele>416.5</ele></trkpt>
    <trkpt lat="-43.595483" lon="146.712375"><ele>412.4</ele></trkpt>
    <trkpt lat="-43.595645" lon="146.712710"><ele>409.4</ele></trkpt>
    <trkpt lat="-43.595633" lon="146.713048"><ele>408.2</ele></trkpt>
    <trkpt lat="-43.595508" lon="146.713265"><ele>408.8</ele></trkpt>
    <trkpt lat="-43.595420" lon="146.713622"><ele>411.6</ele></trkpt>
    <trkpt lat="-43.595338" lon="146.714005"><ele>416.1</ele></trkpt>
    <trkpt lat="-43.595242" lon="146.714385"><ele>420.8</ele></trkpt>
    <trkpt lat="-43.595178" lon="146.715005"><ele>425.7</ele></trkpt>
    <trkpt lat="-43.594997" lon="146.715445"><ele>429.6</ele></trkpt>
    <trkpt lat="-43.594982" lon="146.715857"><ele>433.5</ele></trkpt>
    <trkpt lat="-43.594995" lon="146.716225"><ele>437.9</ele></trkpt>
    <trkpt lat="-43.595030" lon="146.716608"><ele>443.7</ele></trkpt>
    <trkpt lat="-43.595092" lon="146.717007"><ele>449.7</ele></trkpt>
    <trkpt lat="-43.595243" lon="146.717793"><ele>457.8</ele></trkpt>
    <trkpt lat="-43.595268" lon="146.718045"><ele>459.9</ele></trkpt>
    <trkpt lat="-43.595327" lon="146.718580"><ele>463.1</ele></trkpt>
    <trkpt lat="-43.595303" lon="146.718960"><ele>465.1</ele></trkpt>
    <trkpt lat="-43.595235" lon="146.719350"><ele>467.0</ele></trkpt>
    <trkpt lat="-43.595128" lon="146.719740"><ele>467.8</ele></trkpt>
    <trkpt lat="-43.595160" lon="146.720127"><ele>466.8</ele></trkpt>
    <trkpt lat="-43.595183" lon="146.720399"><ele>465.5</ele></trkpt>
    <trkpt lat="-43.595148" lon="146.720558"><ele>464.7</ele></trkpt>
    <trkpt lat="-43.595213" lon="146.720903"><ele>461.7</ele></trkpt>
    <trkpt lat="-43.595198" lon="146.721411"><ele>457.4</ele></trkpt>
    <trkpt lat="-43.595370" lon="146.721755"><ele>454.9</ele></trkpt>
    <trkpt lat="-43.595758" lon="146.722050"><ele>454.1</ele></trkpt>
    <trkpt lat="-43.595877" lon="146.722413"><ele>455.1</ele></trkpt>
    <trkpt lat="-43.595987" lon="146.722757"><ele>456.4</ele></trkpt>
    <trkpt lat="-43.596152" lon="146.723098"><ele>458.4</ele></trkpt>
    <trkpt lat="-43.596242" lon="146.723445"><ele>460.3</ele></trkpt>
    <trkpt lat="-43.596380" lon="146.723788"><ele>461.3</ele></trkpt>
    <trkpt lat="-43.596458" lon="146.724183"><ele>461.3</ele></trkpt>
    <trkpt lat="-43.596475" lon="146.724582"><ele>460.1</ele></trkpt>
    <trkpt lat="-43.596535" lon="146.724963"><ele>457.5</ele></trkpt>
    <trkpt lat="-43.596682" lon="146.725302"><ele>453.7</ele></trkpt>
    <trkpt lat="-43.596868" lon="146.725692"><ele>448.7</ele></trkpt>
    <trkpt lat="-43.596990" lon="146.725927"><ele>445.2</ele></trkpt>
    <trkpt lat="-43.597058" lon="146.726278"><ele>440.1</ele></trkpt>
    <trkpt lat="-43.597103" lon="146.726662"><ele>433.8</ele></trkpt>
    <trkpt lat="-43.597180" lon="146.726980"><ele>427.9</ele></trkpt>
    <trkpt lat="-43.597277" lon="146.727252"><ele>422.4</ele></trkpt>
    <trkpt lat="-43.597322" lon="146.727563"><ele>416.5</ele></trkpt>
    <trkpt lat="-43.597398" lon="146.728002"><ele>407.5</ele></trkpt>
    <trkpt lat="-43.597430" lon="146.728282"><ele>401.6</ele></trkpt>
    <trkpt lat="-43.597355" lon="146.728662"><ele>392.9</ele></trkpt>
    <trkpt lat="-43.597238" lon="146.728952"><ele>385.5</ele></trkpt>
    <trkpt lat="-43.597237" lon="146.729345"><ele>376.3</ele></trkpt>
    <trkpt lat="-43.597418" lon="146.729632"><ele>367.4</ele></trkpt>
    <trkpt lat="-43.597467" lon="146.730000"><ele>359.2</ele></trkpt>
    <trkpt lat="-43.597785" lon="146.730295"><ele>350.1</ele></trkpt>
    <trkpt lat="-43.597972" lon="146.730277"><ele>347.1</ele></trkpt>
    <trkpt lat="-43.598250" lon="146.730415"><ele>345.0</ele></trkpt>
    <trkpt lat="-43.598332" lon="146.730470"><ele>344.9</ele></trkpt>
    <trkpt lat="-43.598527" lon="146.730748"><ele>346.6</ele></trkpt>
    <trkpt lat="-43.598810" lon="146.730788"><ele>349.8</ele></trkpt>
    <trkpt lat="-43.599038" lon="146.730953"><ele>353.1</ele></trkpt>
    <trkpt lat="-43.599212" lon="146.731295"><ele>356.2</ele></trkpt>
    <trkpt lat="-43.599437" lon="146.731567"><ele>358.7</ele></trkpt>
    <trkpt lat="-43.599718" lon="146.731793"><ele>362.0</ele></trkpt>
    <trkpt lat="-43.599942" lon="146.731983"><ele>365.3</ele></trkpt>
    <trkpt lat="-43.600160" lon="146.732235"><ele>369.6</ele></trkpt>
    <trkpt lat="-43.600440" lon="146.732302"><ele>374.8</ele></trkpt>
    <trkpt lat="-43.600723" lon="146.732352"><ele>380.2</ele></trkpt>
    <trkpt lat="-43.601007" lon="146.732462"><ele>385.7</ele></trkpt>
    <trkpt lat="-43.601260" lon="146.732585"><ele>390.8</ele></trkpt>
    <trkpt lat="-43.601540" lon="146.732553"><ele>396.1</ele></trkpt>
    <trkpt lat="-43.601911" lon="146.732674"><ele>401.9</ele></trkpt>
    <trkpt lat="-43.602063" lon="146.732738"><ele>403.0</ele></trkpt>
    <trkpt lat="-43.602107" lon="146.732798"><ele>403.4</ele></trkpt>
    <trkpt lat="-43.602145" lon="146.732857"><ele>403.8</ele></trkpt>
    <trkpt lat="-43.602243" lon="146.733208"><ele>403.0</ele></trkpt>
    <trkpt lat="-43.602347" lon="146.733543"><ele>399.8</ele></trkpt>
    <trkpt lat="-43.602588" lon="146.733798"><ele>393.9</ele></trkpt>
    <trkpt lat="-43.602813" lon="146.734038"><ele>387.4</ele></trkpt>
    <trkpt lat="-43.602997" lon="146.734403"><ele>380.0</ele></trkpt>
    <trkpt lat="-43.603113" lon="146.734738"><ele>373.9</ele></trkpt>
    <trkpt lat="-43.603446" lon="146.735100"><ele>364.0</ele></trkpt>
    <trkpt lat="-43.603660" lon="146.735387"><ele>356.4</ele></trkpt>
    <trkpt lat="-43.603812" lon="146.735835"><ele>346.6</ele></trkpt>
    <trkpt lat="-43.604095" lon="146.736090"><ele>337.6</ele></trkpt>
    <trkpt lat="-43.604183" lon="146.736367"><ele>331.8</ele></trkpt>
    <trkpt lat="-43.604357" lon="146.736658"><ele>325.1</ele></trkpt>
    <trkpt lat="-43.604555" lon="146.736970"><ele>318.6</ele></trkpt>
    <trkpt lat="-43.604595" lon="146.737372"><ele>312.8</ele></trkpt>
    <trkpt lat="-43.604540" lon="146.737768"><ele>306.7</ele></trkpt>
    <trkpt lat="-43.604370" lon="146.738058"><ele>300.7</ele></trkpt>
    <trkpt lat="-43.604378" lon="146.738445"><ele>294.5</ele></trkpt>
    <trkpt lat="-43.604370" lon="146.738827"><ele>288.8</ele></trkpt>
    <trkpt lat="-43.604275" lon="146.739225"><ele>283.2</ele></trkpt>
    <trkpt lat="-43.604223" lon="146.739545"><ele>279.9</ele></trkpt>
    <trkpt lat="-43.604345" lon="146.739932"><ele>276.1</ele></trkpt>
    <trkpt lat="-43.604313" lon="146.740077"><ele>274.6</ele></trkpt>
    <trkpt lat="-43.604365" lon="146.740180"><ele>273.4</ele></trkpt>
    <trkpt lat="-43.604425" lon="146.740452"><ele>270.2</ele></trkpt>
    <trkpt lat="-43.604418" lon="146.740862"><ele>264.3</ele></trkpt>
    <trkpt lat="-43.604427" lon="146.741205"><ele>258.5</ele></trkpt>
    <trkpt lat="-43.604595" lon="146.741483"><ele>251.8</ele></trkpt>
    <trkpt lat="-43.604713" lon="146.741862"><ele>244.2</ele></trkpt>
    <trkpt lat="-43.604902" lon="146.742177"><ele>236.5</ele></trkpt>
    <trkpt lat="-43.605012" lon="146.742540"><ele>229.1</ele></trkpt>
    <trkpt lat="-43.605148" lon="146.742888"><ele>222.2</ele></trkpt>
    <trkpt lat="-43.605267" lon="146.743215"><ele>216.0</ele></trkpt>
    <trkpt lat="-43.605392" lon="146.743583"><ele>209.3</ele></trkpt>
    <trkpt lat="-43.605530" lon="146.743955"><ele>202.7</ele></trkpt>
    <trkpt lat="-43.605627" lon="146.744295"><ele>197.3</ele></trkpt>
    <trkpt lat="-43.605778" lon="146.744618"><ele>191.6</ele></trkpt>
    <trkpt lat="-43.605888" lon="146.745000"><ele>185.9</ele></trkpt>
    <trkpt lat="-43.606037" lon="146.745355"><ele>180.8</ele></trkpt>
    <trkpt lat="-43.606257" lon="146.745677"><ele>176.2</ele></trkpt>
    <trkpt lat="-43.606262" lon="146.745780"><ele>175.4</ele></trkpt>
    <trkpt lat="-43.606250" lon="146.746112"><ele>172.9</ele></trkpt>
    <trkpt lat="-43.606233" lon="146.746180"><ele>172.4</ele></trkpt>
    <trkpt lat="-43.606210" lon="146.746315"><ele>171.5</ele></trkpt>
    <trkpt lat="-43.606167" lon="146.746373"><ele>171.0</ele></trkpt>
    <trkpt lat="-43.606158" lon="146.746448"><ele>170.5</ele></trkpt>
    <trkpt lat="-43.606148" lon="146.746522"><ele>170.1</ele></trkpt>
    <trkpt lat="-43.606127" lon="146.746595"><ele>169.6</ele></trkpt>
    <trkpt lat="-43.606110" lon="146.746653"><ele>169.2</ele></trkpt>
    <trkpt lat="-43.606112" lon="146.746727"><ele>168.7</ele></trkpt>
    <trkpt lat="-43.606108" lon="146.746797"><ele>168.3</ele></trkpt>
    <trkpt lat="-43.606093" lon="146.746868"><ele>167.8</ele></trkpt>
    <trkpt lat="-43.606072" lon="146.746927"><ele>167.4</ele></trkpt>
    <trkpt lat="-43.606045" lon="146.746983"><ele>167.0</ele></trkpt>
    <trkpt lat="-43.606032" lon="146.747043"><ele>166.7</ele></trkpt>
    <trkpt lat="-43.606027" lon="146.747112"><ele>166.3</ele></trkpt>
    <trkpt lat="-43.606003" lon="146.747180"><ele>165.9</ele></trkpt>
    <trkpt lat="-43.605982" lon="146.747240"><ele>165.6</ele></trkpt>
    <trkpt lat="-43.605970" lon="146.747322"><ele>165.1</ele></trkpt>
    <trkpt lat="-43.605953" lon="146.747380"><ele>164.7</ele></trkpt>
    <trkpt lat="-43.605915" lon="146.747437"><ele>164.3</ele></trkpt>
    <trkpt lat="-43.605878" lon="146.747477"><ele>163.9</ele></trkpt>
    <trkpt lat="-43.605855" lon="146.747543"><ele>163.5</ele></trkpt>
    <trkpt lat="-43.605833" lon="146.747662"><ele>162.7</ele></trkpt>
    <trkpt lat="-43.605810" lon="146.747733"><ele>162.3</ele></trkpt>
    <trkpt lat="-43.605778" lon="146.747797"><ele>161.9</ele></trkpt>
    <trkpt lat="-43.605755" lon="146.747872"><ele>161.4</ele></trkpt>
    <trkpt lat="-43.605735" lon="146.747948"><ele>161.0</ele></trkpt>
    <trkpt lat="-43.605725" lon="146.748030"><ele>160.6</ele></trkpt>
    <trkpt lat="-43.605722" lon="146.748107"><ele>160.2</ele></trkpt>
    <trkpt lat="-43.605705" lon="146.748175"><ele>159.8</ele></trkpt>
    <trkpt lat="-43.605683" lon="146.748242"><ele>159.5</ele></trkpt>
    <trkpt lat="-43.605658" lon="146.748312"><ele>159.1</ele></trkpt>
    <trkpt lat="-43.605622" lon="146.748375"><ele>158.7</ele></trkpt>
    <trkpt lat="-43.605583" lon="146.748410"><ele>158.3</ele></trkpt>
    <trkpt lat="-43.605528" lon="146.748442"><ele>157.9</ele></trkpt>
    <trkpt lat="-43.605473" lon="146.748473"><ele>157.4</ele></trkpt>
    <trkpt lat="-43.605418" lon="146.748503"><ele>157.0</ele></trkpt>
    <trkpt lat="-43.605365" lon="146.748535"><ele>156.5</ele></trkpt>
    <trkpt lat="-43.605323" lon="146.748590"><ele>156.0</ele></trkpt>
    <trkpt lat="-43.605292" lon="146.748653"><ele>155.5</ele></trkpt>
    <trkpt lat="-43.605245" lon="146.748698"><ele>155.0</ele></trkpt>
    <trkpt lat="-43.605227" lon="146.748758"><ele>154.6</ele></trkpt>
    <trkpt lat="-43.605238" lon="146.748862"><ele>154.0</ele></trkpt>
    <trkpt lat="-43.605255" lon="146.748938"><ele>153.4</ele></trkpt>
    <trkpt lat="-43.605278" lon="146.749007"><ele>153.0</ele></trkpt>
    <trkpt lat="-43.605312" lon="146.749072"><ele>152.4</ele></trkpt>
    <trkpt lat="-43.605347" lon="146.749133"><ele>151.9</ele></trkpt>
    <trkpt lat="-43.605380" lon="146.749177"><ele>151.4</ele></trkpt>
    <trkpt lat="-43.605430" lon="146.749223"><ele>150.7</ele></trkpt>
    <trkpt lat="-43.605482" lon="146.749265"><ele>150.0</ele></trkpt>
    <trkpt lat="-43.605523" lon="146.749295"><ele>149.5</ele></trkpt>
    <trkpt lat="-43.605562" lon="146.749330"><ele>149.0</ele></trkpt>
    <trkpt lat="-43.605608" lon="146.749380"><ele>148.4</ele></trkpt>
    <trkpt lat="-43.605645" lon="146.749432"><ele>147.8</ele></trkpt>
    <trkpt lat="-43.605632" lon="146.749555"><ele>146.8</ele></trkpt>
    <trkpt lat="-43.605607" lon="146.749607"><ele>146.3</ele></trkpt>
    <trkpt lat="-43.605578" lon="146.749662"><ele>145.7</ele></trkpt>
    <trkpt lat="-43.605548" lon="146.749708"><ele>145.2</ele></trkpt>
    <trkpt lat="-43.605512" lon="146.749772"><ele>144.6</ele></trkpt>
    <trkpt lat="-43.605498" lon="146.749850"><ele>144.0</ele></trkpt>
    <trkpt lat="-43.605510" lon="146.749928"><ele>143.4</ele></trkpt>
    <trkpt lat="-43.605533" lon="146.750005"><ele>142.8</ele></trkpt>
    <trkpt lat="-43.605578" lon="146.750062"><ele>142.3</ele></trkpt>
    <trkpt lat="-43.605620" lon="146.750113"><ele>141.8</ele></trkpt>
    <trkpt lat="-43.605655" lon="146.750180"><ele>141.3</ele></trkpt>
    <trkpt lat="-43.605675" lon="146.750253"><ele>140.9</ele></trkpt>
    <trkpt lat="-43.605690" lon="146.750357"><ele>140.5</ele></trkpt>
    <trkpt lat="-43.605720" lon="146.750427"><ele>140.2</ele></trkpt>
    <trkpt lat="-43.605755" lon="146.750488"><ele>139.9</ele></trkpt>
    <trkpt lat="-43.605788" lon="146.750545"><ele>139.6</ele></trkpt>
    <trkpt lat="-43.605828" lon="146.750603"><ele>139.4</ele></trkpt>
    <trkpt lat="-43.605862" lon="146.750667"><ele>139.1</ele></trkpt>
    <trkpt lat="-43.605883" lon="146.750742"><ele>138.9</ele></trkpt>
    <trkpt lat="-43.605920" lon="146.750797"><ele>138.7</ele></trkpt>
    <trkpt lat="-43.605962" lon="146.750848"><ele>138.4</ele></trkpt>
    <trkpt lat="-43.605998" lon="146.750913"><ele>137.9</ele></trkpt>
    <trkpt lat="-43.606015" lon="146.750942"><ele>137.6</ele></trkpt>
    <trkpt lat="-43.606006" lon="146.750977"><ele>137.4</ele></trkpt>
    <trkpt lat="-43.605922" lon="146.751295"><ele>135.1</ele></trkpt>
    <trkpt lat="-43.605903" lon="146.751563"><ele>133.1</ele></trkpt>
    <trkpt lat="-43.605945" lon="146.751610"><ele>132.6</ele></trkpt>
    <trkpt lat="-43.605970" lon="146.751744"><ele>131.7</ele></trkpt>
    <trkpt lat="-43.605993" lon="146.751807"><ele>131.2</ele></trkpt>
    <trkpt lat="-43.606030" lon="146.751848"><ele>130.7</ele></trkpt>
    <trkpt lat="-43.606082" lon="146.751940"><ele>129.9</ele></trkpt>
    <trkpt lat="-43.606132" lon="146.751982"><ele>129.3</ele></trkpt>
    <trkpt lat="-43.606172" lon="146.752013"><ele>128.9</ele></trkpt>
    <trkpt lat="-43.606210" lon="146.752068"><ele>128.3</ele></trkpt>
    <trkpt lat="-43.606248" lon="146.752128"><ele>127.9</ele></trkpt>
    <trkpt lat="-43.606290" lon="146.752185"><ele>127.7</ele></trkpt>
    <trkpt lat="-43.606333" lon="146.752232"><ele>127.4</ele></trkpt>
    <trkpt lat="-43.606370" lon="146.752293"><ele>127.1</ele></trkpt>
    <trkpt lat="-43.606398" lon="146.752358"><ele>126.8</ele></trkpt>
    <trkpt lat="-43.606427" lon="146.752422"><ele>127.2</ele></trkpt>
    <trkpt lat="-43.606455" lon="146.752492"><ele>127.6</ele></trkpt>
    <trkpt lat="-43.606483" lon="146.752555"><ele>128.0</ele></trkpt>
    <trkpt lat="-43.606512" lon="146.752618"><ele>128.5</ele></trkpt>
    <trkpt lat="-43.606550" lon="146.752677"><ele>128.9</ele></trkpt>
    <trkpt lat="-43.606582" lon="146.752733"><ele>129.6</ele></trkpt>
    <trkpt lat="-43.606612" lon="146.752792"><ele>130.4</ele></trkpt>
    <trkpt lat="-43.606632" lon="146.752855"><ele>131.1</ele></trkpt>
    <trkpt lat="-43.606643" lon="146.752935"><ele>131.9</ele></trkpt>
    <trkpt lat="-43.606648" lon="146.753035"><ele>133.0</ele></trkpt>
    <trkpt lat="-43.606703" lon="146.753398"><ele>137.9</ele></trkpt>
    <trkpt lat="-43.606760" lon="146.753807"><ele>144.5</ele></trkpt>
    <trkpt lat="-43.606770" lon="146.753870"><ele>145.5</ele></trkpt>
    <trkpt lat="-43.606735" lon="146.754288"><ele>151.5</ele></trkpt>
    <trkpt lat="-43.606712" lon="146.754663"><ele>156.0</ele></trkpt>
    <trkpt lat="-43.606738" lon="146.755030"><ele>160.2</ele></trkpt>
    <trkpt lat="-43.606717" lon="146.755428"><ele>164.2</ele></trkpt>
    <trkpt lat="-43.606650" lon="146.755833"><ele>168.2</ele></trkpt>
    <trkpt lat="-43.606752" lon="146.756243"><ele>173.7</ele></trkpt>
    <trkpt lat="-43.606753" lon="146.756652"><ele>180.5</ele></trkpt>
    <trkpt lat="-43.606678" lon="146.756995"><ele>187.4</ele></trkpt>
    <trkpt lat="-43.606618" lon="146.757388"><ele>196.6</ele></trkpt>
    <trkpt lat="-43.606542" lon="146.757728"><ele>205.5</ele></trkpt>
    <trkpt lat="-43.606598" lon="146.758125"><ele>215.4</ele></trkpt>
    <trkpt lat="-43.606662" lon="146.758615"><ele>226.5</ele></trkpt>
    <trkpt lat="-43.606665" lon="146.758887"><ele>231.8</ele></trkpt>
    <trkpt lat="-43.606615" lon="146.759263"><ele>237.8</ele></trkpt>
    <trkpt lat="-43.606473" lon="146.759783"><ele>242.1</ele></trkpt>
    <trkpt lat="-43.606362" lon="146.760133"><ele>242.2</ele></trkpt>
    <trkpt lat="-43.606328" lon="146.760510"><ele>240.6</ele></trkpt>
    <trkpt lat="-43.606195" lon="146.760893"><ele>237.5</ele></trkpt>
    <trkpt lat="-43.606083" lon="146.761308"><ele>233.1</ele></trkpt>
    <trkpt lat="-43.605807" lon="146.761938"><ele>223.1</ele></trkpt>
    <trkpt lat="-43.605743" lon="146.762047"><ele>220.9</ele></trkpt>
    <trkpt lat="-43.605610" lon="146.762272"><ele>216.3</ele></trkpt>
    <trkpt lat="-43.605498" lon="146.762653"><ele>208.3</ele></trkpt>
    <trkpt lat="-43.605486" lon="146.762861"><ele>203.8</ele></trkpt>
    <trkpt lat="-43.605475" lon="146.763053"><ele>199.7</ele></trkpt>
    <trkpt lat="-43.605610" lon="146.763398"><ele>191.9</ele></trkpt>
    <trkpt lat="-43.605660" lon="146.763800"><ele>184.4</ele></trkpt>
    <trkpt lat="-43.605665" lon="146.764172"><ele>178.2</ele></trkpt>
    <trkpt lat="-43.605610" lon="146.764558"><ele>171.6</ele></trkpt>
    <trkpt lat="-43.605452" lon="146.764903"><ele>165.3</ele></trkpt>
    <trkpt lat="-43.605285" lon="146.765200"><ele>159.7</ele></trkpt>
    <trkpt lat="-43.605318" lon="146.765612"><ele>153.6</ele></trkpt>
    <trkpt lat="-43.605390" lon="146.765982"><ele>149.2</ele></trkpt>
    <trkpt lat="-43.605575" lon="146.766300"><ele>146.0</ele></trkpt>
    <trkpt lat="-43.605617" lon="146.766337"><ele>145.5</ele></trkpt>
    <trkpt lat="-43.605740" lon="146.766712"><ele>141.9</ele></trkpt>
    <trkpt lat="-43.605630" lon="146.767120"><ele>138.4</ele></trkpt>
    <trkpt lat="-43.605723" lon="146.767383"><ele>136.5</ele></trkpt>
    <trkpt lat="-43.605783" lon="146.767467"><ele>136.4</ele></trkpt>
    <trkpt lat="-43.605735" lon="146.767805"><ele>136.5</ele></trkpt>
    <trkpt lat="-43.605848" lon="146.768208"><ele>138.4</ele></trkpt>
    <trkpt lat="-43.605975" lon="146.768468"><ele>140.7</ele></trkpt>
    <trkpt lat="-43.606147" lon="146.768757"><ele>144.5</ele></trkpt>
    <trkpt lat="-43.606328" lon="146.769057"><ele>148.1</ele></trkpt>
    <trkpt lat="-43.606250" lon="146.769422"><ele>150.2</ele></trkpt>
    <trkpt lat="-43.606212" lon="146.769542"><ele>150.8</ele></trkpt>
    <trkpt lat="-43.606195" lon="146.769605"><ele>151.2</ele></trkpt>
    <trkpt lat="-43.606045" lon="146.769922"><ele>154.1</ele></trkpt>
    <trkpt lat="-43.605788" lon="146.770120"><ele>157.6</ele></trkpt>
    <trkpt lat="-43.605512" lon="146.770263"><ele>160.1</ele></trkpt>
    <trkpt lat="-43.605248" lon="146.770485"><ele>161.1</ele></trkpt>
    <trkpt lat="-43.605260" lon="146.770890"><ele>160.5</ele></trkpt>
    <trkpt lat="-43.605409" lon="146.771156"><ele>158.4</ele></trkpt>
    <trkpt lat="-43.605552" lon="146.771530"><ele>153.4</ele></trkpt>
    <trkpt lat="-43.605570" lon="146.771955"><ele>146.3</ele></trkpt>
    <trkpt lat="-43.605553" lon="146.772209"><ele>141.3</ele></trkpt>
    <trkpt lat="-43.605550" lon="146.772375"><ele>137.7</ele></trkpt>
    <trkpt lat="-43.605592" lon="146.772775"><ele>128.5</ele></trkpt>
    <trkpt lat="-43.605617" lon="146.773192"><ele>118.9</ele></trkpt>
    <trkpt lat="-43.605605" lon="146.773550"><ele>112.9</ele></trkpt>
    <trkpt lat="-43.605677" lon="146.773967"><ele>109.0</ele></trkpt>
    <trkpt lat="-43.605613" lon="146.774320"><ele>109.1</ele></trkpt>
    <trkpt lat="-43.605530" lon="146.774707"><ele>110.6</ele></trkpt>
    <trkpt lat="-43.605508" lon="146.774767"><ele>111.1</ele></trkpt>
    <trkpt lat="-43.605508" lon="146.775133"><ele>113.5</ele></trkpt>
    <trkpt lat="-43.605362" lon="146.775497"><ele>114.7</ele></trkpt>
    <trkpt lat="-43.605293" lon="146.775888"><ele>115.2</ele></trkpt>
    <trkpt lat="-43.605140" lon="146.776247"><ele>114.8</ele></trkpt>
    <trkpt lat="-43.604940" lon="146.776575"><ele>113.8</ele></trkpt>
    <trkpt lat="-43.604720" lon="146.776867"><ele>112.0</ele></trkpt>
    <trkpt lat="-43.604597" lon="146.777255"><ele>109.1</ele></trkpt>
    <trkpt lat="-43.604662" lon="146.777672"><ele>105.1</ele></trkpt>
    <trkpt lat="-43.604633" lon="146.778078"><ele>100.2</ele></trkpt>
    <trkpt lat="-43.604550" lon="146.778490"><ele>94.5</ele></trkpt>
    <trkpt lat="-43.604597" lon="146.778903"><ele>89.7</ele></trkpt>
    <trkpt lat="-43.604658" lon="146.779313"><ele>85.0</ele></trkpt>
    <trkpt lat="-43.604727" lon="146.779722"><ele>80.4</ele></trkpt>
    <trkpt lat="-43.604718" lon="146.779792"><ele>79.7</ele></trkpt>
    <trkpt lat="-43.604853" lon="146.780108"><ele>76.4</ele></trkpt>
    <trkpt lat="-43.604830" lon="146.780533"><ele>72.8</ele></trkpt>
    <trkpt lat="-43.604867" lon="146.780958"><ele>69.6</ele></trkpt>
    <trkpt lat="-43.604893" lon="146.781372"><ele>67.3</ele></trkpt>
    <trkpt lat="-43.604772" lon="146.781718"><ele>65.5</ele></trkpt>
    <trkpt lat="-43.604530" lon="146.781972"><ele>63.9</ele></trkpt>
    <trkpt lat="-43.604277" lon="146.782205"><ele>62.2</ele></trkpt>
    <trkpt lat="-43.603995" lon="146.782378"><ele>60.4</ele></trkpt>
    <trkpt lat="-43.603680" lon="146.782438"><ele>58.6</ele></trkpt>
    <trkpt lat="-43.603383" lon="146.782533"><ele>56.3</ele></trkpt>
    <trkpt lat="-43.603100" lon="146.782642"><ele>54.2</ele></trkpt>
    <trkpt lat="-43.603008" lon="146.782693"><ele>53.7</ele></trkpt>
    <trkpt lat="-43.602713" lon="146.782795"><ele>52.6</ele></trkpt>
    <trkpt lat="-43.602485" lon="146.783102"><ele>51.2</ele></trkpt>
    <trkpt lat="-43.602433" lon="146.783263"><ele>50.2</ele></trkpt>
    <trkpt lat="-43.602363" lon="146.783403"><ele>48.9</ele></trkpt>
    <trkpt lat="-43.602163" lon="146.783593"><ele>45.4</ele></trkpt>
    <trkpt lat="-43.601997" lon="146.783722"><ele>42.0</ele></trkpt>
    <trkpt lat="-43.601907" lon="146.783680"><ele>40.2</ele></trkpt>
    <trkpt lat="-43.601833" lon="146.783678"><ele>38.7</ele></trkpt>
    <trkpt lat="-43.601520" lon="146.783753"><ele>31.8</ele></trkpt>
    <trkpt lat="-43.601323" lon="146.784010"><ele>27.1</ele></trkpt>
    <trkpt lat="-43.601047" lon="146.784148"><ele>22.3</ele></trkpt>
    <trkpt lat="-43.600998" lon="146.784335"><ele>19.3</ele></trkpt>
    <trkpt lat="-43.600913" lon="146.784758"><ele>13.1</ele></trkpt>
    <trkpt lat="-43.600881" lon="146.784936"><ele>10.8</ele></trkpt>
    <trkpt lat="-43.600843" lon="146.785145"><ele>8.2</ele></trkpt>
    <trkpt lat="-43.600804" lon="146.785357"><ele>5.4</ele></trkpt>
    <trkpt lat="-43.600740" lon="146.785989"><ele>0.0</ele></trkpt>
    <trkpt lat="-43.600788" lon="146.786789"><ele>0.1</ele></trkpt>
    <trkpt lat="-43.600856" lon="146.787846"><ele>0.1</ele></trkpt>
    <trkpt lat="-43.600989" lon="146.789200"><ele>0.1</ele></trkpt>
    <trkpt lat="-43.601197" lon="146.790115"><ele>0.1</ele></trkpt>
    <trkpt lat="-43.601480" lon="146.790953"><ele>0.9</ele></trkpt>
    <trkpt lat="-43.601725" lon="146.791416"><ele>2.2</ele></trkpt>
    <trkpt lat="-43.602045" lon="146.791944"><ele>6.5</ele></trkpt>
    <trkpt lat="-43.602160" lon="146.792080"><ele>8.6</ele></trkpt>
    <trkpt lat="-43.602170" lon="146.792232"><ele>10.2</ele></trkpt>
    <trkpt lat="-43.602180" lon="146.792398"><ele>11.9</ele></trkpt>
    <trkpt lat="-43.602198" lon="146.792527"><ele>13.4</ele></trkpt>
    <trkpt lat="-43.602155" lon="146.792937"><ele>18.5</ele></trkpt>
    <trkpt lat="-43.602128" lon="146.793357"><ele>23.2</ele></trkpt>
    <trkpt lat="-43.602137" lon="146.793422"><ele>23.7</ele></trkpt>
    <trkpt lat="-43.602110" lon="146.793837"><ele>25.9</ele></trkpt>
    <trkpt lat="-43.602238" lon="146.794217"><ele>26.3</ele></trkpt>
    <trkpt lat="-43.602258" lon="146.794628"><ele>24.7</ele></trkpt>
    <trkpt lat="-43.602207" lon="146.795032"><ele>21.3</ele></trkpt>
    <trkpt lat="-43.602165" lon="146.795060"><ele>20.5</ele></trkpt>
    <trkpt lat="-43.602027" lon="146.795297"><ele>17.0</ele></trkpt>
    <trkpt lat="-43.601913" lon="146.795395"><ele>14.9</ele></trkpt>
    <trkpt lat="-43.601797" lon="146.795657"><ele>11.5</ele></trkpt>
    <trkpt lat="-43.601846" lon="146.795982"><ele>8.2</ele></trkpt>
    <trkpt lat="-43.601790" lon="146.796512"><ele>4.7</ele></trkpt>
    <trkpt lat="-43.601801" lon="146.797182"><ele>3.6</ele></trkpt>
    <trkpt lat="-43.601811" lon="146.797879"><ele>3.6</ele></trkpt>
    <trkpt lat="-43.601822" lon="146.798575"><ele>3.5</ele></trkpt>
    <trkpt lat="-43.601861" lon="146.799272"><ele>3.1</ele></trkpt>
    <trkpt lat="-43.601899" lon="146.799711"><ele>3.5</ele></trkpt>
    <trkpt lat="-43.601891" lon="146.800278"><ele>5.6</ele></trkpt>
    <trkpt lat="-43.601873" lon="146.800602"><ele>8.5</ele></trkpt>
    <trkpt lat="-43.601735" lon="146.800638"><ele>10.8</ele></trkpt>
    <trkpt lat="-43.601702" lon="146.800698"><ele>11.9</ele></trkpt>
    <trkpt lat="-43.601747" lon="146.800790"><ele>13.5</ele></trkpt>
    <trkpt lat="-43.601807" lon="146.800857"><ele>15.0</ele></trkpt>
    <trkpt lat="-43.601813" lon="146.800927"><ele>16.2</ele></trkpt>
    <trkpt lat="-43.601815" lon="146.800993"><ele>17.5</ele></trkpt>
    <trkpt lat="-43.601793" lon="146.801052"><ele>18.8</ele></trkpt>
    <trkpt lat="-43.601787" lon="146.801113"><ele>20.0</ele></trkpt>
    <trkpt lat="-43.601763" lon="146.801173"><ele>21.3</ele></trkpt>
    <trkpt lat="-43.601773" lon="146.801238"><ele>22.6</ele></trkpt>
    <trkpt lat="-43.601793" lon="146.801300"><ele>24.0</ele></trkpt>
    <trkpt lat="-43.601813" lon="146.801362"><ele>25.5</ele></trkpt>
    <trkpt lat="-43.601820" lon="146.801425"><ele>26.9</ele></trkpt>
    <trkpt lat="-43.601817" lon="146.801491"><ele>28.4</ele></trkpt>
    <trkpt lat="-43.601840" lon="146.801528"><ele>29.4</ele></trkpt>
    <trkpt lat="-43.601822" lon="146.801588"><ele>30.9</ele></trkpt>
    <trkpt lat="-43.601828" lon="146.801650"><ele>32.3</ele></trkpt>
    <trkpt lat="-43.601801" lon="146.801753"><ele>34.9</ele></trkpt>
    <trkpt lat="-43.601818" lon="146.801827"><ele>36.7</ele></trkpt>
    <trkpt lat="-43.601835" lon="146.801888"><ele>38.2</ele></trkpt>
    <trkpt lat="-43.601855" lon="146.801950"><ele>39.7</ele></trkpt>
    <trkpt lat="-43.601828" lon="146.802000"><ele>41.0</ele></trkpt>
    <trkpt lat="-43.601783" lon="146.802052"><ele>42.7</ele></trkpt>
    <trkpt lat="-43.601753" lon="146.802105"><ele>44.1</ele></trkpt>
    <trkpt lat="-43.601717" lon="146.802155"><ele>45.5</ele></trkpt>
    <trkpt lat="-43.601693" lon="146.802210"><ele>46.8</ele></trkpt>
    <trkpt lat="-43.601668" lon="146.802262"><ele>48.0</ele></trkpt>
    <trkpt lat="-43.601648" lon="146.802323"><ele>49.3</ele></trkpt>
    <trkpt lat="-43.601650" lon="146.802393"><ele>50.6</ele></trkpt>
    <trkpt lat="-43.601632" lon="146.802458"><ele>51.9</ele></trkpt>
    <trkpt lat="-43.601626" lon="146.802518"><ele>53.1</ele></trkpt>
    <trkpt lat="-43.601618" lon="146.802560"><ele>53.9</ele></trkpt>
    <trkpt lat="-43.601610" lon="146.802597"><ele>54.5</ele></trkpt>
    <trkpt lat="-43.601570" lon="146.802645"><ele>55.7</ele></trkpt>
    <trkpt lat="-43.601557" lon="146.802707"><ele>56.8</ele></trkpt>
    <trkpt lat="-43.601533" lon="146.802760"><ele>57.8</ele></trkpt>
    <trkpt lat="-43.601502" lon="146.802795"><ele>58.7</ele></trkpt>
    <trkpt lat="-43.601457" lon="146.802840"><ele>60.0</ele></trkpt>
    <trkpt lat="-43.601412" lon="146.802865"><ele>60.9</ele></trkpt>
    <trkpt lat="-43.601373" lon="146.802917"><ele>61.8</ele></trkpt>
    <trkpt lat="-43.601357" lon="146.802993"><ele>62.7</ele></trkpt>
    <trkpt lat="-43.601340" lon="146.803057"><ele>63.6</ele></trkpt>
    <trkpt lat="-43.601323" lon="146.803118"><ele>64.4</ele></trkpt>
    <trkpt lat="-43.601287" lon="146.803167"><ele>65.0</ele></trkpt>
    <trkpt lat="-43.601257" lon="146.803213"><ele>65.3</ele></trkpt>
    <trkpt lat="-43.601237" lon="146.803275"><ele>65.7</ele></trkpt>
    <trkpt lat="-43.601203" lon="146.803325"><ele>66.1</ele></trkpt>
    <trkpt lat="-43.601167" lon="146.803368"><ele>66.5</ele></trkpt>
    <trkpt lat="-43.601127" lon="146.803417"><ele>66.9</ele></trkpt>
    <trkpt lat="-43.601071" lon="146.803505"><ele>66.8</ele></trkpt>
    <trkpt lat="-43.601056" lon="146.803594"><ele>66.7</ele></trkpt>
    <trkpt lat="-43.601042" lon="146.803667"><ele>66.6</ele></trkpt>
    <trkpt lat="-43.601042" lon="146.803710"><ele>66.5</ele></trkpt>
    <trkpt lat="-43.601080" lon="146.803740"><ele>66.4</ele></trkpt>
    <trkpt lat="-43.601078" lon="146.803818"><ele>66.1</ele></trkpt>
    <trkpt lat="-43.601098" lon="146.803888"><ele>65.8</ele></trkpt>
    <trkpt lat="-43.601133" lon="146.803948"><ele>65.4</ele></trkpt>
    <trkpt lat="-43.601158" lon="146.804005"><ele>65.1</ele></trkpt>
    <trkpt lat="-43.601207" lon="146.804035"><ele>64.8</ele></trkpt>
    <trkpt lat="-43.601255" lon="146.804050"><ele>64.4</ele></trkpt>
    <trkpt lat="-43.601302" lon="146.804063"><ele>63.9</ele></trkpt>
    <trkpt lat="-43.601348" lon="146.804062"><ele>63.5</ele></trkpt>
    <trkpt lat="-43.601392" lon="146.804082"><ele>63.1</ele></trkpt>
    <trkpt lat="-43.601435" lon="146.804098"><ele>62.7</ele></trkpt>
    <trkpt lat="-43.601482" lon="146.804098"><ele>62.4</ele></trkpt>
    <trkpt lat="-43.601527" lon="146.804118"><ele>62.1</ele></trkpt>
    <trkpt lat="-43.601543" lon="146.804098"><ele>62.0</ele></trkpt>
    <trkpt lat="-43.601575" lon="146.804043"><ele>61.7</ele></trkpt>
    <trkpt lat="-43.601602" lon="146.804049"><ele>61.5</ele></trkpt>
    <trkpt lat="-43.601620" lon="146.804085"><ele>61.3</ele></trkpt>
    <trkpt lat="-43.601643" lon="146.804138"><ele>61.1</ele></trkpt>
    <trkpt lat="-43.601683" lon="146.804185"><ele>61.1</ele></trkpt>
    <trkpt lat="-43.601725" lon="146.804210"><ele>61.3</ele></trkpt>
    <trkpt lat="-43.601768" lon="146.804190"><ele>61.5</ele></trkpt>
    <trkpt lat="-43.601815" lon="146.804178"><ele>61.8</ele></trkpt>
    <trkpt lat="-43.601858" lon="146.804197"><ele>62.0</ele></trkpt>
    <trkpt lat="-43.601905" lon="146.804187"><ele>62.2</ele></trkpt>
    <trkpt lat="-43.601954" lon="146.804256"><ele>63.2</ele></trkpt>
    <trkpt lat="-43.602033" lon="146.804335"><ele>64.7</ele></trkpt>
    <trkpt lat="-43.602085" lon="146.804343"><ele>65.5</ele></trkpt>
    <trkpt lat="-43.602132" lon="146.804362"><ele>66.2</ele></trkpt>
    <trkpt lat="-43.602155" lon="146.804415"><ele>67.1</ele></trkpt>
    <trkpt lat="-43.602208" lon="146.804442"><ele>68.3</ele></trkpt>
    <trkpt lat="-43.602235" lon="146.804495"><ele>69.3</ele></trkpt>
    <trkpt lat="-43.602257" lon="146.804553"><ele>70.2</ele></trkpt>
    <trkpt lat="-43.602298" lon="146.804597"><ele>71.3</ele></trkpt>
    <trkpt lat="-43.602328" lon="146.804645"><ele>72.3</ele></trkpt>
    <trkpt lat="-43.602357" lon="146.804693"><ele>73.4</ele></trkpt>
    <trkpt lat="-43.602402" lon="146.804712"><ele>74.5</ele></trkpt>
    <trkpt lat="-43.602447" lon="146.804740"><ele>75.6</ele></trkpt>
    <trkpt lat="-43.602485" lon="146.804775"><ele>76.7</ele></trkpt>
    <trkpt lat="-43.602530" lon="146.804787"><ele>77.8</ele></trkpt>
    <trkpt lat="-43.602580" lon="146.804778"><ele>79.0</ele></trkpt>
    <trkpt lat="-43.602630" lon="146.804772"><ele>80.2</ele></trkpt>
    <trkpt lat="-43.602682" lon="146.804767"><ele>81.4</ele></trkpt>
    <trkpt lat="-43.602745" lon="146.804798"><ele>83.1</ele></trkpt>
    <trkpt lat="-43.602788" lon="146.804827"><ele>84.2</ele></trkpt>
    <trkpt lat="-43.602835" lon="146.804828"><ele>85.2</ele></trkpt>
    <trkpt lat="-43.602887" lon="146.804840"><ele>86.3</ele></trkpt>
    <trkpt lat="-43.602965" lon="146.804867"><ele>87.8</ele></trkpt>
    <trkpt lat="-43.603018" lon="146.804887"><ele>88.9</ele></trkpt>
    <trkpt lat="-43.603072" lon="146.804885"><ele>90.0</ele></trkpt>
    <trkpt lat="-43.603120" lon="146.804897"><ele>90.7</ele></trkpt>
    <trkpt lat="-43.603167" lon="146.804915"><ele>91.4</ele></trkpt>
    <trkpt lat="-43.603217" lon="146.804945"><ele>92.2</ele></trkpt>
    <trkpt lat="-43.603263" lon="146.804950"><ele>92.9</ele></trkpt>
    <trkpt lat="-43.603310" lon="146.804937"><ele>93.5</ele></trkpt>
    <trkpt lat="-43.603372" lon="146.804935"><ele>94.2</ele></trkpt>
    <trkpt lat="-43.603418" lon="146.804927"><ele>94.4</ele></trkpt>
    <trkpt lat="-43.603495" lon="146.804950"><ele>94.9</ele></trkpt>
    <trkpt lat="-43.603548" lon="146.804997"><ele>95.3</ele></trkpt>
    <trkpt lat="-43.603542" lon="146.805062"><ele>95.6</ele></trkpt>
    <trkpt lat="-43.603575" lon="146.805110"><ele>96.0</ele></trkpt>
    <trkpt lat="-43.603628" lon="146.805143"><ele>96.5</ele></trkpt>
    <trkpt lat="-43.603655" lon="146.805203"><ele>97.0</ele></trkpt>
    <trkpt lat="-43.603697" lon="146.805247"><ele>97.5</ele></trkpt>
    <trkpt lat="-43.603743" lon="146.805265"><ele>97.9</ele></trkpt>
    <trkpt lat="-43.603795" lon="146.805287"><ele>98.3</ele></trkpt>
    <trkpt lat="-43.603843" lon="146.805290"><ele>98.6</ele></trkpt>
    <trkpt lat="-43.603853" lon="146.805295"><ele>98.7</ele></trkpt>
    <trkpt lat="-43.603930" lon="146.805328"><ele>99.2</ele></trkpt>
    <trkpt lat="-43.603958" lon="146.805392"><ele>99.6</ele></trkpt>
    <trkpt lat="-43.603968" lon="146.805470"><ele>100.0</ele></trkpt>
    <trkpt lat="-43.603948" lon="146.805530"><ele>100.3</ele></trkpt>
    <trkpt lat="-43.603927" lon="146.805590"><ele>100.7</ele></trkpt>
    <trkpt lat="-43.603913" lon="146.805662"><ele>101.1</ele></trkpt>
    <trkpt lat="-43.603887" lon="146.805718"><ele>101.4</ele></trkpt>
    <trkpt lat="-43.603867" lon="146.805780"><ele>101.8</ele></trkpt>
    <trkpt lat="-43.603847" lon="146.805842"><ele>102.1</ele></trkpt>
    <trkpt lat="-43.603838" lon="146.805905"><ele>102.5</ele></trkpt>
    <trkpt lat="-43.603827" lon="146.805977"><ele>102.8</ele></trkpt>
    <trkpt lat="-43.603813" lon="146.806050"><ele>103.2</ele></trkpt>
    <trkpt lat="-43.603800" lon="146.806112"><ele>103.6</ele></trkpt>
    <trkpt lat="-43.603798" lon="146.806175"><ele>104.0</ele></trkpt>
    <trkpt lat="-43.603768" lon="146.806250"><ele>104.8</ele></trkpt>
    <trkpt lat="-43.603768" lon="146.806328"><ele>105.6</ele></trkpt>
    <trkpt lat="-43.603762" lon="146.806403"><ele>106.3</ele></trkpt>
    <trkpt lat="-43.603752" lon="146.806473"><ele>106.9</ele></trkpt>
    <trkpt lat="-43.603753" lon="146.806538"><ele>107.4</ele></trkpt>
    <trkpt lat="-43.603745" lon="146.806607"><ele>107.9</ele></trkpt>
    <trkpt lat="-43.603758" lon="146.806678"><ele>108.4</ele></trkpt>
    <trkpt lat="-43.603758" lon="146.806743"><ele>108.8</ele></trkpt>
    <trkpt lat="-43.603765" lon="146.806808"><ele>109.2</ele></trkpt>
    <trkpt lat="-43.603740" lon="146.806873"><ele>109.7</ele></trkpt>
    <trkpt lat="-43.603742" lon="146.806945"><ele>110.3</ele></trkpt>
    <trkpt lat="-43.603732" lon="146.807013"><ele>110.8</ele></trkpt>
    <trkpt lat="-43.603707" lon="146.807067"><ele>111.3</ele></trkpt>
    <trkpt lat="-43.603665" lon="146.807128"><ele>111.9</ele></trkpt>
    <trkpt lat="-43.603650" lon="146.807192"><ele>112.4</ele></trkpt>
    <trkpt lat="-43.603642" lon="146.807258"><ele>112.9</ele></trkpt>
    <trkpt lat="-43.603620" lon="146.807273"><ele>113.2</ele></trkpt>
    <trkpt lat="-43.603598" lon="146.807319"><ele>113.6</ele></trkpt>
    <trkpt lat="-43.603612" lon="146.807365"><ele>114.0</ele></trkpt>
    <trkpt lat="-43.603622" lon="146.807427"><ele>114.5</ele></trkpt>
    <trkpt lat="-43.603645" lon="146.807487"><ele>115.0</ele></trkpt>
    <trkpt lat="-43.603665" lon="146.807547"><ele>115.5</ele></trkpt>
    <trkpt lat="-43.603668" lon="146.807610"><ele>116.1</ele></trkpt>
    <trkpt lat="-43.603670" lon="146.807673"><ele>116.6</ele></trkpt>
    <trkpt lat="-43.603675" lon="146.807747"><ele>117.3</ele></trkpt>
    <trkpt lat="-43.603645" lon="146.807817"><ele>118.0</ele></trkpt>
    <trkpt lat="-43.603622" lon="146.807885"><ele>118.6</ele></trkpt>
    <trkpt lat="-43.603620" lon="146.807955"><ele>119.1</ele></trkpt>
    <trkpt lat="-43.603620" lon="146.808020"><ele>119.6</ele></trkpt>
    <trkpt lat="-43.603618" lon="146.808083"><ele>120.0</ele></trkpt>
    <trkpt lat="-43.603588" lon="146.808135"><ele>120.5</ele></trkpt>
    <trkpt lat="-43.603572" lon="146.808193"><ele>121.0</ele></trkpt>
    <trkpt lat="-43.603580" lon="146.808258"><ele>121.4</ele></trkpt>
    <trkpt lat="-43.603553" lon="146.808317"><ele>121.7</ele></trkpt>
    <trkpt lat="-43.603522" lon="146.808367"><ele>122.1</ele></trkpt>
    <trkpt lat="-43.603478" lon="146.808412"><ele>122.5</ele></trkpt>
    <trkpt lat="-43.603475" lon="146.808487"><ele>122.9</ele></trkpt>
    <trkpt lat="-43.603465" lon="146.808555"><ele>123.2</ele></trkpt>
    <trkpt lat="-43.603483" lon="146.808623"><ele>123.4</ele></trkpt>
    <trkpt lat="-43.603472" lon="146.808698"><ele>123.6</ele></trkpt>
    <trkpt lat="-43.603460" lon="146.808758"><ele>123.8</ele></trkpt>
    <trkpt lat="-43.603493" lon="146.808818"><ele>124.0</ele></trkpt>
    <trkpt lat="-43.603538" lon="146.808805"><ele>124.2</ele></trkpt>
    <trkpt lat="-43.603587" lon="146.808822"><ele>124.3</ele></trkpt>
    <trkpt lat="-43.603593" lon="146.808903"><ele>124.3</ele></trkpt>
    <trkpt lat="-43.603583" lon="146.808978"><ele>124.4</ele></trkpt>
    <trkpt lat="-43.603572" lon="146.809047"><ele>124.4</ele></trkpt>
    <trkpt lat="-43.603560" lon="146.809107"><ele>124.4</ele></trkpt>
    <trkpt lat="-43.603552" lon="146.809170"><ele>124.3</ele></trkpt>
    <trkpt lat="-43.603547" lon="146.809248"><ele>124.0</ele></trkpt>
    <trkpt lat="-43.603540" lon="146.809323"><ele>123.8</ele></trkpt>
    <trkpt lat="-43.603517" lon="146.809392"><ele>123.6</ele></trkpt>
    <trkpt lat="-43.603480" lon="146.809438"><ele>123.3</ele></trkpt>
    <trkpt lat="-43.603490" lon="146.809500"><ele>123.0</ele></trkpt>
    <trkpt lat="-43.603478" lon="146.809568"><ele>122.5</ele></trkpt>
    <trkpt lat="-43.603463" lon="146.809637"><ele>122.0</ele></trkpt>
    <trkpt lat="-43.603480" lon="146.809700"><ele>121.6</ele></trkpt>
    <trkpt lat="-43.603510" lon="146.809762"><ele>121.1</ele></trkpt>
    <trkpt lat="-43.603498" lon="146.809837"><ele>120.5</ele></trkpt>
    <trkpt lat="-43.603503" lon="146.809902"><ele>119.7</ele></trkpt>
    <trkpt lat="-43.603492" lon="146.809968"><ele>119.0</ele></trkpt>
    <trkpt lat="-43.603493" lon="146.810037"><ele>118.3</ele></trkpt>
    <trkpt lat="-43.603545" lon="146.810132"><ele>117.0</ele></trkpt>
    <trkpt lat="-43.603612" lon="146.810168"><ele>115.6</ele></trkpt>
    <trkpt lat="-43.603660" lon="146.810203"><ele>114.5</ele></trkpt>
    <trkpt lat="-43.603658" lon="146.810270"><ele>113.5</ele></trkpt>
    <trkpt lat="-43.603650" lon="146.810335"><ele>112.6</ele></trkpt>
    <trkpt lat="-43.603707" lon="146.810362"><ele>111.4</ele></trkpt>
    <trkpt lat="-43.603708" lon="146.810427"><ele>110.4</ele></trkpt>
    <trkpt lat="-43.603750" lon="146.810457"><ele>109.4</ele></trkpt>
    <trkpt lat="-43.603816" lon="146.810558"><ele>107.3</ele></trkpt>
    <trkpt lat="-43.603883" lon="146.810673"><ele>105.0</ele></trkpt>
    <trkpt lat="-43.603920" lon="146.810737"><ele>103.7</ele></trkpt>
    <trkpt lat="-43.603913" lon="146.810807"><ele>102.5</ele></trkpt>
    <trkpt lat="-43.603902" lon="146.810882"><ele>101.3</ele></trkpt>
    <trkpt lat="-43.603892" lon="146.810945"><ele>100.3</ele></trkpt>
    <trkpt lat="-43.603880" lon="146.811023"><ele>99.0</ele></trkpt>
    <trkpt lat="-43.603855" lon="146.811088"><ele>98.0</ele></trkpt>
    <trkpt lat="-43.603842" lon="146.811155"><ele>97.0</ele></trkpt>
    <trkpt lat="-43.603845" lon="146.811220"><ele>96.0</ele></trkpt>
    <trkpt lat="-43.603873" lon="146.811275"><ele>95.1</ele></trkpt>
    <trkpt lat="-43.603917" lon="146.811305"><ele>94.1</ele></trkpt>
    <trkpt lat="-43.603938" lon="146.811347"><ele>93.5</ele></trkpt>
    <trkpt lat="-43.603953" lon="146.811430"><ele>92.4</ele></trkpt>
    <trkpt lat="-43.603995" lon="146.811488"><ele>91.4</ele></trkpt>
    <trkpt lat="-43.604032" lon="146.811545"><ele>90.4</ele></trkpt>
    <trkpt lat="-43.604065" lon="146.811593"><ele>89.6</ele></trkpt>
    <trkpt lat="-43.604087" lon="146.811658"><ele>88.8</ele></trkpt>
    <trkpt lat="-43.604090" lon="146.811753"><ele>87.8</ele></trkpt>
    <trkpt lat="-43.604130" lon="146.811783"><ele>87.1</ele></trkpt>
    <trkpt lat="-43.604148" lon="146.811850"><ele>86.3</ele></trkpt>
    <trkpt lat="-43.604180" lon="146.811954"><ele>85.1</ele></trkpt>
    <trkpt lat="-43.604252" lon="146.811993"><ele>83.8</ele></trkpt>
    <trkpt lat="-43.604285" lon="146.812038"><ele>83.1</ele></trkpt>
    <trkpt lat="-43.604338" lon="146.812047"><ele>82.2</ele></trkpt>
    <trkpt lat="-43.604392" lon="146.812048"><ele>81.3</ele></trkpt>
    <trkpt lat="-43.604437" lon="146.812083"><ele>80.6</ele></trkpt>
    <trkpt lat="-43.604482" lon="146.812090"><ele>80.0</ele></trkpt>
    <trkpt lat="-43.604530" lon="146.812100"><ele>79.3</ele></trkpt>
    <trkpt lat="-43.604572" lon="146.812128"><ele>78.7</ele></trkpt>
    <trkpt lat="-43.604623" lon="146.812135"><ele>78.0</ele></trkpt>
    <trkpt lat="-43.604667" lon="146.812118"><ele>77.4</ele></trkpt>
    <trkpt lat="-43.604702" lon="146.812078"><ele>76.8</ele></trkpt>
    <trkpt lat="-43.604750" lon="146.812097"><ele>76.1</ele></trkpt>
    <trkpt lat="-43.604773" lon="146.812152"><ele>75.5</ele></trkpt>
    <trkpt lat="-43.604792" lon="146.812217"><ele>74.8</ele></trkpt>
    <trkpt lat="-43.604832" lon="146.812298"><ele>73.9</ele></trkpt>
    <trkpt lat="-43.604808" lon="146.812360"><ele>73.4</ele></trkpt>
    <trkpt lat="-43.604823" lon="146.812433"><ele>72.8</ele></trkpt>
    <trkpt lat="-43.604832" lon="146.812505"><ele>72.2</ele></trkpt>
    <trkpt lat="-43.604835" lon="146.812583"><ele>71.7</ele></trkpt>
    <trkpt lat="-43.604838" lon="146.812652"><ele>71.2</ele></trkpt>
    <trkpt lat="-43.604863" lon="146.812703"><ele>70.8</ele></trkpt>
    <trkpt lat="-43.604908" lon="146.812745"><ele>70.4</ele></trkpt>
    <trkpt lat="-43.604937" lon="146.812797"><ele>70.0</ele></trkpt>
    <trkpt lat="-43.604967" lon="146.812847"><ele>69.6</ele></trkpt>
    <trkpt lat="-43.604990" lon="146.812903"><ele>69.2</ele></trkpt>
    <trkpt lat="-43.605007" lon="146.812967"><ele>68.9</ele></trkpt>
    <trkpt lat="-43.605030" lon="146.813025"><ele>68.6</ele></trkpt>
    <trkpt lat="-43.605060" lon="146.813077"><ele>68.3</ele></trkpt>
    <trkpt lat="-43.605100" lon="146.813133"><ele>67.9</ele></trkpt>
    <trkpt lat="-43.605137" lon="146.813178"><ele>67.6</ele></trkpt>
    <trkpt lat="-43.605143" lon="146.813265"><ele>67.2</ele></trkpt>
    <trkpt lat="-43.605160" lon="146.813323"><ele>67.0</ele></trkpt>
    <trkpt lat="-43.605162" lon="146.813387"><ele>66.7</ele></trkpt>
    <trkpt lat="-43.605170" lon="146.813468"><ele>66.4</ele></trkpt>
    <trkpt lat="-43.605190" lon="146.813535"><ele>66.1</ele></trkpt>
    <trkpt lat="-43.605200" lon="146.813602"><ele>65.8</ele></trkpt>
    <trkpt lat="-43.605230" lon="146.813657"><ele>65.4</ele></trkpt>
    <trkpt lat="-43.605250" lon="146.813718"><ele>65.0</ele></trkpt>
    <trkpt lat="-43.605268" lon="146.813787"><ele>64.6</ele></trkpt>
    <trkpt lat="-43.605293" lon="146.813855"><ele>64.2</ele></trkpt>
    <trkpt lat="-43.605307" lon="146.813923"><ele>63.8</ele></trkpt>
    <trkpt lat="-43.605295" lon="146.813993"><ele>63.2</ele></trkpt>
    <trkpt lat="-43.605257" lon="146.814052"><ele>62.6</ele></trkpt>
    <trkpt lat="-43.605235" lon="146.814107"><ele>62.0</ele></trkpt>
    <trkpt lat="-43.605197" lon="146.814153"><ele>61.4</ele></trkpt>
    <trkpt lat="-43.605163" lon="146.814197"><ele>60.9</ele></trkpt>
    <trkpt lat="-43.605132" lon="146.814257"><ele>60.2</ele></trkpt>
    <trkpt lat="-43.605111" lon="146.814321"><ele>59.4</ele></trkpt>
    <trkpt lat="-43.605145" lon="146.814377"><ele>58.6</ele></trkpt>
    <trkpt lat="-43.605195" lon="146.814368"><ele>57.9</ele></trkpt>
    <trkpt lat="-43.605247" lon="146.814393"><ele>57.0</ele></trkpt>
    <trkpt lat="-43.605282" lon="146.814438"><ele>56.3</ele></trkpt>
    <trkpt lat="-43.605365" lon="146.814494"><ele>54.9</ele></trkpt>
    <trkpt lat="-43.605455" lon="146.814485"><ele>53.6</ele></trkpt>
    <trkpt lat="-43.605505" lon="146.814463"><ele>52.8</ele></trkpt>
    <trkpt lat="-43.605553" lon="146.814512"><ele>51.8</ele></trkpt>
    <trkpt lat="-43.605582" lon="146.814565"><ele>51.1</ele></trkpt>
    <trkpt lat="-43.605605" lon="146.814632"><ele>50.2</ele></trkpt>
    <trkpt lat="-43.605588" lon="146.814705"><ele>49.3</ele></trkpt>
    <trkpt lat="-43.605567" lon="146.814782"><ele>48.3</ele></trkpt>
    <trkpt lat="-43.605570" lon="146.814845"><ele>47.6</ele></trkpt>
    <trkpt lat="-43.605560" lon="146.814912"><ele>46.8</ele></trkpt>
    <trkpt lat="-43.605558" lon="146.814980"><ele>46.1</ele></trkpt>
    <trkpt lat="-43.605562" lon="146.815043"><ele>45.5</ele></trkpt>
    <trkpt lat="-43.605570" lon="146.815107"><ele>44.8</ele></trkpt>
    <trkpt lat="-43.605582" lon="146.815168"><ele>44.1</ele></trkpt>
    <trkpt lat="-43.605578" lon="146.815233"><ele>43.5</ele></trkpt>
    <trkpt lat="-43.605547" lon="146.815288"><ele>42.8</ele></trkpt>
    <trkpt lat="-43.605525" lon="146.815352"><ele>42.1</ele></trkpt>
    <trkpt lat="-43.605503" lon="146.815407"><ele>41.5</ele></trkpt>
    <trkpt lat="-43.605490" lon="146.815468"><ele>40.9</ele></trkpt>
    <trkpt lat="-43.605468" lon="146.815537"><ele>40.2</ele></trkpt>
    <trkpt lat="-43.605445" lon="146.815602"><ele>39.4</ele></trkpt>
    <trkpt lat="-43.605425" lon="146.815665"><ele>38.6</ele></trkpt>
    <trkpt lat="-43.605423" lon="146.815740"><ele>37.8</ele></trkpt>
    <trkpt lat="-43.605423" lon="146.815803"><ele>37.1</ele></trkpt>
    <trkpt lat="-43.605470" lon="146.815835"><ele>36.4</ele></trkpt>
    <trkpt lat="-43.605515" lon="146.815855"><ele>35.5</ele></trkpt>
    <trkpt lat="-43.605565" lon="146.815870"><ele>34.6</ele></trkpt>
    <trkpt lat="-43.605612" lon="146.815893"><ele>33.7</ele></trkpt>
    <trkpt lat="-43.605657" lon="146.815872"><ele>32.8</ele></trkpt>
    <trkpt lat="-43.605731" lon="146.815803"><ele>31.2</ele></trkpt>
    <trkpt lat="-43.605783" lon="146.815747"><ele>29.8</ele></trkpt>
    <trkpt lat="-43.605822" lon="146.815754"><ele>28.9</ele></trkpt>
    <trkpt lat="-43.605918" lon="146.815817"><ele>26.7</ele></trkpt>
    <trkpt lat="-43.605933" lon="146.815883"><ele>25.6</ele></trkpt>
    <trkpt lat="-43.605947" lon="146.815945"><ele>24.6</ele></trkpt>
    <trkpt lat="-43.605958" lon="146.816010"><ele>23.5</ele></trkpt>
    <trkpt lat="-43.605940" lon="146.816072"><ele>22.5</ele></trkpt>
    <trkpt lat="-43.605933" lon="146.816148"><ele>21.3</ele></trkpt>
    <trkpt lat="-43.605938" lon="146.816215"><ele>20.2</ele></trkpt>
    <trkpt lat="-43.606000" lon="146.816265"><ele>18.6</ele></trkpt>
    <trkpt lat="-43.606078" lon="146.816315"><ele>16.7</ele></trkpt>
    <trkpt lat="-43.606083" lon="146.816380"><ele>15.7</ele></trkpt>
    <trkpt lat="-43.606075" lon="146.816433"><ele>14.9</ele></trkpt>
    <trkpt lat="-43.606104" lon="146.816481"><ele>13.9</ele></trkpt>
    <trkpt lat="-43.606155" lon="146.816517"><ele>12.9</ele></trkpt>
    <trkpt lat="-43.606205" lon="146.816540"><ele>12.0</ele></trkpt>
    <trkpt lat="-43.606253" lon="146.816512"><ele>11.0</ele></trkpt>
    <trkpt lat="-43.606281" lon="146.816479"><ele>10.4</ele></trkpt>
    <trkpt lat="-43.606305" lon="146.816451"><ele>9.9</ele></trkpt>
    <trkpt lat="-43.606322" lon="146.816423"><ele>9.4</ele></trkpt>
    <trkpt lat="-43.606431" lon="146.816443"><ele>8.1</ele></trkpt>
    <trkpt lat="-43.606502" lon="146.816467"><ele>7.3</ele></trkpt>
    <trkpt lat="-43.606597" lon="146.816664"><ele>5.8</ele></trkpt>
    <trkpt lat="-43.606611" lon="146.816881"><ele>4.9</ele></trkpt>
    <trkpt lat="-43.606592" lon="146.817150"><ele>4.3</ele></trkpt>
    <trkpt lat="-43.606448" lon="146.817288"><ele>3.9</ele></trkpt>
    <trkpt lat="-43.606548" lon="146.817308"><ele>3.9</ele></trkpt>
    <trkpt lat="-43.606624" lon="146.817398"><ele>3.8</ele></trkpt>
    <trkpt lat="-43.607020" lon="146.818129"><ele>4.1</ele></trkpt>
    <trkpt lat="-43.607209" lon="146.818851"><ele>4.4</ele></trkpt>
    <trkpt lat="-43.607895" lon="146.819881"><ele>3.9</ele></trkpt>
    <trkpt lat="-43.608356" lon="146.820757"><ele>2.5</ele></trkpt>
    <trkpt lat="-43.608769" lon="146.821427"><ele>2.0</ele></trkpt>
    <trkpt lat="-43.609183" lon="146.822097"><ele>2.5</ele></trkpt>
    <trkpt lat="-43.609568" lon="146.822508"><ele>7.4</ele></trkpt>
    <trkpt lat="-43.609643" lon="146.822675"><ele>9.0</ele></trkpt>
    <trkpt lat="-43.609650" lon="146.822740"><ele>9.5</ele></trkpt>
    <trkpt lat="-43.609636" lon="146.822784"><ele>9.8</ele></trkpt>
    <trkpt lat="-43.609597" lon="146.822845"><ele>10.4</ele></trkpt>
    <trkpt lat="-43.609546" lon="146.822870"><ele>10.9</ele></trkpt>
    <trkpt lat="-43.609509" lon="146.822906"><ele>11.4</ele></trkpt>
    <trkpt lat="-43.609463" lon="146.822992"><ele>12.2</ele></trkpt>
    <trkpt lat="-43.609463" lon="146.823036"><ele>12.5</ele></trkpt>
    <trkpt lat="-43.609471" lon="146.823063"><ele>12.7</ele></trkpt>
    <trkpt lat="-43.609495" lon="146.823065"><ele>13.0</ele></trkpt>
    <trkpt lat="-43.609535" lon="146.823055"><ele>13.4</ele></trkpt>
    <trkpt lat="-43.609594" lon="146.823077"><ele>14.0</ele></trkpt>
    <trkpt lat="-43.609626" lon="146.823106"><ele>14.4</ele></trkpt>
    <trkpt lat="-43.609967" lon="146.823182"><ele>16.8</ele></trkpt>
    <trkpt lat="-43.610182" lon="146.823265"><ele>16.7</ele></trkpt>
    <trkpt lat="-43.610235" lon="146.823253"><ele>16.5</ele></trkpt>
    <trkpt lat="-43.610287" lon="146.823255"><ele>16.3</ele></trkpt>
    <trkpt lat="-43.610337" lon="146.823267"><ele>16.1</ele></trkpt>
    <trkpt lat="-43.610387" lon="146.823258"><ele>16.0</ele></trkpt>
    <trkpt lat="-43.610442" lon="146.823262"><ele>16.1</ele></trkpt>
    <trkpt lat="-43.610495" lon="146.823255"><ele>16.2</ele></trkpt>
    <trkpt lat="-43.610540" lon="146.823238"><ele>16.3</ele></trkpt>
    <trkpt lat="-43.610652" lon="146.823205"><ele>16.5</ele></trkpt>
    <trkpt lat="-43.610703" lon="146.823190"><ele>16.7</ele></trkpt>
    <trkpt lat="-43.610757" lon="146.823177"><ele>17.0</ele></trkpt>
    <trkpt lat="-43.610815" lon="146.823188"><ele>17.3</ele></trkpt>
    <trkpt lat="-43.610870" lon="146.823193"><ele>17.5</ele></trkpt>
    <trkpt lat="-43.610922" lon="146.823232"><ele>17.9</ele></trkpt>
    <trkpt lat="-43.610972" lon="146.823257"><ele>18.4</ele></trkpt>
    <trkpt lat="-43.611020" lon="146.823290"><ele>18.8</ele></trkpt>
    <trkpt lat="-43.611060" lon="146.823338"><ele>19.3</ele></trkpt>
    <trkpt lat="-43.611092" lon="146.823403"><ele>19.8</ele></trkpt>
    <trkpt lat="-43.611127" lon="146.823465"><ele>20.4</ele></trkpt>
    <trkpt lat="-43.611152" lon="146.823523"><ele>21.0</ele></trkpt>
    <trkpt lat="-43.611170" lon="146.823593"><ele>21.7</ele></trkpt>
    <trkpt lat="-43.611188" lon="146.823657"><ele>22.4</ele></trkpt>
    <trkpt lat="-43.611207" lon="146.823727"><ele>23.1</ele></trkpt>
    <trkpt lat="-43.611230" lon="146.823867"><ele>24.5</ele></trkpt>
    <trkpt lat="-43.611218" lon="146.823927"><ele>25.2</ele></trkpt>
    <trkpt lat="-43.611128" lon="146.824330"><ele>29.4</ele></trkpt>
    <trkpt lat="-43.611167" lon="146.824898"><ele>33.7</ele></trkpt>
    <trkpt lat="-43.611218" lon="146.825302"><ele>35.3</ele></trkpt>
    <trkpt lat="-43.611282" lon="146.825695"><ele>36.4</ele></trkpt>
    <trkpt lat="-43.611288" lon="146.825767"><ele>36.6</ele></trkpt>
    <trkpt lat="-43.611272" lon="146.826138"><ele>37.0</ele></trkpt>
    <trkpt lat="-43.611263" lon="146.826577"><ele>37.0</ele></trkpt>
    <trkpt lat="-43.611262" lon="146.826655"><ele>37.0</ele></trkpt>
    <trkpt lat="-43.611225" lon="146.826710"><ele>37.0</ele></trkpt>
    <trkpt lat="-43.611193" lon="146.826763"><ele>36.9</ele></trkpt>
    <trkpt lat="-43.611168" lon="146.826815"><ele>36.8</ele></trkpt>
    <trkpt lat="-43.611073" lon="146.826978"><ele>36.5</ele></trkpt>
    <trkpt lat="-43.611052" lon="146.827035"><ele>36.3</ele></trkpt>
    <trkpt lat="-43.611028" lon="146.827107"><ele>36.0</ele></trkpt>
    <trkpt lat="-43.611010" lon="146.827175"><ele>35.8</ele></trkpt>
    <trkpt lat="-43.610990" lon="146.827243"><ele>35.5</ele></trkpt>
    <trkpt lat="-43.610855" lon="146.827640"><ele>34.1</ele></trkpt>
    <trkpt lat="-43.610692" lon="146.827953"><ele>33.6</ele></trkpt>
    <trkpt lat="-43.610645" lon="146.828072"><ele>33.6</ele></trkpt>
    <trkpt lat="-43.610632" lon="146.828133"><ele>33.5</ele></trkpt>
    <trkpt lat="-43.610443" lon="146.828427"><ele>33.4</ele></trkpt>
    <trkpt lat="-43.610262" lon="146.828772"><ele>32.5</ele></trkpt>
    <trkpt lat="-43.610073" lon="146.829110"><ele>30.7</ele></trkpt>
    <trkpt lat="-43.610042" lon="146.829220"><ele>30.1</ele></trkpt>
    <trkpt lat="-43.610052" lon="146.829293"><ele>29.6</ele></trkpt>
    <trkpt lat="-43.610005" lon="146.829353"><ele>29.0</ele></trkpt>
    <trkpt lat="-43.609935" lon="146.829422"><ele>28.2</ele></trkpt>
    <trkpt lat="-43.609740" lon="146.829660"><ele>25.7</ele></trkpt>
    <trkpt lat="-43.609657" lon="146.829688"><ele>25.1</ele></trkpt>
    <trkpt lat="-43.609627" lon="146.829738"><ele>24.8</ele></trkpt>
    <trkpt lat="-43.609613" lon="146.829800"><ele>24.5</ele></trkpt>
    <trkpt lat="-43.609622" lon="146.829863"><ele>24.3</ele></trkpt>
    <trkpt lat="-43.609602" lon="146.829940"><ele>23.9</ele></trkpt>
    <trkpt lat="-43.609422" lon="146.830282"><ele>23.6</ele></trkpt>
    <trkpt lat="-43.609470" lon="146.830597"><ele>24.3</ele></trkpt>
    <trkpt lat="-43.609468" lon="146.830606"><ele>24.3</ele></trkpt>
    <trkpt lat="-43.609462" lon="146.830645"><ele>24.4</ele></trkpt>
    <trkpt lat="-43.609398" lon="146.831025"><ele>25.2</ele></trkpt>
    <trkpt lat="-43.609377" lon="146.831314"><ele>25.9</ele></trkpt>
    <trkpt lat="-43.609375" lon="146.831340"><ele>25.9</ele></trkpt>
    <trkpt lat="-43.609364" lon="146.831361"><ele>26.0</ele></trkpt>
    <trkpt lat="-43.609242" lon="146.831580"><ele>26.5</ele></trkpt>
    <trkpt lat="-43.609232" lon="146.831648"><ele>26.6</ele></trkpt>
    <trkpt lat="-43.609223" lon="146.831867"><ele>27.3</ele></trkpt>
    <trkpt lat="-43.609207" lon="146.831915"><ele>27.5</ele></trkpt>
    <trkpt lat="-43.609220" lon="146.831943"><ele>27.6</ele></trkpt>
    <trkpt lat="-43.609187" lon="146.832113"><ele>28.2</ele></trkpt>
    <trkpt lat="-43.609188" lon="146.832116"><ele>28.2</ele></trkpt>
    <trkpt lat="-43.609202" lon="146.832177"><ele>28.3</ele></trkpt>
    <trkpt lat="-43.609278" lon="146.832490"><ele>29.4</ele></trkpt>
    <trkpt lat="-43.609320" lon="146.832862"><ele>31.4</ele></trkpt>
    <trkpt lat="-43.609500" lon="146.833038"><ele>33.0</ele></trkpt>
    <trkpt lat="-43.609502" lon="146.833410"><ele>34.5</ele></trkpt>
    <trkpt lat="-43.609557" lon="146.833832"><ele>35.9</ele></trkpt>
    <trkpt lat="-43.609537" lon="146.834115"><ele>36.7</ele></trkpt>
    <trkpt lat="-43.609553" lon="146.834275"><ele>36.8</ele></trkpt>
    <trkpt lat="-43.609562" lon="146.834413"><ele>36.9</ele></trkpt>
    <trkpt lat="-43.609541" lon="146.834672"><ele>36.7</ele></trkpt>
    <trkpt lat="-43.609496" lon="146.835057"><ele>36.3</ele></trkpt>
    <trkpt lat="-43.609387" lon="146.835190"><ele>36.2</ele></trkpt>
    <trkpt lat="-43.609383" lon="146.835357"><ele>36.1</ele></trkpt>
    <trkpt lat="-43.609433" lon="146.835520"><ele>36.1</ele></trkpt>
    <trkpt lat="-43.609478" lon="146.835548"><ele>36.1</ele></trkpt>
    <trkpt lat="-43.609501" lon="146.835562"><ele>36.1</ele></trkpt>
    <trkpt lat="-43.609530" lon="146.835580"><ele>36.1</ele></trkpt>
    <trkpt lat="-43.609545" lon="146.835619"><ele>36.0</ele></trkpt>
    <trkpt lat="-43.609643" lon="146.835875"><ele>36.1</ele></trkpt>
    <trkpt lat="-43.609683" lon="146.836160"><ele>36.4</ele></trkpt>
    <trkpt lat="-43.609662" lon="146.836567"><ele>37.1</ele></trkpt>
    <trkpt lat="-43.609595" lon="146.836792"><ele>37.7</ele></trkpt>
    <trkpt lat="-43.609587" lon="146.837200"><ele>38.2</ele></trkpt>
    <trkpt lat="-43.609583" lon="146.837273"><ele>38.2</ele></trkpt>
    <trkpt lat="-43.609583" lon="146.837347"><ele>38.3</ele></trkpt>
    <trkpt lat="-43.609585" lon="146.837420"><ele>38.4</ele></trkpt>
    <trkpt lat="-43.609612" lon="146.837483"><ele>38.4</ele></trkpt>
    <trkpt lat="-43.609528" lon="146.837845"><ele>38.9</ele></trkpt>
    <trkpt lat="-43.609515" lon="146.837918"><ele>39.0</ele></trkpt>
    <trkpt lat="-43.609512" lon="146.837982"><ele>39.1</ele></trkpt>
    <trkpt lat="-43.609440" lon="146.838387"><ele>39.7</ele></trkpt>
    <trkpt lat="-43.609455" lon="146.838447"><ele>39.7</ele></trkpt>
    <trkpt lat="-43.609345" lon="146.838737"><ele>40.0</ele></trkpt>
    <trkpt lat="-43.609203" lon="146.839112"><ele>40.3</ele></trkpt>
    <trkpt lat="-43.609113" lon="146.839410"><ele>40.3</ele></trkpt>
    <trkpt lat="-43.609073" lon="146.839450"><ele>40.3</ele></trkpt>
    <trkpt lat="-43.608962" lon="146.839717"><ele>40.1</ele></trkpt>
    <trkpt lat="-43.608893" lon="146.839863"><ele>39.9</ele></trkpt>
    <trkpt lat="-43.608868" lon="146.839927"><ele>39.8</ele></trkpt>
    <trkpt lat="-43.608843" lon="146.839992"><ele>39.7</ele></trkpt>
    <trkpt lat="-43.608800" lon="146.840050"><ele>39.6</ele></trkpt>
    <trkpt lat="-43.608597" lon="146.840265"><ele>39.4</ele></trkpt>
    <trkpt lat="-43.608556" lon="146.840287"><ele>39.4</ele></trkpt>
    <trkpt lat="-43.608528" lon="146.840303"><ele>39.4</ele></trkpt>
    <trkpt lat="-43.608505" lon="146.840330"><ele>39.4</ele></trkpt>
    <trkpt lat="-43.608398" lon="146.840455"><ele>39.4</ele></trkpt>
    <trkpt lat="-43.608352" lon="146.840487"><ele>39.4</ele></trkpt>
    <trkpt lat="-43.608227" lon="146.840629"><ele>39.4</ele></trkpt>
    <trkpt lat="-43.608155" lon="146.840852"><ele>39.0</ele></trkpt>
    <trkpt lat="-43.608003" lon="146.841150"><ele>38.8</ele></trkpt>
    <trkpt lat="-43.607878" lon="146.841245"><ele>38.8</ele></trkpt>
    <trkpt lat="-43.607837" lon="146.841283"><ele>38.8</ele></trkpt>
    <trkpt lat="-43.607788" lon="146.841318"><ele>38.8</ele></trkpt>
    <trkpt lat="-43.607752" lon="146.841363"><ele>38.8</ele></trkpt>
    <trkpt lat="-43.607717" lon="146.841415"><ele>38.8</ele></trkpt>
    <trkpt lat="-43.607697" lon="146.841483"><ele>38.7</ele></trkpt>
    <trkpt lat="-43.607667" lon="146.841550"><ele>38.6</ele></trkpt>
    <trkpt lat="-43.607597" lon="146.841693"><ele>38.4</ele></trkpt>
    <trkpt lat="-43.607567" lon="146.841742"><ele>38.4</ele></trkpt>
    <trkpt lat="-43.607545" lon="146.841810"><ele>38.3</ele></trkpt>
    <trkpt lat="-43.607527" lon="146.841887"><ele>38.3</ele></trkpt>
    <trkpt lat="-43.607508" lon="146.841957"><ele>38.3</ele></trkpt>
    <trkpt lat="-43.607488" lon="146.842022"><ele>38.2</ele></trkpt>
    <trkpt lat="-43.607455" lon="146.842087"><ele>38.2</ele></trkpt>
    <trkpt lat="-43.607443" lon="146.842155"><ele>38.3</ele></trkpt>
    <trkpt lat="-43.607420" lon="146.842215"><ele>38.3</ele></trkpt>
    <trkpt lat="-43.607387" lon="146.842263"><ele>38.4</ele></trkpt>
    <trkpt lat="-43.607357" lon="146.842312"><ele>38.5</ele></trkpt>
    <trkpt lat="-43.607335" lon="146.842368"><ele>38.5</ele></trkpt>
    <trkpt lat="-43.607312" lon="146.842425"><ele>38.6</ele></trkpt>
    <trkpt lat="-43.607290" lon="146.842500"><ele>38.6</ele></trkpt>
    <trkpt lat="-43.607255" lon="146.842560"><ele>38.7</ele></trkpt>
    <trkpt lat="-43.607223" lon="146.842613"><ele>38.7</ele></trkpt>
    <trkpt lat="-43.607153" lon="146.842777"><ele>38.8</ele></trkpt>
    <trkpt lat="-43.607123" lon="146.842828"><ele>38.8</ele></trkpt>
    <trkpt lat="-43.607085" lon="146.842905"><ele>38.9</ele></trkpt>
    <trkpt lat="-43.607058" lon="146.842967"><ele>38.9</ele></trkpt>
    <trkpt lat="-43.607025" lon="146.843013"><ele>38.9</ele></trkpt>
    <trkpt lat="-43.606987" lon="146.843073"><ele>39.0</ele></trkpt>
    <trkpt lat="-43.606942" lon="146.843130"><ele>39.0</ele></trkpt>
    <trkpt lat="-43.606908" lon="146.843188"><ele>39.1</ele></trkpt>
    <trkpt lat="-43.606878" lon="146.843243"><ele>39.2</ele></trkpt>
    <trkpt lat="-43.606853" lon="146.843298"><ele>39.2</ele></trkpt>
    <trkpt lat="-43.606833" lon="146.843360"><ele>39.2</ele></trkpt>
    <trkpt lat="-43.606808" lon="146.843415"><ele>39.3</ele></trkpt>
    <trkpt lat="-43.606785" lon="146.843483"><ele>39.3</ele></trkpt>
    <trkpt lat="-43.606763" lon="146.843547"><ele>39.4</ele></trkpt>
    <trkpt lat="-43.606733" lon="146.843595"><ele>39.4</ele></trkpt>
    <trkpt lat="-43.606700" lon="146.843638"><ele>39.4</ele></trkpt>
    <trkpt lat="-43.606640" lon="146.843698"><ele>39.4</ele></trkpt>
    <trkpt lat="-43.606579" lon="146.843780"><ele>39.4</ele></trkpt>
    <trkpt lat="-43.606514" lon="146.843884"><ele>39.3</ele></trkpt>
    <trkpt lat="-43.606482" lon="146.844021"><ele>39.0</ele></trkpt>
    <trkpt lat="-43.606482" lon="146.844124"><ele>38.8</ele></trkpt>
    <trkpt lat="-43.606450" lon="146.844252"><ele>38.6</ele></trkpt>
    <trkpt lat="-43.606384" lon="146.844368"><ele>38.3</ele></trkpt>
    <trkpt lat="-43.606312" lon="146.844477"><ele>38.0</ele></trkpt>
    <trkpt lat="-43.606285" lon="146.844530"><ele>37.9</ele></trkpt>
    <trkpt lat="-43.606257" lon="146.844597"><ele>37.7</ele></trkpt>
    <trkpt lat="-43.606235" lon="146.844652"><ele>37.5</ele></trkpt>
    <trkpt lat="-43.606203" lon="146.844712"><ele>37.3</ele></trkpt>
    <trkpt lat="-43.606150" lon="146.844775"><ele>37.1</ele></trkpt>
    <trkpt lat="-43.606105" lon="146.844817"><ele>36.9</ele></trkpt>
    <trkpt lat="-43.606067" lon="146.844877"><ele>36.7</ele></trkpt>
    <trkpt lat="-43.606022" lon="146.844942"><ele>36.4</ele></trkpt>
    <trkpt lat="-43.605968" lon="146.844965"><ele>36.1</ele></trkpt>
    <trkpt lat="-43.605927" lon="146.844993"><ele>35.9</ele></trkpt>
    <trkpt lat="-43.605878" lon="146.845038"><ele>35.7</ele></trkpt>
    <trkpt lat="-43.605838" lon="146.845070"><ele>35.5</ele></trkpt>
    <trkpt lat="-43.605795" lon="146.845112"><ele>35.3</ele></trkpt>
    <trkpt lat="-43.605758" lon="146.845177"><ele>35.1</ele></trkpt>
    <trkpt lat="-43.605728" lon="146.845232"><ele>34.9</ele></trkpt>
    <trkpt lat="-43.605670" lon="146.845245"><ele>34.8</ele></trkpt>
    <trkpt lat="-43.605613" lon="146.845255"><ele>34.7</ele></trkpt>
    <trkpt lat="-43.605558" lon="146.845270"><ele>34.6</ele></trkpt>
    <trkpt lat="-43.605512" lon="146.845313"><ele>34.5</ele></trkpt>
    <trkpt lat="-43.605462" lon="146.845355"><ele>34.4</ele></trkpt>
    <trkpt lat="-43.605422" lon="146.845405"><ele>34.3</ele></trkpt>
    <trkpt lat="-43.605412" lon="146.845468"><ele>34.2</ele></trkpt>
    <trkpt lat="-43.605260" lon="146.845825"><ele>33.6</ele></trkpt>
    <trkpt lat="-43.605153" lon="146.845867"><ele>33.4</ele></trkpt>
    <trkpt lat="-43.605095" lon="146.845890"><ele>33.3</ele></trkpt>
    <trkpt lat="-43.605043" lon="146.845923"><ele>33.3</ele></trkpt>
    <trkpt lat="-43.604990" lon="146.845947"><ele>33.3</ele></trkpt>
    <trkpt lat="-43.604938" lon="146.845980"><ele>33.2</ele></trkpt>
    <trkpt lat="-43.604890" lon="146.846013"><ele>33.2</ele></trkpt>
    <trkpt lat="-43.604848" lon="146.846042"><ele>33.2</ele></trkpt>
    <trkpt lat="-43.604793" lon="146.846073"><ele>33.2</ele></trkpt>
    <trkpt lat="-43.604753" lon="146.846107"><ele>33.2</ele></trkpt>
    <trkpt lat="-43.604703" lon="146.846130"><ele>33.3</ele></trkpt>
    <trkpt lat="-43.604660" lon="146.846178"><ele>33.3</ele></trkpt>
    <trkpt lat="-43.604615" lon="146.846218"><ele>33.3</ele></trkpt>
    <trkpt lat="-43.604573" lon="146.846257"><ele>33.3</ele></trkpt>
    <trkpt lat="-43.604527" lon="146.846290"><ele>33.4</ele></trkpt>
    <trkpt lat="-43.604472" lon="146.846308"><ele>33.4</ele></trkpt>
    <trkpt lat="-43.604398" lon="146.846338"><ele>33.5</ele></trkpt>
    <trkpt lat="-43.604258" lon="146.846433"><ele>33.4</ele></trkpt>
    <trkpt lat="-43.604207" lon="146.846445"><ele>33.4</ele></trkpt>
    <trkpt lat="-43.604150" lon="146.846455"><ele>33.4</ele></trkpt>
    <trkpt lat="-43.604095" lon="146.846463"><ele>33.3</ele></trkpt>
    <trkpt lat="-43.604052" lon="146.846445"><ele>33.3</ele></trkpt>
    <trkpt lat="-43.603928" lon="146.846467"><ele>33.2</ele></trkpt>
    <trkpt lat="-43.603880" lon="146.846490"><ele>33.2</ele></trkpt>
    <trkpt lat="-43.603822" lon="146.846507"><ele>33.2</ele></trkpt>
    <trkpt lat="-43.603767" lon="146.846513"><ele>33.2</ele></trkpt>
    <trkpt lat="-43.603723" lon="146.846530"><ele>33.1</ele></trkpt>
    <trkpt lat="-43.603667" lon="146.846540"><ele>33.1</ele></trkpt>
    <trkpt lat="-43.603615" lon="146.846552"><ele>33.1</ele></trkpt>
    <trkpt lat="-43.603573" lon="146.846583"><ele>33.0</ele></trkpt>
    <trkpt lat="-43.603518" lon="146.846612"><ele>32.8</ele></trkpt>
    <trkpt lat="-43.603468" lon="146.846645"><ele>32.7</ele></trkpt>
    <trkpt lat="-43.603348" lon="146.846770"><ele>32.1</ele></trkpt>
    <trkpt lat="-43.603322" lon="146.846822"><ele>31.8</ele></trkpt>
    <trkpt lat="-43.603300" lon="146.846880"><ele>31.5</ele></trkpt>
    <trkpt lat="-43.603277" lon="146.846942"><ele>31.2</ele></trkpt>
    <trkpt lat="-43.603252" lon="146.847007"><ele>30.9</ele></trkpt>
    <trkpt lat="-43.603213" lon="146.847095"><ele>30.4</ele></trkpt>
    <trkpt lat="-43.603178" lon="146.847152"><ele>30.1</ele></trkpt>
    <trkpt lat="-43.603168" lon="146.847213"><ele>29.9</ele></trkpt>
    <trkpt lat="-43.603153" lon="146.847338"><ele>29.3</ele></trkpt>
    <trkpt lat="-43.603133" lon="146.847395"><ele>29.1</ele></trkpt>
    <trkpt lat="-43.603087" lon="146.847457"><ele>28.7</ele></trkpt>
    <trkpt lat="-43.603035" lon="146.847492"><ele>28.3</ele></trkpt>
    <trkpt lat="-43.602988" lon="146.847533"><ele>28.0</ele></trkpt>
    <trkpt lat="-43.602955" lon="146.847577"><ele>27.7</ele></trkpt>
    <trkpt lat="-43.602912" lon="146.847633"><ele>27.3</ele></trkpt>
    <trkpt lat="-43.602880" lon="146.847678"><ele>27.0</ele></trkpt>
    <trkpt lat="-43.602838" lon="146.847733"><ele>26.6</ele></trkpt>
    <trkpt lat="-43.602798" lon="146.847790"><ele>26.2</ele></trkpt>
    <trkpt lat="-43.602762" lon="146.847850"><ele>25.8</ele></trkpt>
    <trkpt lat="-43.602725" lon="146.847908"><ele>25.5</ele></trkpt>
    <trkpt lat="-43.602687" lon="146.847968"><ele>25.2</ele></trkpt>
    <trkpt lat="-43.602643" lon="146.848022"><ele>24.9</ele></trkpt>
    <trkpt lat="-43.602602" lon="146.848078"><ele>24.7</ele></trkpt>
    <trkpt lat="-43.602567" lon="146.848132"><ele>24.4</ele></trkpt>
    <trkpt lat="-43.602532" lon="146.848190"><ele>24.3</ele></trkpt>
    <trkpt lat="-43.602493" lon="146.848238"><ele>24.3</ele></trkpt>
    <trkpt lat="-43.602433" lon="146.848300"><ele>24.4</ele></trkpt>
    <trkpt lat="-43.602407" lon="146.848350"><ele>24.4</ele></trkpt>
    <trkpt lat="-43.602362" lon="146.848392"><ele>24.4</ele></trkpt>
    <trkpt lat="-43.602323" lon="146.848442"><ele>24.5</ele></trkpt>
    <trkpt lat="-43.602290" lon="146.848493"><ele>24.5</ele></trkpt>
    <trkpt lat="-43.602258" lon="146.848543"><ele>24.5</ele></trkpt>
    <trkpt lat="-43.602227" lon="146.848610"><ele>24.6</ele></trkpt>
    <trkpt lat="-43.602197" lon="146.848668"><ele>24.6</ele></trkpt>
    <trkpt lat="-43.602170" lon="146.848732"><ele>24.6</ele></trkpt>
    <trkpt lat="-43.602133" lon="146.848785"><ele>24.5</ele></trkpt>
    <trkpt lat="-43.602092" lon="146.848838"><ele>24.5</ele></trkpt>
    <trkpt lat="-43.602070" lon="146.848895"><ele>24.4</ele></trkpt>
    <trkpt lat="-43.602037" lon="146.848952"><ele>24.4</ele></trkpt>
    <trkpt lat="-43.602000" lon="146.848992"><ele>24.3</ele></trkpt>
    <trkpt lat="-43.601978" lon="146.849050"><ele>24.3</ele></trkpt>
    <trkpt lat="-43.601927" lon="146.849087"><ele>24.2</ele></trkpt>
    <trkpt lat="-43.601880" lon="146.849123"><ele>24.2</ele></trkpt>
    <trkpt lat="-43.601847" lon="146.849172"><ele>24.1</ele></trkpt>
    <trkpt lat="-43.601815" lon="146.849230"><ele>24.1</ele></trkpt>
    <trkpt lat="-43.601780" lon="146.849287"><ele>24.0</ele></trkpt>
    <trkpt lat="-43.601693" lon="146.849535"><ele>23.6</ele></trkpt>
    <trkpt lat="-43.601650" lon="146.849870"><ele>22.5</ele></trkpt>
    <trkpt lat="-43.601648" lon="146.849933"><ele>22.3</ele></trkpt>
    <trkpt lat="-43.601658" lon="146.850007"><ele>22.1</ele></trkpt>
    <trkpt lat="-43.601648" lon="146.850078"><ele>21.9</ele></trkpt>
    <trkpt lat="-43.601613" lon="146.850143"><ele>21.7</ele></trkpt>
    <trkpt lat="-43.601580" lon="146.850205"><ele>21.4</ele></trkpt>
    <trkpt lat="-43.601563" lon="146.850272"><ele>21.2</ele></trkpt>
    <trkpt lat="-43.601630" lon="146.850683"><ele>20.4</ele></trkpt>
    <trkpt lat="-43.601587" lon="146.850838"><ele>20.1</ele></trkpt>
    <trkpt lat="-43.601560" lon="146.850888"><ele>20.0</ele></trkpt>
    <trkpt lat="-43.601528" lon="146.850952"><ele>19.8</ele></trkpt>
    <trkpt lat="-43.601498" lon="146.851013"><ele>19.7</ele></trkpt>
    <trkpt lat="-43.601452" lon="146.851057"><ele>19.6</ele></trkpt>
    <trkpt lat="-43.601415" lon="146.851113"><ele>19.5</ele></trkpt>
    <trkpt lat="-43.601378" lon="146.851175"><ele>19.3</ele></trkpt>
    <trkpt lat="-43.601345" lon="146.851232"><ele>19.2</ele></trkpt>
    <trkpt lat="-43.601322" lon="146.851305"><ele>19.1</ele></trkpt>
    <trkpt lat="-43.601300" lon="146.851373"><ele>19.0</ele></trkpt>
    <trkpt lat="-43.601282" lon="146.851435"><ele>18.8</ele></trkpt>
    <trkpt lat="-43.601267" lon="146.851507"><ele>18.7</ele></trkpt>
    <trkpt lat="-43.601265" lon="146.851575"><ele>18.6</ele></trkpt>
    <trkpt lat="-43.601215" lon="146.851733"><ele>18.4</ele></trkpt>
    <trkpt lat="-43.601265" lon="146.852005"><ele>18.1</ele></trkpt>
    <trkpt lat="-43.601283" lon="146.852077"><ele>18.1</ele></trkpt>
    <trkpt lat="-43.601290" lon="146.852152"><ele>18.0</ele></trkpt>
    <trkpt lat="-43.601290" lon="146.852220"><ele>17.9</ele></trkpt>
    <trkpt lat="-43.601293" lon="146.852288"><ele>17.9</ele></trkpt>
    <trkpt lat="-43.601258" lon="146.852397"><ele>17.8</ele></trkpt>
    <trkpt lat="-43.601235" lon="146.852453"><ele>17.8</ele></trkpt>
    <trkpt lat="-43.601215" lon="146.852550"><ele>17.7</ele></trkpt>
    <trkpt lat="-43.601075" lon="146.852925"><ele>17.3</ele></trkpt>
    <trkpt lat="-43.601045" lon="146.852990"><ele>17.2</ele></trkpt>
    <trkpt lat="-43.601028" lon="146.853418"><ele>16.6</ele></trkpt>
    <trkpt lat="-43.601065" lon="146.853477"><ele>16.5</ele></trkpt>
    <trkpt lat="-43.601013" lon="146.853702"><ele>16.1</ele></trkpt>
    <trkpt lat="-43.600998" lon="146.853782"><ele>16.0</ele></trkpt>
    <trkpt lat="-43.600990" lon="146.853860"><ele>15.9</ele></trkpt>
    <trkpt lat="-43.600975" lon="146.853933"><ele>15.7</ele></trkpt>
    <trkpt lat="-43.600960" lon="146.854000"><ele>15.6</ele></trkpt>
    <trkpt lat="-43.600945" lon="146.854068"><ele>15.5</ele></trkpt>
    <trkpt lat="-43.600932" lon="146.854140"><ele>15.4</ele></trkpt>
    <trkpt lat="-43.600928" lon="146.854213"><ele>15.3</ele></trkpt>
    <trkpt lat="-43.600922" lon="146.854335"><ele>15.1</ele></trkpt>
    <trkpt lat="-43.600917" lon="146.854415"><ele>15.0</ele></trkpt>
    <trkpt lat="-43.600912" lon="146.854478"><ele>14.9</ele></trkpt>
    <trkpt lat="-43.600912" lon="146.854553"><ele>14.8</ele></trkpt>
    <trkpt lat="-43.600900" lon="146.854635"><ele>14.7</ele></trkpt>
    <trkpt lat="-43.600882" lon="146.854698"><ele>14.7</ele></trkpt>
    <trkpt lat="-43.600865" lon="146.854758"><ele>14.6</ele></trkpt>
    <trkpt lat="-43.600847" lon="146.854833"><ele>14.6</ele></trkpt>
    <trkpt lat="-43.600830" lon="146.854908"><ele>14.5</ele></trkpt>
    <trkpt lat="-43.600818" lon="146.854983"><ele>14.5</ele></trkpt>
    <trkpt lat="-43.600807" lon="146.855055"><ele>14.5</ele></trkpt>
    <trkpt lat="-43.600790" lon="146.855122"><ele>14.4</ele></trkpt>
    <trkpt lat="-43.600775" lon="146.855195"><ele>14.4</ele></trkpt>
    <trkpt lat="-43.600753" lon="146.855270"><ele>14.3</ele></trkpt>
    <trkpt lat="-43.600735" lon="146.855340"><ele>14.3</ele></trkpt>
    <trkpt lat="-43.600720" lon="146.855413"><ele>14.3</ele></trkpt>
    <trkpt lat="-43.600707" lon="146.855488"><ele>14.2</ele></trkpt>
    <trkpt lat="-43.600688" lon="146.855558"><ele>14.2</ele></trkpt>
    <trkpt lat="-43.600672" lon="146.855633"><ele>14.2</ele></trkpt>
    <trkpt lat="-43.600655" lon="146.855710"><ele>14.2</ele></trkpt>
    <trkpt lat="-43.600637" lon="146.855778"><ele>14.1</ele></trkpt>
    <trkpt lat="-43.600610" lon="146.855848"><ele>14.1</ele></trkpt>
    <trkpt lat="-43.600587" lon="146.855918"><ele>14.1</ele></trkpt>
    <trkpt lat="-43.600568" lon="146.855993"><ele>14.0</ele></trkpt>
    <trkpt lat="-43.600547" lon="146.856065"><ele>14.0</ele></trkpt>
    <trkpt lat="-43.600522" lon="146.856133"><ele>14.0</ele></trkpt>
    <trkpt lat="-43.600497" lon="146.856200"><ele>13.9</ele></trkpt>
    <trkpt lat="-43.600472" lon="146.856268"><ele>13.9</ele></trkpt>
    <trkpt lat="-43.600448" lon="146.856342"><ele>13.9</ele></trkpt>
    <trkpt lat="-43.600432" lon="146.856415"><ele>13.8</ele></trkpt>
    <trkpt lat="-43.600412" lon="146.856485"><ele>13.8</ele></trkpt>
    <trkpt lat="-43.600387" lon="146.856553"><ele>13.8</ele></trkpt>
    <trkpt lat="-43.600365" lon="146.856625"><ele>13.7</ele></trkpt>
    <trkpt lat="-43.600350" lon="146.856697"><ele>13.7</ele></trkpt>
    <trkpt lat="-43.600333" lon="146.856773"><ele>13.6</ele></trkpt>
    <trkpt lat="-43.600317" lon="146.856835"><ele>13.6</ele></trkpt>
    <trkpt lat="-43.600300" lon="146.856895"><ele>13.6</ele></trkpt>
    <trkpt lat="-43.600278" lon="146.856970"><ele>13.5</ele></trkpt>
    <trkpt lat="-43.600255" lon="146.857040"><ele>13.5</ele></trkpt>
    <trkpt lat="-43.600235" lon="146.857098"><ele>13.4</ele></trkpt>
    <trkpt lat="-43.600212" lon="146.857152"><ele>13.4</ele></trkpt>
    <trkpt lat="-43.600187" lon="146.857207"><ele>13.4</ele></trkpt>
    <trkpt lat="-43.600157" lon="146.857272"><ele>13.4</ele></trkpt>
    <trkpt lat="-43.600127" lon="146.857335"><ele>13.4</ele></trkpt>
    <trkpt lat="-43.600097" lon="146.857393"><ele>13.3</ele></trkpt>
    <trkpt lat="-43.600070" lon="146.857443"><ele>13.3</ele></trkpt>
    <trkpt lat="-43.600047" lon="146.857505"><ele>13.3</ele></trkpt>
    <trkpt lat="-43.600025" lon="146.857572"><ele>13.3</ele></trkpt>
    <trkpt lat="-43.599993" lon="146.857643"><ele>13.3</ele></trkpt>
    <trkpt lat="-43.599947" lon="146.857677"><ele>13.3</ele></trkpt>
    <trkpt lat="-43.599923" lon="146.857742"><ele>13.3</ele></trkpt>
    <trkpt lat="-43.599908" lon="146.857802"><ele>13.3</ele></trkpt>
    <trkpt lat="-43.599887" lon="146.857877"><ele>13.2</ele></trkpt>
    <trkpt lat="-43.599867" lon="146.857950"><ele>13.2</ele></trkpt>
    <trkpt lat="-43.599840" lon="146.858020"><ele>13.1</ele></trkpt>
    <trkpt lat="-43.599808" lon="146.858083"><ele>13.1</ele></trkpt>
    <trkpt lat="-43.599770" lon="146.858145"><ele>13.0</ele></trkpt>
    <trkpt lat="-43.599742" lon="146.858207"><ele>12.9</ele></trkpt>
    <trkpt lat="-43.599710" lon="146.858270"><ele>12.9</ele></trkpt>
    <trkpt lat="-43.599673" lon="146.858330"><ele>12.8</ele></trkpt>
    <trkpt lat="-43.599640" lon="146.858378"><ele>12.8</ele></trkpt>
    <trkpt lat="-43.599612" lon="146.858457"><ele>12.7</ele></trkpt>
    <trkpt lat="-43.599608" lon="146.858562"><ele>12.6</ele></trkpt>
    <trkpt lat="-43.599538" lon="146.858933"><ele>12.2</ele></trkpt>
    <trkpt lat="-43.599512" lon="146.858997"><ele>12.1</ele></trkpt>
    <trkpt lat="-43.599480" lon="146.859070"><ele>12.1</ele></trkpt>
    <trkpt lat="-43.599460" lon="146.859128"><ele>12.0</ele></trkpt>
    <trkpt lat="-43.599445" lon="146.859195"><ele>11.9</ele></trkpt>
    <trkpt lat="-43.599427" lon="146.859253"><ele>11.9</ele></trkpt>
    <trkpt lat="-43.599402" lon="146.859325"><ele>11.8</ele></trkpt>
    <trkpt lat="-43.599380" lon="146.859397"><ele>11.7</ele></trkpt>
    <trkpt lat="-43.599358" lon="146.859470"><ele>11.6</ele></trkpt>
    <trkpt lat="-43.599327" lon="146.859538"><ele>11.5</ele></trkpt>
    <trkpt lat="-43.599293" lon="146.859600"><ele>11.4</ele></trkpt>
    <trkpt lat="-43.599257" lon="146.859650"><ele>11.3</ele></trkpt>
    <trkpt lat="-43.599222" lon="146.859712"><ele>11.2</ele></trkpt>
    <trkpt lat="-43.599198" lon="146.859773"><ele>11.1</ele></trkpt>
    <trkpt lat="-43.599173" lon="146.859828"><ele>11.0</ele></trkpt>
    <trkpt lat="-43.599088" lon="146.859927"><ele>10.8</ele></trkpt>
    <trkpt lat="-43.599048" lon="146.859960"><ele>10.7</ele></trkpt>
    <trkpt lat="-43.599012" lon="146.860005"><ele>10.6</ele></trkpt>
    <trkpt lat="-43.598975" lon="146.860048"><ele>10.5</ele></trkpt>
    <trkpt lat="-43.598932" lon="146.860103"><ele>10.4</ele></trkpt>
    <trkpt lat="-43.598888" lon="146.860152"><ele>10.3</ele></trkpt>
    <trkpt lat="-43.598847" lon="146.860208"><ele>10.2</ele></trkpt>
    <trkpt lat="-43.598785" lon="146.860293"><ele>10.0</ele></trkpt>
    <trkpt lat="-43.598748" lon="146.860347"><ele>9.8</ele></trkpt>
    <trkpt lat="-43.598700" lon="146.860392"><ele>9.7</ele></trkpt>
    <trkpt lat="-43.598655" lon="146.860432"><ele>9.5</ele></trkpt>
    <trkpt lat="-43.598613" lon="146.860458"><ele>9.4</ele></trkpt>
    <trkpt lat="-43.598562" lon="146.860500"><ele>9.2</ele></trkpt>
    <trkpt lat="-43.598517" lon="146.860557"><ele>9.1</ele></trkpt>
    <trkpt lat="-43.598475" lon="146.860613"><ele>8.9</ele></trkpt>
    <trkpt lat="-43.598445" lon="146.860660"><ele>8.8</ele></trkpt>
    <trkpt lat="-43.598417" lon="146.860723"><ele>8.7</ele></trkpt>
    <trkpt lat="-43.598380" lon="146.860783"><ele>8.6</ele></trkpt>
    <trkpt lat="-43.598338" lon="146.860838"><ele>8.6</ele></trkpt>
    <trkpt lat="-43.598305" lon="146.860897"><ele>8.6</ele></trkpt>
    <trkpt lat="-43.598285" lon="146.860960"><ele>8.5</ele></trkpt>
    <trkpt lat="-43.598268" lon="146.861032"><ele>8.5</ele></trkpt>
    <trkpt lat="-43.598238" lon="146.861092"><ele>8.5</ele></trkpt>
    <trkpt lat="-43.598208" lon="146.861162"><ele>8.4</ele></trkpt>
    <trkpt lat="-43.598183" lon="146.861215"><ele>8.4</ele></trkpt>
    <trkpt lat="-43.598155" lon="146.861282"><ele>8.4</ele></trkpt>
    <trkpt lat="-43.598128" lon="146.861353"><ele>8.4</ele></trkpt>
    <trkpt lat="-43.598110" lon="146.861433"><ele>8.4</ele></trkpt>
    <trkpt lat="-43.598097" lon="146.861495"><ele>8.3</ele></trkpt>
    <trkpt lat="-43.598073" lon="146.861548"><ele>8.3</ele></trkpt>
    <trkpt lat="-43.598038" lon="146.861615"><ele>8.3</ele></trkpt>
    <trkpt lat="-43.598008" lon="146.861665"><ele>8.3</ele></trkpt>
    <trkpt lat="-43.597968" lon="146.861725"><ele>8.3</ele></trkpt>
    <trkpt lat="-43.597927" lon="146.861778"><ele>8.3</ele></trkpt>
    <trkpt lat="-43.597885" lon="146.861837"><ele>8.3</ele></trkpt>
    <trkpt lat="-43.597862" lon="146.861892"><ele>8.3</ele></trkpt>
    <trkpt lat="-43.597842" lon="146.861948"><ele>8.2</ele></trkpt>
    <trkpt lat="-43.597818" lon="146.862022"><ele>8.2</ele></trkpt>
    <trkpt lat="-43.597808" lon="146.862102"><ele>8.2</ele></trkpt>
    <trkpt lat="-43.597800" lon="146.862182"><ele>8.2</ele></trkpt>
    <trkpt lat="-43.597787" lon="146.862242"><ele>8.1</ele></trkpt>
    <trkpt lat="-43.597762" lon="146.862313"><ele>8.1</ele></trkpt>
    <trkpt lat="-43.597735" lon="146.862387"><ele>8.0</ele></trkpt>
    <trkpt lat="-43.597712" lon="146.862440"><ele>8.0</ele></trkpt>
    <trkpt lat="-43.597687" lon="146.862512"><ele>8.0</ele></trkpt>
    <trkpt lat="-43.597663" lon="146.862582"><ele>7.9</ele></trkpt>
    <trkpt lat="-43.597645" lon="146.862657"><ele>7.9</ele></trkpt>
    <trkpt lat="-43.597622" lon="146.862727"><ele>7.8</ele></trkpt>
    <trkpt lat="-43.597595" lon="146.862795"><ele>7.8</ele></trkpt>
    <trkpt lat="-43.597570" lon="146.862863"><ele>7.7</ele></trkpt>
    <trkpt lat="-43.597543" lon="146.862930"><ele>7.7</ele></trkpt>
    <trkpt lat="-43.597522" lon="146.863002"><ele>7.6</ele></trkpt>
    <trkpt lat="-43.597500" lon="146.863073"><ele>7.6</ele></trkpt>
    <trkpt lat="-43.597480" lon="146.863148"><ele>7.6</ele></trkpt>
    <trkpt lat="-43.597465" lon="146.863227"><ele>7.5</ele></trkpt>
    <trkpt lat="-43.597458" lon="146.863288"><ele>7.5</ele></trkpt>
    <trkpt lat="-43.597445" lon="146.863363"><ele>7.5</ele></trkpt>
    <trkpt lat="-43.597425" lon="146.863435"><ele>7.4</ele></trkpt>
    <trkpt lat="-43.597407" lon="146.863508"><ele>7.4</ele></trkpt>
    <trkpt lat="-43.597382" lon="146.863582"><ele>7.3</ele></trkpt>
    <trkpt lat="-43.597360" lon="146.863637"><ele>7.3</ele></trkpt>
    <trkpt lat="-43.597335" lon="146.863712"><ele>7.3</ele></trkpt>
    <trkpt lat="-43.597312" lon="146.863785"><ele>7.2</ele></trkpt>
    <trkpt lat="-43.597288" lon="146.863857"><ele>7.2</ele></trkpt>
    <trkpt lat="-43.597270" lon="146.863930"><ele>7.2</ele></trkpt>
    <trkpt lat="-43.597245" lon="146.864000"><ele>7.2</ele></trkpt>
    <trkpt lat="-43.597218" lon="146.864067"><ele>7.2</ele></trkpt>
    <trkpt lat="-43.597187" lon="146.864133"><ele>7.1</ele></trkpt>
    <trkpt lat="-43.597165" lon="146.864203"><ele>7.1</ele></trkpt>
    <trkpt lat="-43.597150" lon="146.864278"><ele>7.1</ele></trkpt>
    <trkpt lat="-43.597138" lon="146.864355"><ele>7.1</ele></trkpt>
    <trkpt lat="-43.597122" lon="146.864430"><ele>7.0</ele></trkpt>
    <trkpt lat="-43.597102" lon="146.864505"><ele>7.0</ele></trkpt>
    <trkpt lat="-43.597087" lon="146.864582"><ele>7.0</ele></trkpt>
    <trkpt lat="-43.597068" lon="146.864657"><ele>6.9</ele></trkpt>
    <trkpt lat="-43.597057" lon="146.864735"><ele>6.9</ele></trkpt>
    <trkpt lat="-43.597045" lon="146.864808"><ele>6.9</ele></trkpt>
    <trkpt lat="-43.597030" lon="146.864883"><ele>6.8</ele></trkpt>
    <trkpt lat="-43.597012" lon="146.864958"><ele>6.8</ele></trkpt>
    <trkpt lat="-43.596998" lon="146.865030"><ele>6.7</ele></trkpt>
    <trkpt lat="-43.596982" lon="146.865103"><ele>6.7</ele></trkpt>
    <trkpt lat="-43.596968" lon="146.865163"><ele>6.6</ele></trkpt>
    <trkpt lat="-43.596952" lon="146.865238"><ele>6.6</ele></trkpt>
    <trkpt lat="-43.596933" lon="146.865313"><ele>6.6</ele></trkpt>
    <trkpt lat="-43.596913" lon="146.865387"><ele>6.6</ele></trkpt>
    <trkpt lat="-43.596893" lon="146.865462"><ele>6.6</ele></trkpt>
    <trkpt lat="-43.596875" lon="146.865537"><ele>6.6</ele></trkpt>
    <trkpt lat="-43.596853" lon="146.865608"><ele>6.6</ele></trkpt>
    <trkpt lat="-43.596832" lon="146.865680"><ele>6.5</ele></trkpt>
    <trkpt lat="-43.596812" lon="146.865752"><ele>6.5</ele></trkpt>
    <trkpt lat="-43.596797" lon="146.865827"><ele>6.5</ele></trkpt>
    <trkpt lat="-43.596778" lon="146.865902"><ele>6.5</ele></trkpt>
    <trkpt lat="-43.596767" lon="146.865975"><ele>6.5</ele></trkpt>
    <trkpt lat="-43.596750" lon="146.866047"><ele>6.5</ele></trkpt>
    <trkpt lat="-43.596733" lon="146.866117"><ele>6.5</ele></trkpt>
    <trkpt lat="-43.596715" lon="146.866188"><ele>6.5</ele></trkpt>
    <trkpt lat="-43.596698" lon="146.866258"><ele>6.6</ele></trkpt>
    <trkpt lat="-43.596677" lon="146.866327"><ele>6.6</ele></trkpt>
    <trkpt lat="-43.596657" lon="146.866395"><ele>6.6</ele></trkpt>
    <trkpt lat="-43.596642" lon="146.866468"><ele>6.7</ele></trkpt>
    <trkpt lat="-43.596622" lon="146.866540"><ele>6.7</ele></trkpt>
    <trkpt lat="-43.596608" lon="146.866612"><ele>6.9</ele></trkpt>
    <trkpt lat="-43.596588" lon="146.866683"><ele>7.0</ele></trkpt>
    <trkpt lat="-43.596567" lon="146.866755"><ele>7.2</ele></trkpt>
    <trkpt lat="-43.596542" lon="146.866818"><ele>7.4</ele></trkpt>
    <trkpt lat="-43.596517" lon="146.866885"><ele>7.6</ele></trkpt>
    <trkpt lat="-43.596495" lon="146.866953"><ele>7.9</ele></trkpt>
    <trkpt lat="-43.596472" lon="146.867025"><ele>8.3</ele></trkpt>
    <trkpt lat="-43.596450" lon="146.867095"><ele>8.7</ele></trkpt>
    <trkpt lat="-43.596427" lon="146.867165"><ele>9.0</ele></trkpt>
    <trkpt lat="-43.596402" lon="146.867230"><ele>9.4</ele></trkpt>
    <trkpt lat="-43.596372" lon="146.867292"><ele>9.9</ele></trkpt>
    <trkpt lat="-43.596355" lon="146.867362"><ele>10.4</ele></trkpt>
    <trkpt lat="-43.596345" lon="146.867428"><ele>10.9</ele></trkpt>
    <trkpt lat="-43.596318" lon="146.867492"><ele>11.4</ele></trkpt>
    <trkpt lat="-43.596290" lon="146.867560"><ele>11.9</ele></trkpt>
    <trkpt lat="-43.596227" lon="146.867650"><ele>12.7</ele></trkpt>
    <trkpt lat="-43.596183" lon="146.868052"><ele>14.6</ele></trkpt>
    <trkpt lat="-43.596188" lon="146.868122"><ele>14.8</ele></trkpt>
    <trkpt lat="-43.596290" lon="146.868495"><ele>15.0</ele></trkpt>
    <trkpt lat="-43.596287" lon="146.868560"><ele>15.0</ele></trkpt>
    <trkpt lat="-43.596295" lon="146.868937"><ele>14.4</ele></trkpt>
    <trkpt lat="-43.596295" lon="146.869007"><ele>14.2</ele></trkpt>
    <trkpt lat="-43.596262" lon="146.869145"><ele>13.6</ele></trkpt>
    <trkpt lat="-43.596267" lon="146.869218"><ele>13.3</ele></trkpt>
    <trkpt lat="-43.596275" lon="146.869285"><ele>13.1</ele></trkpt>
    <trkpt lat="-43.596272" lon="146.869358"><ele>12.8</ele></trkpt>
    <trkpt lat="-43.596273" lon="146.869457"><ele>12.3</ele></trkpt>
    <trkpt lat="-43.596197" lon="146.869657"><ele>11.1</ele></trkpt>
    <trkpt lat="-43.596150" lon="146.870108"><ele>10.1</ele></trkpt>
    <trkpt lat="-43.596110" lon="146.870177"><ele>10.1</ele></trkpt>
    <trkpt lat="-43.596080" lon="146.870247"><ele>10.0</ele></trkpt>
    <trkpt lat="-43.596060" lon="146.870320"><ele>9.9</ele></trkpt>
    <trkpt lat="-43.596048" lon="146.870397"><ele>9.9</ele></trkpt>
    <trkpt lat="-43.596050" lon="146.870477"><ele>9.8</ele></trkpt>
    <trkpt lat="-43.596057" lon="146.870557"><ele>9.7</ele></trkpt>
    <trkpt lat="-43.596053" lon="146.870632"><ele>9.6</ele></trkpt>
    <trkpt lat="-43.596043" lon="146.870712"><ele>9.5</ele></trkpt>
    <trkpt lat="-43.596035" lon="146.870792"><ele>9.5</ele></trkpt>
    <trkpt lat="-43.596023" lon="146.870870"><ele>9.6</ele></trkpt>
    <trkpt lat="-43.596010" lon="146.870947"><ele>9.7</ele></trkpt>
    <trkpt lat="-43.595992" lon="146.871017"><ele>9.8</ele></trkpt>
    <trkpt lat="-43.595968" lon="146.871087"><ele>9.9</ele></trkpt>
    <trkpt lat="-43.595948" lon="146.871157"><ele>10.3</ele></trkpt>
    <trkpt lat="-43.595933" lon="146.871220"><ele>10.7</ele></trkpt>
    <trkpt lat="-43.595917" lon="146.871285"><ele>11.1</ele></trkpt>
    <trkpt lat="-43.595897" lon="146.871352"><ele>11.5</ele></trkpt>
    <trkpt lat="-43.595878" lon="146.871420"><ele>12.0</ele></trkpt>
    <trkpt lat="-43.595872" lon="146.871550"><ele>13.1</ele></trkpt>
    <trkpt lat="-43.595883" lon="146.871930"><ele>16.8</ele></trkpt>
    <trkpt lat="-43.595905" lon="146.871990"><ele>17.6</ele></trkpt>
    <trkpt lat="-43.595765" lon="146.872198"><ele>20.6</ele></trkpt>
    <trkpt lat="-43.595717" lon="146.872225"><ele>21.3</ele></trkpt>
    <trkpt lat="-43.595685" lon="146.872283"><ele>22.1</ele></trkpt>
    <trkpt lat="-43.595657" lon="146.872678"><ele>25.0</ele></trkpt>
    <trkpt lat="-43.595593" lon="146.873135"><ele>26.3</ele></trkpt>
    <trkpt lat="-43.595456" lon="146.873642"><ele>26.0</ele></trkpt>
    <trkpt lat="-43.595312" lon="146.873953"><ele>25.4</ele></trkpt>
    <trkpt lat="-43.595283" lon="146.874010"><ele>25.3</ele></trkpt>
    <trkpt lat="-43.595092" lon="146.874293"><ele>25.4</ele></trkpt>
    <trkpt lat="-43.595057" lon="146.874338"><ele>25.5</ele></trkpt>
    <trkpt lat="-43.595068" lon="146.874425"><ele>25.6</ele></trkpt>
    <trkpt lat="-43.594902" lon="146.874743"><ele>25.8</ele></trkpt>
    <trkpt lat="-43.594827" lon="146.875122"><ele>25.5</ele></trkpt>
    <trkpt lat="-43.594595" lon="146.875192"><ele>25.2</ele></trkpt>
    <trkpt lat="-43.594307" lon="146.875392"><ele>23.9</ele></trkpt>
    <trkpt lat="-43.594188" lon="146.875730"><ele>21.9</ele></trkpt>
    <trkpt lat="-43.594212" lon="146.875800"><ele>21.6</ele></trkpt>
    <trkpt lat="-43.594255" lon="146.876192"><ele>20.2</ele></trkpt>
    <trkpt lat="-43.594165" lon="146.876552"><ele>18.8</ele></trkpt>
    <trkpt lat="-43.594045" lon="146.876688"><ele>17.9</ele></trkpt>
    <trkpt lat="-43.593787" lon="146.876795"><ele>17.6</ele></trkpt>
    <trkpt lat="-43.593457" lon="146.876915"><ele>18.7</ele></trkpt>
    <trkpt lat="-43.593313" lon="146.877043"><ele>19.4</ele></trkpt>
    <trkpt lat="-43.593265" lon="146.877085"><ele>19.7</ele></trkpt>
    <trkpt lat="-43.593220" lon="146.877127"><ele>20.0</ele></trkpt>
    <trkpt lat="-43.593213" lon="146.877141"><ele>20.1</ele></trkpt>
    <trkpt lat="-43.593192" lon="146.877182"><ele>20.3</ele></trkpt>
    <trkpt lat="-43.593156" lon="146.877185"><ele>20.5</ele></trkpt>
    <trkpt lat="-43.592925" lon="146.877202"><ele>21.8</ele></trkpt>
    <trkpt lat="-43.592622" lon="146.877175"><ele>23.1</ele></trkpt>
    <trkpt lat="-43.592348" lon="146.877336"><ele>24.2</ele></trkpt>
    <trkpt lat="-43.592337" lon="146.877343"><ele>24.2</ele></trkpt>
    <trkpt lat="-43.592332" lon="146.877345"><ele>24.3</ele></trkpt>
    <trkpt lat="-43.592315" lon="146.877354"><ele>24.3</ele></trkpt>
    <trkpt lat="-43.592070" lon="146.877475"><ele>25.5</ele></trkpt>
    <trkpt lat="-43.591787" lon="146.877605"><ele>26.8</ele></trkpt>
    <trkpt lat="-43.591495" lon="146.877750"><ele>29.3</ele></trkpt>
    <trkpt lat="-43.591200" lon="146.877678"><ele>32.3</ele></trkpt>
    <trkpt lat="-43.591133" lon="146.877622"><ele>33.1</ele></trkpt>
    <trkpt lat="-43.591073" lon="146.877661"><ele>33.8</ele></trkpt>
    <trkpt lat="-43.591031" lon="146.877745"><ele>34.5</ele></trkpt>
    <trkpt lat="-43.590994" lon="146.877800"><ele>35.1</ele></trkpt>
    <trkpt lat="-43.590940" lon="146.877833"><ele>35.6</ele></trkpt>
    <trkpt lat="-43.590821" lon="146.877724"><ele>37.0</ele></trkpt>
    <trkpt lat="-43.590680" lon="146.877690"><ele>38.4</ele></trkpt>
    <trkpt lat="-43.590558" lon="146.877801"><ele>39.8</ele></trkpt>
    <trkpt lat="-43.590480" lon="146.878008"><ele>40.9</ele></trkpt>
    <trkpt lat="-43.590450" lon="146.878057"><ele>41.2</ele></trkpt>
    <trkpt lat="-43.590350" lon="146.878175"><ele>42.1</ele></trkpt>
    <trkpt lat="-43.590320" lon="146.878227"><ele>42.4</ele></trkpt>
    <trkpt lat="-43.590285" lon="146.878278"><ele>42.7</ele></trkpt>
    <trkpt lat="-43.590247" lon="146.878320"><ele>43.0</ele></trkpt>
    <trkpt lat="-43.590218" lon="146.878370"><ele>43.3</ele></trkpt>
    <trkpt lat="-43.590187" lon="146.878415"><ele>43.5</ele></trkpt>
    <trkpt lat="-43.590032" lon="146.878553"><ele>44.2</ele></trkpt>
    <trkpt lat="-43.589993" lon="146.878613"><ele>44.3</ele></trkpt>
    <trkpt lat="-43.589967" lon="146.878667"><ele>44.4</ele></trkpt>
    <trkpt lat="-43.589790" lon="146.879007"><ele>44.9</ele></trkpt>
    <trkpt lat="-43.589652" lon="146.879117"><ele>45.2</ele></trkpt>
    <trkpt lat="-43.589503" lon="146.879160"><ele>45.2</ele></trkpt>
    <trkpt lat="-43.589457" lon="146.879200"><ele>45.2</ele></trkpt>
    <trkpt lat="-43.589245" lon="146.879450"><ele>44.7</ele></trkpt>
    <trkpt lat="-43.589057" lon="146.879795"><ele>44.5</ele></trkpt>
    <trkpt lat="-43.589032" lon="146.880230"><ele>44.3</ele></trkpt>
    <trkpt lat="-43.589045" lon="146.880483"><ele>43.9</ele></trkpt>
    <trkpt lat="-43.589018" lon="146.880542"><ele>43.8</ele></trkpt>
    <trkpt lat="-43.589002" lon="146.880627"><ele>43.8</ele></trkpt>
    <trkpt lat="-43.588985" lon="146.880692"><ele>43.8</ele></trkpt>
    <trkpt lat="-43.588975" lon="146.880767"><ele>43.7</ele></trkpt>
    <trkpt lat="-43.588962" lon="146.880835"><ele>43.7</ele></trkpt>
    <trkpt lat="-43.588925" lon="146.880888"><ele>43.7</ele></trkpt>
    <trkpt lat="-43.588890" lon="146.880955"><ele>43.6</ele></trkpt>
    <trkpt lat="-43.588865" lon="146.881078"><ele>43.5</ele></trkpt>
    <trkpt lat="-43.588853" lon="146.881142"><ele>43.5</ele></trkpt>
    <trkpt lat="-43.588830" lon="146.881202"><ele>43.4</ele></trkpt>
    <trkpt lat="-43.588813" lon="146.881265"><ele>43.3</ele></trkpt>
    <trkpt lat="-43.588795" lon="146.881327"><ele>43.2</ele></trkpt>
    <trkpt lat="-43.588697" lon="146.881687"><ele>42.6</ele></trkpt>
    <trkpt lat="-43.588693" lon="146.881815"><ele>42.4</ele></trkpt>
    <trkpt lat="-43.588672" lon="146.881877"><ele>42.3</ele></trkpt>
    <trkpt lat="-43.588613" lon="146.882220"><ele>41.4</ele></trkpt>
    <trkpt lat="-43.588614" lon="146.882452"><ele>40.7</ele></trkpt>
    <trkpt lat="-43.588549" lon="146.882733"><ele>39.6</ele></trkpt>
    <trkpt lat="-43.588497" lon="146.882880"><ele>39.0</ele></trkpt>
    <trkpt lat="-43.588465" lon="146.882969"><ele>38.6</ele></trkpt>
    <trkpt lat="-43.588453" lon="146.883005"><ele>38.4</ele></trkpt>
    <trkpt lat="-43.588357" lon="146.883121"><ele>37.9</ele></trkpt>
    <trkpt lat="-43.588260" lon="146.883193"><ele>37.4</ele></trkpt>
    <trkpt lat="-43.588057" lon="146.883195"><ele>36.5</ele></trkpt>
    <trkpt lat="-43.588022" lon="146.883195"><ele>36.4</ele></trkpt>
    <trkpt lat="-43.587989" lon="146.883210"><ele>36.2</ele></trkpt>
    <trkpt lat="-43.587930" lon="146.883238"><ele>36.1</ele></trkpt>
    <trkpt lat="-43.587837" lon="146.883283"><ele>36.0</ele></trkpt>
    <trkpt lat="-43.587810" lon="146.883343"><ele>35.9</ele></trkpt>
    <trkpt lat="-43.587642" lon="146.883662"><ele>36.4</ele></trkpt>
    <trkpt lat="-43.587603" lon="146.883707"><ele>36.5</ele></trkpt>
    <trkpt lat="-43.587570" lon="146.883762"><ele>36.7</ele></trkpt>
    <trkpt lat="-43.587368" lon="146.884045"><ele>37.9</ele></trkpt>
    <trkpt lat="-43.587345" lon="146.884100"><ele>38.1</ele></trkpt>
    <trkpt lat="-43.587288" lon="146.884268"><ele>38.5</ele></trkpt>
    <trkpt lat="-43.587285" lon="146.884338"><ele>38.7</ele></trkpt>
    <trkpt lat="-43.587268" lon="146.884412"><ele>38.9</ele></trkpt>
    <trkpt lat="-43.587158" lon="146.884735"><ele>39.5</ele></trkpt>
    <trkpt lat="-43.587082" lon="146.884835"><ele>39.7</ele></trkpt>
    <trkpt lat="-43.587032" lon="146.884853"><ele>39.7</ele></trkpt>
    <trkpt lat="-43.586863" lon="146.885153"><ele>39.7</ele></trkpt>
    <trkpt lat="-43.586820" lon="146.885185"><ele>39.7</ele></trkpt>
    <trkpt lat="-43.586558" lon="146.885423"><ele>39.1</ele></trkpt>
    <trkpt lat="-43.586508" lon="146.885515"><ele>38.9</ele></trkpt>
    <trkpt lat="-43.586398" lon="146.885860"><ele>38.1</ele></trkpt>
    <trkpt lat="-43.586320" lon="146.886045"><ele>37.6</ele></trkpt>
    <trkpt lat="-43.586308" lon="146.886107"><ele>37.3</ele></trkpt>
    <trkpt lat="-43.586200" lon="146.886458"><ele>36.0</ele></trkpt>
    <trkpt lat="-43.586177" lon="146.886515"><ele>35.7</ele></trkpt>
    <trkpt lat="-43.586105" lon="146.886638"><ele>35.1</ele></trkpt>
    <trkpt lat="-43.586078" lon="146.886688"><ele>34.9</ele></trkpt>
    <trkpt lat="-43.585995" lon="146.886870"><ele>34.2</ele></trkpt>
    <trkpt lat="-43.585802" lon="146.887113"><ele>32.9</ele></trkpt>
    <trkpt lat="-43.585765" lon="146.887168"><ele>32.7</ele></trkpt>
    <trkpt lat="-43.585737" lon="146.887228"><ele>32.4</ele></trkpt>
    <trkpt lat="-43.585707" lon="146.887282"><ele>32.1</ele></trkpt>
    <trkpt lat="-43.585605" lon="146.887452"><ele>31.1</ele></trkpt>
    <trkpt lat="-43.585563" lon="146.887495"><ele>30.8</ele></trkpt>
    <trkpt lat="-43.585523" lon="146.887545"><ele>30.5</ele></trkpt>
    <trkpt lat="-43.585475" lon="146.887583"><ele>30.2</ele></trkpt>
    <trkpt lat="-43.585423" lon="146.887600"><ele>29.9</ele></trkpt>
    <trkpt lat="-43.585308" lon="146.887676"><ele>29.3</ele></trkpt>
    <trkpt lat="-43.585203" lon="146.887732"><ele>28.8</ele></trkpt>
    <trkpt lat="-43.585075" lon="146.887788"><ele>28.2</ele></trkpt>
    <trkpt lat="-43.584882" lon="146.887880"><ele>27.0</ele></trkpt>
    <trkpt lat="-43.584842" lon="146.887922"><ele>26.7</ele></trkpt>
    <trkpt lat="-43.584790" lon="146.887950"><ele>26.4</ele></trkpt>
    <trkpt lat="-43.584748" lon="146.887990"><ele>26.2</ele></trkpt>
    <trkpt lat="-43.584710" lon="146.888042"><ele>26.0</ele></trkpt>
    <trkpt lat="-43.584668" lon="146.888087"><ele>25.9</ele></trkpt>
    <trkpt lat="-43.584463" lon="146.888345"><ele>25.5</ele></trkpt>
    <trkpt lat="-43.584417" lon="146.888407"><ele>25.4</ele></trkpt>
    <trkpt lat="-43.584242" lon="146.888542"><ele>25.8</ele></trkpt>
    <trkpt lat="-43.583950" lon="146.888727"><ele>26.3</ele></trkpt>
    <trkpt lat="-43.583912" lon="146.888765"><ele>26.4</ele></trkpt>
    <trkpt lat="-43.583673" lon="146.888942"><ele>26.3</ele></trkpt>
    <trkpt lat="-43.583628" lon="146.888945"><ele>26.1</ele></trkpt>
    <trkpt lat="-43.583552" lon="146.889002"><ele>25.9</ele></trkpt>
    <trkpt lat="-43.583457" lon="146.889387"><ele>23.9</ele></trkpt>
    <trkpt lat="-43.583403" lon="146.889817"><ele>19.5</ele></trkpt>
    <trkpt lat="-43.583387" lon="146.889885"><ele>18.7</ele></trkpt>
    <trkpt lat="-43.583285" lon="146.890233"><ele>14.4</ele></trkpt>
    <trkpt lat="-43.583229" lon="146.890467"><ele>12.6</ele></trkpt>
    <trkpt lat="-43.583267" lon="146.890602"><ele>11.6</ele></trkpt>
    <trkpt lat="-43.583293" lon="146.890660"><ele>11.3</ele></trkpt>
    <trkpt lat="-43.583330" lon="146.890713"><ele>11.0</ele></trkpt>
    <trkpt lat="-43.583367" lon="146.890770"><ele>10.6</ele></trkpt>
    <trkpt lat="-43.583387" lon="146.890835"><ele>10.3</ele></trkpt>
    <trkpt lat="-43.583393" lon="146.890898"><ele>10.0</ele></trkpt>
    <trkpt lat="-43.583408" lon="146.890970"><ele>9.9</ele></trkpt>
    <trkpt lat="-43.583427" lon="146.891045"><ele>9.7</ele></trkpt>
    <trkpt lat="-43.583470" lon="146.891097"><ele>9.6</ele></trkpt>
    <trkpt lat="-43.583513" lon="146.891132"><ele>9.4</ele></trkpt>
    <trkpt lat="-43.583552" lon="146.891183"><ele>9.3</ele></trkpt>
    <trkpt lat="-43.583600" lon="146.891230"><ele>9.5</ele></trkpt>
    <trkpt lat="-43.583640" lon="146.891277"><ele>9.7</ele></trkpt>
    <trkpt lat="-43.583687" lon="146.891372"><ele>10.0</ele></trkpt>
    <trkpt lat="-43.583700" lon="146.891453"><ele>10.3</ele></trkpt>
    <trkpt lat="-43.583711" lon="146.891518"><ele>10.5</ele></trkpt>
    <trkpt lat="-43.583719" lon="146.891570"><ele>10.7</ele></trkpt>
    <trkpt lat="-43.583769" lon="146.891786"><ele>11.5</ele></trkpt>
    <trkpt lat="-43.583817" lon="146.892032"><ele>12.0</ele></trkpt>
    <trkpt lat="-43.583883" lon="146.892085"><ele>12.2</ele></trkpt>
    <trkpt lat="-43.583992" lon="146.892169"><ele>12.4</ele></trkpt>
    <trkpt lat="-43.584063" lon="146.892230"><ele>12.4</ele></trkpt>
    <trkpt lat="-43.584112" lon="146.892267"><ele>12.4</ele></trkpt>
    <trkpt lat="-43.584124" lon="146.892333"><ele>12.4</ele></trkpt>
    <trkpt lat="-43.584068" lon="146.892420"><ele>12.4</ele></trkpt>
    <trkpt lat="-43.584009" lon="146.892466"><ele>12.4</ele></trkpt>
    <trkpt lat="-43.583942" lon="146.892487"><ele>12.3</ele></trkpt>
    <trkpt lat="-43.583890" lon="146.892562"><ele>12.1</ele></trkpt>
    <trkpt lat="-43.583836" lon="146.892644"><ele>11.5</ele></trkpt>
    <trkpt lat="-43.583768" lon="146.892797"><ele>10.6</ele></trkpt>
    <trkpt lat="-43.583717" lon="146.892989"><ele>9.9</ele></trkpt>
    <trkpt lat="-43.583624" lon="146.893055"><ele>9.4</ele></trkpt>
    <trkpt lat="-43.583459" lon="146.893102"><ele>8.6</ele></trkpt>
    <trkpt lat="-43.583340" lon="146.893134"><ele>8.1</ele></trkpt>
    <trkpt lat="-43.583222" lon="146.893160"><ele>7.4</ele></trkpt>
    <trkpt lat="-43.583161" lon="146.893208"><ele>7.0</ele></trkpt>
    <trkpt lat="-43.583076" lon="146.893303"><ele>6.4</ele></trkpt>
  </trkseg></trk>
</gpx>
