<?xml version="1.0" encoding="UTF-8"?>
<gpx version="1.1" creator="trail-maps from OpenStreetMap (ODbL) route relation and waypoints; elevation Copernicus GLO-30" xmlns="http://www.topografix.com/GPX/1/1">
  <metadata><name>Grampians Peaks Trail</name></metadata>
  <wpt lat="-36.953617" lon="142.436216"><ele>233.5</ele><name>Barigar Hike-in Campground</name><type>campsite</type></wpt>
  <wpt lat="-37.224051" lon="142.539690"><ele>301.4</ele><name>Borough Huts Campground</name><type>campsite</type></wpt>
  <wpt lat="-37.313644" lon="142.593682"><ele>896.8</ele><name>Boundary Gap</name><type>campsite</type></wpt>
  <wpt lat="-37.180727" lon="142.508818"><ele>638.3</ele><name>Bugiga Hike-in Campground</name><desc>12 elevated camping platforms, 4m diameter suitable for 2-3 person tents, weather shelter, two non-flush toilets</desc><type>campsite</type></wpt>
  <wpt lat="-37.561267" lon="142.369304"><ele>420.5</ele><name>Djardji-djawara Hike-in Campground</name><type>campsite</type></wpt>
  <wpt lat="-37.353841" lon="142.555261"><ele>809.2</ele><name>Durd Durd Hike-in Campground</name><type>campsite</type></wpt>
  <wpt lat="-37.281338" lon="142.589783"><ele>857.6</ele><name>Duwul Hike-in Campground</name><type>campsite</type></wpt>
  <wpt lat="-37.320419" lon="142.588247"><ele>995.8</ele><name>First Wannon Camp</name><type>campsite</type></wpt>
  <wpt lat="-37.001942" lon="142.448013"><ele>707.7</ele><name>Gar Hike-in Campground</name><type>campsite</type></wpt>
  <wpt lat="-37.139454" lon="142.517229"><ele>242.5</ele><name>Halls Gap Caravan Park</name><type>campsite</type></wpt>
  <wpt lat="-37.371732" lon="142.503486"><ele>304.9</ele><name>Jimmy Creek Campground</name><type>campsite</type></wpt>
  <wpt lat="-36.987314" lon="142.454583"><ele>588.1</ele><name>Mud Creek bush campsite</name><type>campsite</type></wpt>
  <wpt lat="-37.603251" lon="142.350765"><ele>541.1</ele><name>Mud-Dadjug Hike-in Campground</name><type>campsite</type></wpt>
  <wpt lat="-36.986672" lon="142.430592"><ele>268.8</ele><name>Troopers Creek Campground</name><type>campsite</type></wpt>
  <wpt lat="-37.482557" lon="142.446013"><ele>300.5</ele><name>Wannon Hike-in Campground</name><type>campsite</type></wpt>
  <wpt lat="-37.066154" lon="142.484882"><ele>757.8</ele><name>Werdug Hike-in Campground</name><type>campsite</type></wpt>
  <wpt lat="-37.415312" lon="142.502158"><ele>579.5</ele><name>Yarram Hike-in Campground</name><type>campsite</type></wpt>
  <wpt lat="-37.239057" lon="142.582508"><ele>748.7</ele><name>3rd Dial</name><desc>Summit 752 m.</desc><type>mountain</type></wpt>
  <wpt lat="-37.242871" lon="142.585108"><ele>806.2</ele><name>4th Dial</name><desc>Summit 829 m.</desc><type>mountain</type></wpt>
  <wpt lat="-37.247397" lon="142.584159"><ele>868.5</ele><name>5th Dial</name><desc>Summit 872 m.</desc><type>mountain</type></wpt>
  <wpt lat="-37.249428" lon="142.584012"><ele>855.7</ele><name>6th Dial</name><desc>Summit 860 m.</desc><type>mountain</type></wpt>
  <wpt lat="-37.342999" lon="142.562985"><ele>1090.0</ele><name>Banksia Hill</name><desc>Summit 1103 m.</desc><type>mountain</type></wpt>
  <wpt lat="-37.164382" lon="142.518130"><ele>675.2</ele><name>Bellfield Peak</name><desc>Summit 735.1 m.</desc><type>mountain</type></wpt>
  <wpt lat="-37.339724" lon="142.581429"><ele>1160.2</ele><name>Durd Durd</name><desc>Summit 1164 m.</desc><type>mountain</type></wpt>
  <wpt lat="-37.190865" lon="142.503411"><ele>853.3</ele><name>Eagle Rock</name><type>mountain</type></wpt>
  <wpt lat="-37.597792" lon="142.353628"><ele>798.6</ele><name>Mount Abrupt</name><desc>Summit 827.2 m.</desc><type>mountain</type></wpt>
  <wpt lat="-37.196959" lon="142.506573"><ele>967.7</ele><name>Mount Rosea</name><desc>Summit 1006 m.</desc><type>mountain</type></wpt>
  <wpt lat="-36.898368" lon="142.387243"><ele>471.0</ele><name>Mount Stapylton (Gunigalk)</name><desc>Summit 523 m.</desc><type>mountain</type></wpt>
  <wpt lat="-37.633977" lon="142.322986"><ele>572.3</ele><name>Mount Sturgeon</name><desc>Summit 582 m.</desc><type>mountain</type></wpt>
  <wpt lat="-37.262047" lon="142.597543"><ele>952.5</ele><name>Red Man Bluff</name><desc>2 Meter Rock Cairn 1021.3M Ellipsoidal Summit 1018 m.</desc><type>mountain</type></wpt>
  <wpt lat="-37.160146" lon="142.515692"><ele>696.4</ele><name>The Pinnacle</name><desc>Summit 718 m.</desc><type>mountain</type></wpt>
  <wpt lat="-37.342146" lon="142.576493"><ele>1150.0</ele><name>Durd Durd Viewpoint</name><type>poi</type></wpt>
  <wpt lat="-37.191496" lon="142.503746"><ele>874.9</ele><name>Gate of the East Wind</name><type>poi</type></wpt>
  <wpt lat="-37.158531" lon="142.514300"><ele>664.0</ele><name>Gate of the West Wind</name><type>poi</type></wpt>
  <wpt lat="-37.634450" lon="142.323829"><ele>547.2</ele><name>Mount Sturgeon Lookout</name><type>poi</type></wpt>
  <wpt lat="-36.987877" lon="142.450039"><ele>538.7</ele><name>Overhanging rock shelter</name><type>poi</type></wpt>
  <wpt lat="-36.911800" lon="142.407459"><ele>415.9</ele><name>Rock shelter</name><type>poi</type></wpt>
  <wpt lat="-37.139289" lon="142.508828"><ele>271.5</ele><name>Venus Baths</name><type>poi</type></wpt>
  <wpt lat="-37.079073" lon="142.499136"><ele>822.6</ele><name>Wartook Lookout</name><type>poi</type></wpt>
  <wpt lat="-37.649447" lon="142.344164"><ele>248.6</ele><name>Dunkeld</name><type>town</type></wpt>
  <wpt lat="-37.141769" lon="142.520244"><ele>229.7</ele><name>Halls Gap</name><type>town</type></wpt>
  <wpt lat="-37.567521" lon="142.367813"><ele>383.7</ele><name>Cassidy Gap Road Trailhead</name><type>trailhead</type></wpt>
  <wpt lat="-37.621714" lon="142.329111"><ele>264.9</ele><name>Victoria Valley Road Trailhead</name><type>trailhead</type></wpt>
  <wpt lat="-36.986645" lon="142.430588"><ele>268.4</ele><name>Drinking water</name><type>water</type></wpt>
  <wpt lat="-37.001213" lon="142.448525"><ele>710.2</ele><name>Drinking water</name><type>water</type></wpt>
  <wpt lat="-37.001731" lon="142.448297"><ele>711.0</ele><name>Drinking water</name><type>water</type></wpt>
  <wpt lat="-36.953471" lon="142.435867"><ele>235.7</ele><name>Drinking water</name><desc>Rainwater tank fed by shelter roof. Treat before use and tank may be empty.</desc><type>water</type></wpt>
  <wpt lat="-36.953879" lon="142.436697"><ele>230.2</ele><name>Drinking water</name><desc>Rainwater tank fed by shelter roof. Treat before use.</desc><type>water</type></wpt>
  <wpt lat="-37.066071" lon="142.485130"><ele>756.2</ele><name>Drinking water</name><type>water</type></wpt>
  <wpt lat="-37.139645" lon="142.518536"><ele>232.0</ele><name>Drinking water</name><type>water</type></wpt>
  <wpt lat="-37.172472" lon="142.514792"><ele>679.1</ele><name>Drinking water</name><type>water</type></wpt>
  <wpt lat="-37.150118" lon="142.502408"><ele>421.1</ele><name>Drinking water</name><desc>Dispenses rainwater</desc><type>water</type></wpt>
  <wpt lat="-37.138664" lon="142.515775"><ele>250.1</ele><name>Drinking water</name><type>water</type></wpt>
  <wpt lat="-37.139035" lon="142.519139"><ele>230.8</ele><name>Drinking water</name><type>water</type></wpt>
  <wpt lat="-37.138050" lon="142.515925"><ele>248.0</ele><name>Drinking water</name><type>water</type></wpt>
  <wpt lat="-37.140366" lon="142.518653"><ele>235.6</ele><name>Drinking water</name><type>water</type></wpt>
  <wpt lat="-37.180407" lon="142.509042"><ele>643.8</ele><name>Drinking water</name><desc>Rainwater tank fed by shelter roof. Treat before use.</desc><type>water</type></wpt>
  <wpt lat="-37.225462" lon="142.550185"><ele>331.4</ele><name>Drinking water</name><type>water</type></wpt>
  <wpt lat="-37.295290" lon="142.603482"><ele>1145.9</ele><name>Drinking water</name><type>water</type></wpt>
  <wpt lat="-37.276881" lon="142.585474"><ele>781.9</ele><name>Drinking water</name><type>water</type></wpt>
  <wpt lat="-37.281016" lon="142.589565"><ele>856.7</ele><name>Drinking water</name><desc>Rainwater tank fed by shelter roof. Treat before use.</desc><type>water</type></wpt>
  <wpt lat="-37.445062" lon="142.481958"><ele>355.8</ele><name>Drinking water</name><type>water</type></wpt>
  <wpt lat="-37.415137" lon="142.502343"><ele>588.9</ele><name>Drinking water</name><type>water</type></wpt>
  <wpt lat="-37.481852" lon="142.445722"><ele>294.5</ele><name>Drinking water</name><desc>Rainwater tank fed by shelter roof. Treat before use.</desc><type>water</type></wpt>
  <wpt lat="-37.616480" lon="142.341187"><ele>286.3</ele><name>Drinking water</name><type>water</type></wpt>
  <wpt lat="-37.621752" lon="142.326710"><ele>266.3</ele><name>Drinking water</name><type>water</type></wpt>
  <wpt lat="-37.603262" lon="142.350651"><ele>540.8</ele><name>Drinking water</name><desc>Rainwater tank fed by shelter roof. Treat before use.</desc><type>water</type></wpt>
  <wpt lat="-37.561581" lon="142.369383"><ele>425.6</ele><name>Drinking water</name><desc>Rainwater tank fed by shelter roof. Treat before use.</desc><type>water</type></wpt>
  <wpt lat="-37.067820" lon="142.493987"><ele>700.7</ele><name>Water Tank</name><type>water-tank</type></wpt>
  <wpt lat="-37.561691" lon="142.368748"><ele>426.8</ele><name>Water Tank</name><desc>Rainwater tank fed by shelter roof. Treat before use.</desc><type>water-tank</type></wpt>
  <wpt lat="-36.982832" lon="142.431770"><ele>253.4</ele><name>Water tank</name><type>water-tank</type></wpt>
  <wpt lat="-36.925551" lon="142.415396"><ele>360.5</ele><name>Water tank</name><type>water-tank</type></wpt>
  <wpt lat="-36.891054" lon="142.376089"><ele>254.6</ele><name>Water tank</name><type>water-tank</type></wpt>
  <wpt lat="-37.223470" lon="142.553050"><ele>331.7</ele><name>Barri Yalug Hike-in Campground</name><type>campsite</type></wpt>
  <trk><name>Main route</name><trkseg>
    <trkpt lat="-36.891288" lon="142.375833"><ele>255.1</ele></trkpt>
    <trkpt lat="-36.891321" lon="142.375915"><ele>255.2</ele></trkpt>
    <trkpt lat="-36.891230" lon="142.375994"><ele>255.4</ele></trkpt>
    <trkpt lat="-36.891270" lon="142.376060"><ele>255.5</ele></trkpt>
    <trkpt lat="-36.891367" lon="142.376193"><ele>256.0</ele></trkpt>
    <trkpt lat="-36.891413" lon="142.376343"><ele>256.5</ele></trkpt>
    <trkpt lat="-36.891756" lon="142.376534"><ele>260.5</ele></trkpt>
    <trkpt lat="-36.891948" lon="142.376652"><ele>263.8</ele></trkpt>
    <trkpt lat="-36.892280" lon="142.376943"><ele>273.1</ele></trkpt>
    <trkpt lat="-36.892578" lon="142.377152"><ele>282.3</ele></trkpt>
    <trkpt lat="-36.893001" lon="142.377389"><ele>294.8</ele></trkpt>
    <trkpt lat="-36.893391" lon="142.377622"><ele>305.6</ele></trkpt>
    <trkpt lat="-36.893533" lon="142.377765"><ele>309.8</ele></trkpt>
    <trkpt lat="-36.893709" lon="142.377901"><ele>314.1</ele></trkpt>
    <trkpt lat="-36.893917" lon="142.378143"><ele>319.4</ele></trkpt>
    <trkpt lat="-36.893953" lon="142.378290"><ele>321.5</ele></trkpt>
    <trkpt lat="-36.894009" lon="142.378508"><ele>324.0</ele></trkpt>
    <trkpt lat="-36.894042" lon="142.378673"><ele>325.5</ele></trkpt>
    <trkpt lat="-36.894188" lon="142.378985"><ele>327.4</ele></trkpt>
    <trkpt lat="-36.894142" lon="142.379224"><ele>327.8</ele></trkpt>
    <trkpt lat="-36.894073" lon="142.379406"><ele>327.5</ele></trkpt>
    <trkpt lat="-36.894123" lon="142.379597"><ele>327.0</ele></trkpt>
    <trkpt lat="-36.894145" lon="142.379799"><ele>326.2</ele></trkpt>
    <trkpt lat="-36.894144" lon="142.380028"><ele>325.9</ele></trkpt>
    <trkpt lat="-36.894132" lon="142.380195"><ele>325.4</ele></trkpt>
    <trkpt lat="-36.894118" lon="142.380396"><ele>323.5</ele></trkpt>
    <trkpt lat="-36.894070" lon="142.380580"><ele>321.7</ele></trkpt>
    <trkpt lat="-36.893969" lon="142.380735"><ele>320.0</ele></trkpt>
    <trkpt lat="-36.894004" lon="142.380938"><ele>318.2</ele></trkpt>
    <trkpt lat="-36.894151" lon="142.381072"><ele>316.3</ele></trkpt>
    <trkpt lat="-36.894132" lon="142.381545"><ele>311.9</ele></trkpt>
    <trkpt lat="-36.894186" lon="142.381858"><ele>309.9</ele></trkpt>
    <trkpt lat="-36.894160" lon="142.381972"><ele>309.7</ele></trkpt>
    <trkpt lat="-36.894109" lon="142.382122"><ele>309.7</ele></trkpt>
    <trkpt lat="-36.894135" lon="142.382379"><ele>310.0</ele></trkpt>
    <trkpt lat="-36.894118" lon="142.382594"><ele>310.3</ele></trkpt>
    <trkpt lat="-36.894115" lon="142.382755"><ele>310.4</ele></trkpt>
    <trkpt lat="-36.893987" lon="142.382910"><ele>310.3</ele></trkpt>
    <trkpt lat="-36.893996" lon="142.383058"><ele>310.2</ele></trkpt>
    <trkpt lat="-36.894118" lon="142.383272"><ele>310.0</ele></trkpt>
    <trkpt lat="-36.894264" lon="142.383415"><ele>310.3</ele></trkpt>
    <trkpt lat="-36.894373" lon="142.383562"><ele>310.2</ele></trkpt>
    <trkpt lat="-36.894442" lon="142.383664"><ele>310.0</ele></trkpt>
    <trkpt lat="-36.894522" lon="142.383800"><ele>309.7</ele></trkpt>
    <trkpt lat="-36.894494" lon="142.383906"><ele>309.5</ele></trkpt>
    <trkpt lat="-36.894528" lon="142.383959"><ele>309.4</ele></trkpt>
    <trkpt lat="-36.894583" lon="142.384004"><ele>309.2</ele></trkpt>
    <trkpt lat="-36.894670" lon="142.383989"><ele>308.9</ele></trkpt>
    <trkpt lat="-36.894753" lon="142.384010"><ele>308.6</ele></trkpt>
    <trkpt lat="-36.894864" lon="142.384112"><ele>308.0</ele></trkpt>
    <trkpt lat="-36.895111" lon="142.384152"><ele>306.5</ele></trkpt>
    <trkpt lat="-36.895205" lon="142.384120"><ele>305.7</ele></trkpt>
    <trkpt lat="-36.895390" lon="142.384047"><ele>304.2</ele></trkpt>
    <trkpt lat="-36.895592" lon="142.384012"><ele>303.3</ele></trkpt>
    <trkpt lat="-36.895845" lon="142.383961"><ele>304.1</ele></trkpt>
    <trkpt lat="-36.896177" lon="142.384303"><ele>311.4</ele></trkpt>
    <trkpt lat="-36.896217" lon="142.384516"><ele>315.5</ele></trkpt>
    <trkpt lat="-36.896381" lon="142.384660"><ele>320.9</ele></trkpt>
    <trkpt lat="-36.896715" lon="142.384851"><ele>331.4</ele></trkpt>
    <trkpt lat="-36.896747" lon="142.384863"><ele>332.5</ele></trkpt>
    <trkpt lat="-36.897182" lon="142.385027"><ele>346.8</ele></trkpt>
    <trkpt lat="-36.897357" lon="142.385098"><ele>352.5</ele></trkpt>
    <trkpt lat="-36.897683" lon="142.385208"><ele>363.2</ele></trkpt>
    <trkpt lat="-36.897956" lon="142.385335"><ele>372.5</ele></trkpt>
    <trkpt lat="-36.898210" lon="142.385403"><ele>379.6</ele></trkpt>
    <trkpt lat="-36.898740" lon="142.385585"><ele>393.0</ele></trkpt>
    <trkpt lat="-36.899050" lon="142.385544"><ele>400.3</ele></trkpt>
    <trkpt lat="-36.899243" lon="142.385701"><ele>405.8</ele></trkpt>
    <trkpt lat="-36.899550" lon="142.385679"><ele>413.0</ele></trkpt>
    <trkpt lat="-36.900024" lon="142.386080"><ele>425.6</ele></trkpt>
    <trkpt lat="-36.900310" lon="142.386296"><ele>431.9</ele></trkpt>
    <trkpt lat="-36.900471" lon="142.386509"><ele>435.8</ele></trkpt>
    <trkpt lat="-36.900585" lon="142.386842"><ele>440.9</ele></trkpt>
    <trkpt lat="-36.900635" lon="142.387170"><ele>445.5</ele></trkpt>
    <trkpt lat="-36.900567" lon="142.387276"><ele>447.2</ele></trkpt>
    <trkpt lat="-36.900378" lon="142.387308"><ele>449.9</ele></trkpt>
    <trkpt lat="-36.900173" lon="142.387258"><ele>453.1</ele></trkpt>
    <trkpt lat="-36.900045" lon="142.387240"><ele>455.2</ele></trkpt>
    <trkpt lat="-36.899989" lon="142.387268"><ele>456.0</ele></trkpt>
    <trkpt lat="-36.899964" lon="142.387305"><ele>456.5</ele></trkpt>
    <trkpt lat="-36.900002" lon="142.387340"><ele>457.1</ele></trkpt>
    <trkpt lat="-36.900058" lon="142.387405"><ele>458.1</ele></trkpt>
    <trkpt lat="-36.900011" lon="142.387501"><ele>459.1</ele></trkpt>
    <trkpt lat="-36.899909" lon="142.387685"><ele>459.8</ele></trkpt>
    <trkpt lat="-36.899721" lon="142.387846"><ele>460.5</ele></trkpt>
    <trkpt lat="-36.899608" lon="142.387852"><ele>460.8</ele></trkpt>
    <trkpt lat="-36.899390" lon="142.387965"><ele>460.9</ele></trkpt>
    <trkpt lat="-36.899492" lon="142.388099"><ele>461.3</ele></trkpt>
    <trkpt lat="-36.899447" lon="142.388279"><ele>461.7</ele></trkpt>
    <trkpt lat="-36.899330" lon="142.388417"><ele>462.9</ele></trkpt>
    <trkpt lat="-36.899529" lon="142.388584"><ele>465.7</ele></trkpt>
    <trkpt lat="-36.899790" lon="142.388732"><ele>470.9</ele></trkpt>
    <trkpt lat="-36.900014" lon="142.388810"><ele>476.3</ele></trkpt>
    <trkpt lat="-36.900534" lon="142.389164"><ele>488.2</ele></trkpt>
    <trkpt lat="-36.900675" lon="142.389411"><ele>491.3</ele></trkpt>
    <trkpt lat="-36.900871" lon="142.389545"><ele>493.5</ele></trkpt>
    <trkpt lat="-36.901141" lon="142.389939"><ele>496.2</ele></trkpt>
    <trkpt lat="-36.901459" lon="142.389861"><ele>496.9</ele></trkpt>
    <trkpt lat="-36.901529" lon="142.389700"><ele>497.5</ele></trkpt>
    <trkpt lat="-36.901643" lon="142.389743"><ele>498.0</ele></trkpt>
    <trkpt lat="-36.901643" lon="142.389599"><ele>498.2</ele></trkpt>
    <trkpt lat="-36.901697" lon="142.389558"><ele>498.4</ele></trkpt>
    <trkpt lat="-36.901995" lon="142.389582"><ele>497.7</ele></trkpt>
    <trkpt lat="-36.902164" lon="142.389767"><ele>495.9</ele></trkpt>
    <trkpt lat="-36.902134" lon="142.389929"><ele>494.7</ele></trkpt>
    <trkpt lat="-36.902201" lon="142.390078"><ele>493.5</ele></trkpt>
    <trkpt lat="-36.902238" lon="142.390208"><ele>492.5</ele></trkpt>
    <trkpt lat="-36.902304" lon="142.390310"><ele>490.9</ele></trkpt>
    <trkpt lat="-36.902375" lon="142.390427"><ele>489.2</ele></trkpt>
    <trkpt lat="-36.902447" lon="142.390406"><ele>488.0</ele></trkpt>
    <trkpt lat="-36.902541" lon="142.390483"><ele>485.9</ele></trkpt>
    <trkpt lat="-36.902681" lon="142.390451"><ele>483.2</ele></trkpt>
    <trkpt lat="-36.902749" lon="142.390496"><ele>481.9</ele></trkpt>
    <trkpt lat="-36.902854" lon="142.390835"><ele>477.2</ele></trkpt>
    <trkpt lat="-36.902845" lon="142.390919"><ele>476.3</ele></trkpt>
    <trkpt lat="-36.902897" lon="142.391063"><ele>474.5</ele></trkpt>
    <trkpt lat="-36.903083" lon="142.391144"><ele>471.7</ele></trkpt>
    <trkpt lat="-36.903108" lon="142.391240"><ele>470.6</ele></trkpt>
    <trkpt lat="-36.903326" lon="142.391492"><ele>467.4</ele></trkpt>
    <trkpt lat="-36.903510" lon="142.391513"><ele>466.0</ele></trkpt>
    <trkpt lat="-36.903735" lon="142.391702"><ele>464.6</ele></trkpt>
    <trkpt lat="-36.904081" lon="142.392306"><ele>465.6</ele></trkpt>
    <trkpt lat="-36.904095" lon="142.392501"><ele>466.4</ele></trkpt>
    <trkpt lat="-36.904249" lon="142.392726"><ele>467.2</ele></trkpt>
    <trkpt lat="-36.904680" lon="142.393072"><ele>467.2</ele></trkpt>
    <trkpt lat="-36.904854" lon="142.393200"><ele>466.0</ele></trkpt>
    <trkpt lat="-36.904927" lon="142.393160"><ele>465.3</ele></trkpt>
    <trkpt lat="-36.905003" lon="142.393097"><ele>464.5</ele></trkpt>
    <trkpt lat="-36.905128" lon="142.393131"><ele>463.0</ele></trkpt>
    <trkpt lat="-36.905300" lon="142.393302"><ele>460.5</ele></trkpt>
    <trkpt lat="-36.905209" lon="142.393457"><ele>459.0</ele></trkpt>
    <trkpt lat="-36.905236" lon="142.393803"><ele>456.8</ele></trkpt>
    <trkpt lat="-36.905342" lon="142.394128"><ele>455.8</ele></trkpt>
    <trkpt lat="-36.905575" lon="142.394304"><ele>455.8</ele></trkpt>
    <trkpt lat="-36.905850" lon="142.394740"><ele>457.0</ele></trkpt>
    <trkpt lat="-36.905931" lon="142.395016"><ele>457.4</ele></trkpt>
    <trkpt lat="-36.906129" lon="142.395426"><ele>457.2</ele></trkpt>
    <trkpt lat="-36.906210" lon="142.395744"><ele>456.5</ele></trkpt>
    <trkpt lat="-36.906329" lon="142.395955"><ele>455.9</ele></trkpt>
    <trkpt lat="-36.906392" lon="142.396114"><ele>455.4</ele></trkpt>
    <trkpt lat="-36.906502" lon="142.396339"><ele>454.6</ele></trkpt>
    <trkpt lat="-36.906621" lon="142.396446"><ele>454.0</ele></trkpt>
    <trkpt lat="-36.906699" lon="142.396698"><ele>453.2</ele></trkpt>
    <trkpt lat="-36.906765" lon="142.396835"><ele>452.7</ele></trkpt>
    <trkpt lat="-36.906788" lon="142.396948"><ele>452.4</ele></trkpt>
    <trkpt lat="-36.906931" lon="142.397247"><ele>451.5</ele></trkpt>
    <trkpt lat="-36.907041" lon="142.397626"><ele>451.0</ele></trkpt>
    <trkpt lat="-36.907148" lon="142.397787"><ele>450.9</ele></trkpt>
    <trkpt lat="-36.907325" lon="142.397954"><ele>450.7</ele></trkpt>
    <trkpt lat="-36.907428" lon="142.398176"><ele>450.6</ele></trkpt>
    <trkpt lat="-36.907627" lon="142.398305"><ele>450.4</ele></trkpt>
    <trkpt lat="-36.907687" lon="142.398383"><ele>450.3</ele></trkpt>
    <trkpt lat="-36.907791" lon="142.398426"><ele>450.2</ele></trkpt>
    <trkpt lat="-36.908160" lon="142.398884"><ele>449.8</ele></trkpt>
    <trkpt lat="-36.908297" lon="142.398886"><ele>449.7</ele></trkpt>
    <trkpt lat="-36.908489" lon="142.399006"><ele>449.5</ele></trkpt>
    <trkpt lat="-36.908650" lon="142.399234"><ele>448.7</ele></trkpt>
    <trkpt lat="-36.908733" lon="142.399415"><ele>447.6</ele></trkpt>
    <trkpt lat="-36.908763" lon="142.399890"><ele>444.0</ele></trkpt>
    <trkpt lat="-36.908811" lon="142.400045"><ele>442.2</ele></trkpt>
    <trkpt lat="-36.908821" lon="142.400191"><ele>440.6</ele></trkpt>
    <trkpt lat="-36.909116" lon="142.400607"><ele>434.3</ele></trkpt>
    <trkpt lat="-36.909241" lon="142.400800"><ele>432.1</ele></trkpt>
    <trkpt lat="-36.909245" lon="142.400953"><ele>430.8</ele></trkpt>
    <trkpt lat="-36.909208" lon="142.401095"><ele>429.7</ele></trkpt>
    <trkpt lat="-36.909231" lon="142.401459"><ele>427.1</ele></trkpt>
    <trkpt lat="-36.909283" lon="142.402002"><ele>424.0</ele></trkpt>
    <trkpt lat="-36.909341" lon="142.402186"><ele>422.8</ele></trkpt>
    <trkpt lat="-36.909365" lon="142.402326"><ele>421.9</ele></trkpt>
    <trkpt lat="-36.909327" lon="142.402546"><ele>420.5</ele></trkpt>
    <trkpt lat="-36.909333" lon="142.402882"><ele>418.5</ele></trkpt>
    <trkpt lat="-36.909379" lon="142.403015"><ele>417.7</ele></trkpt>
    <trkpt lat="-36.909370" lon="142.403267"><ele>416.5</ele></trkpt>
    <trkpt lat="-36.909335" lon="142.403532"><ele>415.6</ele></trkpt>
    <trkpt lat="-36.909354" lon="142.403769"><ele>415.1</ele></trkpt>
    <trkpt lat="-36.909321" lon="142.403950"><ele>414.8</ele></trkpt>
    <trkpt lat="-36.909379" lon="142.404296"><ele>414.8</ele></trkpt>
    <trkpt lat="-36.909504" lon="142.404560"><ele>415.0</ele></trkpt>
    <trkpt lat="-36.909584" lon="142.404799"><ele>415.3</ele></trkpt>
    <trkpt lat="-36.909931" lon="142.405275"><ele>415.6</ele></trkpt>
    <trkpt lat="-36.910561" lon="142.405515"><ele>416.8</ele></trkpt>
    <trkpt lat="-36.910827" lon="142.405754"><ele>418.3</ele></trkpt>
    <trkpt lat="-36.910900" lon="142.405863"><ele>419.0</ele></trkpt>
    <trkpt lat="-36.911104" lon="142.406009"><ele>420.1</ele></trkpt>
    <trkpt lat="-36.911190" lon="142.406169"><ele>420.5</ele></trkpt>
    <trkpt lat="-36.911277" lon="142.406357"><ele>420.5</ele></trkpt>
    <trkpt lat="-36.911474" lon="142.406529"><ele>420.2</ele></trkpt>
    <trkpt lat="-36.911526" lon="142.406673"><ele>419.7</ele></trkpt>
    <trkpt lat="-36.911637" lon="142.406904"><ele>418.3</ele></trkpt>
    <trkpt lat="-36.911710" lon="142.407231"><ele>415.9</ele></trkpt>
    <trkpt lat="-36.912062" lon="142.407773"><ele>412.3</ele></trkpt>
    <trkpt lat="-36.912139" lon="142.407929"><ele>411.3</ele></trkpt>
    <trkpt lat="-36.912474" lon="142.408406"><ele>408.8</ele></trkpt>
    <trkpt lat="-36.912564" lon="142.408497"><ele>408.4</ele></trkpt>
    <trkpt lat="-36.912757" lon="142.408648"><ele>407.7</ele></trkpt>
    <trkpt lat="-36.913152" lon="142.409087"><ele>407.0</ele></trkpt>
    <trkpt lat="-36.913426" lon="142.409248"><ele>407.4</ele></trkpt>
    <trkpt lat="-36.913623" lon="142.409570"><ele>407.8</ele></trkpt>
    <trkpt lat="-36.913889" lon="142.409822"><ele>408.0</ele></trkpt>
    <trkpt lat="-36.914152" lon="142.410007"><ele>407.7</ele></trkpt>
    <trkpt lat="-36.914477" lon="142.409939"><ele>406.5</ele></trkpt>
    <trkpt lat="-36.914771" lon="142.409969"><ele>405.1</ele></trkpt>
    <trkpt lat="-36.914940" lon="142.409999"><ele>404.2</ele></trkpt>
    <trkpt lat="-36.915601" lon="142.409849"><ele>400.9</ele></trkpt>
    <trkpt lat="-36.915815" lon="142.409946"><ele>399.7</ele></trkpt>
    <trkpt lat="-36.916051" lon="142.410214"><ele>398.1</ele></trkpt>
    <trkpt lat="-36.916227" lon="142.410257"><ele>397.2</ele></trkpt>
    <trkpt lat="-36.916540" lon="142.410461"><ele>395.5</ele></trkpt>
    <trkpt lat="-36.916905" lon="142.410708"><ele>393.6</ele></trkpt>
    <trkpt lat="-36.917308" lon="142.411019"><ele>392.3</ele></trkpt>
    <trkpt lat="-36.917484" lon="142.411051"><ele>392.0</ele></trkpt>
    <trkpt lat="-36.917784" lon="142.411367"><ele>391.2</ele></trkpt>
    <trkpt lat="-36.918011" lon="142.411480"><ele>390.7</ele></trkpt>
    <trkpt lat="-36.918252" lon="142.411610"><ele>389.7</ele></trkpt>
    <trkpt lat="-36.918399" lon="142.411615"><ele>389.1</ele></trkpt>
    <trkpt lat="-36.918599" lon="142.411684"><ele>388.1</ele></trkpt>
    <trkpt lat="-36.918972" lon="142.411759"><ele>385.9</ele></trkpt>
    <trkpt lat="-36.919709" lon="142.412344"><ele>381.8</ele></trkpt>
    <trkpt lat="-36.920181" lon="142.412880"><ele>379.2</ele></trkpt>
    <trkpt lat="-36.920275" lon="142.413015"><ele>378.4</ele></trkpt>
    <trkpt lat="-36.920481" lon="142.413095"><ele>377.2</ele></trkpt>
    <trkpt lat="-36.920633" lon="142.413095"><ele>376.3</ele></trkpt>
    <trkpt lat="-36.920807" lon="142.413143"><ele>375.2</ele></trkpt>
    <trkpt lat="-36.921163" lon="142.413025"><ele>372.9</ele></trkpt>
    <trkpt lat="-36.921506" lon="142.412923"><ele>370.7</ele></trkpt>
    <trkpt lat="-36.921703" lon="142.412572"><ele>368.4</ele></trkpt>
    <trkpt lat="-36.921759" lon="142.412317"><ele>367.0</ele></trkpt>
    <trkpt lat="-36.921935" lon="142.412006"><ele>364.9</ele></trkpt>
    <trkpt lat="-36.922317" lon="142.411877"><ele>361.9</ele></trkpt>
    <trkpt lat="-36.922836" lon="142.411861"><ele>357.7</ele></trkpt>
    <trkpt lat="-36.923839" lon="142.411721"><ele>348.5</ele></trkpt>
    <trkpt lat="-36.924049" lon="142.411587"><ele>347.1</ele></trkpt>
    <trkpt lat="-36.924165" lon="142.411448"><ele>346.7</ele></trkpt>
    <trkpt lat="-36.924397" lon="142.411485"><ele>346.9</ele></trkpt>
    <trkpt lat="-36.924465" lon="142.411614"><ele>347.2</ele></trkpt>
    <trkpt lat="-36.924583" lon="142.411524"><ele>347.8</ele></trkpt>
    <trkpt lat="-36.924727" lon="142.411554"><ele>348.7</ele></trkpt>
    <trkpt lat="-36.924877" lon="142.411898"><ele>350.6</ele></trkpt>
    <trkpt lat="-36.924967" lon="142.412121"><ele>351.8</ele></trkpt>
    <trkpt lat="-36.925027" lon="142.412389"><ele>352.7</ele></trkpt>
    <trkpt lat="-36.925122" lon="142.412896"><ele>354.1</ele></trkpt>
    <trkpt lat="-36.925126" lon="142.413132"><ele>354.8</ele></trkpt>
    <trkpt lat="-36.925160" lon="142.413615"><ele>356.7</ele></trkpt>
    <trkpt lat="-36.925250" lon="142.413985"><ele>358.2</ele></trkpt>
    <trkpt lat="-36.925242" lon="142.414369"><ele>359.4</ele></trkpt>
    <trkpt lat="-36.925274" lon="142.414704"><ele>360.0</ele></trkpt>
    <trkpt lat="-36.925364" lon="142.415074"><ele>360.9</ele></trkpt>
    <trkpt lat="-36.925492" lon="142.415332"><ele>361.8</ele></trkpt>
    <trkpt lat="-36.925498" lon="142.415338"><ele>361.8</ele></trkpt>
    <trkpt lat="-36.925778" lon="142.415686"><ele>363.7</ele></trkpt>
    <trkpt lat="-36.925887" lon="142.415973"><ele>365.8</ele></trkpt>
    <trkpt lat="-36.925958" lon="142.416131"><ele>367.2</ele></trkpt>
    <trkpt lat="-36.926147" lon="142.416335"><ele>369.5</ele></trkpt>
    <trkpt lat="-36.926429" lon="142.416496"><ele>372.2</ele></trkpt>
    <trkpt lat="-36.926764" lon="142.416576"><ele>375.1</ele></trkpt>
    <trkpt lat="-36.927137" lon="142.416678"><ele>378.5</ele></trkpt>
    <trkpt lat="-36.927330" lon="142.416689"><ele>380.3</ele></trkpt>
    <trkpt lat="-36.927472" lon="142.416517"><ele>382.6</ele></trkpt>
    <trkpt lat="-36.927613" lon="142.416319"><ele>385.5</ele></trkpt>
    <trkpt lat="-36.927613" lon="142.416093"><ele>388.4</ele></trkpt>
    <trkpt lat="-36.927725" lon="142.416050"><ele>390.6</ele></trkpt>
    <trkpt lat="-36.927746" lon="142.415886"><ele>393.1</ele></trkpt>
    <trkpt lat="-36.927819" lon="142.415825"><ele>394.9</ele></trkpt>
    <trkpt lat="-36.928068" lon="142.415772"><ele>399.9</ele></trkpt>
    <trkpt lat="-36.928316" lon="142.415557"><ele>405.6</ele></trkpt>
    <trkpt lat="-36.928447" lon="142.415563"><ele>408.1</ele></trkpt>
    <trkpt lat="-36.928578" lon="142.415653"><ele>410.6</ele></trkpt>
    <trkpt lat="-36.928861" lon="142.415718"><ele>414.7</ele></trkpt>
    <trkpt lat="-36.929085" lon="142.415705"><ele>417.5</ele></trkpt>
    <trkpt lat="-36.929341" lon="142.415965"><ele>421.2</ele></trkpt>
    <trkpt lat="-36.929607" lon="142.415825"><ele>424.4</ele></trkpt>
    <trkpt lat="-36.930203" lon="142.415165"><ele>431.1</ele></trkpt>
    <trkpt lat="-36.930842" lon="142.414763"><ele>436.3</ele></trkpt>
    <trkpt lat="-36.931168" lon="142.414479"><ele>440.3</ele></trkpt>
    <trkpt lat="-36.931295" lon="142.414404"><ele>441.9</ele></trkpt>
    <trkpt lat="-36.931451" lon="142.414366"><ele>443.7</ele></trkpt>
    <trkpt lat="-36.931594" lon="142.414295"><ele>445.6</ele></trkpt>
    <trkpt lat="-36.931721" lon="142.414355"><ele>447.3</ele></trkpt>
    <trkpt lat="-36.931996" lon="142.414190"><ele>451.4</ele></trkpt>
    <trkpt lat="-36.932137" lon="142.414119"><ele>453.5</ele></trkpt>
    <trkpt lat="-36.932493" lon="142.414178"><ele>458.8</ele></trkpt>
    <trkpt lat="-36.932778" lon="142.414267"><ele>463.4</ele></trkpt>
    <trkpt lat="-36.932793" lon="142.414366"><ele>464.6</ele></trkpt>
    <trkpt lat="-36.932900" lon="142.414500"><ele>466.8</ele></trkpt>
    <trkpt lat="-36.933075" lon="142.414653"><ele>469.7</ele></trkpt>
    <trkpt lat="-36.933093" lon="142.414983"><ele>473.0</ele></trkpt>
    <trkpt lat="-36.933346" lon="142.415155"><ele>475.5</ele></trkpt>
    <trkpt lat="-36.933548" lon="142.415385"><ele>476.7</ele></trkpt>
    <trkpt lat="-36.934122" lon="142.415326"><ele>477.1</ele></trkpt>
    <trkpt lat="-36.934550" lon="142.415355"><ele>476.0</ele></trkpt>
    <trkpt lat="-36.935053" lon="142.415299"><ele>474.7</ele></trkpt>
    <trkpt lat="-36.935357" lon="142.415482"><ele>473.5</ele></trkpt>
    <trkpt lat="-36.935688" lon="142.415476"><ele>472.5</ele></trkpt>
    <trkpt lat="-36.935962" lon="142.415659"><ele>471.4</ele></trkpt>
    <trkpt lat="-36.936382" lon="142.415793"><ele>470.4</ele></trkpt>
    <trkpt lat="-36.936725" lon="142.415739"><ele>470.2</ele></trkpt>
    <trkpt lat="-36.937038" lon="142.415777"><ele>470.5</ele></trkpt>
    <trkpt lat="-36.937566" lon="142.415847"><ele>471.6</ele></trkpt>
    <trkpt lat="-36.937850" lon="142.415806"><ele>472.1</ele></trkpt>
    <trkpt lat="-36.938120" lon="142.415841"><ele>472.3</ele></trkpt>
    <trkpt lat="-36.938247" lon="142.415922"><ele>472.3</ele></trkpt>
    <trkpt lat="-36.938625" lon="142.416008"><ele>472.4</ele></trkpt>
    <trkpt lat="-36.939208" lon="142.416104"><ele>472.7</ele></trkpt>
    <trkpt lat="-36.940001" lon="142.416340"><ele>471.5</ele></trkpt>
    <trkpt lat="-36.940371" lon="142.416529"><ele>470.1</ele></trkpt>
    <trkpt lat="-36.940631" lon="142.416742"><ele>469.2</ele></trkpt>
    <trkpt lat="-36.940773" lon="142.416946"><ele>468.8</ele></trkpt>
    <trkpt lat="-36.940991" lon="142.417027"><ele>468.5</ele></trkpt>
    <trkpt lat="-36.941107" lon="142.417102"><ele>468.4</ele></trkpt>
    <trkpt lat="-36.941164" lon="142.417233"><ele>468.3</ele></trkpt>
    <trkpt lat="-36.941141" lon="142.417349"><ele>468.2</ele></trkpt>
    <trkpt lat="-36.941197" lon="142.417451"><ele>468.2</ele></trkpt>
    <trkpt lat="-36.941489" lon="142.417799"><ele>468.7</ele></trkpt>
    <trkpt lat="-36.941649" lon="142.418079"><ele>469.3</ele></trkpt>
    <trkpt lat="-36.941732" lon="142.418351"><ele>469.9</ele></trkpt>
    <trkpt lat="-36.941866" lon="142.418454"><ele>470.4</ele></trkpt>
    <trkpt lat="-36.942042" lon="142.418395"><ele>471.3</ele></trkpt>
    <trkpt lat="-36.942436" lon="142.418416"><ele>473.2</ele></trkpt>
    <trkpt lat="-36.942766" lon="142.418346"><ele>475.1</ele></trkpt>
    <trkpt lat="-36.942942" lon="142.418239"><ele>476.3</ele></trkpt>
    <trkpt lat="-36.943032" lon="142.418184"><ele>476.9</ele></trkpt>
    <trkpt lat="-36.943151" lon="142.418148"><ele>477.7</ele></trkpt>
    <trkpt lat="-36.943418" lon="142.418239"><ele>478.7</ele></trkpt>
    <trkpt lat="-36.943542" lon="142.418202"><ele>478.7</ele></trkpt>
    <trkpt lat="-36.943787" lon="142.418379"><ele>478.7</ele></trkpt>
    <trkpt lat="-36.943961" lon="142.418728"><ele>477.9</ele></trkpt>
    <trkpt lat="-36.943995" lon="142.419058"><ele>476.8</ele></trkpt>
    <trkpt lat="-36.943943" lon="142.419181"><ele>476.4</ele></trkpt>
    <trkpt lat="-36.943870" lon="142.419366"><ele>475.8</ele></trkpt>
    <trkpt lat="-36.943945" lon="142.419591"><ele>475.2</ele></trkpt>
    <trkpt lat="-36.944108" lon="142.419636"><ele>474.5</ele></trkpt>
    <trkpt lat="-36.944423" lon="142.420026"><ele>471.9</ele></trkpt>
    <trkpt lat="-36.944687" lon="142.420114"><ele>469.7</ele></trkpt>
    <trkpt lat="-36.945112" lon="142.420154"><ele>466.3</ele></trkpt>
    <trkpt lat="-36.945388" lon="142.420345"><ele>463.8</ele></trkpt>
    <trkpt lat="-36.945532" lon="142.420629"><ele>461.6</ele></trkpt>
    <trkpt lat="-36.945615" lon="142.420712"><ele>460.7</ele></trkpt>
    <trkpt lat="-36.945699" lon="142.420852"><ele>459.4</ele></trkpt>
    <trkpt lat="-36.945879" lon="142.421114"><ele>456.7</ele></trkpt>
    <trkpt lat="-36.946025" lon="142.421313"><ele>454.2</ele></trkpt>
    <trkpt lat="-36.946162" lon="142.421501"><ele>451.7</ele></trkpt>
    <trkpt lat="-36.946194" lon="142.421646"><ele>450.4</ele></trkpt>
    <trkpt lat="-36.946340" lon="142.421790"><ele>448.5</ele></trkpt>
    <trkpt lat="-36.946526" lon="142.422075"><ele>445.5</ele></trkpt>
    <trkpt lat="-36.946548" lon="142.422289"><ele>443.8</ele></trkpt>
    <trkpt lat="-36.946696" lon="142.422456"><ele>442.1</ele></trkpt>
    <trkpt lat="-36.946857" lon="142.422552"><ele>440.6</ele></trkpt>
    <trkpt lat="-36.947092" lon="142.422734"><ele>438.3</ele></trkpt>
    <trkpt lat="-36.947412" lon="142.423040"><ele>434.1</ele></trkpt>
    <trkpt lat="-36.947537" lon="142.423147"><ele>432.6</ele></trkpt>
    <trkpt lat="-36.947613" lon="142.423188"><ele>431.8</ele></trkpt>
    <trkpt lat="-36.947791" lon="142.423368"><ele>429.6</ele></trkpt>
    <trkpt lat="-36.947965" lon="142.423539"><ele>427.4</ele></trkpt>
    <trkpt lat="-36.947978" lon="142.423582"><ele>427.0</ele></trkpt>
    <trkpt lat="-36.948256" lon="142.423890"><ele>423.5</ele></trkpt>
    <trkpt lat="-36.948505" lon="142.424086"><ele>420.9</ele></trkpt>
    <trkpt lat="-36.948681" lon="142.424279"><ele>418.9</ele></trkpt>
    <trkpt lat="-36.948814" lon="142.424486"><ele>417.2</ele></trkpt>
    <trkpt lat="-36.948991" lon="142.424713"><ele>415.0</ele></trkpt>
    <trkpt lat="-36.949114" lon="142.424904"><ele>413.3</ele></trkpt>
    <trkpt lat="-36.949222" lon="142.425049"><ele>411.8</ele></trkpt>
    <trkpt lat="-36.949444" lon="142.425256"><ele>409.1</ele></trkpt>
    <trkpt lat="-36.949581" lon="142.425468"><ele>406.7</ele></trkpt>
    <trkpt lat="-36.949757" lon="142.425748"><ele>403.3</ele></trkpt>
    <trkpt lat="-36.949926" lon="142.425902"><ele>400.3</ele></trkpt>
    <trkpt lat="-36.949967" lon="142.426055"><ele>398.4</ele></trkpt>
    <trkpt lat="-36.950016" lon="142.426262"><ele>395.5</ele></trkpt>
    <trkpt lat="-36.950044" lon="142.426326"><ele>394.5</ele></trkpt>
    <trkpt lat="-36.950128" lon="142.426428"><ele>392.4</ele></trkpt>
    <trkpt lat="-36.950196" lon="142.426533"><ele>390.4</ele></trkpt>
    <trkpt lat="-36.950316" lon="142.426685"><ele>387.3</ele></trkpt>
    <trkpt lat="-36.950535" lon="142.427026"><ele>381.3</ele></trkpt>
    <trkpt lat="-36.950504" lon="142.427443"><ele>376.0</ele></trkpt>
    <trkpt lat="-36.950518" lon="142.427659"><ele>373.7</ele></trkpt>
    <trkpt lat="-36.950582" lon="142.428034"><ele>370.2</ele></trkpt>
    <trkpt lat="-36.950567" lon="142.428268"><ele>368.3</ele></trkpt>
    <trkpt lat="-36.950400" lon="142.428574"><ele>365.1</ele></trkpt>
    <trkpt lat="-36.950273" lon="142.428676"><ele>363.3</ele></trkpt>
    <trkpt lat="-36.950098" lon="142.428823"><ele>360.8</ele></trkpt>
    <trkpt lat="-36.949909" lon="142.428914"><ele>358.3</ele></trkpt>
    <trkpt lat="-36.949861" lon="142.428990"><ele>357.3</ele></trkpt>
    <trkpt lat="-36.949843" lon="142.429134"><ele>355.9</ele></trkpt>
    <trkpt lat="-36.949778" lon="142.429276"><ele>354.1</ele></trkpt>
    <trkpt lat="-36.949660" lon="142.429405"><ele>352.1</ele></trkpt>
    <trkpt lat="-36.949598" lon="142.429526"><ele>350.5</ele></trkpt>
    <trkpt lat="-36.949283" lon="142.429810"><ele>346.6</ele></trkpt>
    <trkpt lat="-36.949124" lon="142.429958"><ele>345.4</ele></trkpt>
    <trkpt lat="-36.948979" lon="142.430019"><ele>344.4</ele></trkpt>
    <trkpt lat="-36.948758" lon="142.430229"><ele>342.7</ele></trkpt>
    <trkpt lat="-36.948711" lon="142.430470"><ele>341.5</ele></trkpt>
    <trkpt lat="-36.948659" lon="142.430784"><ele>340.1</ele></trkpt>
    <trkpt lat="-36.948610" lon="142.430837"><ele>339.8</ele></trkpt>
    <trkpt lat="-36.948520" lon="142.431041"><ele>339.0</ele></trkpt>
    <trkpt lat="-36.948488" lon="142.431226"><ele>338.1</ele></trkpt>
    <trkpt lat="-36.948428" lon="142.431379"><ele>337.2</ele></trkpt>
    <trkpt lat="-36.948361" lon="142.431610"><ele>336.1</ele></trkpt>
    <trkpt lat="-36.948183" lon="142.431755"><ele>334.6</ele></trkpt>
    <trkpt lat="-36.948072" lon="142.431980"><ele>332.6</ele></trkpt>
    <trkpt lat="-36.948160" lon="142.432047"><ele>331.4</ele></trkpt>
    <trkpt lat="-36.948165" lon="142.432195"><ele>329.7</ele></trkpt>
    <trkpt lat="-36.948036" lon="142.432302"><ele>327.0</ele></trkpt>
    <trkpt lat="-36.947972" lon="142.432447"><ele>324.6</ele></trkpt>
    <trkpt lat="-36.948036" lon="142.432560"><ele>322.6</ele></trkpt>
    <trkpt lat="-36.948032" lon="142.432667"><ele>321.0</ele></trkpt>
    <trkpt lat="-36.948088" lon="142.432683"><ele>319.9</ele></trkpt>
    <trkpt lat="-36.948259" lon="142.432924"><ele>315.0</ele></trkpt>
    <trkpt lat="-36.948516" lon="142.433032"><ele>310.9</ele></trkpt>
    <trkpt lat="-36.948671" lon="142.433118"><ele>309.0</ele></trkpt>
    <trkpt lat="-36.948606" lon="142.433230"><ele>307.9</ele></trkpt>
    <trkpt lat="-36.948611" lon="142.433300"><ele>307.3</ele></trkpt>
    <trkpt lat="-36.948581" lon="142.433391"><ele>306.6</ele></trkpt>
    <trkpt lat="-36.948542" lon="142.433450"><ele>306.0</ele></trkpt>
    <trkpt lat="-36.948455" lon="142.433470"><ele>305.0</ele></trkpt>
    <trkpt lat="-36.948465" lon="142.433579"><ele>304.1</ele></trkpt>
    <trkpt lat="-36.948551" lon="142.433745"><ele>302.4</ele></trkpt>
    <trkpt lat="-36.948594" lon="142.433949"><ele>300.6</ele></trkpt>
    <trkpt lat="-36.948662" lon="142.434035"><ele>299.4</ele></trkpt>
    <trkpt lat="-36.948714" lon="142.434153"><ele>298.1</ele></trkpt>
    <trkpt lat="-36.948816" lon="142.434217"><ele>296.6</ele></trkpt>
    <trkpt lat="-36.948821" lon="142.434276"><ele>295.8</ele></trkpt>
    <trkpt lat="-36.949001" lon="142.434437"><ele>292.2</ele></trkpt>
    <trkpt lat="-36.949318" lon="142.435065"><ele>282.5</ele></trkpt>
    <trkpt lat="-36.949594" lon="142.435278"><ele>277.6</ele></trkpt>
    <trkpt lat="-36.949630" lon="142.435349"><ele>276.6</ele></trkpt>
    <trkpt lat="-36.949662" lon="142.435388"><ele>275.9</ele></trkpt>
    <trkpt lat="-36.949779" lon="142.435425"><ele>274.0</ele></trkpt>
    <trkpt lat="-36.950063" lon="142.435598"><ele>268.7</ele></trkpt>
    <trkpt lat="-36.950196" lon="142.435641"><ele>266.5</ele></trkpt>
    <trkpt lat="-36.950333" lon="142.435661"><ele>264.0</ele></trkpt>
    <trkpt lat="-36.950393" lon="142.435699"><ele>262.7</ele></trkpt>
    <trkpt lat="-36.950486" lon="142.435720"><ele>260.8</ele></trkpt>
    <trkpt lat="-36.950569" lon="142.435824"><ele>258.2</ele></trkpt>
    <trkpt lat="-36.950610" lon="142.435893"><ele>256.7</ele></trkpt>
    <trkpt lat="-36.950687" lon="142.435985"><ele>254.4</ele></trkpt>
    <trkpt lat="-36.950791" lon="142.436006"><ele>252.2</ele></trkpt>
    <trkpt lat="-36.951075" lon="142.436017"><ele>247.1</ele></trkpt>
    <trkpt lat="-36.951101" lon="142.435971"><ele>246.4</ele></trkpt>
    <trkpt lat="-36.951085" lon="142.435885"><ele>245.4</ele></trkpt>
    <trkpt lat="-36.951054" lon="142.435802"><ele>244.3</ele></trkpt>
    <trkpt lat="-36.950992" lon="142.435617"><ele>242.1</ele></trkpt>
    <trkpt lat="-36.950888" lon="142.435451"><ele>240.4</ele></trkpt>
    <trkpt lat="-36.950781" lon="142.435241"><ele>238.8</ele></trkpt>
    <trkpt lat="-36.950781" lon="142.435165"><ele>238.6</ele></trkpt>
    <trkpt lat="-36.950832" lon="142.435073"><ele>238.2</ele></trkpt>
    <trkpt lat="-36.950986" lon="142.435173"><ele>238.0</ele></trkpt>
    <trkpt lat="-36.951245" lon="142.435299"><ele>237.9</ele></trkpt>
    <trkpt lat="-36.951346" lon="142.435312"><ele>238.0</ele></trkpt>
    <trkpt lat="-36.951457" lon="142.435265"><ele>238.1</ele></trkpt>
    <trkpt lat="-36.951540" lon="142.435287"><ele>238.1</ele></trkpt>
    <trkpt lat="-36.951634" lon="142.435353"><ele>238.2</ele></trkpt>
    <trkpt lat="-36.951866" lon="142.435391"><ele>238.5</ele></trkpt>
    <trkpt lat="-36.952059" lon="142.435378"><ele>238.5</ele></trkpt>
    <trkpt lat="-36.952377" lon="142.435578"><ele>237.9</ele></trkpt>
    <trkpt lat="-36.952910" lon="142.435716"><ele>236.4</ele></trkpt>
    <trkpt lat="-36.953088" lon="142.435666"><ele>236.2</ele></trkpt>
    <trkpt lat="-36.953218" lon="142.435560"><ele>236.0</ele></trkpt>
    <trkpt lat="-36.953267" lon="142.435580"><ele>235.9</ele></trkpt>
    <trkpt lat="-36.953317" lon="142.435643"><ele>235.7</ele></trkpt>
    <trkpt lat="-36.953395" lon="142.435685"><ele>235.6</ele></trkpt>
    <trkpt lat="-36.953453" lon="142.435703"><ele>235.4</ele></trkpt>
    <trkpt lat="-36.953488" lon="142.435728"><ele>235.4</ele></trkpt>
    <trkpt lat="-36.953527" lon="142.435763"><ele>235.2</ele></trkpt>
    <trkpt lat="-36.953621" lon="142.435867"><ele>235.0</ele></trkpt>
    <trkpt lat="-36.953653" lon="142.435887"><ele>234.9</ele></trkpt>
    <trkpt lat="-36.953905" lon="142.436054"><ele>233.8</ele></trkpt>
    <trkpt lat="-36.953929" lon="142.436069"><ele>233.7</ele></trkpt>
    <trkpt lat="-36.954436" lon="142.436269"><ele>231.4</ele></trkpt>
    <trkpt lat="-36.954571" lon="142.436447"><ele>230.4</ele></trkpt>
    <trkpt lat="-36.954606" lon="142.436573"><ele>229.9</ele></trkpt>
    <trkpt lat="-36.954612" lon="142.437008"><ele>228.3</ele></trkpt>
    <trkpt lat="-36.954762" lon="142.437342"><ele>226.5</ele></trkpt>
    <trkpt lat="-36.954785" lon="142.437489"><ele>225.7</ele></trkpt>
    <trkpt lat="-36.954776" lon="142.437770"><ele>224.4</ele></trkpt>
    <trkpt lat="-36.954836" lon="142.437913"><ele>224.5</ele></trkpt>
    <trkpt lat="-36.954954" lon="142.438027"><ele>224.7</ele></trkpt>
    <trkpt lat="-36.954972" lon="142.438134"><ele>225.0</ele></trkpt>
    <trkpt lat="-36.954949" lon="142.438331"><ele>225.5</ele></trkpt>
    <trkpt lat="-36.955010" lon="142.438463"><ele>226.3</ele></trkpt>
    <trkpt lat="-36.955154" lon="142.438551"><ele>227.4</ele></trkpt>
    <trkpt lat="-36.955329" lon="142.438511"><ele>229.0</ele></trkpt>
    <trkpt lat="-36.955739" lon="142.438270"><ele>234.4</ele></trkpt>
    <trkpt lat="-36.956442" lon="142.437948"><ele>242.0</ele></trkpt>
    <trkpt lat="-36.956622" lon="142.437872"><ele>244.0</ele></trkpt>
    <trkpt lat="-36.956799" lon="142.437875"><ele>245.7</ele></trkpt>
    <trkpt lat="-36.956905" lon="142.437804"><ele>246.7</ele></trkpt>
    <trkpt lat="-36.957497" lon="142.437744"><ele>252.9</ele></trkpt>
    <trkpt lat="-36.957907" lon="142.437697"><ele>256.3</ele></trkpt>
    <trkpt lat="-36.958118" lon="142.437690"><ele>258.3</ele></trkpt>
    <trkpt lat="-36.958289" lon="142.437627"><ele>260.0</ele></trkpt>
    <trkpt lat="-36.958581" lon="142.437687"><ele>262.2</ele></trkpt>
    <trkpt lat="-36.959451" lon="142.437841"><ele>266.3</ele></trkpt>
    <trkpt lat="-36.959933" lon="142.437851"><ele>265.2</ele></trkpt>
    <trkpt lat="-36.960411" lon="142.437733"><ele>262.9</ele></trkpt>
    <trkpt lat="-36.960818" lon="142.437555"><ele>262.2</ele></trkpt>
    <trkpt lat="-36.961629" lon="142.437379"><ele>266.3</ele></trkpt>
    <trkpt lat="-36.962569" lon="142.437296"><ele>274.0</ele></trkpt>
    <trkpt lat="-36.962880" lon="142.437199"><ele>276.5</ele></trkpt>
    <trkpt lat="-36.963090" lon="142.437114"><ele>277.6</ele></trkpt>
    <trkpt lat="-36.963145" lon="142.437143"><ele>277.9</ele></trkpt>
    <trkpt lat="-36.963107" lon="142.437219"><ele>278.3</ele></trkpt>
    <trkpt lat="-36.963008" lon="142.437373"><ele>279.3</ele></trkpt>
    <trkpt lat="-36.962932" lon="142.437555"><ele>280.4</ele></trkpt>
    <trkpt lat="-36.962971" lon="142.437656"><ele>281.1</ele></trkpt>
    <trkpt lat="-36.963030" lon="142.437717"><ele>281.7</ele></trkpt>
    <trkpt lat="-36.963155" lon="142.437594"><ele>283.0</ele></trkpt>
    <trkpt lat="-36.963296" lon="142.437442"><ele>284.0</ele></trkpt>
    <trkpt lat="-36.963430" lon="142.437377"><ele>284.9</ele></trkpt>
    <trkpt lat="-36.963573" lon="142.437232"><ele>286.3</ele></trkpt>
    <trkpt lat="-36.963737" lon="142.437145"><ele>287.4</ele></trkpt>
    <trkpt lat="-36.963876" lon="142.437145"><ele>288.0</ele></trkpt>
    <trkpt lat="-36.964096" lon="142.436964"><ele>288.3</ele></trkpt>
    <trkpt lat="-36.964921" lon="142.436800"><ele>287.5</ele></trkpt>
    <trkpt lat="-36.965152" lon="142.436618"><ele>288.0</ele></trkpt>
    <trkpt lat="-36.965538" lon="142.436414"><ele>288.9</ele></trkpt>
    <trkpt lat="-36.965638" lon="142.436348"><ele>289.0</ele></trkpt>
    <trkpt lat="-36.965719" lon="142.436406"><ele>289.0</ele></trkpt>
    <trkpt lat="-36.965769" lon="142.436366"><ele>289.0</ele></trkpt>
    <trkpt lat="-36.966095" lon="142.436371"><ele>289.3</ele></trkpt>
    <trkpt lat="-36.966325" lon="142.436321"><ele>289.5</ele></trkpt>
    <trkpt lat="-36.966575" lon="142.436231"><ele>290.5</ele></trkpt>
    <trkpt lat="-36.966706" lon="142.436024"><ele>291.6</ele></trkpt>
    <trkpt lat="-36.966868" lon="142.435949"><ele>292.6</ele></trkpt>
    <trkpt lat="-36.966975" lon="142.435971"><ele>293.2</ele></trkpt>
    <trkpt lat="-36.967090" lon="142.435878"><ele>293.8</ele></trkpt>
    <trkpt lat="-36.967208" lon="142.435902"><ele>294.3</ele></trkpt>
    <trkpt lat="-36.967326" lon="142.435837"><ele>294.7</ele></trkpt>
    <trkpt lat="-36.967662" lon="142.435707"><ele>295.3</ele></trkpt>
    <trkpt lat="-36.967987" lon="142.435651"><ele>295.4</ele></trkpt>
    <trkpt lat="-36.968160" lon="142.435514"><ele>295.5</ele></trkpt>
    <trkpt lat="-36.968295" lon="142.435345"><ele>295.7</ele></trkpt>
    <trkpt lat="-36.968620" lon="142.435203"><ele>296.2</ele></trkpt>
    <trkpt lat="-36.968819" lon="142.435198"><ele>296.4</ele></trkpt>
    <trkpt lat="-36.968953" lon="142.435092"><ele>296.2</ele></trkpt>
    <trkpt lat="-36.969403" lon="142.434979"><ele>295.2</ele></trkpt>
    <trkpt lat="-36.969560" lon="142.434908"><ele>294.7</ele></trkpt>
    <trkpt lat="-36.969688" lon="142.434883"><ele>294.3</ele></trkpt>
    <trkpt lat="-36.969835" lon="142.434795"><ele>293.8</ele></trkpt>
    <trkpt lat="-36.969935" lon="142.434830"><ele>293.6</ele></trkpt>
    <trkpt lat="-36.970254" lon="142.434591"><ele>293.3</ele></trkpt>
    <trkpt lat="-36.970399" lon="142.434588"><ele>293.4</ele></trkpt>
    <trkpt lat="-36.970595" lon="142.434440"><ele>293.7</ele></trkpt>
    <trkpt lat="-36.970896" lon="142.434106"><ele>294.9</ele></trkpt>
    <trkpt lat="-36.971264" lon="142.433839"><ele>296.2</ele></trkpt>
    <trkpt lat="-36.971897" lon="142.433521"><ele>297.4</ele></trkpt>
    <trkpt lat="-36.972311" lon="142.433092"><ele>297.9</ele></trkpt>
    <trkpt lat="-36.972594" lon="142.432896"><ele>298.9</ele></trkpt>
    <trkpt lat="-36.972815" lon="142.432669"><ele>300.3</ele></trkpt>
    <trkpt lat="-36.973073" lon="142.432371"><ele>302.6</ele></trkpt>
    <trkpt lat="-36.973235" lon="142.432090"><ele>304.3</ele></trkpt>
    <trkpt lat="-36.973433" lon="142.431961"><ele>305.3</ele></trkpt>
    <trkpt lat="-36.973583" lon="142.431761"><ele>306.0</ele></trkpt>
    <trkpt lat="-36.973813" lon="142.431554"><ele>306.2</ele></trkpt>
    <trkpt lat="-36.974110" lon="142.431564"><ele>305.6</ele></trkpt>
    <trkpt lat="-36.974513" lon="142.431382"><ele>304.5</ele></trkpt>
    <trkpt lat="-36.974821" lon="142.431006"><ele>303.7</ele></trkpt>
    <trkpt lat="-36.975258" lon="142.430727"><ele>303.7</ele></trkpt>
    <trkpt lat="-36.975833" lon="142.430127"><ele>306.0</ele></trkpt>
    <trkpt lat="-36.976193" lon="142.429740"><ele>309.0</ele></trkpt>
    <trkpt lat="-36.976793" lon="142.429140"><ele>311.3</ele></trkpt>
    <trkpt lat="-36.977350" lon="142.428914"><ele>308.7</ele></trkpt>
    <trkpt lat="-36.977864" lon="142.429065"><ele>304.2</ele></trkpt>
    <trkpt lat="-36.978490" lon="142.429215"><ele>298.3</ele></trkpt>
    <trkpt lat="-36.979081" lon="142.429354"><ele>293.2</ele></trkpt>
    <trkpt lat="-36.979258" lon="142.429403"><ele>291.6</ele></trkpt>
    <trkpt lat="-36.979576" lon="142.429309"><ele>288.5</ele></trkpt>
    <trkpt lat="-36.979976" lon="142.429290"><ele>283.9</ele></trkpt>
    <trkpt lat="-36.980327" lon="142.429317"><ele>279.8</ele></trkpt>
    <trkpt lat="-36.980444" lon="142.429510"><ele>277.5</ele></trkpt>
    <trkpt lat="-36.981116" lon="142.429928"><ele>269.3</ele></trkpt>
    <trkpt lat="-36.981739" lon="142.430261"><ele>262.5</ele></trkpt>
    <trkpt lat="-36.981939" lon="142.430266"><ele>260.1</ele></trkpt>
    <trkpt lat="-36.982267" lon="142.430371"><ele>256.0</ele></trkpt>
    <trkpt lat="-36.982396" lon="142.430443"><ele>254.5</ele></trkpt>
    <trkpt lat="-36.982790" lon="142.430521"><ele>250.5</ele></trkpt>
    <trkpt lat="-36.982908" lon="142.430707"><ele>249.4</ele></trkpt>
    <trkpt lat="-36.982884" lon="142.430993"><ele>248.8</ele></trkpt>
    <trkpt lat="-36.982655" lon="142.431237"><ele>249.4</ele></trkpt>
    <trkpt lat="-36.982679" lon="142.431434"><ele>250.1</ele></trkpt>
    <trkpt lat="-36.982828" lon="142.431740"><ele>251.6</ele></trkpt>
    <trkpt lat="-36.982941" lon="142.431875"><ele>252.4</ele></trkpt>
    <trkpt lat="-36.982996" lon="142.431937"><ele>252.9</ele></trkpt>
    <trkpt lat="-36.983291" lon="142.432180"><ele>255.3</ele></trkpt>
    <trkpt lat="-36.983638" lon="142.432466"><ele>257.5</ele></trkpt>
    <trkpt lat="-36.983908" lon="142.432554"><ele>259.4</ele></trkpt>
    <trkpt lat="-36.984650" lon="142.432554"><ele>262.7</ele></trkpt>
    <trkpt lat="-36.984935" lon="142.432388"><ele>263.4</ele></trkpt>
    <trkpt lat="-36.985198" lon="142.432415"><ele>263.4</ele></trkpt>
    <trkpt lat="-36.985579" lon="142.432399"><ele>263.2</ele></trkpt>
    <trkpt lat="-36.985746" lon="142.432431"><ele>263.4</ele></trkpt>
    <trkpt lat="-36.985875" lon="142.432484"><ele>263.4</ele></trkpt>
    <trkpt lat="-36.985997" lon="142.432610"><ele>263.5</ele></trkpt>
    <trkpt lat="-36.986026" lon="142.432722"><ele>263.5</ele></trkpt>
    <trkpt lat="-36.986098" lon="142.432769"><ele>263.4</ele></trkpt>
    <trkpt lat="-36.986175" lon="142.432752"><ele>263.4</ele></trkpt>
    <trkpt lat="-36.986334" lon="142.432613"><ele>263.5</ele></trkpt>
    <trkpt lat="-36.986417" lon="142.432576"><ele>263.5</ele></trkpt>
    <trkpt lat="-36.986701" lon="142.432541"><ele>263.5</ele></trkpt>
    <trkpt lat="-36.987167" lon="142.432637"><ele>263.8</ele></trkpt>
    <trkpt lat="-36.987285" lon="142.432629"><ele>264.2</ele></trkpt>
    <trkpt lat="-36.987378" lon="142.432649"><ele>264.5</ele></trkpt>
    <trkpt lat="-36.987474" lon="142.432693"><ele>264.9</ele></trkpt>
    <trkpt lat="-36.987517" lon="142.432693"><ele>265.2</ele></trkpt>
    <trkpt lat="-36.987606" lon="142.432669"><ele>265.7</ele></trkpt>
    <trkpt lat="-36.987689" lon="142.432723"><ele>266.3</ele></trkpt>
    <trkpt lat="-36.987724" lon="142.432802"><ele>266.8</ele></trkpt>
    <trkpt lat="-36.987696" lon="142.432919"><ele>267.5</ele></trkpt>
    <trkpt lat="-36.987737" lon="142.433066"><ele>268.4</ele></trkpt>
    <trkpt lat="-36.987791" lon="142.433182"><ele>269.4</ele></trkpt>
    <trkpt lat="-36.987848" lon="142.433279"><ele>270.2</ele></trkpt>
    <trkpt lat="-36.987870" lon="142.433490"><ele>271.7</ele></trkpt>
    <trkpt lat="-36.987859" lon="142.433638"><ele>272.6</ele></trkpt>
    <trkpt lat="-36.987910" lon="142.434005"><ele>275.1</ele></trkpt>
    <trkpt lat="-36.987970" lon="142.434072"><ele>275.7</ele></trkpt>
    <trkpt lat="-36.988084" lon="142.434183"><ele>277.0</ele></trkpt>
    <trkpt lat="-36.988141" lon="142.434319"><ele>278.0</ele></trkpt>
    <trkpt lat="-36.988144" lon="142.434405"><ele>278.6</ele></trkpt>
    <trkpt lat="-36.988166" lon="142.434432"><ele>278.9</ele></trkpt>
    <trkpt lat="-36.988242" lon="142.434433"><ele>279.5</ele></trkpt>
    <trkpt lat="-36.988293" lon="142.434410"><ele>280.0</ele></trkpt>
    <trkpt lat="-36.988352" lon="142.434343"><ele>280.6</ele></trkpt>
    <trkpt lat="-36.988394" lon="142.434335"><ele>280.9</ele></trkpt>
    <trkpt lat="-36.988439" lon="142.434371"><ele>281.3</ele></trkpt>
    <trkpt lat="-36.988453" lon="142.434430"><ele>281.6</ele></trkpt>
    <trkpt lat="-36.988487" lon="142.434445"><ele>281.9</ele></trkpt>
    <trkpt lat="-36.988490" lon="142.434605"><ele>282.7</ele></trkpt>
    <trkpt lat="-36.988508" lon="142.434740"><ele>283.4</ele></trkpt>
    <trkpt lat="-36.988532" lon="142.434869"><ele>284.0</ele></trkpt>
    <trkpt lat="-36.988570" lon="142.435007"><ele>284.7</ele></trkpt>
    <trkpt lat="-36.988607" lon="142.435172"><ele>285.5</ele></trkpt>
    <trkpt lat="-36.988674" lon="142.435256"><ele>285.9</ele></trkpt>
    <trkpt lat="-36.988813" lon="142.435336"><ele>286.6</ele></trkpt>
    <trkpt lat="-36.988949" lon="142.435375"><ele>287.1</ele></trkpt>
    <trkpt lat="-36.989065" lon="142.435383"><ele>287.5</ele></trkpt>
    <trkpt lat="-36.989151" lon="142.435413"><ele>288.0</ele></trkpt>
    <trkpt lat="-36.989309" lon="142.435507"><ele>288.8</ele></trkpt>
    <trkpt lat="-36.989425" lon="142.435550"><ele>289.5</ele></trkpt>
    <trkpt lat="-36.989513" lon="142.435564"><ele>289.9</ele></trkpt>
    <trkpt lat="-36.989582" lon="142.435574"><ele>290.3</ele></trkpt>
    <trkpt lat="-36.989685" lon="142.435570"><ele>290.8</ele></trkpt>
    <trkpt lat="-36.989882" lon="142.435665"><ele>291.9</ele></trkpt>
    <trkpt lat="-36.990072" lon="142.435762"><ele>293.1</ele></trkpt>
    <trkpt lat="-36.990505" lon="142.435877"><ele>295.8</ele></trkpt>
    <trkpt lat="-36.990708" lon="142.435927"><ele>297.1</ele></trkpt>
    <trkpt lat="-36.990878" lon="142.435947"><ele>298.2</ele></trkpt>
    <trkpt lat="-36.991090" lon="142.435966"><ele>299.7</ele></trkpt>
    <trkpt lat="-36.991326" lon="142.435970"><ele>301.1</ele></trkpt>
    <trkpt lat="-36.991508" lon="142.435983"><ele>302.4</ele></trkpt>
    <trkpt lat="-36.991635" lon="142.435993"><ele>303.6</ele></trkpt>
    <trkpt lat="-36.991784" lon="142.436052"><ele>305.4</ele></trkpt>
    <trkpt lat="-36.991878" lon="142.436146"><ele>306.9</ele></trkpt>
    <trkpt lat="-36.991923" lon="142.436234"><ele>307.7</ele></trkpt>
    <trkpt lat="-36.991989" lon="142.436342"><ele>308.6</ele></trkpt>
    <trkpt lat="-36.992059" lon="142.436465"><ele>309.5</ele></trkpt>
    <trkpt lat="-36.992064" lon="142.436543"><ele>310.0</ele></trkpt>
    <trkpt lat="-36.992048" lon="142.436599"><ele>310.4</ele></trkpt>
    <trkpt lat="-36.991995" lon="142.436642"><ele>310.8</ele></trkpt>
    <trkpt lat="-36.991892" lon="142.436648"><ele>311.6</ele></trkpt>
    <trkpt lat="-36.991730" lon="142.436610"><ele>312.7</ele></trkpt>
    <trkpt lat="-36.991645" lon="142.436623"><ele>313.2</ele></trkpt>
    <trkpt lat="-36.991415" lon="142.436722"><ele>314.2</ele></trkpt>
    <trkpt lat="-36.991273" lon="142.436738"><ele>314.7</ele></trkpt>
    <trkpt lat="-36.991172" lon="142.436772"><ele>315.0</ele></trkpt>
    <trkpt lat="-36.991040" lon="142.436807"><ele>316.0</ele></trkpt>
    <trkpt lat="-36.990944" lon="142.436874"><ele>317.2</ele></trkpt>
    <trkpt lat="-36.990886" lon="142.436891"><ele>317.8</ele></trkpt>
    <trkpt lat="-36.990817" lon="142.436921"><ele>318.4</ele></trkpt>
    <trkpt lat="-36.990788" lon="142.436943"><ele>318.7</ele></trkpt>
    <trkpt lat="-36.990781" lon="142.437003"><ele>319.1</ele></trkpt>
    <trkpt lat="-36.990797" lon="142.437029"><ele>319.3</ele></trkpt>
    <trkpt lat="-36.990959" lon="142.437034"><ele>320.8</ele></trkpt>
    <trkpt lat="-36.991000" lon="142.437048"><ele>321.3</ele></trkpt>
    <trkpt lat="-36.991023" lon="142.437077"><ele>321.7</ele></trkpt>
    <trkpt lat="-36.991019" lon="142.437093"><ele>321.8</ele></trkpt>
    <trkpt lat="-36.990967" lon="142.437133"><ele>322.6</ele></trkpt>
    <trkpt lat="-36.990974" lon="142.437162"><ele>322.8</ele></trkpt>
    <trkpt lat="-36.990992" lon="142.437177"><ele>323.1</ele></trkpt>
    <trkpt lat="-36.991028" lon="142.437197"><ele>323.5</ele></trkpt>
    <trkpt lat="-36.991085" lon="142.437172"><ele>324.2</ele></trkpt>
    <trkpt lat="-36.991110" lon="142.437138"><ele>324.6</ele></trkpt>
    <trkpt lat="-36.991184" lon="142.437058"><ele>325.6</ele></trkpt>
    <trkpt lat="-36.991291" lon="142.437014"><ele>326.6</ele></trkpt>
    <trkpt lat="-36.991378" lon="142.436996"><ele>327.2</ele></trkpt>
    <trkpt lat="-36.991523" lon="142.436999"><ele>328.1</ele></trkpt>
    <trkpt lat="-36.991756" lon="142.436944"><ele>329.1</ele></trkpt>
    <trkpt lat="-36.991839" lon="142.436949"><ele>329.6</ele></trkpt>
    <trkpt lat="-36.991906" lon="142.436970"><ele>330.0</ele></trkpt>
    <trkpt lat="-36.992007" lon="142.436972"><ele>330.7</ele></trkpt>
    <trkpt lat="-36.992104" lon="142.436933"><ele>331.3</ele></trkpt>
    <trkpt lat="-36.992187" lon="142.436983"><ele>331.7</ele></trkpt>
    <trkpt lat="-36.992271" lon="142.437034"><ele>332.1</ele></trkpt>
    <trkpt lat="-36.992352" lon="142.437063"><ele>332.4</ele></trkpt>
    <trkpt lat="-36.992452" lon="142.437103"><ele>332.8</ele></trkpt>
    <trkpt lat="-36.992542" lon="142.437137"><ele>333.2</ele></trkpt>
    <trkpt lat="-36.992688" lon="142.437111"><ele>333.9</ele></trkpt>
    <trkpt lat="-36.992783" lon="142.437091"><ele>334.3</ele></trkpt>
    <trkpt lat="-36.992864" lon="142.437090"><ele>334.7</ele></trkpt>
    <trkpt lat="-36.992939" lon="142.437114"><ele>335.0</ele></trkpt>
    <trkpt lat="-36.993084" lon="142.437103"><ele>335.6</ele></trkpt>
    <trkpt lat="-36.993154" lon="142.437109"><ele>335.7</ele></trkpt>
    <trkpt lat="-36.993241" lon="142.437143"><ele>335.9</ele></trkpt>
    <trkpt lat="-36.993401" lon="142.437276"><ele>336.3</ele></trkpt>
    <trkpt lat="-36.993426" lon="142.437308"><ele>336.4</ele></trkpt>
    <trkpt lat="-36.993445" lon="142.437362"><ele>336.5</ele></trkpt>
    <trkpt lat="-36.993437" lon="142.437432"><ele>336.6</ele></trkpt>
    <trkpt lat="-36.993413" lon="142.437480"><ele>336.7</ele></trkpt>
    <trkpt lat="-36.993404" lon="142.437542"><ele>336.8</ele></trkpt>
    <trkpt lat="-36.993429" lon="142.437579"><ele>336.9</ele></trkpt>
    <trkpt lat="-36.993502" lon="142.437602"><ele>337.1</ele></trkpt>
    <trkpt lat="-36.993639" lon="142.437627"><ele>337.4</ele></trkpt>
    <trkpt lat="-36.993750" lon="142.437606"><ele>337.6</ele></trkpt>
    <trkpt lat="-36.993854" lon="142.437595"><ele>337.8</ele></trkpt>
    <trkpt lat="-36.993958" lon="142.437579"><ele>338.0</ele></trkpt>
    <trkpt lat="-36.994029" lon="142.437601"><ele>338.1</ele></trkpt>
    <trkpt lat="-36.994169" lon="142.437709"><ele>338.5</ele></trkpt>
    <trkpt lat="-36.994306" lon="142.437838"><ele>339.0</ele></trkpt>
    <trkpt lat="-36.994438" lon="142.437873"><ele>339.5</ele></trkpt>
    <trkpt lat="-36.994485" lon="142.437867"><ele>339.7</ele></trkpt>
    <trkpt lat="-36.994532" lon="142.437873"><ele>339.9</ele></trkpt>
    <trkpt lat="-36.994725" lon="142.437941"><ele>341.0</ele></trkpt>
    <trkpt lat="-36.994821" lon="142.437992"><ele>341.7</ele></trkpt>
    <trkpt lat="-36.994873" lon="142.438037"><ele>342.2</ele></trkpt>
    <trkpt lat="-36.994926" lon="142.438071"><ele>342.6</ele></trkpt>
    <trkpt lat="-36.994970" lon="142.438078"><ele>343.0</ele></trkpt>
    <trkpt lat="-36.995004" lon="142.438060"><ele>343.2</ele></trkpt>
    <trkpt lat="-36.995023" lon="142.438028"><ele>343.5</ele></trkpt>
    <trkpt lat="-36.995047" lon="142.438009"><ele>343.7</ele></trkpt>
    <trkpt lat="-36.995080" lon="142.437997"><ele>344.0</ele></trkpt>
    <trkpt lat="-36.995114" lon="142.438000"><ele>344.3</ele></trkpt>
    <trkpt lat="-36.995224" lon="142.438043"><ele>345.4</ele></trkpt>
    <trkpt lat="-36.995274" lon="142.438044"><ele>345.8</ele></trkpt>
    <trkpt lat="-36.995342" lon="142.438015"><ele>346.5</ele></trkpt>
    <trkpt lat="-36.995447" lon="142.437944"><ele>347.6</ele></trkpt>
    <trkpt lat="-36.995483" lon="142.437939"><ele>347.9</ele></trkpt>
    <trkpt lat="-36.995515" lon="142.437956"><ele>348.2</ele></trkpt>
    <trkpt lat="-36.995536" lon="142.437997"><ele>348.6</ele></trkpt>
    <trkpt lat="-36.995537" lon="142.438055"><ele>349.0</ele></trkpt>
    <trkpt lat="-36.995524" lon="142.438227"><ele>350.2</ele></trkpt>
    <trkpt lat="-36.995568" lon="142.438380"><ele>351.2</ele></trkpt>
    <trkpt lat="-36.995634" lon="142.438452"><ele>351.7</ele></trkpt>
    <trkpt lat="-36.995773" lon="142.438537"><ele>352.6</ele></trkpt>
    <trkpt lat="-36.995861" lon="142.438674"><ele>353.3</ele></trkpt>
    <trkpt lat="-36.995928" lon="142.438812"><ele>354.0</ele></trkpt>
    <trkpt lat="-36.995956" lon="142.438930"><ele>354.5</ele></trkpt>
    <trkpt lat="-36.995974" lon="142.439107"><ele>355.3</ele></trkpt>
    <trkpt lat="-36.996051" lon="142.439337"><ele>356.5</ele></trkpt>
    <trkpt lat="-36.996090" lon="142.439453"><ele>357.2</ele></trkpt>
    <trkpt lat="-36.996096" lon="142.439518"><ele>357.7</ele></trkpt>
    <trkpt lat="-36.996108" lon="142.439579"><ele>358.7</ele></trkpt>
    <trkpt lat="-36.996167" lon="142.439646"><ele>360.2</ele></trkpt>
    <trkpt lat="-36.996207" lon="142.439675"><ele>361.1</ele></trkpt>
    <trkpt lat="-36.996285" lon="142.439697"><ele>362.6</ele></trkpt>
    <trkpt lat="-36.996356" lon="142.439771"><ele>365.0</ele></trkpt>
    <trkpt lat="-36.996379" lon="142.439862"><ele>367.1</ele></trkpt>
    <trkpt lat="-36.996388" lon="142.439966"><ele>369.3</ele></trkpt>
    <trkpt lat="-36.996410" lon="142.440068"><ele>371.2</ele></trkpt>
    <trkpt lat="-36.996437" lon="142.440157"><ele>372.8</ele></trkpt>
    <trkpt lat="-36.996458" lon="142.440223"><ele>374.0</ele></trkpt>
    <trkpt lat="-36.996468" lon="142.440286"><ele>375.1</ele></trkpt>
    <trkpt lat="-36.996477" lon="142.440452"><ele>377.3</ele></trkpt>
    <trkpt lat="-36.996424" lon="142.440506"><ele>378.4</ele></trkpt>
    <trkpt lat="-36.996362" lon="142.440523"><ele>379.4</ele></trkpt>
    <trkpt lat="-36.996302" lon="142.440559"><ele>380.3</ele></trkpt>
    <trkpt lat="-36.996110" lon="142.440561"><ele>382.8</ele></trkpt>
    <trkpt lat="-36.996034" lon="142.440555"><ele>383.3</ele></trkpt>
    <trkpt lat="-36.995996" lon="142.440547"><ele>383.4</ele></trkpt>
    <trkpt lat="-36.995876" lon="142.440543"><ele>383.6</ele></trkpt>
    <trkpt lat="-36.995793" lon="142.440528"><ele>383.6</ele></trkpt>
    <trkpt lat="-36.995733" lon="142.440510"><ele>383.3</ele></trkpt>
    <trkpt lat="-36.995677" lon="142.440511"><ele>383.0</ele></trkpt>
    <trkpt lat="-36.995628" lon="142.440547"><ele>382.8</ele></trkpt>
    <trkpt lat="-36.995527" lon="142.440513"><ele>382.4</ele></trkpt>
    <trkpt lat="-36.995404" lon="142.440504"><ele>382.6</ele></trkpt>
    <trkpt lat="-36.995274" lon="142.440552"><ele>382.9</ele></trkpt>
    <trkpt lat="-36.995109" lon="142.440557"><ele>383.9</ele></trkpt>
    <trkpt lat="-36.994973" lon="142.440593"><ele>384.6</ele></trkpt>
    <trkpt lat="-36.994826" lon="142.440670"><ele>385.4</ele></trkpt>
    <trkpt lat="-36.994726" lon="142.440744"><ele>385.9</ele></trkpt>
    <trkpt lat="-36.994590" lon="142.440807"><ele>386.4</ele></trkpt>
    <trkpt lat="-36.994433" lon="142.440853"><ele>386.8</ele></trkpt>
    <trkpt lat="-36.994297" lon="142.440888"><ele>387.0</ele></trkpt>
    <trkpt lat="-36.994217" lon="142.440933"><ele>387.1</ele></trkpt>
    <trkpt lat="-36.994161" lon="142.440921"><ele>387.1</ele></trkpt>
    <trkpt lat="-36.994102" lon="142.440925"><ele>387.2</ele></trkpt>
    <trkpt lat="-36.993961" lon="142.440972"><ele>387.2</ele></trkpt>
    <trkpt lat="-36.993749" lon="142.441089"><ele>387.2</ele></trkpt>
    <trkpt lat="-36.993698" lon="142.441108"><ele>387.3</ele></trkpt>
    <trkpt lat="-36.993633" lon="142.441156"><ele>387.4</ele></trkpt>
    <trkpt lat="-36.993536" lon="142.441193"><ele>387.5</ele></trkpt>
    <trkpt lat="-36.993474" lon="142.441248"><ele>387.8</ele></trkpt>
    <trkpt lat="-36.993434" lon="142.441263"><ele>388.2</ele></trkpt>
    <trkpt lat="-36.993389" lon="142.441292"><ele>388.6</ele></trkpt>
    <trkpt lat="-36.993362" lon="142.441256"><ele>389.0</ele></trkpt>
    <trkpt lat="-36.993339" lon="142.441255"><ele>389.2</ele></trkpt>
    <trkpt lat="-36.993249" lon="142.441271"><ele>389.9</ele></trkpt>
    <trkpt lat="-36.993193" lon="142.441314"><ele>390.4</ele></trkpt>
    <trkpt lat="-36.993151" lon="142.441338"><ele>390.8</ele></trkpt>
    <trkpt lat="-36.993056" lon="142.441341"><ele>391.5</ele></trkpt>
    <trkpt lat="-36.992984" lon="142.441373"><ele>392.2</ele></trkpt>
    <trkpt lat="-36.992956" lon="142.441456"><ele>392.9</ele></trkpt>
    <trkpt lat="-36.992969" lon="142.441488"><ele>393.1</ele></trkpt>
    <trkpt lat="-36.993025" lon="142.441513"><ele>393.7</ele></trkpt>
    <trkpt lat="-36.993049" lon="142.441527"><ele>394.0</ele></trkpt>
    <trkpt lat="-36.993048" lon="142.441558"><ele>394.2</ele></trkpt>
    <trkpt lat="-36.993021" lon="142.441615"><ele>394.8</ele></trkpt>
    <trkpt lat="-36.993074" lon="142.441560"><ele>395.5</ele></trkpt>
    <trkpt lat="-36.993119" lon="142.441482"><ele>396.4</ele></trkpt>
    <trkpt lat="-36.993185" lon="142.441451"><ele>397.2</ele></trkpt>
    <trkpt lat="-36.993209" lon="142.441462"><ele>397.5</ele></trkpt>
    <trkpt lat="-36.993233" lon="142.441470"><ele>397.8</ele></trkpt>
    <trkpt lat="-36.993251" lon="142.441488"><ele>398.0</ele></trkpt>
    <trkpt lat="-36.993272" lon="142.441515"><ele>398.3</ele></trkpt>
    <trkpt lat="-36.993257" lon="142.441553"><ele>398.7</ele></trkpt>
    <trkpt lat="-36.993212" lon="142.441598"><ele>399.2</ele></trkpt>
    <trkpt lat="-36.993166" lon="142.441644"><ele>399.8</ele></trkpt>
    <trkpt lat="-36.993082" lon="142.441686"><ele>400.5</ele></trkpt>
    <trkpt lat="-36.993034" lon="142.441723"><ele>400.7</ele></trkpt>
    <trkpt lat="-36.993001" lon="142.441845"><ele>401.1</ele></trkpt>
    <trkpt lat="-36.992984" lon="142.441954"><ele>401.4</ele></trkpt>
    <trkpt lat="-36.992940" lon="142.442022"><ele>401.6</ele></trkpt>
    <trkpt lat="-36.992855" lon="142.442092"><ele>402.0</ele></trkpt>
    <trkpt lat="-36.992613" lon="142.442203"><ele>402.0</ele></trkpt>
    <trkpt lat="-36.992538" lon="142.442297"><ele>401.8</ele></trkpt>
    <trkpt lat="-36.992390" lon="142.442411"><ele>401.2</ele></trkpt>
    <trkpt lat="-36.992236" lon="142.442511"><ele>400.6</ele></trkpt>
    <trkpt lat="-36.992103" lon="142.442554"><ele>400.0</ele></trkpt>
    <trkpt lat="-36.991931" lon="142.442605"><ele>399.2</ele></trkpt>
    <trkpt lat="-36.991862" lon="142.442661"><ele>398.8</ele></trkpt>
    <trkpt lat="-36.991776" lon="142.442707"><ele>398.3</ele></trkpt>
    <trkpt lat="-36.991653" lon="142.442798"><ele>397.4</ele></trkpt>
    <trkpt lat="-36.991547" lon="142.442892"><ele>396.6</ele></trkpt>
    <trkpt lat="-36.991384" lon="142.442946"><ele>395.6</ele></trkpt>
    <trkpt lat="-36.991134" lon="142.442927"><ele>394.2</ele></trkpt>
    <trkpt lat="-36.991057" lon="142.442964"><ele>393.8</ele></trkpt>
    <trkpt lat="-36.990908" lon="142.443050"><ele>393.4</ele></trkpt>
    <trkpt lat="-36.990741" lon="142.443107"><ele>393.1</ele></trkpt>
    <trkpt lat="-36.990576" lon="142.443193"><ele>393.1</ele></trkpt>
    <trkpt lat="-36.990528" lon="142.443249"><ele>393.3</ele></trkpt>
    <trkpt lat="-36.990485" lon="142.443405"><ele>393.7</ele></trkpt>
    <trkpt lat="-36.990455" lon="142.443436"><ele>393.9</ele></trkpt>
    <trkpt lat="-36.990419" lon="142.443450"><ele>394.0</ele></trkpt>
    <trkpt lat="-36.990327" lon="142.443462"><ele>394.5</ele></trkpt>
    <trkpt lat="-36.990162" lon="142.443436"><ele>395.4</ele></trkpt>
    <trkpt lat="-36.990068" lon="142.443420"><ele>396.4</ele></trkpt>
    <trkpt lat="-36.989939" lon="142.443455"><ele>397.9</ele></trkpt>
    <trkpt lat="-36.989815" lon="142.443497"><ele>399.5</ele></trkpt>
    <trkpt lat="-36.989753" lon="142.443505"><ele>400.4</ele></trkpt>
    <trkpt lat="-36.989659" lon="142.443481"><ele>401.7</ele></trkpt>
    <trkpt lat="-36.989628" lon="142.443486"><ele>402.1</ele></trkpt>
    <trkpt lat="-36.989623" lon="142.443529"><ele>402.6</ele></trkpt>
    <trkpt lat="-36.989669" lon="142.443717"><ele>405.4</ele></trkpt>
    <trkpt lat="-36.989753" lon="142.443757"><ele>407.0</ele></trkpt>
    <trkpt lat="-36.989845" lon="142.443873"><ele>409.7</ele></trkpt>
    <trkpt lat="-36.989910" lon="142.443912"><ele>411.2</ele></trkpt>
    <trkpt lat="-36.990026" lon="142.444094"><ele>415.7</ele></trkpt>
    <trkpt lat="-36.990110" lon="142.444224"><ele>419.2</ele></trkpt>
    <trkpt lat="-36.990231" lon="142.444350"><ele>423.6</ele></trkpt>
    <trkpt lat="-36.990326" lon="142.444473"><ele>427.6</ele></trkpt>
    <trkpt lat="-36.990357" lon="142.444547"><ele>429.6</ele></trkpt>
    <trkpt lat="-36.990363" lon="142.444603"><ele>431.0</ele></trkpt>
    <trkpt lat="-36.990399" lon="142.444671"><ele>433.1</ele></trkpt>
    <trkpt lat="-36.990412" lon="142.444708"><ele>434.1</ele></trkpt>
    <trkpt lat="-36.990380" lon="142.444730"><ele>435.2</ele></trkpt>
    <trkpt lat="-36.990260" lon="142.444794"><ele>439.0</ele></trkpt>
    <trkpt lat="-36.990203" lon="142.444808"><ele>440.7</ele></trkpt>
    <trkpt lat="-36.990158" lon="142.444813"><ele>442.0</ele></trkpt>
    <trkpt lat="-36.990109" lon="142.444847"><ele>443.6</ele></trkpt>
    <trkpt lat="-36.990033" lon="142.444904"><ele>445.9</ele></trkpt>
    <trkpt lat="-36.989976" lon="142.444947"><ele>447.7</ele></trkpt>
    <trkpt lat="-36.989905" lon="142.445060"><ele>450.7</ele></trkpt>
    <trkpt lat="-36.989883" lon="142.445128"><ele>452.0</ele></trkpt>
    <trkpt lat="-36.989799" lon="142.445148"><ele>453.9</ele></trkpt>
    <trkpt lat="-36.989718" lon="142.445122"><ele>455.7</ele></trkpt>
    <trkpt lat="-36.989584" lon="142.445145"><ele>458.3</ele></trkpt>
    <trkpt lat="-36.989437" lon="142.445235"><ele>461.3</ele></trkpt>
    <trkpt lat="-36.989357" lon="142.445304"><ele>462.7</ele></trkpt>
    <trkpt lat="-36.989293" lon="142.445432"><ele>464.5</ele></trkpt>
    <trkpt lat="-36.989106" lon="142.445559"><ele>467.4</ele></trkpt>
    <trkpt lat="-36.989007" lon="142.445562"><ele>468.7</ele></trkpt>
    <trkpt lat="-36.988806" lon="142.445523"><ele>471.6</ele></trkpt>
    <trkpt lat="-36.988729" lon="142.445582"><ele>472.9</ele></trkpt>
    <trkpt lat="-36.988513" lon="142.445696"><ele>476.3</ele></trkpt>
    <trkpt lat="-36.988483" lon="142.445750"><ele>477.1</ele></trkpt>
    <trkpt lat="-36.988493" lon="142.445838"><ele>477.9</ele></trkpt>
    <trkpt lat="-36.988459" lon="142.445893"><ele>478.6</ele></trkpt>
    <trkpt lat="-36.988446" lon="142.445933"><ele>479.0</ele></trkpt>
    <trkpt lat="-36.988443" lon="142.445975"><ele>479.4</ele></trkpt>
    <trkpt lat="-36.988428" lon="142.446015"><ele>479.8</ele></trkpt>
    <trkpt lat="-36.988431" lon="142.446072"><ele>480.3</ele></trkpt>
    <trkpt lat="-36.988403" lon="142.446103"><ele>480.7</ele></trkpt>
    <trkpt lat="-36.988364" lon="142.446108"><ele>481.1</ele></trkpt>
    <trkpt lat="-36.988322" lon="142.446138"><ele>481.5</ele></trkpt>
    <trkpt lat="-36.988208" lon="142.446132"><ele>482.6</ele></trkpt>
    <trkpt lat="-36.988130" lon="142.446130"><ele>483.2</ele></trkpt>
    <trkpt lat="-36.988081" lon="142.446157"><ele>483.7</ele></trkpt>
    <trkpt lat="-36.988024" lon="142.446248"><ele>484.5</ele></trkpt>
    <trkpt lat="-36.987932" lon="142.446290"><ele>485.3</ele></trkpt>
    <trkpt lat="-36.987862" lon="142.446331"><ele>486.0</ele></trkpt>
    <trkpt lat="-36.987710" lon="142.446475"><ele>487.8</ele></trkpt>
    <trkpt lat="-36.987546" lon="142.446543"><ele>489.5</ele></trkpt>
    <trkpt lat="-36.987403" lon="142.446632"><ele>491.2</ele></trkpt>
    <trkpt lat="-36.987344" lon="142.446677"><ele>492.0</ele></trkpt>
    <trkpt lat="-36.987320" lon="142.446703"><ele>492.3</ele></trkpt>
    <trkpt lat="-36.987293" lon="142.446705"><ele>492.6</ele></trkpt>
    <trkpt lat="-36.987271" lon="142.446688"><ele>492.9</ele></trkpt>
    <trkpt lat="-36.987196" lon="142.446618"><ele>494.0</ele></trkpt>
    <trkpt lat="-36.987069" lon="142.446517"><ele>495.8</ele></trkpt>
    <trkpt lat="-36.987027" lon="142.446496"><ele>496.3</ele></trkpt>
    <trkpt lat="-36.986959" lon="142.446500"><ele>497.1</ele></trkpt>
    <trkpt lat="-36.986840" lon="142.446505"><ele>498.4</ele></trkpt>
    <trkpt lat="-36.986774" lon="142.446534"><ele>499.3</ele></trkpt>
    <trkpt lat="-36.986672" lon="142.446546"><ele>500.1</ele></trkpt>
    <trkpt lat="-36.986587" lon="142.446527"><ele>500.7</ele></trkpt>
    <trkpt lat="-36.986481" lon="142.446524"><ele>501.5</ele></trkpt>
    <trkpt lat="-36.986419" lon="142.446530"><ele>501.7</ele></trkpt>
    <trkpt lat="-36.986389" lon="142.446550"><ele>501.8</ele></trkpt>
    <trkpt lat="-36.986332" lon="142.446546"><ele>502.0</ele></trkpt>
    <trkpt lat="-36.986285" lon="142.446517"><ele>502.2</ele></trkpt>
    <trkpt lat="-36.986247" lon="142.446443"><ele>502.4</ele></trkpt>
    <trkpt lat="-36.986213" lon="142.446418"><ele>502.5</ele></trkpt>
    <trkpt lat="-36.986131" lon="142.446399"><ele>502.7</ele></trkpt>
    <trkpt lat="-36.986083" lon="142.446407"><ele>502.8</ele></trkpt>
    <trkpt lat="-36.985994" lon="142.446436"><ele>503.0</ele></trkpt>
    <trkpt lat="-36.985879" lon="142.446497"><ele>503.2</ele></trkpt>
    <trkpt lat="-36.985843" lon="142.446526"><ele>503.3</ele></trkpt>
    <trkpt lat="-36.985801" lon="142.446590"><ele>503.4</ele></trkpt>
    <trkpt lat="-36.985767" lon="142.446706"><ele>503.6</ele></trkpt>
    <trkpt lat="-36.985711" lon="142.446850"><ele>503.8</ele></trkpt>
    <trkpt lat="-36.985678" lon="142.446962"><ele>504.0</ele></trkpt>
    <trkpt lat="-36.985583" lon="142.447145"><ele>504.6</ele></trkpt>
    <trkpt lat="-36.985548" lon="142.447219"><ele>504.8</ele></trkpt>
    <trkpt lat="-36.985543" lon="142.447288"><ele>505.1</ele></trkpt>
    <trkpt lat="-36.985584" lon="142.447454"><ele>505.8</ele></trkpt>
    <trkpt lat="-36.985628" lon="142.447620"><ele>506.5</ele></trkpt>
    <trkpt lat="-36.985677" lon="142.447745"><ele>507.0</ele></trkpt>
    <trkpt lat="-36.985764" lon="142.447880"><ele>507.4</ele></trkpt>
    <trkpt lat="-36.985856" lon="142.448092"><ele>507.9</ele></trkpt>
    <trkpt lat="-36.985911" lon="142.448092"><ele>508.0</ele></trkpt>
    <trkpt lat="-36.985996" lon="142.448056"><ele>508.0</ele></trkpt>
    <trkpt lat="-36.986105" lon="142.448076"><ele>508.1</ele></trkpt>
    <trkpt lat="-36.986218" lon="142.448093"><ele>508.0</ele></trkpt>
    <trkpt lat="-36.986296" lon="142.448073"><ele>507.9</ele></trkpt>
    <trkpt lat="-36.986368" lon="142.448034"><ele>507.8</ele></trkpt>
    <trkpt lat="-36.986405" lon="142.448015"><ele>507.7</ele></trkpt>
    <trkpt lat="-36.986448" lon="142.447969"><ele>507.5</ele></trkpt>
    <trkpt lat="-36.986470" lon="142.447930"><ele>507.3</ele></trkpt>
    <trkpt lat="-36.986517" lon="142.447901"><ele>507.1</ele></trkpt>
    <trkpt lat="-36.986697" lon="142.447893"><ele>506.4</ele></trkpt>
    <trkpt lat="-36.986914" lon="142.447886"><ele>505.8</ele></trkpt>
    <trkpt lat="-36.986971" lon="142.447864"><ele>505.9</ele></trkpt>
    <trkpt lat="-36.987054" lon="142.447801"><ele>506.1</ele></trkpt>
    <trkpt lat="-36.987120" lon="142.447797"><ele>506.2</ele></trkpt>
    <trkpt lat="-36.987159" lon="142.447839"><ele>506.3</ele></trkpt>
    <trkpt lat="-36.987190" lon="142.447932"><ele>506.8</ele></trkpt>
    <trkpt lat="-36.987225" lon="142.447979"><ele>507.1</ele></trkpt>
    <trkpt lat="-36.987254" lon="142.448015"><ele>507.3</ele></trkpt>
    <trkpt lat="-36.987287" lon="142.448059"><ele>507.6</ele></trkpt>
    <trkpt lat="-36.987308" lon="142.448108"><ele>507.9</ele></trkpt>
    <trkpt lat="-36.987328" lon="142.448221"><ele>508.8</ele></trkpt>
    <trkpt lat="-36.987438" lon="142.448438"><ele>510.9</ele></trkpt>
    <trkpt lat="-36.987475" lon="142.448487"><ele>511.6</ele></trkpt>
    <trkpt lat="-36.987507" lon="142.448520"><ele>512.1</ele></trkpt>
    <trkpt lat="-36.987527" lon="142.448553"><ele>512.6</ele></trkpt>
    <trkpt lat="-36.987526" lon="142.448590"><ele>513.0</ele></trkpt>
    <trkpt lat="-36.987534" lon="142.448636"><ele>513.5</ele></trkpt>
    <trkpt lat="-36.987553" lon="142.448677"><ele>513.9</ele></trkpt>
    <trkpt lat="-36.987596" lon="142.448739"><ele>515.0</ele></trkpt>
    <trkpt lat="-36.987638" lon="142.448794"><ele>516.1</ele></trkpt>
    <trkpt lat="-36.987665" lon="142.448847"><ele>516.9</ele></trkpt>
    <trkpt lat="-36.987695" lon="142.448964"><ele>518.6</ele></trkpt>
    <trkpt lat="-36.987718" lon="142.449080"><ele>520.3</ele></trkpt>
    <trkpt lat="-36.987738" lon="142.449242"><ele>522.7</ele></trkpt>
    <trkpt lat="-36.987793" lon="142.449449"><ele>526.1</ele></trkpt>
    <trkpt lat="-36.987811" lon="142.449497"><ele>527.0</ele></trkpt>
    <trkpt lat="-36.987897" lon="142.449630"><ele>529.9</ele></trkpt>
    <trkpt lat="-36.987932" lon="142.449678"><ele>531.2</ele></trkpt>
    <trkpt lat="-36.987944" lon="142.449705"><ele>531.8</ele></trkpt>
    <trkpt lat="-36.987952" lon="142.449738"><ele>532.5</ele></trkpt>
    <trkpt lat="-36.987948" lon="142.449787"><ele>533.5</ele></trkpt>
    <trkpt lat="-36.987916" lon="142.449834"><ele>534.8</ele></trkpt>
    <trkpt lat="-36.987871" lon="142.449905"><ele>537.0</ele></trkpt>
    <trkpt lat="-36.987841" lon="142.450009"><ele>540.3</ele></trkpt>
    <trkpt lat="-36.987809" lon="142.450073"><ele>542.6</ele></trkpt>
    <trkpt lat="-36.987806" lon="142.450145"><ele>544.7</ele></trkpt>
    <trkpt lat="-36.987806" lon="142.450191"><ele>546.1</ele></trkpt>
    <trkpt lat="-36.987834" lon="142.450230"><ele>547.8</ele></trkpt>
    <trkpt lat="-36.987870" lon="142.450256"><ele>549.5</ele></trkpt>
    <trkpt lat="-36.987901" lon="142.450345"><ele>552.7</ele></trkpt>
    <trkpt lat="-36.987942" lon="142.450418"><ele>555.7</ele></trkpt>
    <trkpt lat="-36.988004" lon="142.450463"><ele>559.0</ele></trkpt>
    <trkpt lat="-36.988049" lon="142.450491"><ele>561.5</ele></trkpt>
    <trkpt lat="-36.988086" lon="142.450552"><ele>564.5</ele></trkpt>
    <trkpt lat="-36.988104" lon="142.450612"><ele>567.1</ele></trkpt>
    <trkpt lat="-36.988068" lon="142.450736"><ele>571.9</ele></trkpt>
    <trkpt lat="-36.988050" lon="142.450788"><ele>573.7</ele></trkpt>
    <trkpt lat="-36.987998" lon="142.450826"><ele>576.1</ele></trkpt>
    <trkpt lat="-36.987973" lon="142.450869"><ele>577.7</ele></trkpt>
    <trkpt lat="-36.987949" lon="142.451018"><ele>582.2</ele></trkpt>
    <trkpt lat="-36.987949" lon="142.451168"><ele>585.9</ele></trkpt>
    <trkpt lat="-36.987932" lon="142.451251"><ele>588.1</ele></trkpt>
    <trkpt lat="-36.987910" lon="142.451336"><ele>589.9</ele></trkpt>
    <trkpt lat="-36.987823" lon="142.451397"><ele>591.6</ele></trkpt>
    <trkpt lat="-36.987685" lon="142.451464"><ele>594.0</ele></trkpt>
    <trkpt lat="-36.987596" lon="142.451571"><ele>594.3</ele></trkpt>
    <trkpt lat="-36.987530" lon="142.451604"><ele>594.5</ele></trkpt>
    <trkpt lat="-36.987465" lon="142.451690"><ele>594.5</ele></trkpt>
    <trkpt lat="-36.987355" lon="142.451850"><ele>593.4</ele></trkpt>
    <trkpt lat="-36.987297" lon="142.451889"><ele>592.9</ele></trkpt>
    <trkpt lat="-36.987243" lon="142.451909"><ele>593.0</ele></trkpt>
    <trkpt lat="-36.987164" lon="142.451924"><ele>593.2</ele></trkpt>
    <trkpt lat="-36.987088" lon="142.451934"><ele>593.4</ele></trkpt>
    <trkpt lat="-36.987022" lon="142.451959"><ele>593.6</ele></trkpt>
    <trkpt lat="-36.986968" lon="142.452007"><ele>594.1</ele></trkpt>
    <trkpt lat="-36.986898" lon="142.452119"><ele>594.8</ele></trkpt>
    <trkpt lat="-36.986882" lon="142.452212"><ele>595.2</ele></trkpt>
    <trkpt lat="-36.986837" lon="142.452323"><ele>595.8</ele></trkpt>
    <trkpt lat="-36.986621" lon="142.452585"><ele>598.4</ele></trkpt>
    <trkpt lat="-36.986587" lon="142.452644"><ele>599.0</ele></trkpt>
    <trkpt lat="-36.986584" lon="142.452751"><ele>600.0</ele></trkpt>
    <trkpt lat="-36.986464" lon="142.452916"><ele>601.0</ele></trkpt>
    <trkpt lat="-36.986388" lon="142.453114"><ele>601.4</ele></trkpt>
    <trkpt lat="-36.986341" lon="142.453286"><ele>601.2</ele></trkpt>
    <trkpt lat="-36.986314" lon="142.453426"><ele>600.5</ele></trkpt>
    <trkpt lat="-36.986318" lon="142.453474"><ele>600.2</ele></trkpt>
    <trkpt lat="-36.986336" lon="142.453511"><ele>599.9</ele></trkpt>
    <trkpt lat="-36.986477" lon="142.453641"><ele>598.3</ele></trkpt>
    <trkpt lat="-36.986645" lon="142.453844"><ele>595.7</ele></trkpt>
    <trkpt lat="-36.986774" lon="142.453939"><ele>593.9</ele></trkpt>
    <trkpt lat="-36.986811" lon="142.454011"><ele>593.1</ele></trkpt>
    <trkpt lat="-36.986922" lon="142.454090"><ele>591.8</ele></trkpt>
    <trkpt lat="-36.986971" lon="142.454121"><ele>591.4</ele></trkpt>
    <trkpt lat="-36.987031" lon="142.454127"><ele>590.9</ele></trkpt>
    <trkpt lat="-36.987079" lon="142.454145"><ele>590.4</ele></trkpt>
    <trkpt lat="-36.987109" lon="142.454187"><ele>590.2</ele></trkpt>
    <trkpt lat="-36.987121" lon="142.454276"><ele>589.9</ele></trkpt>
    <trkpt lat="-36.987089" lon="142.454316"><ele>589.7</ele></trkpt>
    <trkpt lat="-36.987147" lon="142.454322"><ele>589.4</ele></trkpt>
    <trkpt lat="-36.987268" lon="142.454519"><ele>589.3</ele></trkpt>
    <trkpt lat="-36.987327" lon="142.454580"><ele>589.4</ele></trkpt>
    <trkpt lat="-36.987365" lon="142.454590"><ele>589.5</ele></trkpt>
    <trkpt lat="-36.987445" lon="142.454587"><ele>589.8</ele></trkpt>
    <trkpt lat="-36.987473" lon="142.454588"><ele>590.0</ele></trkpt>
    <trkpt lat="-36.987490" lon="142.454606"><ele>590.2</ele></trkpt>
    <trkpt lat="-36.987498" lon="142.454631"><ele>590.3</ele></trkpt>
    <trkpt lat="-36.987505" lon="142.454715"><ele>590.7</ele></trkpt>
    <trkpt lat="-36.987524" lon="142.454801"><ele>591.1</ele></trkpt>
    <trkpt lat="-36.987553" lon="142.454836"><ele>591.5</ele></trkpt>
    <trkpt lat="-36.987599" lon="142.454853"><ele>592.0</ele></trkpt>
    <trkpt lat="-36.987635" lon="142.454862"><ele>592.4</ele></trkpt>
    <trkpt lat="-36.987648" lon="142.454905"><ele>592.7</ele></trkpt>
    <trkpt lat="-36.987615" lon="142.454964"><ele>593.3</ele></trkpt>
    <trkpt lat="-36.987603" lon="142.455022"><ele>593.8</ele></trkpt>
    <trkpt lat="-36.987612" lon="142.455219"><ele>594.8</ele></trkpt>
    <trkpt lat="-36.987628" lon="142.455231"><ele>594.9</ele></trkpt>
    <trkpt lat="-36.987647" lon="142.455212"><ele>595.1</ele></trkpt>
    <trkpt lat="-36.987752" lon="142.455121"><ele>595.5</ele></trkpt>
    <trkpt lat="-36.987818" lon="142.455089"><ele>595.4</ele></trkpt>
    <trkpt lat="-36.987918" lon="142.455132"><ele>595.3</ele></trkpt>
    <trkpt lat="-36.987988" lon="142.455194"><ele>594.9</ele></trkpt>
    <trkpt lat="-36.988029" lon="142.455295"><ele>594.3</ele></trkpt>
    <trkpt lat="-36.988081" lon="142.455621"><ele>591.6</ele></trkpt>
    <trkpt lat="-36.988074" lon="142.455703"><ele>590.7</ele></trkpt>
    <trkpt lat="-36.988100" lon="142.455854"><ele>588.8</ele></trkpt>
    <trkpt lat="-36.988080" lon="142.455901"><ele>587.9</ele></trkpt>
    <trkpt lat="-36.988080" lon="142.455933"><ele>587.4</ele></trkpt>
    <trkpt lat="-36.988104" lon="142.455960"><ele>586.7</ele></trkpt>
    <trkpt lat="-36.988129" lon="142.455972"><ele>586.2</ele></trkpt>
    <trkpt lat="-36.988177" lon="142.456068"><ele>584.4</ele></trkpt>
    <trkpt lat="-36.988213" lon="142.456205"><ele>582.4</ele></trkpt>
    <trkpt lat="-36.988199" lon="142.456267"><ele>581.5</ele></trkpt>
    <trkpt lat="-36.988218" lon="142.456374"><ele>579.9</ele></trkpt>
    <trkpt lat="-36.988255" lon="142.456481"><ele>578.9</ele></trkpt>
    <trkpt lat="-36.988311" lon="142.456574"><ele>578.1</ele></trkpt>
    <trkpt lat="-36.988434" lon="142.456637"><ele>577.2</ele></trkpt>
    <trkpt lat="-36.988498" lon="142.456640"><ele>577.0</ele></trkpt>
    <trkpt lat="-36.988545" lon="142.456622"><ele>576.9</ele></trkpt>
    <trkpt lat="-36.988658" lon="142.456528"><ele>576.6</ele></trkpt>
    <trkpt lat="-36.988719" lon="142.456495"><ele>576.8</ele></trkpt>
    <trkpt lat="-36.988757" lon="142.456366"><ele>577.2</ele></trkpt>
    <trkpt lat="-36.988794" lon="142.456281"><ele>577.5</ele></trkpt>
    <trkpt lat="-36.988835" lon="142.456272"><ele>577.9</ele></trkpt>
    <trkpt lat="-36.988862" lon="142.456263"><ele>578.2</ele></trkpt>
    <trkpt lat="-36.988876" lon="142.456216"><ele>578.7</ele></trkpt>
    <trkpt lat="-36.988923" lon="142.456196"><ele>579.3</ele></trkpt>
    <trkpt lat="-36.988959" lon="142.456155"><ele>579.8</ele></trkpt>
    <trkpt lat="-36.988987" lon="142.456039"><ele>581.1</ele></trkpt>
    <trkpt lat="-36.989020" lon="142.456021"><ele>581.6</ele></trkpt>
    <trkpt lat="-36.989165" lon="142.455828"><ele>585.0</ele></trkpt>
    <trkpt lat="-36.989223" lon="142.455750"><ele>586.3</ele></trkpt>
    <trkpt lat="-36.989365" lon="142.455631"><ele>588.9</ele></trkpt>
    <trkpt lat="-36.989475" lon="142.455449"><ele>592.3</ele></trkpt>
    <trkpt lat="-36.989567" lon="142.455350"><ele>594.6</ele></trkpt>
    <trkpt lat="-36.989667" lon="142.455316"><ele>596.7</ele></trkpt>
    <trkpt lat="-36.989770" lon="142.455238"><ele>599.1</ele></trkpt>
    <trkpt lat="-36.989885" lon="142.455052"><ele>603.1</ele></trkpt>
    <trkpt lat="-36.989910" lon="142.454998"><ele>604.2</ele></trkpt>
    <trkpt lat="-36.989897" lon="142.454907"><ele>605.7</ele></trkpt>
    <trkpt lat="-36.989918" lon="142.454874"><ele>606.5</ele></trkpt>
    <trkpt lat="-36.989975" lon="142.454755"><ele>608.9</ele></trkpt>
    <trkpt lat="-36.990009" lon="142.454694"><ele>610.2</ele></trkpt>
    <trkpt lat="-36.990049" lon="142.454691"><ele>611.1</ele></trkpt>
    <trkpt lat="-36.990179" lon="142.454534"><ele>615.1</ele></trkpt>
    <trkpt lat="-36.990246" lon="142.454440"><ele>617.3</ele></trkpt>
    <trkpt lat="-36.990364" lon="142.454236"><ele>621.0</ele></trkpt>
    <trkpt lat="-36.990433" lon="142.454159"><ele>622.5</ele></trkpt>
    <trkpt lat="-36.990507" lon="142.454102"><ele>623.7</ele></trkpt>
    <trkpt lat="-36.990633" lon="142.453921"><ele>626.3</ele></trkpt>
    <trkpt lat="-36.990776" lon="142.453805"><ele>628.3</ele></trkpt>
    <trkpt lat="-36.990943" lon="142.453699"><ele>630.3</ele></trkpt>
    <trkpt lat="-36.991013" lon="142.453611"><ele>631.2</ele></trkpt>
    <trkpt lat="-36.991104" lon="142.453557"><ele>632.2</ele></trkpt>
    <trkpt lat="-36.991138" lon="142.453489"><ele>632.8</ele></trkpt>
    <trkpt lat="-36.991154" lon="142.453376"><ele>633.6</ele></trkpt>
    <trkpt lat="-36.991349" lon="142.453127"><ele>636.3</ele></trkpt>
    <trkpt lat="-36.991419" lon="142.453141"><ele>637.0</ele></trkpt>
    <trkpt lat="-36.991479" lon="142.453062"><ele>638.0</ele></trkpt>
    <trkpt lat="-36.991556" lon="142.452998"><ele>639.1</ele></trkpt>
    <trkpt lat="-36.991645" lon="142.452917"><ele>640.3</ele></trkpt>
    <trkpt lat="-36.991714" lon="142.452850"><ele>641.3</ele></trkpt>
    <trkpt lat="-36.991825" lon="142.452840"><ele>642.5</ele></trkpt>
    <trkpt lat="-36.991855" lon="142.452800"><ele>643.0</ele></trkpt>
    <trkpt lat="-36.991932" lon="142.452793"><ele>643.8</ele></trkpt>
    <trkpt lat="-36.992026" lon="142.452700"><ele>645.0</ele></trkpt>
    <trkpt lat="-36.992135" lon="142.452595"><ele>646.2</ele></trkpt>
    <trkpt lat="-36.992182" lon="142.452512"><ele>646.8</ele></trkpt>
    <trkpt lat="-36.992169" lon="142.452370"><ele>647.7</ele></trkpt>
    <trkpt lat="-36.992266" lon="142.452293"><ele>648.5</ele></trkpt>
    <trkpt lat="-36.992337" lon="142.452183"><ele>649.2</ele></trkpt>
    <trkpt lat="-36.992429" lon="142.452084"><ele>650.1</ele></trkpt>
    <trkpt lat="-36.992527" lon="142.451954"><ele>651.1</ele></trkpt>
    <trkpt lat="-36.992666" lon="142.451906"><ele>652.1</ele></trkpt>
    <trkpt lat="-36.992760" lon="142.451800"><ele>653.1</ele></trkpt>
    <trkpt lat="-36.993278" lon="142.451486"><ele>657.7</ele></trkpt>
    <trkpt lat="-36.993459" lon="142.451390"><ele>659.6</ele></trkpt>
    <trkpt lat="-36.993533" lon="142.451362"><ele>660.3</ele></trkpt>
    <trkpt lat="-36.993603" lon="142.451305"><ele>661.0</ele></trkpt>
    <trkpt lat="-36.993712" lon="142.451251"><ele>661.9</ele></trkpt>
    <trkpt lat="-36.993769" lon="142.451186"><ele>662.5</ele></trkpt>
    <trkpt lat="-36.993883" lon="142.451129"><ele>663.3</ele></trkpt>
    <trkpt lat="-36.993911" lon="142.451158"><ele>663.5</ele></trkpt>
    <trkpt lat="-36.993950" lon="142.451161"><ele>663.8</ele></trkpt>
    <trkpt lat="-36.994057" lon="142.451086"><ele>664.5</ele></trkpt>
    <trkpt lat="-36.994281" lon="142.451053"><ele>665.9</ele></trkpt>
    <trkpt lat="-36.994355" lon="142.451072"><ele>666.3</ele></trkpt>
    <trkpt lat="-36.994573" lon="142.451031"><ele>667.4</ele></trkpt>
    <trkpt lat="-36.994674" lon="142.451015"><ele>667.8</ele></trkpt>
    <trkpt lat="-36.994788" lon="142.450873"><ele>668.6</ele></trkpt>
    <trkpt lat="-36.994904" lon="142.450800"><ele>669.4</ele></trkpt>
    <trkpt lat="-36.995159" lon="142.450757"><ele>671.0</ele></trkpt>
    <trkpt lat="-36.995213" lon="142.450792"><ele>671.5</ele></trkpt>
    <trkpt lat="-36.995293" lon="142.450838"><ele>672.1</ele></trkpt>
    <trkpt lat="-36.995359" lon="142.450843"><ele>672.6</ele></trkpt>
    <trkpt lat="-36.995445" lon="142.450860"><ele>673.3</ele></trkpt>
    <trkpt lat="-36.995523" lon="142.450789"><ele>674.0</ele></trkpt>
    <trkpt lat="-36.995763" lon="142.450594"><ele>676.5</ele></trkpt>
    <trkpt lat="-36.996264" lon="142.450284"><ele>681.0</ele></trkpt>
    <trkpt lat="-36.996696" lon="142.449991"><ele>684.4</ele></trkpt>
    <trkpt lat="-36.996770" lon="142.449936"><ele>685.0</ele></trkpt>
    <trkpt lat="-36.996954" lon="142.449929"><ele>686.3</ele></trkpt>
    <trkpt lat="-36.997034" lon="142.449881"><ele>687.1</ele></trkpt>
    <trkpt lat="-36.997048" lon="142.449897"><ele>687.3</ele></trkpt>
    <trkpt lat="-36.997113" lon="142.449868"><ele>687.9</ele></trkpt>
    <trkpt lat="-36.997288" lon="142.449728"><ele>690.1</ele></trkpt>
    <trkpt lat="-36.997502" lon="142.449655"><ele>692.5</ele></trkpt>
    <trkpt lat="-36.997548" lon="142.449607"><ele>693.2</ele></trkpt>
    <trkpt lat="-36.997593" lon="142.449609"><ele>693.6</ele></trkpt>
    <trkpt lat="-36.997630" lon="142.449588"><ele>694.1</ele></trkpt>
    <trkpt lat="-36.997746" lon="142.449605"><ele>695.2</ele></trkpt>
    <trkpt lat="-36.997856" lon="142.449608"><ele>696.2</ele></trkpt>
    <trkpt lat="-36.997911" lon="142.449598"><ele>696.7</ele></trkpt>
    <trkpt lat="-36.997985" lon="142.449524"><ele>697.5</ele></trkpt>
    <trkpt lat="-36.998057" lon="142.449503"><ele>698.2</ele></trkpt>
    <trkpt lat="-36.998188" lon="142.449399"><ele>699.4</ele></trkpt>
    <trkpt lat="-36.998303" lon="142.449351"><ele>700.3</ele></trkpt>
    <trkpt lat="-36.998380" lon="142.449323"><ele>700.9</ele></trkpt>
    <trkpt lat="-36.998543" lon="142.449329"><ele>701.6</ele></trkpt>
    <trkpt lat="-36.998668" lon="142.449336"><ele>702.0</ele></trkpt>
    <trkpt lat="-36.998786" lon="142.449308"><ele>702.2</ele></trkpt>
    <trkpt lat="-36.998921" lon="142.449395"><ele>702.5</ele></trkpt>
    <trkpt lat="-36.998948" lon="142.449407"><ele>702.5</ele></trkpt>
    <trkpt lat="-36.998981" lon="142.449401"><ele>702.6</ele></trkpt>
    <trkpt lat="-36.999447" lon="142.449128"><ele>704.2</ele></trkpt>
    <trkpt lat="-36.999616" lon="142.449077"><ele>705.4</ele></trkpt>
    <trkpt lat="-36.999704" lon="142.449039"><ele>706.0</ele></trkpt>
    <trkpt lat="-36.999889" lon="142.449148"><ele>707.7</ele></trkpt>
    <trkpt lat="-36.999955" lon="142.449167"><ele>708.3</ele></trkpt>
    <trkpt lat="-37.000030" lon="142.449119"><ele>708.9</ele></trkpt>
    <trkpt lat="-37.000116" lon="142.449125"><ele>709.5</ele></trkpt>
    <trkpt lat="-37.000161" lon="142.449097"><ele>709.8</ele></trkpt>
    <trkpt lat="-37.000232" lon="142.449008"><ele>710.6</ele></trkpt>
    <trkpt lat="-37.000284" lon="142.448995"><ele>711.0</ele></trkpt>
    <trkpt lat="-37.000326" lon="142.448961"><ele>711.4</ele></trkpt>
    <trkpt lat="-37.000383" lon="142.448948"><ele>711.8</ele></trkpt>
    <trkpt lat="-37.000457" lon="142.448903"><ele>712.4</ele></trkpt>
    <trkpt lat="-37.000664" lon="142.448763"><ele>713.0</ele></trkpt>
    <trkpt lat="-37.000924" lon="142.448729"><ele>712.8</ele></trkpt>
    <trkpt lat="-37.001016" lon="142.448680"><ele>712.7</ele></trkpt>
    <trkpt lat="-37.001099" lon="142.448620"><ele>712.5</ele></trkpt>
    <trkpt lat="-37.001199" lon="142.448564"><ele>712.4</ele></trkpt>
    <trkpt lat="-37.001229" lon="142.448538"><ele>712.4</ele></trkpt>
    <trkpt lat="-37.001248" lon="142.448551"><ele>712.4</ele></trkpt>
    <trkpt lat="-37.001303" lon="142.448558"><ele>712.4</ele></trkpt>
    <trkpt lat="-37.001439" lon="142.448476"><ele>712.4</ele></trkpt>
    <trkpt lat="-37.001565" lon="142.448435"><ele>712.2</ele></trkpt>
    <trkpt lat="-37.001779" lon="142.448307"><ele>712.3</ele></trkpt>
    <trkpt lat="-37.001855" lon="142.448246"><ele>712.4</ele></trkpt>
    <trkpt lat="-37.001992" lon="142.448164"><ele>712.6</ele></trkpt>
    <trkpt lat="-37.002063" lon="142.448196"><ele>712.7</ele></trkpt>
    <trkpt lat="-37.002138" lon="142.448175"><ele>712.8</ele></trkpt>
    <trkpt lat="-37.002166" lon="142.448110"><ele>712.9</ele></trkpt>
    <trkpt lat="-37.002392" lon="142.447971"><ele>713.7</ele></trkpt>
    <trkpt lat="-37.002526" lon="142.447900"><ele>714.8</ele></trkpt>
    <trkpt lat="-37.002643" lon="142.447775"><ele>715.9</ele></trkpt>
    <trkpt lat="-37.002826" lon="142.447684"><ele>717.4</ele></trkpt>
    <trkpt lat="-37.002898" lon="142.447673"><ele>718.1</ele></trkpt>
    <trkpt lat="-37.002918" lon="142.447647"><ele>718.4</ele></trkpt>
    <trkpt lat="-37.003122" lon="142.447619"><ele>720.9</ele></trkpt>
    <trkpt lat="-37.003436" lon="142.447404"><ele>724.3</ele></trkpt>
    <trkpt lat="-37.003499" lon="142.447387"><ele>724.9</ele></trkpt>
    <trkpt lat="-37.003508" lon="142.447425"><ele>725.2</ele></trkpt>
    <trkpt lat="-37.003537" lon="142.447421"><ele>725.5</ele></trkpt>
    <trkpt lat="-37.003597" lon="142.447389"><ele>726.0</ele></trkpt>
    <trkpt lat="-37.003687" lon="142.447302"><ele>726.0</ele></trkpt>
    <trkpt lat="-37.003744" lon="142.447287"><ele>726.1</ele></trkpt>
    <trkpt lat="-37.003856" lon="142.447206"><ele>726.1</ele></trkpt>
    <trkpt lat="-37.003969" lon="142.447113"><ele>726.3</ele></trkpt>
    <trkpt lat="-37.004053" lon="142.447056"><ele>726.4</ele></trkpt>
    <trkpt lat="-37.004105" lon="142.446931"><ele>726.3</ele></trkpt>
    <trkpt lat="-37.004190" lon="142.446736"><ele>726.1</ele></trkpt>
    <trkpt lat="-37.004266" lon="142.446683"><ele>726.2</ele></trkpt>
    <trkpt lat="-37.004316" lon="142.446669"><ele>726.2</ele></trkpt>
    <trkpt lat="-37.004489" lon="142.446731"><ele>726.4</ele></trkpt>
    <trkpt lat="-37.004725" lon="142.446699"><ele>727.3</ele></trkpt>
    <trkpt lat="-37.004815" lon="142.446642"><ele>728.6</ele></trkpt>
    <trkpt lat="-37.004907" lon="142.446529"><ele>730.2</ele></trkpt>
    <trkpt lat="-37.005060" lon="142.446432"><ele>732.3</ele></trkpt>
    <trkpt lat="-37.005297" lon="142.446456"><ele>735.1</ele></trkpt>
    <trkpt lat="-37.005411" lon="142.446474"><ele>736.4</ele></trkpt>
    <trkpt lat="-37.005492" lon="142.446432"><ele>737.4</ele></trkpt>
    <trkpt lat="-37.005510" lon="142.446465"><ele>737.8</ele></trkpt>
    <trkpt lat="-37.005510" lon="142.446508"><ele>738.3</ele></trkpt>
    <trkpt lat="-37.005239" lon="142.446769"><ele>742.5</ele></trkpt>
    <trkpt lat="-37.005223" lon="142.446819"><ele>743.0</ele></trkpt>
    <trkpt lat="-37.005076" lon="142.446905"><ele>744.4</ele></trkpt>
    <trkpt lat="-37.004998" lon="142.446940"><ele>745.0</ele></trkpt>
    <trkpt lat="-37.004978" lon="142.446979"><ele>745.3</ele></trkpt>
    <trkpt lat="-37.004983" lon="142.447059"><ele>745.8</ele></trkpt>
    <trkpt lat="-37.005025" lon="142.447097"><ele>746.1</ele></trkpt>
    <trkpt lat="-37.005111" lon="142.447175"><ele>746.8</ele></trkpt>
    <trkpt lat="-37.005134" lon="142.447224"><ele>747.1</ele></trkpt>
    <trkpt lat="-37.005124" lon="142.447276"><ele>747.4</ele></trkpt>
    <trkpt lat="-37.004975" lon="142.447347"><ele>748.5</ele></trkpt>
    <trkpt lat="-37.004927" lon="142.447379"><ele>748.8</ele></trkpt>
    <trkpt lat="-37.004897" lon="142.447465"><ele>749.2</ele></trkpt>
    <trkpt lat="-37.004918" lon="142.447593"><ele>749.7</ele></trkpt>
    <trkpt lat="-37.004716" lon="142.447706"><ele>750.3</ele></trkpt>
    <trkpt lat="-37.004578" lon="142.447787"><ele>750.3</ele></trkpt>
    <trkpt lat="-37.004470" lon="142.447944"><ele>749.2</ele></trkpt>
    <trkpt lat="-37.004386" lon="142.448078"><ele>748.1</ele></trkpt>
    <trkpt lat="-37.004321" lon="142.448241"><ele>746.2</ele></trkpt>
    <trkpt lat="-37.004460" lon="142.448510"><ele>742.3</ele></trkpt>
    <trkpt lat="-37.004533" lon="142.448620"><ele>740.3</ele></trkpt>
    <trkpt lat="-37.004534" lon="142.448820"><ele>737.2</ele></trkpt>
    <trkpt lat="-37.004559" lon="142.448848"><ele>736.5</ele></trkpt>
    <trkpt lat="-37.004625" lon="142.448865"><ele>735.2</ele></trkpt>
    <trkpt lat="-37.004701" lon="142.448872"><ele>733.8</ele></trkpt>
    <trkpt lat="-37.004743" lon="142.448973"><ele>732.2</ele></trkpt>
    <trkpt lat="-37.004753" lon="142.449058"><ele>730.9</ele></trkpt>
    <trkpt lat="-37.004692" lon="142.449148"><ele>729.5</ele></trkpt>
    <trkpt lat="-37.004688" lon="142.449203"><ele>728.9</ele></trkpt>
    <trkpt lat="-37.004749" lon="142.449250"><ele>728.0</ele></trkpt>
    <trkpt lat="-37.004770" lon="142.449351"><ele>727.0</ele></trkpt>
    <trkpt lat="-37.004558" lon="142.449611"><ele>724.5</ele></trkpt>
    <trkpt lat="-37.004544" lon="142.449725"><ele>723.9</ele></trkpt>
    <trkpt lat="-37.004518" lon="142.449768"><ele>723.7</ele></trkpt>
    <trkpt lat="-37.004477" lon="142.449789"><ele>723.4</ele></trkpt>
    <trkpt lat="-37.004443" lon="142.449881"><ele>722.9</ele></trkpt>
    <trkpt lat="-37.004446" lon="142.449951"><ele>722.7</ele></trkpt>
    <trkpt lat="-37.004473" lon="142.449984"><ele>722.5</ele></trkpt>
    <trkpt lat="-37.004463" lon="142.450021"><ele>722.4</ele></trkpt>
    <trkpt lat="-37.004353" lon="142.450127"><ele>721.8</ele></trkpt>
    <trkpt lat="-37.004348" lon="142.450278"><ele>721.2</ele></trkpt>
    <trkpt lat="-37.004258" lon="142.450458"><ele>720.4</ele></trkpt>
    <trkpt lat="-37.004129" lon="142.450608"><ele>719.5</ele></trkpt>
    <trkpt lat="-37.003849" lon="142.450748"><ele>717.6</ele></trkpt>
    <trkpt lat="-37.003774" lon="142.450929"><ele>716.2</ele></trkpt>
    <trkpt lat="-37.003712" lon="142.451006"><ele>715.4</ele></trkpt>
    <trkpt lat="-37.003701" lon="142.451087"><ele>714.8</ele></trkpt>
    <trkpt lat="-37.003652" lon="142.451129"><ele>714.2</ele></trkpt>
    <trkpt lat="-37.003568" lon="142.451334"><ele>712.4</ele></trkpt>
    <trkpt lat="-37.003533" lon="142.451478"><ele>711.0</ele></trkpt>
    <trkpt lat="-37.003564" lon="142.451603"><ele>709.6</ele></trkpt>
    <trkpt lat="-37.003560" lon="142.451665"><ele>709.0</ele></trkpt>
    <trkpt lat="-37.003586" lon="142.451734"><ele>708.2</ele></trkpt>
    <trkpt lat="-37.003617" lon="142.451739"><ele>707.7</ele></trkpt>
    <trkpt lat="-37.003805" lon="142.451701"><ele>705.0</ele></trkpt>
    <trkpt lat="-37.003847" lon="142.451737"><ele>704.3</ele></trkpt>
    <trkpt lat="-37.003857" lon="142.451770"><ele>703.9</ele></trkpt>
    <trkpt lat="-37.003841" lon="142.451798"><ele>703.6</ele></trkpt>
    <trkpt lat="-37.003856" lon="142.451840"><ele>703.1</ele></trkpt>
    <trkpt lat="-37.003854" lon="142.451886"><ele>702.6</ele></trkpt>
    <trkpt lat="-37.003828" lon="142.451926"><ele>702.0</ele></trkpt>
    <trkpt lat="-37.003831" lon="142.451973"><ele>701.5</ele></trkpt>
    <trkpt lat="-37.003850" lon="142.452102"><ele>700.3</ele></trkpt>
    <trkpt lat="-37.003811" lon="142.452198"><ele>699.5</ele></trkpt>
    <trkpt lat="-37.003829" lon="142.452233"><ele>699.1</ele></trkpt>
    <trkpt lat="-37.003829" lon="142.452271"><ele>698.8</ele></trkpt>
    <trkpt lat="-37.003672" lon="142.452390"><ele>696.8</ele></trkpt>
    <trkpt lat="-37.003560" lon="142.452511"><ele>695.1</ele></trkpt>
    <trkpt lat="-37.003542" lon="142.452565"><ele>694.6</ele></trkpt>
    <trkpt lat="-37.003563" lon="142.452687"><ele>693.6</ele></trkpt>
    <trkpt lat="-37.003543" lon="142.452793"><ele>692.6</ele></trkpt>
    <trkpt lat="-37.003556" lon="142.452856"><ele>692.0</ele></trkpt>
    <trkpt lat="-37.003583" lon="142.452887"><ele>691.5</ele></trkpt>
    <trkpt lat="-37.003632" lon="142.452921"><ele>690.7</ele></trkpt>
    <trkpt lat="-37.003660" lon="142.452962"><ele>690.2</ele></trkpt>
    <trkpt lat="-37.003653" lon="142.453047"><ele>689.2</ele></trkpt>
    <trkpt lat="-37.003574" lon="142.453146"><ele>687.4</ele></trkpt>
    <trkpt lat="-37.003505" lon="142.453340"><ele>684.5</ele></trkpt>
    <trkpt lat="-37.003502" lon="142.453383"><ele>683.8</ele></trkpt>
    <trkpt lat="-37.003452" lon="142.453438"><ele>682.4</ele></trkpt>
    <trkpt lat="-37.003432" lon="142.453564"><ele>680.2</ele></trkpt>
    <trkpt lat="-37.003442" lon="142.453631"><ele>679.0</ele></trkpt>
    <trkpt lat="-37.003419" lon="142.453701"><ele>677.8</ele></trkpt>
    <trkpt lat="-37.003376" lon="142.453848"><ele>675.4</ele></trkpt>
    <trkpt lat="-37.003326" lon="142.453886"><ele>674.2</ele></trkpt>
    <trkpt lat="-37.003287" lon="142.453984"><ele>672.6</ele></trkpt>
    <trkpt lat="-37.003308" lon="142.454021"><ele>671.9</ele></trkpt>
    <trkpt lat="-37.003276" lon="142.454178"><ele>669.5</ele></trkpt>
    <trkpt lat="-37.003248" lon="142.454213"><ele>668.8</ele></trkpt>
    <trkpt lat="-37.002988" lon="142.454409"><ele>663.6</ele></trkpt>
    <trkpt lat="-37.002933" lon="142.454541"><ele>662.0</ele></trkpt>
    <trkpt lat="-37.002925" lon="142.454631"><ele>661.0</ele></trkpt>
    <trkpt lat="-37.002887" lon="142.454682"><ele>660.3</ele></trkpt>
    <trkpt lat="-37.002874" lon="142.454811"><ele>659.1</ele></trkpt>
    <trkpt lat="-37.002875" lon="142.454923"><ele>658.2</ele></trkpt>
    <trkpt lat="-37.002901" lon="142.454976"><ele>657.7</ele></trkpt>
    <trkpt lat="-37.002879" lon="142.455067"><ele>656.9</ele></trkpt>
    <trkpt lat="-37.002939" lon="142.455221"><ele>655.4</ele></trkpt>
    <trkpt lat="-37.003008" lon="142.455292"><ele>654.4</ele></trkpt>
    <trkpt lat="-37.003124" lon="142.455328"><ele>653.4</ele></trkpt>
    <trkpt lat="-37.003168" lon="142.455444"><ele>652.7</ele></trkpt>
    <trkpt lat="-37.003248" lon="142.455757"><ele>651.7</ele></trkpt>
    <trkpt lat="-37.003234" lon="142.455870"><ele>651.5</ele></trkpt>
    <trkpt lat="-37.003172" lon="142.455939"><ele>651.4</ele></trkpt>
    <trkpt lat="-37.003056" lon="142.455936"><ele>651.2</ele></trkpt>
    <trkpt lat="-37.002992" lon="142.455967"><ele>651.1</ele></trkpt>
    <trkpt lat="-37.002819" lon="142.455957"><ele>650.9</ele></trkpt>
    <trkpt lat="-37.002611" lon="142.456145"><ele>650.6</ele></trkpt>
    <trkpt lat="-37.002594" lon="142.456249"><ele>650.5</ele></trkpt>
    <trkpt lat="-37.002514" lon="142.456367"><ele>649.9</ele></trkpt>
    <trkpt lat="-37.002375" lon="142.456797"><ele>646.4</ele></trkpt>
    <trkpt lat="-37.002446" lon="142.457042"><ele>643.5</ele></trkpt>
    <trkpt lat="-37.002536" lon="142.457129"><ele>641.8</ele></trkpt>
    <trkpt lat="-37.002572" lon="142.457460"><ele>636.6</ele></trkpt>
    <trkpt lat="-37.002502" lon="142.457580"><ele>633.9</ele></trkpt>
    <trkpt lat="-37.002402" lon="142.457661"><ele>631.2</ele></trkpt>
    <trkpt lat="-37.002385" lon="142.457799"><ele>628.7</ele></trkpt>
    <trkpt lat="-37.002410" lon="142.457872"><ele>627.2</ele></trkpt>
    <trkpt lat="-37.002377" lon="142.457965"><ele>625.4</ele></trkpt>
    <trkpt lat="-37.002380" lon="142.458036"><ele>624.1</ele></trkpt>
    <trkpt lat="-37.002354" lon="142.458089"><ele>623.2</ele></trkpt>
    <trkpt lat="-37.002337" lon="142.458323"><ele>619.6</ele></trkpt>
    <trkpt lat="-37.002313" lon="142.458382"><ele>618.7</ele></trkpt>
    <trkpt lat="-37.002335" lon="142.458449"><ele>617.8</ele></trkpt>
    <trkpt lat="-37.002315" lon="142.458510"><ele>616.9</ele></trkpt>
    <trkpt lat="-37.002233" lon="142.458636"><ele>614.8</ele></trkpt>
    <trkpt lat="-37.002233" lon="142.458721"><ele>614.1</ele></trkpt>
    <trkpt lat="-37.002206" lon="142.458782"><ele>613.5</ele></trkpt>
    <trkpt lat="-37.001898" lon="142.459111"><ele>610.3</ele></trkpt>
    <trkpt lat="-37.001831" lon="142.459159"><ele>609.8</ele></trkpt>
    <trkpt lat="-37.001724" lon="142.459162"><ele>609.2</ele></trkpt>
    <trkpt lat="-37.001619" lon="142.459222"><ele>608.6</ele></trkpt>
    <trkpt lat="-37.001535" lon="142.459303"><ele>608.0</ele></trkpt>
    <trkpt lat="-37.001413" lon="142.459487"><ele>606.9</ele></trkpt>
    <trkpt lat="-37.001364" lon="142.459621"><ele>606.2</ele></trkpt>
    <trkpt lat="-37.001369" lon="142.459701"><ele>605.8</ele></trkpt>
    <trkpt lat="-37.001397" lon="142.459758"><ele>605.5</ele></trkpt>
    <trkpt lat="-37.001461" lon="142.459850"><ele>604.9</ele></trkpt>
    <trkpt lat="-37.001466" lon="142.459980"><ele>604.3</ele></trkpt>
    <trkpt lat="-37.001438" lon="142.460145"><ele>603.7</ele></trkpt>
    <trkpt lat="-37.001394" lon="142.460285"><ele>603.2</ele></trkpt>
    <trkpt lat="-37.001476" lon="142.460350"><ele>602.9</ele></trkpt>
    <trkpt lat="-37.001662" lon="142.460645"><ele>603.0</ele></trkpt>
    <trkpt lat="-37.001820" lon="142.460779"><ele>603.7</ele></trkpt>
    <trkpt lat="-37.002066" lon="142.460959"><ele>606.6</ele></trkpt>
    <trkpt lat="-37.002176" lon="142.461133"><ele>609.2</ele></trkpt>
    <trkpt lat="-37.002303" lon="142.461205"><ele>611.3</ele></trkpt>
    <trkpt lat="-37.002350" lon="142.461249"><ele>612.1</ele></trkpt>
    <trkpt lat="-37.002382" lon="142.461321"><ele>613.0</ele></trkpt>
    <trkpt lat="-37.002454" lon="142.461386"><ele>614.2</ele></trkpt>
    <trkpt lat="-37.002479" lon="142.461470"><ele>615.1</ele></trkpt>
    <trkpt lat="-37.002544" lon="142.461610"><ele>616.7</ele></trkpt>
    <trkpt lat="-37.002429" lon="142.461955"><ele>619.7</ele></trkpt>
    <trkpt lat="-37.002608" lon="142.462430"><ele>622.9</ele></trkpt>
    <trkpt lat="-37.002657" lon="142.462698"><ele>624.5</ele></trkpt>
    <trkpt lat="-37.002747" lon="142.462822"><ele>625.8</ele></trkpt>
    <trkpt lat="-37.002749" lon="142.463007"><ele>627.3</ele></trkpt>
    <trkpt lat="-37.002844" lon="142.463174"><ele>629.2</ele></trkpt>
    <trkpt lat="-37.002837" lon="142.463368"><ele>631.1</ele></trkpt>
    <trkpt lat="-37.002865" lon="142.463453"><ele>632.0</ele></trkpt>
    <trkpt lat="-37.002819" lon="142.463636"><ele>633.9</ele></trkpt>
    <trkpt lat="-37.003033" lon="142.463956"><ele>636.9</ele></trkpt>
    <trkpt lat="-37.003191" lon="142.464298"><ele>639.4</ele></trkpt>
    <trkpt lat="-37.003282" lon="142.464649"><ele>642.0</ele></trkpt>
    <trkpt lat="-37.003329" lon="142.464812"><ele>643.4</ele></trkpt>
    <trkpt lat="-37.003439" lon="142.465005"><ele>645.1</ele></trkpt>
    <trkpt lat="-37.003533" lon="142.465132"><ele>646.4</ele></trkpt>
    <trkpt lat="-37.003629" lon="142.465352"><ele>648.2</ele></trkpt>
    <trkpt lat="-37.003665" lon="142.465517"><ele>649.4</ele></trkpt>
    <trkpt lat="-37.003860" lon="142.465761"><ele>651.3</ele></trkpt>
    <trkpt lat="-37.004044" lon="142.465969"><ele>652.2</ele></trkpt>
    <trkpt lat="-37.004389" lon="142.466248"><ele>653.1</ele></trkpt>
    <trkpt lat="-37.004694" lon="142.466491"><ele>653.7</ele></trkpt>
    <trkpt lat="-37.004744" lon="142.466631"><ele>653.9</ele></trkpt>
    <trkpt lat="-37.004826" lon="142.466738"><ele>654.0</ele></trkpt>
    <trkpt lat="-37.004931" lon="142.466930"><ele>654.1</ele></trkpt>
    <trkpt lat="-37.005035" lon="142.467090"><ele>654.4</ele></trkpt>
    <trkpt lat="-37.005266" lon="142.467200"><ele>654.8</ele></trkpt>
    <trkpt lat="-37.005416" lon="142.467300"><ele>655.0</ele></trkpt>
    <trkpt lat="-37.005538" lon="142.467483"><ele>654.9</ele></trkpt>
    <trkpt lat="-37.005781" lon="142.467599"><ele>654.8</ele></trkpt>
    <trkpt lat="-37.005869" lon="142.467530"><ele>655.0</ele></trkpt>
    <trkpt lat="-37.006073" lon="142.467338"><ele>655.6</ele></trkpt>
    <trkpt lat="-37.006109" lon="142.467311"><ele>655.6</ele></trkpt>
    <trkpt lat="-37.006157" lon="142.467325"><ele>655.7</ele></trkpt>
    <trkpt lat="-37.006239" lon="142.467494"><ele>656.1</ele></trkpt>
    <trkpt lat="-37.006320" lon="142.467546"><ele>656.2</ele></trkpt>
    <trkpt lat="-37.006562" lon="142.467622"><ele>656.8</ele></trkpt>
    <trkpt lat="-37.006831" lon="142.467842"><ele>657.7</ele></trkpt>
    <trkpt lat="-37.006989" lon="142.467991"><ele>658.1</ele></trkpt>
    <trkpt lat="-37.007029" lon="142.468032"><ele>658.2</ele></trkpt>
    <trkpt lat="-37.007058" lon="142.468077"><ele>658.2</ele></trkpt>
    <trkpt lat="-37.007060" lon="142.468311"><ele>658.2</ele></trkpt>
    <trkpt lat="-37.007028" lon="142.468432"><ele>658.2</ele></trkpt>
    <trkpt lat="-37.006978" lon="142.468488"><ele>658.2</ele></trkpt>
    <trkpt lat="-37.006985" lon="142.468545"><ele>658.1</ele></trkpt>
    <trkpt lat="-37.007035" lon="142.468624"><ele>658.1</ele></trkpt>
    <trkpt lat="-37.007031" lon="142.468683"><ele>658.0</ele></trkpt>
    <trkpt lat="-37.006982" lon="142.468755"><ele>658.0</ele></trkpt>
    <trkpt lat="-37.007016" lon="142.468862"><ele>657.8</ele></trkpt>
    <trkpt lat="-37.007016" lon="142.468928"><ele>657.6</ele></trkpt>
    <trkpt lat="-37.006974" lon="142.468957"><ele>657.5</ele></trkpt>
    <trkpt lat="-37.006907" lon="142.468981"><ele>657.3</ele></trkpt>
    <trkpt lat="-37.006849" lon="142.468973"><ele>657.1</ele></trkpt>
    <trkpt lat="-37.006793" lon="142.469006"><ele>656.7</ele></trkpt>
    <trkpt lat="-37.006742" lon="142.469102"><ele>656.2</ele></trkpt>
    <trkpt lat="-37.006720" lon="142.469209"><ele>655.7</ele></trkpt>
    <trkpt lat="-37.006739" lon="142.469342"><ele>655.1</ele></trkpt>
    <trkpt lat="-37.006761" lon="142.469438"><ele>654.7</ele></trkpt>
    <trkpt lat="-37.006742" lon="142.469574"><ele>654.1</ele></trkpt>
    <trkpt lat="-37.006673" lon="142.469654"><ele>653.7</ele></trkpt>
    <trkpt lat="-37.006656" lon="142.469749"><ele>653.4</ele></trkpt>
    <trkpt lat="-37.006664" lon="142.469827"><ele>653.1</ele></trkpt>
    <trkpt lat="-37.006701" lon="142.469900"><ele>653.0</ele></trkpt>
    <trkpt lat="-37.006770" lon="142.469977"><ele>652.8</ele></trkpt>
    <trkpt lat="-37.006829" lon="142.470020"><ele>652.7</ele></trkpt>
    <trkpt lat="-37.006878" lon="142.470104"><ele>652.7</ele></trkpt>
    <trkpt lat="-37.006940" lon="142.470166"><ele>652.9</ele></trkpt>
    <trkpt lat="-37.007016" lon="142.470231"><ele>653.1</ele></trkpt>
    <trkpt lat="-37.007078" lon="142.470321"><ele>653.5</ele></trkpt>
    <trkpt lat="-37.007121" lon="142.470439"><ele>654.3</ele></trkpt>
    <trkpt lat="-37.007152" lon="142.470508"><ele>654.7</ele></trkpt>
    <trkpt lat="-37.007155" lon="142.470757"><ele>656.5</ele></trkpt>
    <trkpt lat="-37.007169" lon="142.470877"><ele>657.4</ele></trkpt>
    <trkpt lat="-37.007216" lon="142.471004"><ele>658.4</ele></trkpt>
    <trkpt lat="-37.007195" lon="142.471194"><ele>659.7</ele></trkpt>
    <trkpt lat="-37.007212" lon="142.471373"><ele>660.8</ele></trkpt>
    <trkpt lat="-37.007376" lon="142.471574"><ele>662.5</ele></trkpt>
    <trkpt lat="-37.007483" lon="142.471681"><ele>663.4</ele></trkpt>
    <trkpt lat="-37.007596" lon="142.471824"><ele>664.2</ele></trkpt>
    <trkpt lat="-37.007662" lon="142.471928"><ele>664.4</ele></trkpt>
    <trkpt lat="-37.007675" lon="142.472067"><ele>664.5</ele></trkpt>
    <trkpt lat="-37.007663" lon="142.472182"><ele>664.3</ele></trkpt>
    <trkpt lat="-37.007667" lon="142.472297"><ele>664.1</ele></trkpt>
    <trkpt lat="-37.007662" lon="142.472522"><ele>663.5</ele></trkpt>
    <trkpt lat="-37.007601" lon="142.472690"><ele>662.8</ele></trkpt>
    <trkpt lat="-37.007591" lon="142.472791"><ele>662.5</ele></trkpt>
    <trkpt lat="-37.007581" lon="142.472863"><ele>662.2</ele></trkpt>
    <trkpt lat="-37.007510" lon="142.472965"><ele>661.8</ele></trkpt>
    <trkpt lat="-37.007528" lon="142.473051"><ele>661.5</ele></trkpt>
    <trkpt lat="-37.007514" lon="142.473173"><ele>661.2</ele></trkpt>
    <trkpt lat="-37.007592" lon="142.473317"><ele>660.8</ele></trkpt>
    <trkpt lat="-37.007707" lon="142.473403"><ele>661.0</ele></trkpt>
    <trkpt lat="-37.007908" lon="142.473808"><ele>663.0</ele></trkpt>
    <trkpt lat="-37.008189" lon="142.474184"><ele>666.2</ele></trkpt>
    <trkpt lat="-37.008345" lon="142.474345"><ele>667.3</ele></trkpt>
    <trkpt lat="-37.008537" lon="142.474377"><ele>668.0</ele></trkpt>
    <trkpt lat="-37.008624" lon="142.474442"><ele>667.9</ele></trkpt>
    <trkpt lat="-37.008821" lon="142.474468"><ele>667.5</ele></trkpt>
    <trkpt lat="-37.008916" lon="142.474516"><ele>667.6</ele></trkpt>
    <trkpt lat="-37.009078" lon="142.474416"><ele>667.7</ele></trkpt>
    <trkpt lat="-37.009300" lon="142.474257"><ele>668.8</ele></trkpt>
    <trkpt lat="-37.009353" lon="142.474257"><ele>669.0</ele></trkpt>
    <trkpt lat="-37.009401" lon="142.474294"><ele>669.2</ele></trkpt>
    <trkpt lat="-37.009435" lon="142.474327"><ele>669.4</ele></trkpt>
    <trkpt lat="-37.009433" lon="142.474440"><ele>669.8</ele></trkpt>
    <trkpt lat="-37.009473" lon="142.474514"><ele>670.1</ele></trkpt>
    <trkpt lat="-37.009574" lon="142.474580"><ele>670.5</ele></trkpt>
    <trkpt lat="-37.009667" lon="142.474605"><ele>670.9</ele></trkpt>
    <trkpt lat="-37.009746" lon="142.474626"><ele>671.4</ele></trkpt>
    <trkpt lat="-37.009903" lon="142.474698"><ele>672.5</ele></trkpt>
    <trkpt lat="-37.010030" lon="142.474859"><ele>673.2</ele></trkpt>
    <trkpt lat="-37.010221" lon="142.474899"><ele>673.7</ele></trkpt>
    <trkpt lat="-37.010568" lon="142.475081"><ele>674.7</ele></trkpt>
    <trkpt lat="-37.010668" lon="142.475196"><ele>675.3</ele></trkpt>
    <trkpt lat="-37.010871" lon="142.475321"><ele>676.4</ele></trkpt>
    <trkpt lat="-37.010948" lon="142.475387"><ele>676.8</ele></trkpt>
    <trkpt lat="-37.011063" lon="142.475395"><ele>677.3</ele></trkpt>
    <trkpt lat="-37.011259" lon="142.475396"><ele>678.1</ele></trkpt>
    <trkpt lat="-37.011522" lon="142.475487"><ele>679.2</ele></trkpt>
    <trkpt lat="-37.011605" lon="142.475558"><ele>679.6</ele></trkpt>
    <trkpt lat="-37.011691" lon="142.475570"><ele>680.0</ele></trkpt>
    <trkpt lat="-37.011752" lon="142.475663"><ele>680.5</ele></trkpt>
    <trkpt lat="-37.011880" lon="142.475798"><ele>681.4</ele></trkpt>
    <trkpt lat="-37.012116" lon="142.475892"><ele>682.7</ele></trkpt>
    <trkpt lat="-37.012469" lon="142.476154"><ele>685.5</ele></trkpt>
    <trkpt lat="-37.012832" lon="142.476381"><ele>689.3</ele></trkpt>
    <trkpt lat="-37.013044" lon="142.476489"><ele>691.9</ele></trkpt>
    <trkpt lat="-37.013290" lon="142.476562"><ele>695.1</ele></trkpt>
    <trkpt lat="-37.013343" lon="142.476574"><ele>695.7</ele></trkpt>
    <trkpt lat="-37.013416" lon="142.476616"><ele>696.7</ele></trkpt>
    <trkpt lat="-37.013532" lon="142.476713"><ele>698.4</ele></trkpt>
    <trkpt lat="-37.013661" lon="142.476726"><ele>699.9</ele></trkpt>
    <trkpt lat="-37.013764" lon="142.476717"><ele>701.2</ele></trkpt>
    <trkpt lat="-37.013904" lon="142.476724"><ele>702.7</ele></trkpt>
    <trkpt lat="-37.014046" lon="142.476763"><ele>704.2</ele></trkpt>
    <trkpt lat="-37.014232" lon="142.476913"><ele>705.8</ele></trkpt>
    <trkpt lat="-37.014326" lon="142.476952"><ele>706.5</ele></trkpt>
    <trkpt lat="-37.014421" lon="142.477020"><ele>707.0</ele></trkpt>
    <trkpt lat="-37.014474" lon="142.477071"><ele>707.4</ele></trkpt>
    <trkpt lat="-37.014556" lon="142.477099"><ele>707.8</ele></trkpt>
    <trkpt lat="-37.014659" lon="142.477137"><ele>708.2</ele></trkpt>
    <trkpt lat="-37.014755" lon="142.477175"><ele>708.5</ele></trkpt>
    <trkpt lat="-37.014896" lon="142.477100"><ele>709.1</ele></trkpt>
    <trkpt lat="-37.014927" lon="142.477109"><ele>709.2</ele></trkpt>
    <trkpt lat="-37.014955" lon="142.477127"><ele>709.3</ele></trkpt>
    <trkpt lat="-37.014999" lon="142.477164"><ele>709.5</ele></trkpt>
    <trkpt lat="-37.015042" lon="142.477178"><ele>709.7</ele></trkpt>
    <trkpt lat="-37.015180" lon="142.477198"><ele>710.0</ele></trkpt>
    <trkpt lat="-37.015286" lon="142.477216"><ele>710.2</ele></trkpt>
    <trkpt lat="-37.015376" lon="142.477278"><ele>710.5</ele></trkpt>
    <trkpt lat="-37.015427" lon="142.477378"><ele>710.7</ele></trkpt>
    <trkpt lat="-37.015578" lon="142.477529"><ele>711.3</ele></trkpt>
    <trkpt lat="-37.015636" lon="142.477574"><ele>711.6</ele></trkpt>
    <trkpt lat="-37.015756" lon="142.477653"><ele>712.1</ele></trkpt>
    <trkpt lat="-37.015844" lon="142.477720"><ele>712.4</ele></trkpt>
    <trkpt lat="-37.015896" lon="142.477766"><ele>712.6</ele></trkpt>
    <trkpt lat="-37.015960" lon="142.477834"><ele>712.9</ele></trkpt>
    <trkpt lat="-37.016069" lon="142.477908"><ele>712.7</ele></trkpt>
    <trkpt lat="-37.016147" lon="142.477936"><ele>712.6</ele></trkpt>
    <trkpt lat="-37.016218" lon="142.477957"><ele>712.3</ele></trkpt>
    <trkpt lat="-37.016268" lon="142.477964"><ele>712.0</ele></trkpt>
    <trkpt lat="-37.016302" lon="142.477989"><ele>711.7</ele></trkpt>
    <trkpt lat="-37.016325" lon="142.478021"><ele>711.4</ele></trkpt>
    <trkpt lat="-37.016346" lon="142.478081"><ele>711.0</ele></trkpt>
    <trkpt lat="-37.016405" lon="142.478214"><ele>710.0</ele></trkpt>
    <trkpt lat="-37.016447" lon="142.478264"><ele>709.4</ele></trkpt>
    <trkpt lat="-37.016453" lon="142.478295"><ele>709.2</ele></trkpt>
    <trkpt lat="-37.016521" lon="142.478485"><ele>707.5</ele></trkpt>
    <trkpt lat="-37.016557" lon="142.478632"><ele>706.2</ele></trkpt>
    <trkpt lat="-37.016567" lon="142.478738"><ele>705.3</ele></trkpt>
    <trkpt lat="-37.016571" lon="142.478831"><ele>704.5</ele></trkpt>
    <trkpt lat="-37.016632" lon="142.478872"><ele>703.6</ele></trkpt>
    <trkpt lat="-37.016704" lon="142.478921"><ele>702.6</ele></trkpt>
    <trkpt lat="-37.016795" lon="142.479064"><ele>700.8</ele></trkpt>
    <trkpt lat="-37.016863" lon="142.479155"><ele>699.7</ele></trkpt>
    <trkpt lat="-37.016953" lon="142.479207"><ele>698.5</ele></trkpt>
    <trkpt lat="-37.017061" lon="142.479299"><ele>697.5</ele></trkpt>
    <trkpt lat="-37.017088" lon="142.479355"><ele>697.0</ele></trkpt>
    <trkpt lat="-37.017133" lon="142.479384"><ele>696.6</ele></trkpt>
    <trkpt lat="-37.017162" lon="142.479426"><ele>696.3</ele></trkpt>
    <trkpt lat="-37.017195" lon="142.479481"><ele>695.7</ele></trkpt>
    <trkpt lat="-37.017246" lon="142.479497"><ele>695.3</ele></trkpt>
    <trkpt lat="-37.017352" lon="142.479572"><ele>694.1</ele></trkpt>
    <trkpt lat="-37.017459" lon="142.479674"><ele>692.7</ele></trkpt>
    <trkpt lat="-37.017551" lon="142.479708"><ele>691.6</ele></trkpt>
    <trkpt lat="-37.017626" lon="142.479703"><ele>690.7</ele></trkpt>
    <trkpt lat="-37.017761" lon="142.479773"><ele>689.2</ele></trkpt>
    <trkpt lat="-37.017877" lon="142.479806"><ele>687.9</ele></trkpt>
    <trkpt lat="-37.018015" lon="142.479875"><ele>686.1</ele></trkpt>
    <trkpt lat="-37.018145" lon="142.479867"><ele>684.6</ele></trkpt>
    <trkpt lat="-37.018214" lon="142.479859"><ele>683.8</ele></trkpt>
    <trkpt lat="-37.018278" lon="142.479872"><ele>683.2</ele></trkpt>
    <trkpt lat="-37.018297" lon="142.479898"><ele>682.9</ele></trkpt>
    <trkpt lat="-37.018312" lon="142.479930"><ele>682.5</ele></trkpt>
    <trkpt lat="-37.018310" lon="142.479943"><ele>682.4</ele></trkpt>
    <trkpt lat="-37.018293" lon="142.479956"><ele>682.2</ele></trkpt>
    <trkpt lat="-37.018280" lon="142.479978"><ele>682.0</ele></trkpt>
    <trkpt lat="-37.018298" lon="142.479991"><ele>681.8</ele></trkpt>
    <trkpt lat="-37.018332" lon="142.480000"><ele>681.6</ele></trkpt>
    <trkpt lat="-37.018365" lon="142.480045"><ele>681.3</ele></trkpt>
    <trkpt lat="-37.018404" lon="142.480097"><ele>681.0</ele></trkpt>
    <trkpt lat="-37.018473" lon="142.480091"><ele>680.7</ele></trkpt>
    <trkpt lat="-37.018492" lon="142.480140"><ele>680.4</ele></trkpt>
    <trkpt lat="-37.018544" lon="142.480215"><ele>680.4</ele></trkpt>
    <trkpt lat="-37.018601" lon="142.480302"><ele>680.4</ele></trkpt>
    <trkpt lat="-37.018618" lon="142.480382"><ele>680.5</ele></trkpt>
    <trkpt lat="-37.018650" lon="142.480428"><ele>680.5</ele></trkpt>
    <trkpt lat="-37.018662" lon="142.480478"><ele>680.8</ele></trkpt>
    <trkpt lat="-37.018665" lon="142.480646"><ele>681.7</ele></trkpt>
    <trkpt lat="-37.018676" lon="142.480707"><ele>682.1</ele></trkpt>
    <trkpt lat="-37.018715" lon="142.480740"><ele>682.4</ele></trkpt>
    <trkpt lat="-37.018740" lon="142.480818"><ele>683.5</ele></trkpt>
    <trkpt lat="-37.018745" lon="142.480837"><ele>683.8</ele></trkpt>
    <trkpt lat="-37.018772" lon="142.480889"><ele>684.7</ele></trkpt>
    <trkpt lat="-37.018850" lon="142.480980"><ele>686.6</ele></trkpt>
    <trkpt lat="-37.018979" lon="142.481088"><ele>690.4</ele></trkpt>
    <trkpt lat="-37.018994" lon="142.481115"><ele>691.1</ele></trkpt>
    <trkpt lat="-37.018986" lon="142.481166"><ele>692.2</ele></trkpt>
    <trkpt lat="-37.018989" lon="142.481262"><ele>694.2</ele></trkpt>
    <trkpt lat="-37.018990" lon="142.481342"><ele>696.0</ele></trkpt>
    <trkpt lat="-37.018999" lon="142.481439"><ele>698.3</ele></trkpt>
    <trkpt lat="-37.018986" lon="142.481565"><ele>701.3</ele></trkpt>
    <trkpt lat="-37.018943" lon="142.481753"><ele>705.7</ele></trkpt>
    <trkpt lat="-37.018939" lon="142.481782"><ele>706.3</ele></trkpt>
    <trkpt lat="-37.018922" lon="142.481812"><ele>707.2</ele></trkpt>
    <trkpt lat="-37.018911" lon="142.481855"><ele>708.1</ele></trkpt>
    <trkpt lat="-37.018933" lon="142.481902"><ele>709.4</ele></trkpt>
    <trkpt lat="-37.018958" lon="142.481938"><ele>710.3</ele></trkpt>
    <trkpt lat="-37.018967" lon="142.481997"><ele>711.4</ele></trkpt>
    <trkpt lat="-37.018989" lon="142.482031"><ele>712.2</ele></trkpt>
    <trkpt lat="-37.018991" lon="142.482040"><ele>712.3</ele></trkpt>
    <trkpt lat="-37.018975" lon="142.482054"><ele>712.8</ele></trkpt>
    <trkpt lat="-37.018960" lon="142.482068"><ele>713.2</ele></trkpt>
    <trkpt lat="-37.018963" lon="142.482189"><ele>715.4</ele></trkpt>
    <trkpt lat="-37.019051" lon="142.482320"><ele>717.5</ele></trkpt>
    <trkpt lat="-37.019185" lon="142.482517"><ele>720.3</ele></trkpt>
    <trkpt lat="-37.019269" lon="142.482631"><ele>721.6</ele></trkpt>
    <trkpt lat="-37.019293" lon="142.482659"><ele>722.0</ele></trkpt>
    <trkpt lat="-37.019342" lon="142.482662"><ele>722.5</ele></trkpt>
    <trkpt lat="-37.019385" lon="142.482675"><ele>722.8</ele></trkpt>
    <trkpt lat="-37.019412" lon="142.482735"><ele>723.2</ele></trkpt>
    <trkpt lat="-37.019535" lon="142.482854"><ele>724.3</ele></trkpt>
    <trkpt lat="-37.019550" lon="142.483015"><ele>724.8</ele></trkpt>
    <trkpt lat="-37.019605" lon="142.483142"><ele>725.1</ele></trkpt>
    <trkpt lat="-37.019624" lon="142.483229"><ele>725.3</ele></trkpt>
    <trkpt lat="-37.019673" lon="142.483345"><ele>725.3</ele></trkpt>
    <trkpt lat="-37.019650" lon="142.483336"><ele>725.4</ele></trkpt>
    <trkpt lat="-37.019618" lon="142.483283"><ele>725.4</ele></trkpt>
    <trkpt lat="-37.019588" lon="142.483293"><ele>725.4</ele></trkpt>
    <trkpt lat="-37.019552" lon="142.483410"><ele>725.3</ele></trkpt>
    <trkpt lat="-37.019548" lon="142.483496"><ele>725.2</ele></trkpt>
    <trkpt lat="-37.019610" lon="142.483561"><ele>725.0</ele></trkpt>
    <trkpt lat="-37.019661" lon="142.483581"><ele>724.9</ele></trkpt>
    <trkpt lat="-37.019672" lon="142.483632"><ele>724.6</ele></trkpt>
    <trkpt lat="-37.019818" lon="142.483661"><ele>723.5</ele></trkpt>
    <trkpt lat="-37.019927" lon="142.483724"><ele>722.3</ele></trkpt>
    <trkpt lat="-37.020046" lon="142.483741"><ele>720.6</ele></trkpt>
    <trkpt lat="-37.020131" lon="142.483756"><ele>719.4</ele></trkpt>
    <trkpt lat="-37.020305" lon="142.483825"><ele>717.0</ele></trkpt>
    <trkpt lat="-37.020395" lon="142.483875"><ele>715.7</ele></trkpt>
    <trkpt lat="-37.020509" lon="142.483876"><ele>714.4</ele></trkpt>
    <trkpt lat="-37.020639" lon="142.483808"><ele>713.0</ele></trkpt>
    <trkpt lat="-37.020691" lon="142.483804"><ele>712.5</ele></trkpt>
    <trkpt lat="-37.020740" lon="142.483811"><ele>712.1</ele></trkpt>
    <trkpt lat="-37.020819" lon="142.483836"><ele>711.5</ele></trkpt>
    <trkpt lat="-37.020882" lon="142.483860"><ele>711.0</ele></trkpt>
    <trkpt lat="-37.020905" lon="142.483900"><ele>710.7</ele></trkpt>
    <trkpt lat="-37.020956" lon="142.483912"><ele>710.3</ele></trkpt>
    <trkpt lat="-37.021314" lon="142.484232"><ele>708.5</ele></trkpt>
    <trkpt lat="-37.021745" lon="142.484412"><ele>707.2</ele></trkpt>
    <trkpt lat="-37.021891" lon="142.484542"><ele>706.8</ele></trkpt>
    <trkpt lat="-37.022078" lon="142.484570"><ele>706.3</ele></trkpt>
    <trkpt lat="-37.022167" lon="142.484659"><ele>705.8</ele></trkpt>
    <trkpt lat="-37.022651" lon="142.485007"><ele>703.2</ele></trkpt>
    <trkpt lat="-37.022692" lon="142.485085"><ele>703.1</ele></trkpt>
    <trkpt lat="-37.022763" lon="142.485093"><ele>703.0</ele></trkpt>
    <trkpt lat="-37.023099" lon="142.485132"><ele>703.1</ele></trkpt>
    <trkpt lat="-37.023331" lon="142.485344"><ele>703.6</ele></trkpt>
    <trkpt lat="-37.023558" lon="142.485352"><ele>704.7</ele></trkpt>
    <trkpt lat="-37.023750" lon="142.485448"><ele>706.1</ele></trkpt>
    <trkpt lat="-37.023924" lon="142.485481"><ele>707.1</ele></trkpt>
    <trkpt lat="-37.023965" lon="142.485563"><ele>707.5</ele></trkpt>
    <trkpt lat="-37.024079" lon="142.485599"><ele>707.9</ele></trkpt>
    <trkpt lat="-37.024126" lon="142.485704"><ele>708.2</ele></trkpt>
    <trkpt lat="-37.024328" lon="142.485766"><ele>708.6</ele></trkpt>
    <trkpt lat="-37.024435" lon="142.485837"><ele>708.6</ele></trkpt>
    <trkpt lat="-37.024528" lon="142.485926"><ele>708.6</ele></trkpt>
    <trkpt lat="-37.024623" lon="142.486011"><ele>708.6</ele></trkpt>
    <trkpt lat="-37.024737" lon="142.486054"><ele>708.5</ele></trkpt>
    <trkpt lat="-37.024804" lon="142.486031"><ele>708.3</ele></trkpt>
    <trkpt lat="-37.024860" lon="142.486049"><ele>708.1</ele></trkpt>
    <trkpt lat="-37.024929" lon="142.486044"><ele>707.9</ele></trkpt>
    <trkpt lat="-37.024957" lon="142.485989"><ele>707.7</ele></trkpt>
    <trkpt lat="-37.025059" lon="142.485999"><ele>707.1</ele></trkpt>
    <trkpt lat="-37.025107" lon="142.486090"><ele>706.6</ele></trkpt>
    <trkpt lat="-37.025409" lon="142.486306"><ele>703.6</ele></trkpt>
    <trkpt lat="-37.025692" lon="142.486290"><ele>700.9</ele></trkpt>
    <trkpt lat="-37.025816" lon="142.486335"><ele>699.4</ele></trkpt>
    <trkpt lat="-37.025954" lon="142.486328"><ele>697.8</ele></trkpt>
    <trkpt lat="-37.026076" lon="142.486306"><ele>696.2</ele></trkpt>
    <trkpt lat="-37.026263" lon="142.486353"><ele>693.7</ele></trkpt>
    <trkpt lat="-37.026722" lon="142.486312"><ele>687.5</ele></trkpt>
    <trkpt lat="-37.027050" lon="142.486265"><ele>682.7</ele></trkpt>
    <trkpt lat="-37.027188" lon="142.486204"><ele>680.4</ele></trkpt>
    <trkpt lat="-37.027370" lon="142.486251"><ele>677.4</ele></trkpt>
    <trkpt lat="-37.027467" lon="142.486272"><ele>675.8</ele></trkpt>
    <trkpt lat="-37.027606" lon="142.486180"><ele>673.2</ele></trkpt>
    <trkpt lat="-37.027725" lon="142.486101"><ele>671.1</ele></trkpt>
    <trkpt lat="-37.027817" lon="142.486144"><ele>669.6</ele></trkpt>
    <trkpt lat="-37.027935" lon="142.486140"><ele>667.9</ele></trkpt>
    <trkpt lat="-37.028034" lon="142.486112"><ele>666.4</ele></trkpt>
    <trkpt lat="-37.028123" lon="142.486112"><ele>665.1</ele></trkpt>
    <trkpt lat="-37.028200" lon="142.486154"><ele>663.8</ele></trkpt>
    <trkpt lat="-37.028328" lon="142.486150"><ele>661.8</ele></trkpt>
    <trkpt lat="-37.028558" lon="142.485997"><ele>656.7</ele></trkpt>
    <trkpt lat="-37.028641" lon="142.485944"><ele>654.8</ele></trkpt>
    <trkpt lat="-37.028700" lon="142.485859"><ele>653.0</ele></trkpt>
    <trkpt lat="-37.028808" lon="142.485822"><ele>650.8</ele></trkpt>
    <trkpt lat="-37.028915" lon="142.485729"><ele>648.1</ele></trkpt>
    <trkpt lat="-37.028992" lon="142.485752"><ele>646.5</ele></trkpt>
    <trkpt lat="-37.029154" lon="142.485651"><ele>642.9</ele></trkpt>
    <trkpt lat="-37.029227" lon="142.485628"><ele>641.4</ele></trkpt>
    <trkpt lat="-37.029337" lon="142.485525"><ele>638.6</ele></trkpt>
    <trkpt lat="-37.029608" lon="142.485500"><ele>633.4</ele></trkpt>
    <trkpt lat="-37.029702" lon="142.485468"><ele>631.9</ele></trkpt>
    <trkpt lat="-37.029766" lon="142.485399"><ele>630.6</ele></trkpt>
    <trkpt lat="-37.029844" lon="142.485407"><ele>629.5</ele></trkpt>
    <trkpt lat="-37.029921" lon="142.485478"><ele>628.1</ele></trkpt>
    <trkpt lat="-37.030056" lon="142.485515"><ele>626.1</ele></trkpt>
    <trkpt lat="-37.030252" lon="142.485498"><ele>623.0</ele></trkpt>
    <trkpt lat="-37.030425" lon="142.485504"><ele>620.6</ele></trkpt>
    <trkpt lat="-37.030540" lon="142.485562"><ele>618.8</ele></trkpt>
    <trkpt lat="-37.030657" lon="142.485587"><ele>617.8</ele></trkpt>
    <trkpt lat="-37.030748" lon="142.485646"><ele>617.0</ele></trkpt>
    <trkpt lat="-37.030843" lon="142.485666"><ele>616.4</ele></trkpt>
    <trkpt lat="-37.030889" lon="142.485658"><ele>616.2</ele></trkpt>
    <trkpt lat="-37.030919" lon="142.485616"><ele>616.0</ele></trkpt>
    <trkpt lat="-37.030986" lon="142.485651"><ele>615.7</ele></trkpt>
    <trkpt lat="-37.031059" lon="142.485700"><ele>615.4</ele></trkpt>
    <trkpt lat="-37.031138" lon="142.485709"><ele>615.4</ele></trkpt>
    <trkpt lat="-37.031227" lon="142.485755"><ele>615.3</ele></trkpt>
    <trkpt lat="-37.031340" lon="142.485726"><ele>615.4</ele></trkpt>
    <trkpt lat="-37.031436" lon="142.485726"><ele>615.7</ele></trkpt>
    <trkpt lat="-37.031640" lon="142.485807"><ele>616.2</ele></trkpt>
    <trkpt lat="-37.031749" lon="142.485818"><ele>616.5</ele></trkpt>
    <trkpt lat="-37.031811" lon="142.485870"><ele>616.7</ele></trkpt>
    <trkpt lat="-37.031853" lon="142.485912"><ele>616.6</ele></trkpt>
    <trkpt lat="-37.031936" lon="142.485928"><ele>616.4</ele></trkpt>
    <trkpt lat="-37.032066" lon="142.486016"><ele>616.1</ele></trkpt>
    <trkpt lat="-37.032224" lon="142.486110"><ele>615.5</ele></trkpt>
    <trkpt lat="-37.032303" lon="142.486121"><ele>615.3</ele></trkpt>
    <trkpt lat="-37.032399" lon="142.486184"><ele>614.6</ele></trkpt>
    <trkpt lat="-37.032470" lon="142.486194"><ele>614.2</ele></trkpt>
    <trkpt lat="-37.032559" lon="142.486245"><ele>613.6</ele></trkpt>
    <trkpt lat="-37.032752" lon="142.486289"><ele>612.0</ele></trkpt>
    <trkpt lat="-37.032851" lon="142.486239"><ele>611.0</ele></trkpt>
    <trkpt lat="-37.032933" lon="142.486275"><ele>610.2</ele></trkpt>
    <trkpt lat="-37.033103" lon="142.486316"><ele>608.6</ele></trkpt>
    <trkpt lat="-37.033186" lon="142.486366"><ele>608.0</ele></trkpt>
    <trkpt lat="-37.033346" lon="142.486304"><ele>606.9</ele></trkpt>
    <trkpt lat="-37.033417" lon="142.486300"><ele>606.2</ele></trkpt>
    <trkpt lat="-37.033470" lon="142.486334"><ele>605.7</ele></trkpt>
    <trkpt lat="-37.033690" lon="142.486360"><ele>603.7</ele></trkpt>
    <trkpt lat="-37.033763" lon="142.486334"><ele>603.1</ele></trkpt>
    <trkpt lat="-37.033921" lon="142.486416"><ele>602.0</ele></trkpt>
    <trkpt lat="-37.034053" lon="142.486440"><ele>601.3</ele></trkpt>
    <trkpt lat="-37.034145" lon="142.486492"><ele>600.9</ele></trkpt>
    <trkpt lat="-37.034276" lon="142.486496"><ele>600.6</ele></trkpt>
    <trkpt lat="-37.034419" lon="142.486544"><ele>600.3</ele></trkpt>
    <trkpt lat="-37.034587" lon="142.486592"><ele>600.1</ele></trkpt>
    <trkpt lat="-37.034627" lon="142.486654"><ele>600.1</ele></trkpt>
    <trkpt lat="-37.034729" lon="142.486688"><ele>600.2</ele></trkpt>
    <trkpt lat="-37.034792" lon="142.486685"><ele>600.2</ele></trkpt>
    <trkpt lat="-37.034800" lon="142.486638"><ele>600.2</ele></trkpt>
    <trkpt lat="-37.034814" lon="142.486632"><ele>600.3</ele></trkpt>
    <trkpt lat="-37.034833" lon="142.486650"><ele>600.3</ele></trkpt>
    <trkpt lat="-37.034858" lon="142.486653"><ele>600.3</ele></trkpt>
    <trkpt lat="-37.034876" lon="142.486647"><ele>600.4</ele></trkpt>
    <trkpt lat="-37.034891" lon="142.486622"><ele>600.4</ele></trkpt>
    <trkpt lat="-37.034912" lon="142.486614"><ele>600.5</ele></trkpt>
    <trkpt lat="-37.034943" lon="142.486634"><ele>600.6</ele></trkpt>
    <trkpt lat="-37.034991" lon="142.486659"><ele>600.7</ele></trkpt>
    <trkpt lat="-37.035202" lon="142.486671"><ele>601.1</ele></trkpt>
    <trkpt lat="-37.035273" lon="142.486742"><ele>601.2</ele></trkpt>
    <trkpt lat="-37.035310" lon="142.486753"><ele>601.2</ele></trkpt>
    <trkpt lat="-37.035372" lon="142.486811"><ele>601.2</ele></trkpt>
    <trkpt lat="-37.035426" lon="142.486833"><ele>601.3</ele></trkpt>
    <trkpt lat="-37.035455" lon="142.486891"><ele>601.3</ele></trkpt>
    <trkpt lat="-37.035473" lon="142.486935"><ele>601.3</ele></trkpt>
    <trkpt lat="-37.035533" lon="142.487022"><ele>601.3</ele></trkpt>
    <trkpt lat="-37.035615" lon="142.487103"><ele>601.4</ele></trkpt>
    <trkpt lat="-37.035653" lon="142.487142"><ele>601.5</ele></trkpt>
    <trkpt lat="-37.035716" lon="142.487164"><ele>601.5</ele></trkpt>
    <trkpt lat="-37.035739" lon="142.487271"><ele>601.7</ele></trkpt>
    <trkpt lat="-37.035736" lon="142.487333"><ele>601.8</ele></trkpt>
    <trkpt lat="-37.035714" lon="142.487405"><ele>602.0</ele></trkpt>
    <trkpt lat="-37.035714" lon="142.487456"><ele>602.1</ele></trkpt>
    <trkpt lat="-37.035732" lon="142.487480"><ele>602.1</ele></trkpt>
    <trkpt lat="-37.035801" lon="142.487570"><ele>602.2</ele></trkpt>
    <trkpt lat="-37.035889" lon="142.487599"><ele>602.2</ele></trkpt>
    <trkpt lat="-37.035935" lon="142.487640"><ele>602.3</ele></trkpt>
    <trkpt lat="-37.036030" lon="142.487685"><ele>602.3</ele></trkpt>
    <trkpt lat="-37.036087" lon="142.487718"><ele>602.3</ele></trkpt>
    <trkpt lat="-37.036215" lon="142.487841"><ele>602.3</ele></trkpt>
    <trkpt lat="-37.036388" lon="142.487953"><ele>602.0</ele></trkpt>
    <trkpt lat="-37.036664" lon="142.488083"><ele>601.2</ele></trkpt>
    <trkpt lat="-37.036962" lon="142.488265"><ele>599.4</ele></trkpt>
    <trkpt lat="-37.037049" lon="142.488358"><ele>598.7</ele></trkpt>
    <trkpt lat="-37.037156" lon="142.488398"><ele>598.1</ele></trkpt>
    <trkpt lat="-37.037275" lon="142.488428"><ele>597.2</ele></trkpt>
    <trkpt lat="-37.037355" lon="142.488393"><ele>596.5</ele></trkpt>
    <trkpt lat="-37.037591" lon="142.488425"><ele>595.0</ele></trkpt>
    <trkpt lat="-37.037840" lon="142.488526"><ele>593.8</ele></trkpt>
    <trkpt lat="-37.038045" lon="142.488669"><ele>592.9</ele></trkpt>
    <trkpt lat="-37.038104" lon="142.488701"><ele>592.7</ele></trkpt>
    <trkpt lat="-37.038130" lon="142.488752"><ele>592.5</ele></trkpt>
    <trkpt lat="-37.038130" lon="142.488821"><ele>592.2</ele></trkpt>
    <trkpt lat="-37.038113" lon="142.488856"><ele>592.1</ele></trkpt>
    <trkpt lat="-37.038151" lon="142.488979"><ele>591.7</ele></trkpt>
    <trkpt lat="-37.038229" lon="142.489057"><ele>591.3</ele></trkpt>
    <trkpt lat="-37.038305" lon="142.489227"><ele>590.9</ele></trkpt>
    <trkpt lat="-37.038394" lon="142.489333"><ele>590.7</ele></trkpt>
    <trkpt lat="-37.038444" lon="142.489351"><ele>590.5</ele></trkpt>
    <trkpt lat="-37.038570" lon="142.489514"><ele>589.7</ele></trkpt>
    <trkpt lat="-37.038680" lon="142.489706"><ele>588.6</ele></trkpt>
    <trkpt lat="-37.038759" lon="142.489730"><ele>588.0</ele></trkpt>
    <trkpt lat="-37.038832" lon="142.489791"><ele>587.4</ele></trkpt>
    <trkpt lat="-37.038860" lon="142.489909"><ele>586.8</ele></trkpt>
    <trkpt lat="-37.038872" lon="142.489963"><ele>586.6</ele></trkpt>
    <trkpt lat="-37.038882" lon="142.490012"><ele>586.3</ele></trkpt>
    <trkpt lat="-37.038912" lon="142.490041"><ele>586.1</ele></trkpt>
    <trkpt lat="-37.039053" lon="142.490056"><ele>585.4</ele></trkpt>
    <trkpt lat="-37.039188" lon="142.490134"><ele>584.7</ele></trkpt>
    <trkpt lat="-37.039343" lon="142.490197"><ele>584.4</ele></trkpt>
    <trkpt lat="-37.039450" lon="142.490244"><ele>584.3</ele></trkpt>
    <trkpt lat="-37.039746" lon="142.490269"><ele>584.7</ele></trkpt>
    <trkpt lat="-37.039827" lon="142.490302"><ele>585.1</ele></trkpt>
    <trkpt lat="-37.039873" lon="142.490306"><ele>585.3</ele></trkpt>
    <trkpt lat="-37.040168" lon="142.490420"><ele>587.4</ele></trkpt>
    <trkpt lat="-37.040309" lon="142.490468"><ele>588.7</ele></trkpt>
    <trkpt lat="-37.040407" lon="142.490541"><ele>589.7</ele></trkpt>
    <trkpt lat="-37.040541" lon="142.490711"><ele>591.4</ele></trkpt>
    <trkpt lat="-37.040658" lon="142.490874"><ele>593.0</ele></trkpt>
    <trkpt lat="-37.040706" lon="142.491007"><ele>594.0</ele></trkpt>
    <trkpt lat="-37.040775" lon="142.491125"><ele>595.1</ele></trkpt>
    <trkpt lat="-37.040893" lon="142.491249"><ele>596.1</ele></trkpt>
    <trkpt lat="-37.041079" lon="142.491366"><ele>597.3</ele></trkpt>
    <trkpt lat="-37.041244" lon="142.491477"><ele>598.2</ele></trkpt>
    <trkpt lat="-37.041312" lon="142.491504"><ele>598.4</ele></trkpt>
    <trkpt lat="-37.041460" lon="142.491670"><ele>599.1</ele></trkpt>
    <trkpt lat="-37.041550" lon="142.491703"><ele>599.1</ele></trkpt>
    <trkpt lat="-37.041744" lon="142.491842"><ele>598.7</ele></trkpt>
    <trkpt lat="-37.041861" lon="142.491859"><ele>598.2</ele></trkpt>
    <trkpt lat="-37.041975" lon="142.491880"><ele>597.7</ele></trkpt>
    <trkpt lat="-37.042121" lon="142.491946"><ele>597.0</ele></trkpt>
    <trkpt lat="-37.042269" lon="142.492010"><ele>596.2</ele></trkpt>
    <trkpt lat="-37.042838" lon="142.492236"><ele>592.6</ele></trkpt>
    <trkpt lat="-37.042906" lon="142.492279"><ele>592.2</ele></trkpt>
    <trkpt lat="-37.042958" lon="142.492296"><ele>591.9</ele></trkpt>
    <trkpt lat="-37.043051" lon="142.492381"><ele>591.6</ele></trkpt>
    <trkpt lat="-37.043119" lon="142.492511"><ele>591.4</ele></trkpt>
    <trkpt lat="-37.043364" lon="142.492634"><ele>591.1</ele></trkpt>
    <trkpt lat="-37.043385" lon="142.492630"><ele>591.1</ele></trkpt>
    <trkpt lat="-37.043589" lon="142.492737"><ele>591.3</ele></trkpt>
    <trkpt lat="-37.043729" lon="142.492762"><ele>591.6</ele></trkpt>
    <trkpt lat="-37.043833" lon="142.492849"><ele>592.2</ele></trkpt>
    <trkpt lat="-37.043910" lon="142.492903"><ele>592.6</ele></trkpt>
    <trkpt lat="-37.044069" lon="142.492978"><ele>593.6</ele></trkpt>
    <trkpt lat="-37.044381" lon="142.493226"><ele>596.5</ele></trkpt>
    <trkpt lat="-37.044470" lon="142.493307"><ele>597.7</ele></trkpt>
    <trkpt lat="-37.044572" lon="142.493384"><ele>599.0</ele></trkpt>
    <trkpt lat="-37.044649" lon="142.493392"><ele>599.9</ele></trkpt>
    <trkpt lat="-37.044701" lon="142.493411"><ele>600.6</ele></trkpt>
    <trkpt lat="-37.044755" lon="142.493461"><ele>601.3</ele></trkpt>
    <trkpt lat="-37.044820" lon="142.493532"><ele>602.3</ele></trkpt>
    <trkpt lat="-37.044910" lon="142.493558"><ele>603.4</ele></trkpt>
    <trkpt lat="-37.045077" lon="142.493566"><ele>605.3</ele></trkpt>
    <trkpt lat="-37.045304" lon="142.493706"><ele>608.2</ele></trkpt>
    <trkpt lat="-37.045456" lon="142.493723"><ele>609.8</ele></trkpt>
    <trkpt lat="-37.045812" lon="142.493858"><ele>612.7</ele></trkpt>
    <trkpt lat="-37.045897" lon="142.493890"><ele>613.2</ele></trkpt>
    <trkpt lat="-37.045942" lon="142.493963"><ele>613.2</ele></trkpt>
    <trkpt lat="-37.046000" lon="142.493991"><ele>613.3</ele></trkpt>
    <trkpt lat="-37.046032" lon="142.493991"><ele>613.4</ele></trkpt>
    <trkpt lat="-37.046133" lon="142.494024"><ele>613.5</ele></trkpt>
    <trkpt lat="-37.046258" lon="142.494008"><ele>612.8</ele></trkpt>
    <trkpt lat="-37.046455" lon="142.494001"><ele>611.6</ele></trkpt>
    <trkpt lat="-37.046614" lon="142.494016"><ele>610.1</ele></trkpt>
    <trkpt lat="-37.046681" lon="142.493946"><ele>609.2</ele></trkpt>
    <trkpt lat="-37.046849" lon="142.493828"><ele>606.4</ele></trkpt>
    <trkpt lat="-37.047030" lon="142.493806"><ele>603.7</ele></trkpt>
    <trkpt lat="-37.047119" lon="142.493830"><ele>602.3</ele></trkpt>
    <trkpt lat="-37.047194" lon="142.493832"><ele>601.0</ele></trkpt>
    <trkpt lat="-37.047264" lon="142.493856"><ele>599.8</ele></trkpt>
    <trkpt lat="-37.047387" lon="142.493845"><ele>597.7</ele></trkpt>
    <trkpt lat="-37.047487" lon="142.493785"><ele>596.0</ele></trkpt>
    <trkpt lat="-37.047626" lon="142.493811"><ele>594.0</ele></trkpt>
    <trkpt lat="-37.047728" lon="142.493855"><ele>592.4</ele></trkpt>
    <trkpt lat="-37.047856" lon="142.493782"><ele>590.5</ele></trkpt>
    <trkpt lat="-37.048056" lon="142.493721"><ele>587.9</ele></trkpt>
    <trkpt lat="-37.048220" lon="142.493699"><ele>585.9</ele></trkpt>
    <trkpt lat="-37.048357" lon="142.493705"><ele>584.4</ele></trkpt>
    <trkpt lat="-37.048445" lon="142.493707"><ele>583.5</ele></trkpt>
    <trkpt lat="-37.048564" lon="142.493700"><ele>582.7</ele></trkpt>
    <trkpt lat="-37.048758" lon="142.493755"><ele>581.7</ele></trkpt>
    <trkpt lat="-37.049051" lon="142.493802"><ele>580.8</ele></trkpt>
    <trkpt lat="-37.049098" lon="142.493832"><ele>580.8</ele></trkpt>
    <trkpt lat="-37.049110" lon="142.493887"><ele>580.8</ele></trkpt>
    <trkpt lat="-37.049156" lon="142.493924"><ele>580.7</ele></trkpt>
    <trkpt lat="-37.049233" lon="142.493981"><ele>580.8</ele></trkpt>
    <trkpt lat="-37.049318" lon="142.494010"><ele>581.1</ele></trkpt>
    <trkpt lat="-37.049509" lon="142.493986"><ele>581.9</ele></trkpt>
    <trkpt lat="-37.049552" lon="142.493994"><ele>582.2</ele></trkpt>
    <trkpt lat="-37.049634" lon="142.494038"><ele>582.7</ele></trkpt>
    <trkpt lat="-37.049674" lon="142.494060"><ele>583.0</ele></trkpt>
    <trkpt lat="-37.049734" lon="142.494078"><ele>583.4</ele></trkpt>
    <trkpt lat="-37.049770" lon="142.494055"><ele>583.7</ele></trkpt>
    <trkpt lat="-37.049836" lon="142.494085"><ele>584.2</ele></trkpt>
    <trkpt lat="-37.049845" lon="142.494109"><ele>584.4</ele></trkpt>
    <trkpt lat="-37.049856" lon="142.494141"><ele>584.6</ele></trkpt>
    <trkpt lat="-37.049877" lon="142.494152"><ele>584.7</ele></trkpt>
    <trkpt lat="-37.049913" lon="142.494170"><ele>585.0</ele></trkpt>
    <trkpt lat="-37.050021" lon="142.494143"><ele>586.1</ele></trkpt>
    <trkpt lat="-37.050117" lon="142.494170"><ele>587.2</ele></trkpt>
    <trkpt lat="-37.050209" lon="142.494154"><ele>588.3</ele></trkpt>
    <trkpt lat="-37.050262" lon="142.494150"><ele>589.1</ele></trkpt>
    <trkpt lat="-37.050420" lon="142.494193"><ele>591.5</ele></trkpt>
    <trkpt lat="-37.050439" lon="142.494252"><ele>592.2</ele></trkpt>
    <trkpt lat="-37.050517" lon="142.494347"><ele>593.9</ele></trkpt>
    <trkpt lat="-37.050588" lon="142.494376"><ele>595.1</ele></trkpt>
    <trkpt lat="-37.050643" lon="142.494388"><ele>595.9</ele></trkpt>
    <trkpt lat="-37.050778" lon="142.494469"><ele>598.4</ele></trkpt>
    <trkpt lat="-37.050880" lon="142.494584"><ele>600.8</ele></trkpt>
    <trkpt lat="-37.050989" lon="142.494615"><ele>602.6</ele></trkpt>
    <trkpt lat="-37.051028" lon="142.494660"><ele>603.5</ele></trkpt>
    <trkpt lat="-37.051070" lon="142.494684"><ele>604.3</ele></trkpt>
    <trkpt lat="-37.051100" lon="142.494747"><ele>605.2</ele></trkpt>
    <trkpt lat="-37.051166" lon="142.494818"><ele>606.5</ele></trkpt>
    <trkpt lat="-37.051197" lon="142.494852"><ele>607.1</ele></trkpt>
    <trkpt lat="-37.051248" lon="142.494902"><ele>608.0</ele></trkpt>
    <trkpt lat="-37.051414" lon="142.495001"><ele>610.3</ele></trkpt>
    <trkpt lat="-37.051545" lon="142.495047"><ele>611.7</ele></trkpt>
    <trkpt lat="-37.051644" lon="142.495058"><ele>612.7</ele></trkpt>
    <trkpt lat="-37.051733" lon="142.495128"><ele>613.6</ele></trkpt>
    <trkpt lat="-37.051837" lon="142.495222"><ele>614.7</ele></trkpt>
    <trkpt lat="-37.051979" lon="142.495285"><ele>615.8</ele></trkpt>
    <trkpt lat="-37.052026" lon="142.495357"><ele>616.4</ele></trkpt>
    <trkpt lat="-37.052169" lon="142.495467"><ele>617.9</ele></trkpt>
    <trkpt lat="-37.052319" lon="142.495556"><ele>619.4</ele></trkpt>
    <trkpt lat="-37.052401" lon="142.495618"><ele>620.5</ele></trkpt>
    <trkpt lat="-37.052544" lon="142.495681"><ele>622.3</ele></trkpt>
    <trkpt lat="-37.052572" lon="142.495723"><ele>622.9</ele></trkpt>
    <trkpt lat="-37.052746" lon="142.495832"><ele>625.6</ele></trkpt>
    <trkpt lat="-37.052905" lon="142.495970"><ele>628.8</ele></trkpt>
    <trkpt lat="-37.052949" lon="142.496048"><ele>630.1</ele></trkpt>
    <trkpt lat="-37.053003" lon="142.496060"><ele>631.0</ele></trkpt>
    <trkpt lat="-37.053099" lon="142.496080"><ele>632.7</ele></trkpt>
    <trkpt lat="-37.053142" lon="142.496127"><ele>633.8</ele></trkpt>
    <trkpt lat="-37.053222" lon="142.496239"><ele>635.9</ele></trkpt>
    <trkpt lat="-37.053248" lon="142.496277"><ele>636.6</ele></trkpt>
    <trkpt lat="-37.053266" lon="142.496331"><ele>637.4</ele></trkpt>
    <trkpt lat="-37.053295" lon="142.496368"><ele>638.1</ele></trkpt>
    <trkpt lat="-37.053359" lon="142.496412"><ele>639.4</ele></trkpt>
    <trkpt lat="-37.053428" lon="142.496459"><ele>640.8</ele></trkpt>
    <trkpt lat="-37.053497" lon="142.496467"><ele>642.0</ele></trkpt>
    <trkpt lat="-37.053592" lon="142.496524"><ele>643.8</ele></trkpt>
    <trkpt lat="-37.053683" lon="142.496644"><ele>646.1</ele></trkpt>
    <trkpt lat="-37.053710" lon="142.496736"><ele>647.5</ele></trkpt>
    <trkpt lat="-37.053747" lon="142.496839"><ele>649.1</ele></trkpt>
    <trkpt lat="-37.053742" lon="142.496876"><ele>649.6</ele></trkpt>
    <trkpt lat="-37.053717" lon="142.496938"><ele>650.6</ele></trkpt>
    <trkpt lat="-37.053740" lon="142.497132"><ele>653.3</ele></trkpt>
    <trkpt lat="-37.053766" lon="142.497187"><ele>654.2</ele></trkpt>
    <trkpt lat="-37.053811" lon="142.497260"><ele>655.4</ele></trkpt>
    <trkpt lat="-37.053885" lon="142.497293"><ele>656.7</ele></trkpt>
    <trkpt lat="-37.053969" lon="142.497288"><ele>658.1</ele></trkpt>
    <trkpt lat="-37.054013" lon="142.497318"><ele>658.9</ele></trkpt>
    <trkpt lat="-37.054054" lon="142.497404"><ele>660.2</ele></trkpt>
    <trkpt lat="-37.054096" lon="142.497441"><ele>661.0</ele></trkpt>
    <trkpt lat="-37.054103" lon="142.497498"><ele>661.7</ele></trkpt>
    <trkpt lat="-37.054142" lon="142.497592"><ele>663.0</ele></trkpt>
    <trkpt lat="-37.054238" lon="142.497712"><ele>665.0</ele></trkpt>
    <trkpt lat="-37.054259" lon="142.497762"><ele>665.7</ele></trkpt>
    <trkpt lat="-37.054299" lon="142.497817"><ele>666.6</ele></trkpt>
    <trkpt lat="-37.054323" lon="142.497889"><ele>667.4</ele></trkpt>
    <trkpt lat="-37.054509" lon="142.497993"><ele>669.9</ele></trkpt>
    <trkpt lat="-37.054667" lon="142.498106"><ele>671.9</ele></trkpt>
    <trkpt lat="-37.054706" lon="142.498180"><ele>672.6</ele></trkpt>
    <trkpt lat="-37.054789" lon="142.498265"><ele>673.8</ele></trkpt>
    <trkpt lat="-37.055067" lon="142.498368"><ele>677.1</ele></trkpt>
    <trkpt lat="-37.055235" lon="142.498458"><ele>679.2</ele></trkpt>
    <trkpt lat="-37.055339" lon="142.498501"><ele>680.7</ele></trkpt>
    <trkpt lat="-37.055432" lon="142.498624"><ele>682.5</ele></trkpt>
    <trkpt lat="-37.055590" lon="142.498695"><ele>684.9</ele></trkpt>
    <trkpt lat="-37.055905" lon="142.498850"><ele>690.2</ele></trkpt>
    <trkpt lat="-37.055974" lon="142.498923"><ele>691.7</ele></trkpt>
    <trkpt lat="-37.056088" lon="142.498967"><ele>693.6</ele></trkpt>
    <trkpt lat="-37.056207" lon="142.499026"><ele>695.7</ele></trkpt>
    <trkpt lat="-37.056298" lon="142.499114"><ele>697.7</ele></trkpt>
    <trkpt lat="-37.056458" lon="142.499184"><ele>700.7</ele></trkpt>
    <trkpt lat="-37.056663" lon="142.499253"><ele>704.5</ele></trkpt>
    <trkpt lat="-37.056829" lon="142.499224"><ele>707.6</ele></trkpt>
    <trkpt lat="-37.057115" lon="142.499091"><ele>713.0</ele></trkpt>
    <trkpt lat="-37.057192" lon="142.499064"><ele>714.4</ele></trkpt>
    <trkpt lat="-37.057213" lon="142.499015"><ele>715.1</ele></trkpt>
    <trkpt lat="-37.057251" lon="142.498977"><ele>715.9</ele></trkpt>
    <trkpt lat="-37.057342" lon="142.499007"><ele>717.3</ele></trkpt>
    <trkpt lat="-37.057405" lon="142.498982"><ele>718.3</ele></trkpt>
    <trkpt lat="-37.057488" lon="142.498996"><ele>719.4</ele></trkpt>
    <trkpt lat="-37.057598" lon="142.498957"><ele>720.7</ele></trkpt>
    <trkpt lat="-37.057680" lon="142.499029"><ele>721.8</ele></trkpt>
    <trkpt lat="-37.057826" lon="142.499106"><ele>722.7</ele></trkpt>
    <trkpt lat="-37.057991" lon="142.499108"><ele>723.3</ele></trkpt>
    <trkpt lat="-37.058105" lon="142.499132"><ele>723.1</ele></trkpt>
    <trkpt lat="-37.058212" lon="142.499055"><ele>722.9</ele></trkpt>
    <trkpt lat="-37.058301" lon="142.499071"><ele>722.2</ele></trkpt>
    <trkpt lat="-37.058352" lon="142.499054"><ele>721.7</ele></trkpt>
    <trkpt lat="-37.058398" lon="142.498910"><ele>720.7</ele></trkpt>
    <trkpt lat="-37.058690" lon="142.498324"><ele>711.7</ele></trkpt>
    <trkpt lat="-37.058903" lon="142.498234"><ele>707.9</ele></trkpt>
    <trkpt lat="-37.059143" lon="142.498056"><ele>705.1</ele></trkpt>
    <trkpt lat="-37.059396" lon="142.498041"><ele>702.9</ele></trkpt>
    <trkpt lat="-37.059531" lon="142.498168"><ele>702.5</ele></trkpt>
    <trkpt lat="-37.059732" lon="142.498235"><ele>702.5</ele></trkpt>
    <trkpt lat="-37.059834" lon="142.498147"><ele>702.9</ele></trkpt>
    <trkpt lat="-37.059946" lon="142.498088"><ele>703.2</ele></trkpt>
    <trkpt lat="-37.060087" lon="142.498134"><ele>703.5</ele></trkpt>
    <trkpt lat="-37.060341" lon="142.498140"><ele>702.9</ele></trkpt>
    <trkpt lat="-37.060821" lon="142.498066"><ele>701.6</ele></trkpt>
    <trkpt lat="-37.060937" lon="142.498085"><ele>701.1</ele></trkpt>
    <trkpt lat="-37.061231" lon="142.498021"><ele>698.6</ele></trkpt>
    <trkpt lat="-37.061569" lon="142.497984"><ele>694.9</ele></trkpt>
    <trkpt lat="-37.061830" lon="142.497896"><ele>691.7</ele></trkpt>
    <trkpt lat="-37.061924" lon="142.497836"><ele>690.4</ele></trkpt>
    <trkpt lat="-37.062203" lon="142.497920"><ele>687.1</ele></trkpt>
    <trkpt lat="-37.062452" lon="142.497933"><ele>685.1</ele></trkpt>
    <trkpt lat="-37.062517" lon="142.498010"><ele>684.5</ele></trkpt>
    <trkpt lat="-37.062593" lon="142.498018"><ele>684.5</ele></trkpt>
    <trkpt lat="-37.062961" lon="142.498111"><ele>685.5</ele></trkpt>
    <trkpt lat="-37.063042" lon="142.498146"><ele>685.8</ele></trkpt>
    <trkpt lat="-37.063274" lon="142.498376"><ele>688.2</ele></trkpt>
    <trkpt lat="-37.063525" lon="142.498412"><ele>690.7</ele></trkpt>
    <trkpt lat="-37.063724" lon="142.498522"><ele>692.6</ele></trkpt>
    <trkpt lat="-37.063823" lon="142.498511"><ele>693.3</ele></trkpt>
    <trkpt lat="-37.063906" lon="142.498467"><ele>694.0</ele></trkpt>
    <trkpt lat="-37.064084" lon="142.498452"><ele>695.3</ele></trkpt>
    <trkpt lat="-37.064484" lon="142.498612"><ele>697.3</ele></trkpt>
    <trkpt lat="-37.064566" lon="142.498646"><ele>697.4</ele></trkpt>
    <trkpt lat="-37.064633" lon="142.498637"><ele>697.3</ele></trkpt>
    <trkpt lat="-37.064782" lon="142.498595"><ele>697.0</ele></trkpt>
    <trkpt lat="-37.064795" lon="142.498517"><ele>696.9</ele></trkpt>
    <trkpt lat="-37.064795" lon="142.498388"><ele>696.9</ele></trkpt>
    <trkpt lat="-37.064830" lon="142.498188"><ele>696.8</ele></trkpt>
    <trkpt lat="-37.064934" lon="142.498008"><ele>696.5</ele></trkpt>
    <trkpt lat="-37.065000" lon="142.497955"><ele>696.3</ele></trkpt>
    <trkpt lat="-37.065087" lon="142.497962"><ele>696.0</ele></trkpt>
    <trkpt lat="-37.065306" lon="142.497992"><ele>695.1</ele></trkpt>
    <trkpt lat="-37.065464" lon="142.498053"><ele>694.5</ele></trkpt>
    <trkpt lat="-37.065913" lon="142.497980"><ele>692.6</ele></trkpt>
    <trkpt lat="-37.066331" lon="142.498001"><ele>689.5</ele></trkpt>
    <trkpt lat="-37.066551" lon="142.498005"><ele>687.6</ele></trkpt>
    <trkpt lat="-37.066789" lon="142.498044"><ele>686.2</ele></trkpt>
    <trkpt lat="-37.067353" lon="142.498203"><ele>684.0</ele></trkpt>
    <trkpt lat="-37.067496" lon="142.498173"><ele>683.9</ele></trkpt>
    <trkpt lat="-37.067954" lon="142.497952"><ele>685.3</ele></trkpt>
    <trkpt lat="-37.068173" lon="142.498039"><ele>686.8</ele></trkpt>
    <trkpt lat="-37.068397" lon="142.498173"><ele>689.4</ele></trkpt>
    <trkpt lat="-37.068543" lon="142.498289"><ele>691.5</ele></trkpt>
    <trkpt lat="-37.068683" lon="142.498356"><ele>693.4</ele></trkpt>
    <trkpt lat="-37.068858" lon="142.498344"><ele>695.7</ele></trkpt>
    <trkpt lat="-37.068957" lon="142.498299"><ele>696.9</ele></trkpt>
    <trkpt lat="-37.069056" lon="142.498295"><ele>697.9</ele></trkpt>
    <trkpt lat="-37.069172" lon="142.498313"><ele>699.0</ele></trkpt>
    <trkpt lat="-37.069260" lon="142.498193"><ele>699.5</ele></trkpt>
    <trkpt lat="-37.069386" lon="142.498173"><ele>700.0</ele></trkpt>
    <trkpt lat="-37.069584" lon="142.498090"><ele>700.2</ele></trkpt>
    <trkpt lat="-37.069801" lon="142.498032"><ele>699.9</ele></trkpt>
    <trkpt lat="-37.069933" lon="142.498045"><ele>699.6</ele></trkpt>
    <trkpt lat="-37.070069" lon="142.498173"><ele>698.7</ele></trkpt>
    <trkpt lat="-37.070154" lon="142.498161"><ele>698.2</ele></trkpt>
    <trkpt lat="-37.070203" lon="142.498120"><ele>697.9</ele></trkpt>
    <trkpt lat="-37.070223" lon="142.498102"><ele>697.8</ele></trkpt>
    <trkpt lat="-37.070234" lon="142.497915"><ele>696.9</ele></trkpt>
    <trkpt lat="-37.070216" lon="142.497690"><ele>696.4</ele></trkpt>
    <trkpt lat="-37.070102" lon="142.497478"><ele>696.0</ele></trkpt>
    <trkpt lat="-37.069967" lon="142.497343"><ele>695.6</ele></trkpt>
    <trkpt lat="-37.069833" lon="142.497208"><ele>695.1</ele></trkpt>
    <trkpt lat="-37.069660" lon="142.497136"><ele>694.5</ele></trkpt>
    <trkpt lat="-37.069418" lon="142.496853"><ele>693.2</ele></trkpt>
    <trkpt lat="-37.068973" lon="142.496453"><ele>692.9</ele></trkpt>
    <trkpt lat="-37.068875" lon="142.496237"><ele>693.3</ele></trkpt>
    <trkpt lat="-37.068689" lon="142.495952"><ele>694.4</ele></trkpt>
    <trkpt lat="-37.068608" lon="142.495667"><ele>695.8</ele></trkpt>
    <trkpt lat="-37.068509" lon="142.495490"><ele>696.9</ele></trkpt>
    <trkpt lat="-37.068360" lon="142.495224"><ele>698.3</ele></trkpt>
    <trkpt lat="-37.068280" lon="142.495099"><ele>698.9</ele></trkpt>
    <trkpt lat="-37.068281" lon="142.494987"><ele>699.3</ele></trkpt>
    <trkpt lat="-37.068215" lon="142.494758"><ele>700.1</ele></trkpt>
    <trkpt lat="-37.068152" lon="142.494704"><ele>700.4</ele></trkpt>
    <trkpt lat="-37.068040" lon="142.494494"><ele>701.2</ele></trkpt>
    <trkpt lat="-37.068008" lon="142.494332"><ele>701.9</ele></trkpt>
    <trkpt lat="-37.067929" lon="142.494215"><ele>702.5</ele></trkpt>
    <trkpt lat="-37.067864" lon="142.494086"><ele>703.1</ele></trkpt>
    <trkpt lat="-37.067812" lon="142.493891"><ele>703.8</ele></trkpt>
    <trkpt lat="-37.067809" lon="142.493711"><ele>704.4</ele></trkpt>
    <trkpt lat="-37.067748" lon="142.493526"><ele>705.4</ele></trkpt>
    <trkpt lat="-37.067512" lon="142.493115"><ele>708.6</ele></trkpt>
    <trkpt lat="-37.067378" lon="142.492801"><ele>710.6</ele></trkpt>
    <trkpt lat="-37.067197" lon="142.492641"><ele>712.1</ele></trkpt>
    <trkpt lat="-37.066967" lon="142.492623"><ele>714.1</ele></trkpt>
    <trkpt lat="-37.066792" lon="142.492492"><ele>715.7</ele></trkpt>
    <trkpt lat="-37.066676" lon="142.492450"><ele>716.5</ele></trkpt>
    <trkpt lat="-37.066268" lon="142.492049"><ele>719.5</ele></trkpt>
    <trkpt lat="-37.066133" lon="142.491868"><ele>720.8</ele></trkpt>
    <trkpt lat="-37.065845" lon="142.491715"><ele>722.7</ele></trkpt>
    <trkpt lat="-37.065701" lon="142.491471"><ele>723.9</ele></trkpt>
    <trkpt lat="-37.065438" lon="142.491287"><ele>725.2</ele></trkpt>
    <trkpt lat="-37.065296" lon="142.491163"><ele>725.6</ele></trkpt>
    <trkpt lat="-37.065205" lon="142.491037"><ele>725.8</ele></trkpt>
    <trkpt lat="-37.065090" lon="142.490894"><ele>725.5</ele></trkpt>
    <trkpt lat="-37.064951" lon="142.490790"><ele>725.0</ele></trkpt>
    <trkpt lat="-37.064796" lon="142.490616"><ele>724.5</ele></trkpt>
    <trkpt lat="-37.064405" lon="142.490235"><ele>724.6</ele></trkpt>
    <trkpt lat="-37.064343" lon="142.490115"><ele>724.7</ele></trkpt>
    <trkpt lat="-37.064330" lon="142.489968"><ele>725.0</ele></trkpt>
    <trkpt lat="-37.064271" lon="142.489800"><ele>725.3</ele></trkpt>
    <trkpt lat="-37.064132" lon="142.489663"><ele>725.7</ele></trkpt>
    <trkpt lat="-37.063990" lon="142.489489"><ele>726.2</ele></trkpt>
    <trkpt lat="-37.063923" lon="142.489385"><ele>726.5</ele></trkpt>
    <trkpt lat="-37.063871" lon="142.489254"><ele>726.2</ele></trkpt>
    <trkpt lat="-37.063833" lon="142.489117"><ele>725.7</ele></trkpt>
    <trkpt lat="-37.063864" lon="142.489025"><ele>725.4</ele></trkpt>
    <trkpt lat="-37.064005" lon="142.488824"><ele>724.9</ele></trkpt>
    <trkpt lat="-37.064115" lon="142.488622"><ele>724.9</ele></trkpt>
    <trkpt lat="-37.064132" lon="142.488504"><ele>724.9</ele></trkpt>
    <trkpt lat="-37.064198" lon="142.488434"><ele>725.0</ele></trkpt>
    <trkpt lat="-37.064310" lon="142.488423"><ele>725.1</ele></trkpt>
    <trkpt lat="-37.064375" lon="142.488481"><ele>725.2</ele></trkpt>
    <trkpt lat="-37.064469" lon="142.488564"><ele>725.4</ele></trkpt>
    <trkpt lat="-37.064589" lon="142.488563"><ele>725.5</ele></trkpt>
    <trkpt lat="-37.064697" lon="142.488397"><ele>726.1</ele></trkpt>
    <trkpt lat="-37.064783" lon="142.488371"><ele>726.4</ele></trkpt>
    <trkpt lat="-37.064821" lon="142.488249"><ele>726.9</ele></trkpt>
    <trkpt lat="-37.064868" lon="142.488202"><ele>727.2</ele></trkpt>
    <trkpt lat="-37.065002" lon="142.488164"><ele>727.8</ele></trkpt>
    <trkpt lat="-37.065144" lon="142.488196"><ele>728.3</ele></trkpt>
    <trkpt lat="-37.065163" lon="142.488136"><ele>728.4</ele></trkpt>
    <trkpt lat="-37.065066" lon="142.487991"><ele>728.8</ele></trkpt>
    <trkpt lat="-37.065093" lon="142.487854"><ele>729.1</ele></trkpt>
    <trkpt lat="-37.065083" lon="142.487681"><ele>729.4</ele></trkpt>
    <trkpt lat="-37.065024" lon="142.487531"><ele>729.5</ele></trkpt>
    <trkpt lat="-37.064847" lon="142.487352"><ele>729.7</ele></trkpt>
    <trkpt lat="-37.064613" lon="142.487085"><ele>729.5</ele></trkpt>
    <trkpt lat="-37.064461" lon="142.486799"><ele>729.3</ele></trkpt>
    <trkpt lat="-37.064368" lon="142.486716"><ele>729.4</ele></trkpt>
    <trkpt lat="-37.064244" lon="142.486568"><ele>729.8</ele></trkpt>
    <trkpt lat="-37.064168" lon="142.486308"><ele>730.8</ele></trkpt>
    <trkpt lat="-37.064207" lon="142.486142"><ele>731.7</ele></trkpt>
    <trkpt lat="-37.064228" lon="142.486008"><ele>732.8</ele></trkpt>
    <trkpt lat="-37.064270" lon="142.485971"><ele>733.3</ele></trkpt>
    <trkpt lat="-37.064510" lon="142.485977"><ele>736.1</ele></trkpt>
    <trkpt lat="-37.064681" lon="142.486050"><ele>738.4</ele></trkpt>
    <trkpt lat="-37.064958" lon="142.486310"><ele>742.7</ele></trkpt>
    <trkpt lat="-37.065135" lon="142.486497"><ele>745.3</ele></trkpt>
    <trkpt lat="-37.065333" lon="142.486672"><ele>747.4</ele></trkpt>
    <trkpt lat="-37.065480" lon="142.486804"><ele>748.9</ele></trkpt>
    <trkpt lat="-37.065705" lon="142.486896"><ele>750.2</ele></trkpt>
    <trkpt lat="-37.065803" lon="142.487006"><ele>750.6</ele></trkpt>
    <trkpt lat="-37.066076" lon="142.486967"><ele>751.0</ele></trkpt>
    <trkpt lat="-37.066231" lon="142.487183"><ele>750.8</ele></trkpt>
    <trkpt lat="-37.066308" lon="142.487201"><ele>750.6</ele></trkpt>
    <trkpt lat="-37.066545" lon="142.487395"><ele>749.9</ele></trkpt>
    <trkpt lat="-37.066665" lon="142.487420"><ele>749.5</ele></trkpt>
    <trkpt lat="-37.066806" lon="142.487409"><ele>749.3</ele></trkpt>
    <trkpt lat="-37.067074" lon="142.487508"><ele>749.5</ele></trkpt>
    <trkpt lat="-37.067348" lon="142.487657"><ele>751.2</ele></trkpt>
    <trkpt lat="-37.067469" lon="142.487774"><ele>752.4</ele></trkpt>
    <trkpt lat="-37.067658" lon="142.487989"><ele>754.4</ele></trkpt>
    <trkpt lat="-37.067914" lon="142.488328"><ele>756.4</ele></trkpt>
    <trkpt lat="-37.067972" lon="142.488352"><ele>756.6</ele></trkpt>
    <trkpt lat="-37.068033" lon="142.488353"><ele>756.9</ele></trkpt>
    <trkpt lat="-37.068123" lon="142.488317"><ele>757.1</ele></trkpt>
    <trkpt lat="-37.068170" lon="142.488335"><ele>757.3</ele></trkpt>
    <trkpt lat="-37.068211" lon="142.488400"><ele>757.4</ele></trkpt>
    <trkpt lat="-37.068296" lon="142.488457"><ele>757.6</ele></trkpt>
    <trkpt lat="-37.068373" lon="142.488567"><ele>757.6</ele></trkpt>
    <trkpt lat="-37.068533" lon="142.488648"><ele>757.7</ele></trkpt>
    <trkpt lat="-37.068681" lon="142.488841"><ele>757.9</ele></trkpt>
    <trkpt lat="-37.068729" lon="142.489019"><ele>758.2</ele></trkpt>
    <trkpt lat="-37.068724" lon="142.489100"><ele>758.3</ele></trkpt>
    <trkpt lat="-37.068658" lon="142.489178"><ele>758.4</ele></trkpt>
    <trkpt lat="-37.068674" lon="142.489350"><ele>758.7</ele></trkpt>
    <trkpt lat="-37.068664" lon="142.489459"><ele>758.9</ele></trkpt>
    <trkpt lat="-37.068772" lon="142.489613"><ele>759.4</ele></trkpt>
    <trkpt lat="-37.068793" lon="142.489694"><ele>759.6</ele></trkpt>
    <trkpt lat="-37.068908" lon="142.489918"><ele>760.3</ele></trkpt>
    <trkpt lat="-37.069091" lon="142.490006"><ele>761.1</ele></trkpt>
    <trkpt lat="-37.069141" lon="142.490114"><ele>761.7</ele></trkpt>
    <trkpt lat="-37.069136" lon="142.490220"><ele>762.2</ele></trkpt>
    <trkpt lat="-37.069190" lon="142.490360"><ele>762.9</ele></trkpt>
    <trkpt lat="-37.069222" lon="142.490510"><ele>763.6</ele></trkpt>
    <trkpt lat="-37.069127" lon="142.490619"><ele>764.0</ele></trkpt>
    <trkpt lat="-37.069090" lon="142.490755"><ele>764.3</ele></trkpt>
    <trkpt lat="-37.069100" lon="142.490828"><ele>764.4</ele></trkpt>
    <trkpt lat="-37.069139" lon="142.490876"><ele>764.6</ele></trkpt>
    <trkpt lat="-37.069326" lon="142.490957"><ele>765.1</ele></trkpt>
    <trkpt lat="-37.069413" lon="142.490933"><ele>765.4</ele></trkpt>
    <trkpt lat="-37.069419" lon="142.490869"><ele>765.6</ele></trkpt>
    <trkpt lat="-37.069476" lon="142.490914"><ele>765.8</ele></trkpt>
    <trkpt lat="-37.069602" lon="142.490923"><ele>766.0</ele></trkpt>
    <trkpt lat="-37.069688" lon="142.491029"><ele>765.7</ele></trkpt>
    <trkpt lat="-37.069710" lon="142.491129"><ele>765.5</ele></trkpt>
    <trkpt lat="-37.069701" lon="142.491228"><ele>765.4</ele></trkpt>
    <trkpt lat="-37.069573" lon="142.491328"><ele>765.1</ele></trkpt>
    <trkpt lat="-37.069519" lon="142.491509"><ele>765.1</ele></trkpt>
    <trkpt lat="-37.069545" lon="142.491707"><ele>765.4</ele></trkpt>
    <trkpt lat="-37.069571" lon="142.491838"><ele>765.4</ele></trkpt>
    <trkpt lat="-37.069476" lon="142.492001"><ele>765.3</ele></trkpt>
    <trkpt lat="-37.069453" lon="142.492244"><ele>765.0</ele></trkpt>
    <trkpt lat="-37.069599" lon="142.492511"><ele>765.2</ele></trkpt>
    <trkpt lat="-37.069675" lon="142.492717"><ele>765.8</ele></trkpt>
    <trkpt lat="-37.069615" lon="142.493025"><ele>767.0</ele></trkpt>
    <trkpt lat="-37.069626" lon="142.493112"><ele>767.4</ele></trkpt>
    <trkpt lat="-37.069647" lon="142.493179"><ele>767.7</ele></trkpt>
    <trkpt lat="-37.069760" lon="142.493289"><ele>768.7</ele></trkpt>
    <trkpt lat="-37.069821" lon="142.493462"><ele>770.1</ele></trkpt>
    <trkpt lat="-37.069859" lon="142.493558"><ele>770.9</ele></trkpt>
    <trkpt lat="-37.069845" lon="142.493651"><ele>771.7</ele></trkpt>
    <trkpt lat="-37.069884" lon="142.493812"><ele>773.2</ele></trkpt>
    <trkpt lat="-37.069993" lon="142.493947"><ele>775.0</ele></trkpt>
    <trkpt lat="-37.070014" lon="142.494055"><ele>776.1</ele></trkpt>
    <trkpt lat="-37.070189" lon="142.494211"><ele>778.6</ele></trkpt>
    <trkpt lat="-37.070372" lon="142.494304"><ele>780.8</ele></trkpt>
    <trkpt lat="-37.070779" lon="142.494591"><ele>784.8</ele></trkpt>
    <trkpt lat="-37.070852" lon="142.494763"><ele>785.6</ele></trkpt>
    <trkpt lat="-37.070996" lon="142.494886"><ele>786.4</ele></trkpt>
    <trkpt lat="-37.071036" lon="142.494948"><ele>786.7</ele></trkpt>
    <trkpt lat="-37.071068" lon="142.494955"><ele>786.8</ele></trkpt>
    <trkpt lat="-37.071098" lon="142.495016"><ele>787.0</ele></trkpt>
    <trkpt lat="-37.071137" lon="142.495054"><ele>787.1</ele></trkpt>
    <trkpt lat="-37.071469" lon="142.495246"><ele>787.4</ele></trkpt>
    <trkpt lat="-37.071532" lon="142.495175"><ele>787.3</ele></trkpt>
    <trkpt lat="-37.071689" lon="142.495227"><ele>786.8</ele></trkpt>
    <trkpt lat="-37.071889" lon="142.495256"><ele>785.9</ele></trkpt>
    <trkpt lat="-37.072186" lon="142.495374"><ele>783.2</ele></trkpt>
    <trkpt lat="-37.072360" lon="142.495363"><ele>781.4</ele></trkpt>
    <trkpt lat="-37.072400" lon="142.495361"><ele>780.9</ele></trkpt>
    <trkpt lat="-37.072440" lon="142.495293"><ele>780.2</ele></trkpt>
    <trkpt lat="-37.072587" lon="142.495220"><ele>778.5</ele></trkpt>
    <trkpt lat="-37.072718" lon="142.495285"><ele>777.2</ele></trkpt>
    <trkpt lat="-37.072848" lon="142.495270"><ele>776.2</ele></trkpt>
    <trkpt lat="-37.073096" lon="142.495320"><ele>774.6</ele></trkpt>
    <trkpt lat="-37.073285" lon="142.495370"><ele>774.2</ele></trkpt>
    <trkpt lat="-37.073379" lon="142.495351"><ele>774.2</ele></trkpt>
    <trkpt lat="-37.073439" lon="142.495292"><ele>774.3</ele></trkpt>
    <trkpt lat="-37.073447" lon="142.495232"><ele>774.5</ele></trkpt>
    <trkpt lat="-37.073510" lon="142.495259"><ele>774.8</ele></trkpt>
    <trkpt lat="-37.073616" lon="142.495206"><ele>775.3</ele></trkpt>
    <trkpt lat="-37.073741" lon="142.495238"><ele>776.0</ele></trkpt>
    <trkpt lat="-37.073860" lon="142.495354"><ele>776.8</ele></trkpt>
    <trkpt lat="-37.073984" lon="142.495474"><ele>777.3</ele></trkpt>
    <trkpt lat="-37.074125" lon="142.495499"><ele>777.6</ele></trkpt>
    <trkpt lat="-37.074359" lon="142.495596"><ele>777.9</ele></trkpt>
    <trkpt lat="-37.074581" lon="142.495586"><ele>777.8</ele></trkpt>
    <trkpt lat="-37.074810" lon="142.495728"><ele>777.1</ele></trkpt>
    <trkpt lat="-37.074858" lon="142.495762"><ele>777.0</ele></trkpt>
    <trkpt lat="-37.074907" lon="142.495824"><ele>776.8</ele></trkpt>
    <trkpt lat="-37.075107" lon="142.495953"><ele>776.3</ele></trkpt>
    <trkpt lat="-37.075226" lon="142.495987"><ele>776.4</ele></trkpt>
    <trkpt lat="-37.075360" lon="142.496012"><ele>776.6</ele></trkpt>
    <trkpt lat="-37.075502" lon="142.496095"><ele>777.3</ele></trkpt>
    <trkpt lat="-37.075599" lon="142.496117"><ele>777.8</ele></trkpt>
    <trkpt lat="-37.075726" lon="142.496093"><ele>778.6</ele></trkpt>
    <trkpt lat="-37.075795" lon="142.496012"><ele>779.2</ele></trkpt>
    <trkpt lat="-37.075926" lon="142.496171"><ele>780.6</ele></trkpt>
    <trkpt lat="-37.075973" lon="142.496398"><ele>782.2</ele></trkpt>
    <trkpt lat="-37.076078" lon="142.496454"><ele>783.3</ele></trkpt>
    <trkpt lat="-37.076177" lon="142.496596"><ele>784.8</ele></trkpt>
    <trkpt lat="-37.076224" lon="142.496798"><ele>786.5</ele></trkpt>
    <trkpt lat="-37.076269" lon="142.496925"><ele>787.7</ele></trkpt>
    <trkpt lat="-37.076383" lon="142.497012"><ele>789.1</ele></trkpt>
    <trkpt lat="-37.076411" lon="142.497157"><ele>790.4</ele></trkpt>
    <trkpt lat="-37.076502" lon="142.497292"><ele>791.9</ele></trkpt>
    <trkpt lat="-37.076669" lon="142.497520"><ele>794.7</ele></trkpt>
    <trkpt lat="-37.076816" lon="142.497721"><ele>797.5</ele></trkpt>
    <trkpt lat="-37.076974" lon="142.498049"><ele>801.8</ele></trkpt>
    <trkpt lat="-37.077093" lon="142.498118"><ele>803.7</ele></trkpt>
    <trkpt lat="-37.077138" lon="142.498265"><ele>805.5</ele></trkpt>
    <trkpt lat="-37.077256" lon="142.498352"><ele>807.5</ele></trkpt>
    <trkpt lat="-37.077450" lon="142.498330"><ele>809.9</ele></trkpt>
    <trkpt lat="-37.077581" lon="142.498511"><ele>812.1</ele></trkpt>
    <trkpt lat="-37.077792" lon="142.498576"><ele>814.3</ele></trkpt>
    <trkpt lat="-37.077914" lon="142.498644"><ele>815.3</ele></trkpt>
    <trkpt lat="-37.078013" lon="142.498628"><ele>816.1</ele></trkpt>
    <trkpt lat="-37.078103" lon="142.498596"><ele>816.7</ele></trkpt>
    <trkpt lat="-37.078184" lon="142.498653"><ele>817.2</ele></trkpt>
    <trkpt lat="-37.078257" lon="142.498706"><ele>817.7</ele></trkpt>
    <trkpt lat="-37.078326" lon="142.498721"><ele>818.1</ele></trkpt>
    <trkpt lat="-37.078434" lon="142.498660"><ele>818.8</ele></trkpt>
    <trkpt lat="-37.078499" lon="142.498683"><ele>819.2</ele></trkpt>
    <trkpt lat="-37.078519" lon="142.498731"><ele>819.4</ele></trkpt>
    <trkpt lat="-37.078526" lon="142.498803"><ele>819.8</ele></trkpt>
    <trkpt lat="-37.078551" lon="142.498855"><ele>820.1</ele></trkpt>
    <trkpt lat="-37.078599" lon="142.498851"><ele>820.3</ele></trkpt>
    <trkpt lat="-37.078746" lon="142.498848"><ele>821.1</ele></trkpt>
    <trkpt lat="-37.078846" lon="142.499015"><ele>821.9</ele></trkpt>
    <trkpt lat="-37.078899" lon="142.499143"><ele>822.4</ele></trkpt>
    <trkpt lat="-37.079039" lon="142.499215"><ele>823.1</ele></trkpt>
    <trkpt lat="-37.079049" lon="142.499363"><ele>823.2</ele></trkpt>
    <trkpt lat="-37.079125" lon="142.499396"><ele>823.2</ele></trkpt>
    <trkpt lat="-37.079213" lon="142.499429"><ele>823.2</ele></trkpt>
    <trkpt lat="-37.079328" lon="142.499497"><ele>822.6</ele></trkpt>
    <trkpt lat="-37.079516" lon="142.499574"><ele>821.4</ele></trkpt>
    <trkpt lat="-37.079533" lon="142.499639"><ele>820.9</ele></trkpt>
    <trkpt lat="-37.079555" lon="142.499667"><ele>820.6</ele></trkpt>
    <trkpt lat="-37.079619" lon="142.499670"><ele>820.0</ele></trkpt>
    <trkpt lat="-37.079715" lon="142.499680"><ele>819.0</ele></trkpt>
    <trkpt lat="-37.079808" lon="142.499626"><ele>817.6</ele></trkpt>
    <trkpt lat="-37.079975" lon="142.499636"><ele>815.3</ele></trkpt>
    <trkpt lat="-37.080087" lon="142.499634"><ele>813.5</ele></trkpt>
    <trkpt lat="-37.080117" lon="142.499588"><ele>812.7</ele></trkpt>
    <trkpt lat="-37.080207" lon="142.499613"><ele>811.2</ele></trkpt>
    <trkpt lat="-37.080325" lon="142.499618"><ele>809.2</ele></trkpt>
    <trkpt lat="-37.080411" lon="142.499617"><ele>807.8</ele></trkpt>
    <trkpt lat="-37.080465" lon="142.499613"><ele>806.8</ele></trkpt>
    <trkpt lat="-37.080567" lon="142.499613"><ele>805.1</ele></trkpt>
    <trkpt lat="-37.080629" lon="142.499599"><ele>804.0</ele></trkpt>
    <trkpt lat="-37.080684" lon="142.499602"><ele>803.1</ele></trkpt>
    <trkpt lat="-37.080739" lon="142.499602"><ele>802.1</ele></trkpt>
    <trkpt lat="-37.080791" lon="142.499602"><ele>801.2</ele></trkpt>
    <trkpt lat="-37.080832" lon="142.499582"><ele>800.4</ele></trkpt>
    <trkpt lat="-37.080870" lon="142.499585"><ele>799.7</ele></trkpt>
    <trkpt lat="-37.080909" lon="142.499572"><ele>799.0</ele></trkpt>
    <trkpt lat="-37.080968" lon="142.499530"><ele>797.8</ele></trkpt>
    <trkpt lat="-37.081068" lon="142.499541"><ele>795.9</ele></trkpt>
    <trkpt lat="-37.081162" lon="142.499513"><ele>794.1</ele></trkpt>
    <trkpt lat="-37.081192" lon="142.499496"><ele>793.5</ele></trkpt>
    <trkpt lat="-37.081270" lon="142.499504"><ele>792.0</ele></trkpt>
    <trkpt lat="-37.081304" lon="142.499468"><ele>791.1</ele></trkpt>
    <trkpt lat="-37.081331" lon="142.499440"><ele>790.4</ele></trkpt>
    <trkpt lat="-37.081361" lon="142.499440"><ele>789.8</ele></trkpt>
    <trkpt lat="-37.081372" lon="142.499455"><ele>789.5</ele></trkpt>
    <trkpt lat="-37.081395" lon="142.499492"><ele>788.7</ele></trkpt>
    <trkpt lat="-37.081426" lon="142.499478"><ele>788.1</ele></trkpt>
    <trkpt lat="-37.081475" lon="142.499492"><ele>787.1</ele></trkpt>
    <trkpt lat="-37.081510" lon="142.499489"><ele>786.4</ele></trkpt>
    <trkpt lat="-37.081552" lon="142.499468"><ele>785.6</ele></trkpt>
    <trkpt lat="-37.081588" lon="142.499392"><ele>784.4</ele></trkpt>
    <trkpt lat="-37.081596" lon="142.499354"><ele>783.8</ele></trkpt>
    <trkpt lat="-37.081619" lon="142.499323"><ele>783.2</ele></trkpt>
    <trkpt lat="-37.081637" lon="142.499321"><ele>782.9</ele></trkpt>
    <trkpt lat="-37.081778" lon="142.499324"><ele>781.0</ele></trkpt>
    <trkpt lat="-37.081832" lon="142.499303"><ele>780.4</ele></trkpt>
    <trkpt lat="-37.081947" lon="142.499289"><ele>779.1</ele></trkpt>
    <trkpt lat="-37.082022" lon="142.499301"><ele>778.6</ele></trkpt>
    <trkpt lat="-37.082085" lon="142.499313"><ele>778.3</ele></trkpt>
    <trkpt lat="-37.082253" lon="142.499368"><ele>777.6</ele></trkpt>
    <trkpt lat="-37.082309" lon="142.499403"><ele>777.5</ele></trkpt>
    <trkpt lat="-37.082375" lon="142.499466"><ele>777.5</ele></trkpt>
    <trkpt lat="-37.082485" lon="142.499525"><ele>777.5</ele></trkpt>
    <trkpt lat="-37.082546" lon="142.499582"><ele>777.7</ele></trkpt>
    <trkpt lat="-37.082637" lon="142.499608"><ele>777.9</ele></trkpt>
    <trkpt lat="-37.082703" lon="142.499588"><ele>778.0</ele></trkpt>
    <trkpt lat="-37.082754" lon="142.499604"><ele>778.1</ele></trkpt>
    <trkpt lat="-37.082831" lon="142.499591"><ele>778.1</ele></trkpt>
    <trkpt lat="-37.082881" lon="142.499469"><ele>778.3</ele></trkpt>
    <trkpt lat="-37.082922" lon="142.499466"><ele>778.2</ele></trkpt>
    <trkpt lat="-37.082973" lon="142.499444"><ele>778.0</ele></trkpt>
    <trkpt lat="-37.083038" lon="142.499449"><ele>777.8</ele></trkpt>
    <trkpt lat="-37.083140" lon="142.499473"><ele>777.4</ele></trkpt>
    <trkpt lat="-37.083227" lon="142.499441"><ele>776.8</ele></trkpt>
    <trkpt lat="-37.083293" lon="142.499419"><ele>776.4</ele></trkpt>
    <trkpt lat="-37.083338" lon="142.499377"><ele>776.0</ele></trkpt>
    <trkpt lat="-37.083359" lon="142.499382"><ele>775.8</ele></trkpt>
    <trkpt lat="-37.083404" lon="142.499450"><ele>775.3</ele></trkpt>
    <trkpt lat="-37.083416" lon="142.499509"><ele>774.9</ele></trkpt>
    <trkpt lat="-37.083418" lon="142.499610"><ele>774.2</ele></trkpt>
    <trkpt lat="-37.083435" lon="142.499649"><ele>773.8</ele></trkpt>
    <trkpt lat="-37.083482" lon="142.499648"><ele>773.4</ele></trkpt>
    <trkpt lat="-37.083525" lon="142.499604"><ele>772.9</ele></trkpt>
    <trkpt lat="-37.083567" lon="142.499559"><ele>772.6</ele></trkpt>
    <trkpt lat="-37.083642" lon="142.499529"><ele>772.2</ele></trkpt>
    <trkpt lat="-37.083705" lon="142.499480"><ele>771.8</ele></trkpt>
    <trkpt lat="-37.083761" lon="142.499392"><ele>771.4</ele></trkpt>
    <trkpt lat="-37.083787" lon="142.499333"><ele>771.3</ele></trkpt>
    <trkpt lat="-37.083815" lon="142.499298"><ele>771.3</ele></trkpt>
    <trkpt lat="-37.083839" lon="142.499287"><ele>771.2</ele></trkpt>
    <trkpt lat="-37.083879" lon="142.499299"><ele>771.1</ele></trkpt>
    <trkpt lat="-37.083913" lon="142.499331"><ele>771.1</ele></trkpt>
    <trkpt lat="-37.083915" lon="142.499387"><ele>771.0</ele></trkpt>
    <trkpt lat="-37.083940" lon="142.499413"><ele>771.0</ele></trkpt>
    <trkpt lat="-37.083979" lon="142.499452"><ele>771.1</ele></trkpt>
    <trkpt lat="-37.084065" lon="142.499550"><ele>771.3</ele></trkpt>
    <trkpt lat="-37.084142" lon="142.499629"><ele>771.5</ele></trkpt>
    <trkpt lat="-37.084194" lon="142.499648"><ele>771.7</ele></trkpt>
    <trkpt lat="-37.084272" lon="142.499653"><ele>772.0</ele></trkpt>
    <trkpt lat="-37.084338" lon="142.499648"><ele>772.2</ele></trkpt>
    <trkpt lat="-37.084388" lon="142.499686"><ele>772.4</ele></trkpt>
    <trkpt lat="-37.084413" lon="142.499730"><ele>772.7</ele></trkpt>
    <trkpt lat="-37.084411" lon="142.499794"><ele>772.9</ele></trkpt>
    <trkpt lat="-37.084443" lon="142.499809"><ele>773.1</ele></trkpt>
    <trkpt lat="-37.084512" lon="142.499825"><ele>773.4</ele></trkpt>
    <trkpt lat="-37.084556" lon="142.499883"><ele>773.7</ele></trkpt>
    <trkpt lat="-37.084655" lon="142.499865"><ele>773.7</ele></trkpt>
    <trkpt lat="-37.084740" lon="142.499908"><ele>773.8</ele></trkpt>
    <trkpt lat="-37.084806" lon="142.499977"><ele>773.8</ele></trkpt>
    <trkpt lat="-37.084887" lon="142.499992"><ele>773.6</ele></trkpt>
    <trkpt lat="-37.084997" lon="142.500056"><ele>773.3</ele></trkpt>
    <trkpt lat="-37.085070" lon="142.500067"><ele>773.0</ele></trkpt>
    <trkpt lat="-37.085136" lon="142.500098"><ele>772.6</ele></trkpt>
    <trkpt lat="-37.085184" lon="142.500047"><ele>772.3</ele></trkpt>
    <trkpt lat="-37.085215" lon="142.500027"><ele>772.1</ele></trkpt>
    <trkpt lat="-37.085245" lon="142.500024"><ele>771.9</ele></trkpt>
    <trkpt lat="-37.085413" lon="142.500050"><ele>770.8</ele></trkpt>
    <trkpt lat="-37.085515" lon="142.500082"><ele>770.1</ele></trkpt>
    <trkpt lat="-37.085614" lon="142.500097"><ele>769.3</ele></trkpt>
    <trkpt lat="-37.085653" lon="142.500112"><ele>769.0</ele></trkpt>
    <trkpt lat="-37.085734" lon="142.500119"><ele>768.4</ele></trkpt>
    <trkpt lat="-37.085781" lon="142.500107"><ele>768.1</ele></trkpt>
    <trkpt lat="-37.085836" lon="142.500098"><ele>767.7</ele></trkpt>
    <trkpt lat="-37.085883" lon="142.500097"><ele>767.4</ele></trkpt>
    <trkpt lat="-37.085923" lon="142.500112"><ele>767.2</ele></trkpt>
    <trkpt lat="-37.085977" lon="142.500138"><ele>766.8</ele></trkpt>
    <trkpt lat="-37.086033" lon="142.500145"><ele>766.4</ele></trkpt>
    <trkpt lat="-37.086066" lon="142.500180"><ele>766.2</ele></trkpt>
    <trkpt lat="-37.086098" lon="142.500226"><ele>765.9</ele></trkpt>
    <trkpt lat="-37.086131" lon="142.500252"><ele>765.7</ele></trkpt>
    <trkpt lat="-37.086172" lon="142.500282"><ele>765.5</ele></trkpt>
    <trkpt lat="-37.086250" lon="142.500251"><ele>765.0</ele></trkpt>
    <trkpt lat="-37.086272" lon="142.500239"><ele>764.9</ele></trkpt>
    <trkpt lat="-37.086325" lon="142.500232"><ele>764.6</ele></trkpt>
    <trkpt lat="-37.086352" lon="142.500207"><ele>764.5</ele></trkpt>
    <trkpt lat="-37.086384" lon="142.500195"><ele>764.3</ele></trkpt>
    <trkpt lat="-37.086423" lon="142.500140"><ele>764.1</ele></trkpt>
    <trkpt lat="-37.086566" lon="142.500130"><ele>763.5</ele></trkpt>
    <trkpt lat="-37.086658" lon="142.500102"><ele>763.3</ele></trkpt>
    <trkpt lat="-37.086702" lon="142.500099"><ele>763.1</ele></trkpt>
    <trkpt lat="-37.086748" lon="142.500083"><ele>763.0</ele></trkpt>
    <trkpt lat="-37.086832" lon="142.500106"><ele>762.8</ele></trkpt>
    <trkpt lat="-37.086881" lon="142.500081"><ele>762.6</ele></trkpt>
    <trkpt lat="-37.086912" lon="142.500061"><ele>762.4</ele></trkpt>
    <trkpt lat="-37.086950" lon="142.500088"><ele>762.3</ele></trkpt>
    <trkpt lat="-37.087010" lon="142.500146"><ele>762.0</ele></trkpt>
    <trkpt lat="-37.087053" lon="142.500183"><ele>761.8</ele></trkpt>
    <trkpt lat="-37.087090" lon="142.500207"><ele>761.6</ele></trkpt>
    <trkpt lat="-37.087129" lon="142.500218"><ele>761.4</ele></trkpt>
    <trkpt lat="-37.087150" lon="142.500252"><ele>761.3</ele></trkpt>
    <trkpt lat="-37.087180" lon="142.500272"><ele>761.1</ele></trkpt>
    <trkpt lat="-37.087304" lon="142.500309"><ele>760.5</ele></trkpt>
    <trkpt lat="-37.087360" lon="142.500370"><ele>760.2</ele></trkpt>
    <trkpt lat="-37.087420" lon="142.500457"><ele>759.7</ele></trkpt>
    <trkpt lat="-37.087536" lon="142.500473"><ele>759.1</ele></trkpt>
    <trkpt lat="-37.087651" lon="142.500521"><ele>758.5</ele></trkpt>
    <trkpt lat="-37.087800" lon="142.500702"><ele>757.5</ele></trkpt>
    <trkpt lat="-37.087939" lon="142.500787"><ele>756.8</ele></trkpt>
    <trkpt lat="-37.088052" lon="142.500955"><ele>756.1</ele></trkpt>
    <trkpt lat="-37.088132" lon="142.501116"><ele>755.6</ele></trkpt>
    <trkpt lat="-37.088254" lon="142.501171"><ele>755.4</ele></trkpt>
    <trkpt lat="-37.088342" lon="142.501302"><ele>755.2</ele></trkpt>
    <trkpt lat="-37.088620" lon="142.501342"><ele>754.9</ele></trkpt>
    <trkpt lat="-37.088729" lon="142.501385"><ele>754.8</ele></trkpt>
    <trkpt lat="-37.088836" lon="142.501553"><ele>754.5</ele></trkpt>
    <trkpt lat="-37.088887" lon="142.501660"><ele>754.4</ele></trkpt>
    <trkpt lat="-37.089031" lon="142.501736"><ele>754.4</ele></trkpt>
    <trkpt lat="-37.089162" lon="142.501803"><ele>754.9</ele></trkpt>
    <trkpt lat="-37.089239" lon="142.501909"><ele>755.3</ele></trkpt>
    <trkpt lat="-37.089468" lon="142.502004"><ele>756.5</ele></trkpt>
    <trkpt lat="-37.089559" lon="142.501992"><ele>756.9</ele></trkpt>
    <trkpt lat="-37.089699" lon="142.501957"><ele>757.5</ele></trkpt>
    <trkpt lat="-37.089807" lon="142.501968"><ele>758.0</ele></trkpt>
    <trkpt lat="-37.089869" lon="142.501879"><ele>758.3</ele></trkpt>
    <trkpt lat="-37.089989" lon="142.501811"><ele>758.9</ele></trkpt>
    <trkpt lat="-37.090229" lon="142.501878"><ele>759.7</ele></trkpt>
    <trkpt lat="-37.090321" lon="142.502015"><ele>759.9</ele></trkpt>
    <trkpt lat="-37.090492" lon="142.502063"><ele>760.0</ele></trkpt>
    <trkpt lat="-37.090599" lon="142.502155"><ele>759.8</ele></trkpt>
    <trkpt lat="-37.090785" lon="142.502216"><ele>759.6</ele></trkpt>
    <trkpt lat="-37.090849" lon="142.502224"><ele>759.5</ele></trkpt>
    <trkpt lat="-37.090937" lon="142.502208"><ele>759.5</ele></trkpt>
    <trkpt lat="-37.091228" lon="142.502380"><ele>757.8</ele></trkpt>
    <trkpt lat="-37.091273" lon="142.502370"><ele>757.6</ele></trkpt>
    <trkpt lat="-37.091352" lon="142.502367"><ele>757.4</ele></trkpt>
    <trkpt lat="-37.091401" lon="142.502387"><ele>757.2</ele></trkpt>
    <trkpt lat="-37.091515" lon="142.502423"><ele>756.8</ele></trkpt>
    <trkpt lat="-37.091647" lon="142.502550"><ele>756.4</ele></trkpt>
    <trkpt lat="-37.091754" lon="142.502597"><ele>756.9</ele></trkpt>
    <trkpt lat="-37.091928" lon="142.502624"><ele>758.1</ele></trkpt>
    <trkpt lat="-37.092003" lon="142.502645"><ele>758.7</ele></trkpt>
    <trkpt lat="-37.092080" lon="142.502702"><ele>759.4</ele></trkpt>
    <trkpt lat="-37.092182" lon="142.502697"><ele>760.2</ele></trkpt>
    <trkpt lat="-37.092297" lon="142.502644"><ele>760.8</ele></trkpt>
    <trkpt lat="-37.092363" lon="142.502578"><ele>761.1</ele></trkpt>
    <trkpt lat="-37.092438" lon="142.502548"><ele>761.3</ele></trkpt>
    <trkpt lat="-37.092600" lon="142.502611"><ele>762.1</ele></trkpt>
    <trkpt lat="-37.092685" lon="142.502651"><ele>762.6</ele></trkpt>
    <trkpt lat="-37.092759" lon="142.502731"><ele>762.9</ele></trkpt>
    <trkpt lat="-37.092765" lon="142.502869"><ele>763.1</ele></trkpt>
    <trkpt lat="-37.092791" lon="142.502927"><ele>763.3</ele></trkpt>
    <trkpt lat="-37.092873" lon="142.502980"><ele>762.8</ele></trkpt>
    <trkpt lat="-37.092938" lon="142.502994"><ele>762.3</ele></trkpt>
    <trkpt lat="-37.093036" lon="142.502958"><ele>761.4</ele></trkpt>
    <trkpt lat="-37.093103" lon="142.502967"><ele>760.7</ele></trkpt>
    <trkpt lat="-37.093409" lon="142.503121"><ele>758.0</ele></trkpt>
    <trkpt lat="-37.093708" lon="142.503289"><ele>756.3</ele></trkpt>
    <trkpt lat="-37.093921" lon="142.503294"><ele>754.7</ele></trkpt>
    <trkpt lat="-37.094026" lon="142.503330"><ele>754.2</ele></trkpt>
    <trkpt lat="-37.094110" lon="142.503388"><ele>753.7</ele></trkpt>
    <trkpt lat="-37.094183" lon="142.503504"><ele>753.3</ele></trkpt>
    <trkpt lat="-37.094268" lon="142.503533"><ele>752.9</ele></trkpt>
    <trkpt lat="-37.094374" lon="142.503531"><ele>752.4</ele></trkpt>
    <trkpt lat="-37.094521" lon="142.503579"><ele>751.7</ele></trkpt>
    <trkpt lat="-37.094645" lon="142.503597"><ele>751.6</ele></trkpt>
    <trkpt lat="-37.094713" lon="142.503676"><ele>751.7</ele></trkpt>
    <trkpt lat="-37.094867" lon="142.503783"><ele>752.7</ele></trkpt>
    <trkpt lat="-37.095050" lon="142.503908"><ele>755.0</ele></trkpt>
    <trkpt lat="-37.095156" lon="142.503956"><ele>756.1</ele></trkpt>
    <trkpt lat="-37.095224" lon="142.503953"><ele>756.9</ele></trkpt>
    <trkpt lat="-37.095281" lon="142.503920"><ele>757.5</ele></trkpt>
    <trkpt lat="-37.095547" lon="142.503938"><ele>762.7</ele></trkpt>
    <trkpt lat="-37.095819" lon="142.503955"><ele>769.0</ele></trkpt>
    <trkpt lat="-37.095876" lon="142.503885"><ele>770.4</ele></trkpt>
    <trkpt lat="-37.096064" lon="142.503843"><ele>773.6</ele></trkpt>
    <trkpt lat="-37.096086" lon="142.503770"><ele>774.5</ele></trkpt>
    <trkpt lat="-37.096174" lon="142.503800"><ele>775.8</ele></trkpt>
    <trkpt lat="-37.096289" lon="142.503855"><ele>777.5</ele></trkpt>
    <trkpt lat="-37.096359" lon="142.503880"><ele>778.2</ele></trkpt>
    <trkpt lat="-37.096429" lon="142.503951"><ele>779.1</ele></trkpt>
    <trkpt lat="-37.096539" lon="142.503992"><ele>780.2</ele></trkpt>
    <trkpt lat="-37.096584" lon="142.503990"><ele>780.5</ele></trkpt>
    <trkpt lat="-37.096620" lon="142.503964"><ele>780.7</ele></trkpt>
    <trkpt lat="-37.096677" lon="142.503970"><ele>781.0</ele></trkpt>
    <trkpt lat="-37.096914" lon="142.504071"><ele>782.4</ele></trkpt>
    <trkpt lat="-37.097035" lon="142.504077"><ele>783.1</ele></trkpt>
    <trkpt lat="-37.097212" lon="142.504076"><ele>783.9</ele></trkpt>
    <trkpt lat="-37.097366" lon="142.504136"><ele>784.4</ele></trkpt>
    <trkpt lat="-37.097484" lon="142.504184"><ele>784.3</ele></trkpt>
    <trkpt lat="-37.097572" lon="142.504289"><ele>784.1</ele></trkpt>
    <trkpt lat="-37.097681" lon="142.504515"><ele>783.7</ele></trkpt>
    <trkpt lat="-37.097789" lon="142.504573"><ele>783.3</ele></trkpt>
    <trkpt lat="-37.097948" lon="142.504802"><ele>782.6</ele></trkpt>
    <trkpt lat="-37.098327" lon="142.504867"><ele>783.2</ele></trkpt>
    <trkpt lat="-37.098378" lon="142.504925"><ele>783.4</ele></trkpt>
    <trkpt lat="-37.098426" lon="142.504925"><ele>783.6</ele></trkpt>
    <trkpt lat="-37.098554" lon="142.504626"><ele>785.2</ele></trkpt>
    <trkpt lat="-37.098583" lon="142.504482"><ele>785.5</ele></trkpt>
    <trkpt lat="-37.098774" lon="142.504434"><ele>786.1</ele></trkpt>
    <trkpt lat="-37.098877" lon="142.504429"><ele>786.1</ele></trkpt>
    <trkpt lat="-37.098973" lon="142.504381"><ele>786.2</ele></trkpt>
    <trkpt lat="-37.099057" lon="142.504402"><ele>785.8</ele></trkpt>
    <trkpt lat="-37.099138" lon="142.504354"><ele>785.4</ele></trkpt>
    <trkpt lat="-37.099535" lon="142.504379"><ele>783.3</ele></trkpt>
    <trkpt lat="-37.099746" lon="142.504383"><ele>782.0</ele></trkpt>
    <trkpt lat="-37.099853" lon="142.504334"><ele>781.4</ele></trkpt>
    <trkpt lat="-37.100076" lon="142.504385"><ele>780.0</ele></trkpt>
    <trkpt lat="-37.100124" lon="142.504438"><ele>779.5</ele></trkpt>
    <trkpt lat="-37.100131" lon="142.504548"><ele>778.8</ele></trkpt>
    <trkpt lat="-37.100163" lon="142.504606"><ele>778.3</ele></trkpt>
    <trkpt lat="-37.100239" lon="142.504648"><ele>777.7</ele></trkpt>
    <trkpt lat="-37.100251" lon="142.504756"><ele>777.2</ele></trkpt>
    <trkpt lat="-37.100344" lon="142.504835"><ele>776.6</ele></trkpt>
    <trkpt lat="-37.100398" lon="142.504939"><ele>776.2</ele></trkpt>
    <trkpt lat="-37.100428" lon="142.505064"><ele>775.8</ele></trkpt>
    <trkpt lat="-37.100468" lon="142.505100"><ele>775.6</ele></trkpt>
    <trkpt lat="-37.100516" lon="142.505136"><ele>775.4</ele></trkpt>
    <trkpt lat="-37.100581" lon="142.505169"><ele>775.3</ele></trkpt>
    <trkpt lat="-37.100661" lon="142.505147"><ele>775.1</ele></trkpt>
    <trkpt lat="-37.100942" lon="142.505015"><ele>775.3</ele></trkpt>
    <trkpt lat="-37.101245" lon="142.505025"><ele>777.3</ele></trkpt>
    <trkpt lat="-37.101300" lon="142.504982"><ele>777.8</ele></trkpt>
    <trkpt lat="-37.101372" lon="142.504960"><ele>778.4</ele></trkpt>
    <trkpt lat="-37.101575" lon="142.504796"><ele>780.2</ele></trkpt>
    <trkpt lat="-37.101634" lon="142.504714"><ele>780.8</ele></trkpt>
    <trkpt lat="-37.101667" lon="142.504603"><ele>781.5</ele></trkpt>
    <trkpt lat="-37.101759" lon="142.504410"><ele>782.7</ele></trkpt>
    <trkpt lat="-37.101816" lon="142.504358"><ele>783.2</ele></trkpt>
    <trkpt lat="-37.101884" lon="142.504359"><ele>783.6</ele></trkpt>
    <trkpt lat="-37.101934" lon="142.504409"><ele>783.9</ele></trkpt>
    <trkpt lat="-37.101959" lon="142.504464"><ele>784.1</ele></trkpt>
    <trkpt lat="-37.101991" lon="142.504539"><ele>784.4</ele></trkpt>
    <trkpt lat="-37.102016" lon="142.504551"><ele>784.5</ele></trkpt>
    <trkpt lat="-37.102112" lon="142.504583"><ele>784.5</ele></trkpt>
    <trkpt lat="-37.102203" lon="142.504634"><ele>784.4</ele></trkpt>
    <trkpt lat="-37.102267" lon="142.504583"><ele>784.3</ele></trkpt>
    <trkpt lat="-37.102293" lon="142.504513"><ele>784.1</ele></trkpt>
    <trkpt lat="-37.102283" lon="142.504423"><ele>783.7</ele></trkpt>
    <trkpt lat="-37.102217" lon="142.504368"><ele>783.3</ele></trkpt>
    <trkpt lat="-37.102137" lon="142.504323"><ele>782.8</ele></trkpt>
    <trkpt lat="-37.102130" lon="142.504281"><ele>782.4</ele></trkpt>
    <trkpt lat="-37.102147" lon="142.504241"><ele>782.0</ele></trkpt>
    <trkpt lat="-37.102196" lon="142.504190"><ele>781.4</ele></trkpt>
    <trkpt lat="-37.102246" lon="142.504165"><ele>780.9</ele></trkpt>
    <trkpt lat="-37.102457" lon="142.504164"><ele>778.3</ele></trkpt>
    <trkpt lat="-37.102528" lon="142.504131"><ele>777.3</ele></trkpt>
    <trkpt lat="-37.102618" lon="142.504116"><ele>776.0</ele></trkpt>
    <trkpt lat="-37.102666" lon="142.504164"><ele>775.1</ele></trkpt>
    <trkpt lat="-37.102735" lon="142.504216"><ele>773.9</ele></trkpt>
    <trkpt lat="-37.102802" lon="142.504315"><ele>772.2</ele></trkpt>
    <trkpt lat="-37.102821" lon="142.504308"><ele>771.8</ele></trkpt>
    <trkpt lat="-37.102843" lon="142.504266"><ele>771.0</ele></trkpt>
    <trkpt lat="-37.102860" lon="142.504294"><ele>770.5</ele></trkpt>
    <trkpt lat="-37.102863" lon="142.504353"><ele>769.5</ele></trkpt>
    <trkpt lat="-37.102937" lon="142.504403"><ele>767.9</ele></trkpt>
    <trkpt lat="-37.102963" lon="142.504476"><ele>766.6</ele></trkpt>
    <trkpt lat="-37.103069" lon="142.504462"><ele>764.4</ele></trkpt>
    <trkpt lat="-37.103130" lon="142.504456"><ele>763.1</ele></trkpt>
    <trkpt lat="-37.103176" lon="142.504429"><ele>762.1</ele></trkpt>
    <trkpt lat="-37.103210" lon="142.504440"><ele>761.3</ele></trkpt>
    <trkpt lat="-37.103212" lon="142.504503"><ele>760.1</ele></trkpt>
    <trkpt lat="-37.103182" lon="142.504572"><ele>758.7</ele></trkpt>
    <trkpt lat="-37.103203" lon="142.504626"><ele>757.6</ele></trkpt>
    <trkpt lat="-37.103241" lon="142.504681"><ele>756.2</ele></trkpt>
    <trkpt lat="-37.103345" lon="142.504707"><ele>753.7</ele></trkpt>
    <trkpt lat="-37.103435" lon="142.504674"><ele>751.6</ele></trkpt>
    <trkpt lat="-37.103490" lon="142.504699"><ele>750.2</ele></trkpt>
    <trkpt lat="-37.103581" lon="142.504832"><ele>746.8</ele></trkpt>
    <trkpt lat="-37.103647" lon="142.504842"><ele>745.2</ele></trkpt>
    <trkpt lat="-37.103713" lon="142.504862"><ele>743.5</ele></trkpt>
    <trkpt lat="-37.103747" lon="142.504947"><ele>741.6</ele></trkpt>
    <trkpt lat="-37.103829" lon="142.504971"><ele>739.6</ele></trkpt>
    <trkpt lat="-37.103933" lon="142.504981"><ele>737.1</ele></trkpt>
    <trkpt lat="-37.104053" lon="142.505022"><ele>734.3</ele></trkpt>
    <trkpt lat="-37.104184" lon="142.505037"><ele>731.6</ele></trkpt>
    <trkpt lat="-37.104312" lon="142.505132"><ele>728.8</ele></trkpt>
    <trkpt lat="-37.104473" lon="142.505204"><ele>726.0</ele></trkpt>
    <trkpt lat="-37.104544" lon="142.505230"><ele>725.0</ele></trkpt>
    <trkpt lat="-37.104690" lon="142.505181"><ele>723.0</ele></trkpt>
    <trkpt lat="-37.104843" lon="142.505178"><ele>721.2</ele></trkpt>
    <trkpt lat="-37.105045" lon="142.505207"><ele>719.1</ele></trkpt>
    <trkpt lat="-37.105218" lon="142.505208"><ele>717.7</ele></trkpt>
    <trkpt lat="-37.105463" lon="142.505186"><ele>715.1</ele></trkpt>
    <trkpt lat="-37.105615" lon="142.505210"><ele>713.1</ele></trkpt>
    <trkpt lat="-37.105946" lon="142.505380"><ele>708.0</ele></trkpt>
    <trkpt lat="-37.106050" lon="142.505461"><ele>706.0</ele></trkpt>
    <trkpt lat="-37.106212" lon="142.505505"><ele>703.3</ele></trkpt>
    <trkpt lat="-37.106339" lon="142.505579"><ele>701.1</ele></trkpt>
    <trkpt lat="-37.106489" lon="142.505669"><ele>698.7</ele></trkpt>
    <trkpt lat="-37.106674" lon="142.505751"><ele>696.3</ele></trkpt>
    <trkpt lat="-37.106806" lon="142.505842"><ele>694.6</ele></trkpt>
    <trkpt lat="-37.106931" lon="142.505928"><ele>693.1</ele></trkpt>
    <trkpt lat="-37.107090" lon="142.505987"><ele>691.3</ele></trkpt>
    <trkpt lat="-37.107432" lon="142.506185"><ele>686.2</ele></trkpt>
    <trkpt lat="-37.107484" lon="142.506203"><ele>685.3</ele></trkpt>
    <trkpt lat="-37.107622" lon="142.506342"><ele>682.3</ele></trkpt>
    <trkpt lat="-37.107785" lon="142.506403"><ele>679.1</ele></trkpt>
    <trkpt lat="-37.107945" lon="142.506516"><ele>674.9</ele></trkpt>
    <trkpt lat="-37.108205" lon="142.506719"><ele>667.7</ele></trkpt>
    <trkpt lat="-37.108501" lon="142.506948"><ele>660.1</ele></trkpt>
    <trkpt lat="-37.108696" lon="142.507019"><ele>655.6</ele></trkpt>
    <trkpt lat="-37.108838" lon="142.507038"><ele>653.0</ele></trkpt>
    <trkpt lat="-37.108981" lon="142.507063"><ele>650.3</ele></trkpt>
    <trkpt lat="-37.109101" lon="142.507107"><ele>649.1</ele></trkpt>
    <trkpt lat="-37.109310" lon="142.507035"><ele>647.2</ele></trkpt>
    <trkpt lat="-37.109491" lon="142.507006"><ele>645.9</ele></trkpt>
    <trkpt lat="-37.109681" lon="142.506867"><ele>644.4</ele></trkpt>
    <trkpt lat="-37.109854" lon="142.506748"><ele>644.6</ele></trkpt>
    <trkpt lat="-37.110104" lon="142.506781"><ele>645.9</ele></trkpt>
    <trkpt lat="-37.110281" lon="142.506753"><ele>646.7</ele></trkpt>
    <trkpt lat="-37.110397" lon="142.506706"><ele>646.7</ele></trkpt>
    <trkpt lat="-37.110540" lon="142.506706"><ele>646.8</ele></trkpt>
    <trkpt lat="-37.110714" lon="142.506824"><ele>646.6</ele></trkpt>
    <trkpt lat="-37.110840" lon="142.506966"><ele>646.7</ele></trkpt>
    <trkpt lat="-37.110958" lon="142.507043"><ele>647.0</ele></trkpt>
    <trkpt lat="-37.111137" lon="142.507182"><ele>646.4</ele></trkpt>
    <trkpt lat="-37.111318" lon="142.507278"><ele>645.8</ele></trkpt>
    <trkpt lat="-37.111641" lon="142.507331"><ele>645.1</ele></trkpt>
    <trkpt lat="-37.111786" lon="142.507329"><ele>644.8</ele></trkpt>
    <trkpt lat="-37.112071" lon="142.507472"><ele>643.2</ele></trkpt>
    <trkpt lat="-37.112344" lon="142.507540"><ele>640.1</ele></trkpt>
    <trkpt lat="-37.112790" lon="142.507708"><ele>632.6</ele></trkpt>
    <trkpt lat="-37.113182" lon="142.507673"><ele>625.5</ele></trkpt>
    <trkpt lat="-37.113287" lon="142.507652"><ele>624.3</ele></trkpt>
    <trkpt lat="-37.113392" lon="142.507706"><ele>624.6</ele></trkpt>
    <trkpt lat="-37.113531" lon="142.507715"><ele>625.5</ele></trkpt>
    <trkpt lat="-37.113733" lon="142.507640"><ele>627.7</ele></trkpt>
    <trkpt lat="-37.113970" lon="142.507592"><ele>631.3</ele></trkpt>
    <trkpt lat="-37.114078" lon="142.507577"><ele>633.2</ele></trkpt>
    <trkpt lat="-37.114263" lon="142.507711"><ele>637.9</ele></trkpt>
    <trkpt lat="-37.114929" lon="142.507951"><ele>644.8</ele></trkpt>
    <trkpt lat="-37.115193" lon="142.507969"><ele>644.9</ele></trkpt>
    <trkpt lat="-37.115346" lon="142.507992"><ele>644.8</ele></trkpt>
    <trkpt lat="-37.115626" lon="142.508006"><ele>645.1</ele></trkpt>
    <trkpt lat="-37.116112" lon="142.508042"><ele>640.4</ele></trkpt>
    <trkpt lat="-37.116227" lon="142.508074"><ele>638.3</ele></trkpt>
    <trkpt lat="-37.116250" lon="142.508128"><ele>637.0</ele></trkpt>
    <trkpt lat="-37.116237" lon="142.508245"><ele>634.6</ele></trkpt>
    <trkpt lat="-37.116304" lon="142.508409"><ele>630.7</ele></trkpt>
    <trkpt lat="-37.116440" lon="142.508511"><ele>625.8</ele></trkpt>
    <trkpt lat="-37.116588" lon="142.508544"><ele>620.9</ele></trkpt>
    <trkpt lat="-37.116691" lon="142.508633"><ele>616.5</ele></trkpt>
    <trkpt lat="-37.117070" lon="142.508723"><ele>604.3</ele></trkpt>
    <trkpt lat="-37.117141" lon="142.508723"><ele>602.5</ele></trkpt>
    <trkpt lat="-37.117289" lon="142.508760"><ele>598.6</ele></trkpt>
    <trkpt lat="-37.117429" lon="142.508803"><ele>596.2</ele></trkpt>
    <trkpt lat="-37.117599" lon="142.509003"><ele>592.9</ele></trkpt>
    <trkpt lat="-37.117802" lon="142.509085"><ele>590.9</ele></trkpt>
    <trkpt lat="-37.118008" lon="142.509025"><ele>589.5</ele></trkpt>
    <trkpt lat="-37.118140" lon="142.508942"><ele>589.4</ele></trkpt>
    <trkpt lat="-37.118385" lon="142.508789"><ele>588.9</ele></trkpt>
    <trkpt lat="-37.118443" lon="142.508781"><ele>588.7</ele></trkpt>
    <trkpt lat="-37.118529" lon="142.508831"><ele>588.3</ele></trkpt>
    <trkpt lat="-37.118752" lon="142.508747"><ele>586.3</ele></trkpt>
    <trkpt lat="-37.118808" lon="142.508858"><ele>584.4</ele></trkpt>
    <trkpt lat="-37.118859" lon="142.509005"><ele>582.0</ele></trkpt>
    <trkpt lat="-37.118932" lon="142.509230"><ele>577.4</ele></trkpt>
    <trkpt lat="-37.119103" lon="142.509509"><ele>570.2</ele></trkpt>
    <trkpt lat="-37.119413" lon="142.509810"><ele>562.4</ele></trkpt>
    <trkpt lat="-37.119656" lon="142.509792"><ele>558.5</ele></trkpt>
    <trkpt lat="-37.119908" lon="142.509748"><ele>555.3</ele></trkpt>
    <trkpt lat="-37.120190" lon="142.509803"><ele>553.0</ele></trkpt>
    <trkpt lat="-37.120339" lon="142.509888"><ele>551.8</ele></trkpt>
    <trkpt lat="-37.120443" lon="142.509920"><ele>551.0</ele></trkpt>
    <trkpt lat="-37.120547" lon="142.509917"><ele>549.6</ele></trkpt>
    <trkpt lat="-37.120719" lon="142.509883"><ele>547.1</ele></trkpt>
    <trkpt lat="-37.120824" lon="142.509816"><ele>545.1</ele></trkpt>
    <trkpt lat="-37.120953" lon="142.509780"><ele>542.9</ele></trkpt>
    <trkpt lat="-37.121024" lon="142.509763"><ele>541.8</ele></trkpt>
    <trkpt lat="-37.121091" lon="142.509849"><ele>540.3</ele></trkpt>
    <trkpt lat="-37.121368" lon="142.510116"><ele>534.8</ele></trkpt>
    <trkpt lat="-37.121851" lon="142.510084"><ele>528.1</ele></trkpt>
    <trkpt lat="-37.122239" lon="142.509839"><ele>525.2</ele></trkpt>
    <trkpt lat="-37.122295" lon="142.509697"><ele>524.0</ele></trkpt>
    <trkpt lat="-37.122324" lon="142.509643"><ele>523.6</ele></trkpt>
    <trkpt lat="-37.122365" lon="142.509620"><ele>523.1</ele></trkpt>
    <trkpt lat="-37.122404" lon="142.509603"><ele>522.7</ele></trkpt>
    <trkpt lat="-37.122537" lon="142.509766"><ele>520.7</ele></trkpt>
    <trkpt lat="-37.122746" lon="142.509966"><ele>516.8</ele></trkpt>
    <trkpt lat="-37.123797" lon="142.510356"><ele>495.8</ele></trkpt>
    <trkpt lat="-37.123923" lon="142.510323"><ele>492.9</ele></trkpt>
    <trkpt lat="-37.123978" lon="142.510249"><ele>491.0</ele></trkpt>
    <trkpt lat="-37.124027" lon="142.510108"><ele>487.9</ele></trkpt>
    <trkpt lat="-37.124080" lon="142.510134"><ele>486.4</ele></trkpt>
    <trkpt lat="-37.124197" lon="142.510360"><ele>480.9</ele></trkpt>
    <trkpt lat="-37.124220" lon="142.510640"><ele>475.5</ele></trkpt>
    <trkpt lat="-37.124321" lon="142.510765"><ele>471.4</ele></trkpt>
    <trkpt lat="-37.124461" lon="142.510986"><ele>464.8</ele></trkpt>
    <trkpt lat="-37.124603" lon="142.511281"><ele>458.0</ele></trkpt>
    <trkpt lat="-37.124712" lon="142.511563"><ele>453.6</ele></trkpt>
    <trkpt lat="-37.124922" lon="142.511932"><ele>448.5</ele></trkpt>
    <trkpt lat="-37.125150" lon="142.512049"><ele>445.1</ele></trkpt>
    <trkpt lat="-37.125547" lon="142.512055"><ele>440.3</ele></trkpt>
    <trkpt lat="-37.127337" lon="142.512419"><ele>423.0</ele></trkpt>
    <trkpt lat="-37.127552" lon="142.512555"><ele>421.4</ele></trkpt>
    <trkpt lat="-37.127769" lon="142.512771"><ele>419.7</ele></trkpt>
    <trkpt lat="-37.128056" lon="142.513157"><ele>416.6</ele></trkpt>
    <trkpt lat="-37.128274" lon="142.513815"><ele>411.2</ele></trkpt>
    <trkpt lat="-37.128409" lon="142.513871"><ele>409.5</ele></trkpt>
    <trkpt lat="-37.128416" lon="142.513991"><ele>408.3</ele></trkpt>
    <trkpt lat="-37.128488" lon="142.514075"><ele>407.1</ele></trkpt>
    <trkpt lat="-37.128544" lon="142.514124"><ele>406.3</ele></trkpt>
    <trkpt lat="-37.128740" lon="142.514103"><ele>404.3</ele></trkpt>
    <trkpt lat="-37.128850" lon="142.514137"><ele>403.2</ele></trkpt>
    <trkpt lat="-37.128912" lon="142.514266"><ele>402.1</ele></trkpt>
    <trkpt lat="-37.128974" lon="142.514279"><ele>401.6</ele></trkpt>
    <trkpt lat="-37.129010" lon="142.514339"><ele>401.0</ele></trkpt>
    <trkpt lat="-37.129276" lon="142.514285"><ele>399.5</ele></trkpt>
    <trkpt lat="-37.129379" lon="142.514211"><ele>398.9</ele></trkpt>
    <trkpt lat="-37.129506" lon="142.514202"><ele>398.3</ele></trkpt>
    <trkpt lat="-37.129630" lon="142.514153"><ele>397.9</ele></trkpt>
    <trkpt lat="-37.129708" lon="142.514156"><ele>397.9</ele></trkpt>
    <trkpt lat="-37.129859" lon="142.514183"><ele>397.7</ele></trkpt>
    <trkpt lat="-37.129910" lon="142.514150"><ele>397.7</ele></trkpt>
    <trkpt lat="-37.130091" lon="142.514141"><ele>397.5</ele></trkpt>
    <trkpt lat="-37.130127" lon="142.514151"><ele>397.4</ele></trkpt>
    <trkpt lat="-37.130185" lon="142.514168"><ele>397.4</ele></trkpt>
    <trkpt lat="-37.130264" lon="142.514171"><ele>397.3</ele></trkpt>
    <trkpt lat="-37.130299" lon="142.514182"><ele>397.2</ele></trkpt>
    <trkpt lat="-37.130379" lon="142.514184"><ele>397.2</ele></trkpt>
    <trkpt lat="-37.130409" lon="142.514204"><ele>397.2</ele></trkpt>
    <trkpt lat="-37.130567" lon="142.514204"><ele>397.3</ele></trkpt>
    <trkpt lat="-37.130684" lon="142.514179"><ele>397.5</ele></trkpt>
    <trkpt lat="-37.130946" lon="142.514182"><ele>397.8</ele></trkpt>
    <trkpt lat="-37.131009" lon="142.514175"><ele>397.9</ele></trkpt>
    <trkpt lat="-37.131081" lon="142.514176"><ele>397.9</ele></trkpt>
    <trkpt lat="-37.131102" lon="142.514179"><ele>397.9</ele></trkpt>
    <trkpt lat="-37.131158" lon="142.514199"><ele>397.9</ele></trkpt>
    <trkpt lat="-37.131169" lon="142.514297"><ele>398.0</ele></trkpt>
    <trkpt lat="-37.131183" lon="142.514367"><ele>398.0</ele></trkpt>
    <trkpt lat="-37.131223" lon="142.514403"><ele>398.1</ele></trkpt>
    <trkpt lat="-37.131276" lon="142.514416"><ele>398.1</ele></trkpt>
    <trkpt lat="-37.131336" lon="142.514410"><ele>398.2</ele></trkpt>
    <trkpt lat="-37.131367" lon="142.514408"><ele>398.2</ele></trkpt>
    <trkpt lat="-37.131470" lon="142.514374"><ele>398.4</ele></trkpt>
    <trkpt lat="-37.131531" lon="142.514357"><ele>398.4</ele></trkpt>
    <trkpt lat="-37.131563" lon="142.514342"><ele>398.4</ele></trkpt>
    <trkpt lat="-37.131601" lon="142.514336"><ele>398.3</ele></trkpt>
    <trkpt lat="-37.131690" lon="142.514328"><ele>397.9</ele></trkpt>
    <trkpt lat="-37.131738" lon="142.514313"><ele>397.7</ele></trkpt>
    <trkpt lat="-37.131812" lon="142.514338"><ele>397.4</ele></trkpt>
    <trkpt lat="-37.131875" lon="142.514343"><ele>396.9</ele></trkpt>
    <trkpt lat="-37.132029" lon="142.514333"><ele>395.4</ele></trkpt>
    <trkpt lat="-37.132080" lon="142.514374"><ele>394.8</ele></trkpt>
    <trkpt lat="-37.132134" lon="142.514518"><ele>393.6</ele></trkpt>
    <trkpt lat="-37.131879" lon="142.514579"><ele>390.7</ele></trkpt>
    <trkpt lat="-37.131743" lon="142.514710"><ele>388.5</ele></trkpt>
    <trkpt lat="-37.131498" lon="142.514760"><ele>384.3</ele></trkpt>
    <trkpt lat="-37.131364" lon="142.514848"><ele>381.6</ele></trkpt>
    <trkpt lat="-37.131278" lon="142.514886"><ele>380.1</ele></trkpt>
    <trkpt lat="-37.131298" lon="142.514917"><ele>379.5</ele></trkpt>
    <trkpt lat="-37.131409" lon="142.514961"><ele>377.9</ele></trkpt>
    <trkpt lat="-37.131432" lon="142.515009"><ele>377.3</ele></trkpt>
    <trkpt lat="-37.131395" lon="142.515043"><ele>376.7</ele></trkpt>
    <trkpt lat="-37.131200" lon="142.515098"><ele>374.0</ele></trkpt>
    <trkpt lat="-37.130997" lon="142.515290"><ele>370.7</ele></trkpt>
    <trkpt lat="-37.130608" lon="142.515447"><ele>367.0</ele></trkpt>
    <trkpt lat="-37.130410" lon="142.515489"><ele>366.5</ele></trkpt>
    <trkpt lat="-37.130104" lon="142.515558"><ele>365.6</ele></trkpt>
    <trkpt lat="-37.129874" lon="142.515542"><ele>364.8</ele></trkpt>
    <trkpt lat="-37.129605" lon="142.515635"><ele>363.4</ele></trkpt>
    <trkpt lat="-37.129254" lon="142.515764"><ele>360.6</ele></trkpt>
    <trkpt lat="-37.129048" lon="142.515921"><ele>358.2</ele></trkpt>
    <trkpt lat="-37.128959" lon="142.516061"><ele>356.6</ele></trkpt>
    <trkpt lat="-37.129604" lon="142.516020"><ele>348.4</ele></trkpt>
    <trkpt lat="-37.129895" lon="142.516058"><ele>344.7</ele></trkpt>
    <trkpt lat="-37.130089" lon="142.516119"><ele>342.3</ele></trkpt>
    <trkpt lat="-37.130763" lon="142.516102"><ele>335.7</ele></trkpt>
    <trkpt lat="-37.130989" lon="142.516100"><ele>333.8</ele></trkpt>
    <trkpt lat="-37.131670" lon="142.515984"><ele>325.1</ele></trkpt>
    <trkpt lat="-37.131723" lon="142.516038"><ele>324.1</ele></trkpt>
    <trkpt lat="-37.131652" lon="142.516102"><ele>322.6</ele></trkpt>
    <trkpt lat="-37.131512" lon="142.516221"><ele>319.7</ele></trkpt>
    <trkpt lat="-37.131481" lon="142.516320"><ele>318.2</ele></trkpt>
    <trkpt lat="-37.131178" lon="142.516555"><ele>312.1</ele></trkpt>
    <trkpt lat="-37.130904" lon="142.516746"><ele>307.6</ele></trkpt>
    <trkpt lat="-37.130503" lon="142.516829"><ele>302.9</ele></trkpt>
    <trkpt lat="-37.130292" lon="142.516830"><ele>301.0</ele></trkpt>
    <trkpt lat="-37.129946" lon="142.516875"><ele>297.8</ele></trkpt>
    <trkpt lat="-37.129694" lon="142.516920"><ele>295.6</ele></trkpt>
    <trkpt lat="-37.129118" lon="142.517341"><ele>289.1</ele></trkpt>
    <trkpt lat="-37.128916" lon="142.517412"><ele>287.4</ele></trkpt>
    <trkpt lat="-37.128524" lon="142.517435"><ele>285.4</ele></trkpt>
    <trkpt lat="-37.128181" lon="142.517362"><ele>284.7</ele></trkpt>
    <trkpt lat="-37.127855" lon="142.516996"><ele>283.6</ele></trkpt>
    <trkpt lat="-37.127795" lon="142.516800"><ele>282.8</ele></trkpt>
    <trkpt lat="-37.127662" lon="142.516764"><ele>282.1</ele></trkpt>
    <trkpt lat="-37.127443" lon="142.516729"><ele>280.3</ele></trkpt>
    <trkpt lat="-37.127101" lon="142.516565"><ele>277.3</ele></trkpt>
    <trkpt lat="-37.127135" lon="142.516617"><ele>277.1</ele></trkpt>
    <trkpt lat="-37.127268" lon="142.516809"><ele>276.1</ele></trkpt>
    <trkpt lat="-37.127467" lon="142.516932"><ele>275.2</ele></trkpt>
    <trkpt lat="-37.127639" lon="142.516972"><ele>274.5</ele></trkpt>
    <trkpt lat="-37.127669" lon="142.517014"><ele>274.3</ele></trkpt>
    <trkpt lat="-37.127682" lon="142.517060"><ele>274.1</ele></trkpt>
    <trkpt lat="-37.127809" lon="142.517376"><ele>272.4</ele></trkpt>
    <trkpt lat="-37.127902" lon="142.517609"><ele>270.8</ele></trkpt>
    <trkpt lat="-37.128117" lon="142.517897"><ele>267.5</ele></trkpt>
    <trkpt lat="-37.128267" lon="142.517998"><ele>265.5</ele></trkpt>
    <trkpt lat="-37.128396" lon="142.518041"><ele>263.9</ele></trkpt>
    <trkpt lat="-37.128558" lon="142.518048"><ele>262.3</ele></trkpt>
    <trkpt lat="-37.128768" lon="142.518068"><ele>260.6</ele></trkpt>
    <trkpt lat="-37.129086" lon="142.518031"><ele>258.7</ele></trkpt>
    <trkpt lat="-37.129442" lon="142.517954"><ele>257.2</ele></trkpt>
    <trkpt lat="-37.129735" lon="142.517857"><ele>255.4</ele></trkpt>
    <trkpt lat="-37.129844" lon="142.517848"><ele>254.8</ele></trkpt>
    <trkpt lat="-37.129992" lon="142.517894"><ele>253.9</ele></trkpt>
    <trkpt lat="-37.130185" lon="142.518038"><ele>252.7</ele></trkpt>
    <trkpt lat="-37.130406" lon="142.518169"><ele>251.1</ele></trkpt>
    <trkpt lat="-37.130532" lon="142.518171"><ele>250.3</ele></trkpt>
    <trkpt lat="-37.130626" lon="142.518184"><ele>249.6</ele></trkpt>
    <trkpt lat="-37.130849" lon="142.518246"><ele>248.3</ele></trkpt>
    <trkpt lat="-37.130927" lon="142.518244"><ele>247.9</ele></trkpt>
    <trkpt lat="-37.131239" lon="142.518218"><ele>245.8</ele></trkpt>
    <trkpt lat="-37.131497" lon="142.518226"><ele>243.9</ele></trkpt>
    <trkpt lat="-37.131684" lon="142.518255"><ele>242.7</ele></trkpt>
    <trkpt lat="-37.131915" lon="142.518426"><ele>241.3</ele></trkpt>
    <trkpt lat="-37.132056" lon="142.518472"><ele>240.7</ele></trkpt>
    <trkpt lat="-37.132113" lon="142.518468"><ele>240.6</ele></trkpt>
    <trkpt lat="-37.132322" lon="142.518538"><ele>240.5</ele></trkpt>
    <trkpt lat="-37.132513" lon="142.518617"><ele>241.3</ele></trkpt>
    <trkpt lat="-37.132809" lon="142.518754"><ele>242.7</ele></trkpt>
    <trkpt lat="-37.132939" lon="142.518791"><ele>243.2</ele></trkpt>
    <trkpt lat="-37.133070" lon="142.518824"><ele>243.5</ele></trkpt>
    <trkpt lat="-37.133209" lon="142.518862"><ele>243.8</ele></trkpt>
    <trkpt lat="-37.133434" lon="142.518885"><ele>244.1</ele></trkpt>
    <trkpt lat="-37.133534" lon="142.518877"><ele>244.2</ele></trkpt>
    <trkpt lat="-37.133598" lon="142.518922"><ele>244.2</ele></trkpt>
    <trkpt lat="-37.134036" lon="142.518783"><ele>242.4</ele></trkpt>
    <trkpt lat="-37.134234" lon="142.518778"><ele>241.9</ele></trkpt>
    <trkpt lat="-37.134348" lon="142.518747"><ele>241.8</ele></trkpt>
    <trkpt lat="-37.134456" lon="142.518705"><ele>241.8</ele></trkpt>
    <trkpt lat="-37.134690" lon="142.518634"><ele>241.2</ele></trkpt>
    <trkpt lat="-37.134879" lon="142.518544"><ele>240.4</ele></trkpt>
    <trkpt lat="-37.135039" lon="142.518475"><ele>240.1</ele></trkpt>
    <trkpt lat="-37.135255" lon="142.518458"><ele>239.7</ele></trkpt>
    <trkpt lat="-37.135398" lon="142.518502"><ele>239.2</ele></trkpt>
    <trkpt lat="-37.135442" lon="142.518512"><ele>239.0</ele></trkpt>
    <trkpt lat="-37.135625" lon="142.518553"><ele>238.5</ele></trkpt>
    <trkpt lat="-37.135634" lon="142.518555"><ele>238.4</ele></trkpt>
    <trkpt lat="-37.135641" lon="142.518558"><ele>238.4</ele></trkpt>
    <trkpt lat="-37.135745" lon="142.518615"><ele>238.1</ele></trkpt>
    <trkpt lat="-37.135725" lon="142.518717"><ele>237.8</ele></trkpt>
    <trkpt lat="-37.135700" lon="142.518837"><ele>237.6</ele></trkpt>
    <trkpt lat="-37.135720" lon="142.518927"><ele>237.4</ele></trkpt>
    <trkpt lat="-37.135744" lon="142.519022"><ele>237.4</ele></trkpt>
    <trkpt lat="-37.135815" lon="142.519169"><ele>237.3</ele></trkpt>
    <trkpt lat="-37.135969" lon="142.519372"><ele>236.5</ele></trkpt>
    <trkpt lat="-37.136196" lon="142.519668"><ele>235.8</ele></trkpt>
    <trkpt lat="-37.136314" lon="142.519820"><ele>235.5</ele></trkpt>
    <trkpt lat="-37.136413" lon="142.519949"><ele>235.1</ele></trkpt>
    <trkpt lat="-37.136460" lon="142.520011"><ele>234.9</ele></trkpt>
    <trkpt lat="-37.136585" lon="142.519821"><ele>234.2</ele></trkpt>
    <trkpt lat="-37.136667" lon="142.519674"><ele>233.6</ele></trkpt>
    <trkpt lat="-37.136788" lon="142.519509"><ele>233.2</ele></trkpt>
    <trkpt lat="-37.136873" lon="142.519413"><ele>233.6</ele></trkpt>
    <trkpt lat="-37.137005" lon="142.519276"><ele>234.1</ele></trkpt>
    <trkpt lat="-37.137099" lon="142.519186"><ele>234.5</ele></trkpt>
    <trkpt lat="-37.137234" lon="142.519116"><ele>234.9</ele></trkpt>
    <trkpt lat="-37.137238" lon="142.519028"><ele>235.1</ele></trkpt>
    <trkpt lat="-37.137246" lon="142.518650"><ele>235.7</ele></trkpt>
    <trkpt lat="-37.137266" lon="142.518460"><ele>236.0</ele></trkpt>
    <trkpt lat="-37.137302" lon="142.518288"><ele>236.2</ele></trkpt>
    <trkpt lat="-37.137385" lon="142.518082"><ele>236.3</ele></trkpt>
    <trkpt lat="-37.137486" lon="142.517915"><ele>236.3</ele></trkpt>
    <trkpt lat="-37.137619" lon="142.517792"><ele>235.9</ele></trkpt>
    <trkpt lat="-37.137832" lon="142.517683"><ele>235.7</ele></trkpt>
    <trkpt lat="-37.138358" lon="142.517547"><ele>236.8</ele></trkpt>
    <trkpt lat="-37.138136" lon="142.516537"><ele>241.3</ele></trkpt>
    <trkpt lat="-37.138095" lon="142.516458"><ele>242.0</ele></trkpt>
    <trkpt lat="-37.138048" lon="142.516200"><ele>243.9</ele></trkpt>
    <trkpt lat="-37.138067" lon="142.515951"><ele>245.5</ele></trkpt>
    <trkpt lat="-37.138088" lon="142.515618"><ele>246.9</ele></trkpt>
    <trkpt lat="-37.138103" lon="142.515468"><ele>247.2</ele></trkpt>
    <trkpt lat="-37.138117" lon="142.515268"><ele>247.4</ele></trkpt>
    <trkpt lat="-37.138159" lon="142.515149"><ele>247.5</ele></trkpt>
    <trkpt lat="-37.138260" lon="142.514941"><ele>247.1</ele></trkpt>
    <trkpt lat="-37.138254" lon="142.514846"><ele>246.8</ele></trkpt>
    <trkpt lat="-37.138195" lon="142.514745"><ele>246.5</ele></trkpt>
    <trkpt lat="-37.138193" lon="142.514556"><ele>246.0</ele></trkpt>
    <trkpt lat="-37.138180" lon="142.514395"><ele>245.8</ele></trkpt>
    <trkpt lat="-37.138136" lon="142.514161"><ele>245.9</ele></trkpt>
    <trkpt lat="-37.138092" lon="142.513922"><ele>246.7</ele></trkpt>
    <trkpt lat="-37.138040" lon="142.513757"><ele>247.3</ele></trkpt>
    <trkpt lat="-37.137976" lon="142.513571"><ele>248.2</ele></trkpt>
    <trkpt lat="-37.137919" lon="142.513470"><ele>248.8</ele></trkpt>
    <trkpt lat="-37.137848" lon="142.513325"><ele>249.8</ele></trkpt>
    <trkpt lat="-37.137812" lon="142.513164"><ele>250.9</ele></trkpt>
    <trkpt lat="-37.137755" lon="142.512925"><ele>252.8</ele></trkpt>
    <trkpt lat="-37.137719" lon="142.512823"><ele>253.8</ele></trkpt>
    <trkpt lat="-37.137635" lon="142.512735"><ele>255.2</ele></trkpt>
    <trkpt lat="-37.137517" lon="142.512638"><ele>256.9</ele></trkpt>
    <trkpt lat="-37.137422" lon="142.512556"><ele>258.1</ele></trkpt>
    <trkpt lat="-37.137364" lon="142.512495"><ele>258.9</ele></trkpt>
    <trkpt lat="-37.137311" lon="142.512341"><ele>260.1</ele></trkpt>
    <trkpt lat="-37.137292" lon="142.512133"><ele>261.4</ele></trkpt>
    <trkpt lat="-37.137272" lon="142.512059"><ele>261.9</ele></trkpt>
    <trkpt lat="-37.137235" lon="142.511920"><ele>262.8</ele></trkpt>
    <trkpt lat="-37.137259" lon="142.511852"><ele>263.2</ele></trkpt>
    <trkpt lat="-37.137352" lon="142.511752"><ele>263.7</ele></trkpt>
    <trkpt lat="-37.137368" lon="142.511584"><ele>264.1</ele></trkpt>
    <trkpt lat="-37.137419" lon="142.511447"><ele>264.4</ele></trkpt>
    <trkpt lat="-37.137457" lon="142.511270"><ele>264.8</ele></trkpt>
    <trkpt lat="-37.137512" lon="142.511231"><ele>264.9</ele></trkpt>
    <trkpt lat="-37.137568" lon="142.511183"><ele>265.4</ele></trkpt>
    <trkpt lat="-37.137587" lon="142.511124"><ele>265.8</ele></trkpt>
    <trkpt lat="-37.137685" lon="142.511034"><ele>266.7</ele></trkpt>
    <trkpt lat="-37.137750" lon="142.510851"><ele>267.7</ele></trkpt>
    <trkpt lat="-37.137748" lon="142.510701"><ele>268.4</ele></trkpt>
    <trkpt lat="-37.137819" lon="142.510580"><ele>269.0</ele></trkpt>
    <trkpt lat="-37.137839" lon="142.510405"><ele>269.7</ele></trkpt>
    <trkpt lat="-37.137815" lon="142.510351"><ele>270.0</ele></trkpt>
    <trkpt lat="-37.137882" lon="142.510233"><ele>271.2</ele></trkpt>
    <trkpt lat="-37.137925" lon="142.510008"><ele>272.9</ele></trkpt>
    <trkpt lat="-37.137941" lon="142.509889"><ele>273.4</ele></trkpt>
    <trkpt lat="-37.138025" lon="142.509786"><ele>274.1</ele></trkpt>
    <trkpt lat="-37.138042" lon="142.509702"><ele>273.8</ele></trkpt>
    <trkpt lat="-37.138147" lon="142.509539"><ele>273.0</ele></trkpt>
    <trkpt lat="-37.138296" lon="142.509396"><ele>272.7</ele></trkpt>
    <trkpt lat="-37.138501" lon="142.509270"><ele>272.7</ele></trkpt>
    <trkpt lat="-37.138644" lon="142.509168"><ele>272.6</ele></trkpt>
    <trkpt lat="-37.138744" lon="142.509103"><ele>272.6</ele></trkpt>
    <trkpt lat="-37.138809" lon="142.509091"><ele>272.5</ele></trkpt>
    <trkpt lat="-37.138840" lon="142.508978"><ele>272.4</ele></trkpt>
    <trkpt lat="-37.139126" lon="142.508816"><ele>273.8</ele></trkpt>
    <trkpt lat="-37.139291" lon="142.508661"><ele>276.2</ele></trkpt>
    <trkpt lat="-37.139388" lon="142.508546"><ele>277.7</ele></trkpt>
    <trkpt lat="-37.139471" lon="142.508349"><ele>279.6</ele></trkpt>
    <trkpt lat="-37.139745" lon="142.507988"><ele>284.3</ele></trkpt>
    <trkpt lat="-37.140046" lon="142.507603"><ele>288.9</ele></trkpt>
    <trkpt lat="-37.140109" lon="142.507541"><ele>289.9</ele></trkpt>
    <trkpt lat="-37.140176" lon="142.507464"><ele>290.9</ele></trkpt>
    <trkpt lat="-37.140397" lon="142.507379"><ele>292.9</ele></trkpt>
    <trkpt lat="-37.140466" lon="142.507321"><ele>293.5</ele></trkpt>
    <trkpt lat="-37.140734" lon="142.507233"><ele>296.5</ele></trkpt>
    <trkpt lat="-37.140848" lon="142.507330"><ele>298.6</ele></trkpt>
    <trkpt lat="-37.140958" lon="142.507371"><ele>300.4</ele></trkpt>
    <trkpt lat="-37.141441" lon="142.507407"><ele>309.1</ele></trkpt>
    <trkpt lat="-37.141532" lon="142.507457"><ele>311.3</ele></trkpt>
    <trkpt lat="-37.141608" lon="142.507554"><ele>314.2</ele></trkpt>
    <trkpt lat="-37.141691" lon="142.507583"><ele>316.5</ele></trkpt>
    <trkpt lat="-37.141814" lon="142.507537"><ele>319.8</ele></trkpt>
    <trkpt lat="-37.141994" lon="142.507586"><ele>324.3</ele></trkpt>
    <trkpt lat="-37.142343" lon="142.507595"><ele>329.8</ele></trkpt>
    <trkpt lat="-37.142442" lon="142.507552"><ele>331.0</ele></trkpt>
    <trkpt lat="-37.142493" lon="142.507493"><ele>331.7</ele></trkpt>
    <trkpt lat="-37.142530" lon="142.507417"><ele>332.0</ele></trkpt>
    <trkpt lat="-37.142650" lon="142.507099"><ele>331.6</ele></trkpt>
    <trkpt lat="-37.142639" lon="142.507036"><ele>331.3</ele></trkpt>
    <trkpt lat="-37.142713" lon="142.506931"><ele>330.7</ele></trkpt>
    <trkpt lat="-37.142792" lon="142.506808"><ele>329.7</ele></trkpt>
    <trkpt lat="-37.142827" lon="142.506781"><ele>329.2</ele></trkpt>
    <trkpt lat="-37.142863" lon="142.506804"><ele>328.8</ele></trkpt>
    <trkpt lat="-37.142822" lon="142.506858"><ele>328.1</ele></trkpt>
    <trkpt lat="-37.142874" lon="142.506872"><ele>327.5</ele></trkpt>
    <trkpt lat="-37.142975" lon="142.506732"><ele>326.0</ele></trkpt>
    <trkpt lat="-37.143079" lon="142.506505"><ele>324.0</ele></trkpt>
    <trkpt lat="-37.143145" lon="142.506465"><ele>323.4</ele></trkpt>
    <trkpt lat="-37.143233" lon="142.506521"><ele>322.7</ele></trkpt>
    <trkpt lat="-37.143253" lon="142.506591"><ele>322.4</ele></trkpt>
    <trkpt lat="-37.143333" lon="142.506517"><ele>322.0</ele></trkpt>
    <trkpt lat="-37.143401" lon="142.506568"><ele>321.7</ele></trkpt>
    <trkpt lat="-37.143468" lon="142.506586"><ele>321.4</ele></trkpt>
    <trkpt lat="-37.143628" lon="142.506589"><ele>321.2</ele></trkpt>
    <trkpt lat="-37.143768" lon="142.506559"><ele>321.1</ele></trkpt>
    <trkpt lat="-37.143847" lon="142.506511"><ele>321.2</ele></trkpt>
    <trkpt lat="-37.143945" lon="142.506391"><ele>321.3</ele></trkpt>
    <trkpt lat="-37.144060" lon="142.506001"><ele>322.3</ele></trkpt>
    <trkpt lat="-37.144094" lon="142.505884"><ele>322.6</ele></trkpt>
    <trkpt lat="-37.144094" lon="142.505795"><ele>322.9</ele></trkpt>
    <trkpt lat="-37.144185" lon="142.505499"><ele>324.1</ele></trkpt>
    <trkpt lat="-37.144213" lon="142.505394"><ele>324.6</ele></trkpt>
    <trkpt lat="-37.144244" lon="142.505321"><ele>324.9</ele></trkpt>
    <trkpt lat="-37.144306" lon="142.505269"><ele>325.3</ele></trkpt>
    <trkpt lat="-37.144521" lon="142.505036"><ele>327.0</ele></trkpt>
    <trkpt lat="-37.144608" lon="142.505017"><ele>327.6</ele></trkpt>
    <trkpt lat="-37.144782" lon="142.504982"><ele>329.4</ele></trkpt>
    <trkpt lat="-37.144907" lon="142.504966"><ele>330.7</ele></trkpt>
    <trkpt lat="-37.145055" lon="142.505060"><ele>332.5</ele></trkpt>
    <trkpt lat="-37.145096" lon="142.505060"><ele>333.0</ele></trkpt>
    <trkpt lat="-37.145145" lon="142.505032"><ele>333.5</ele></trkpt>
    <trkpt lat="-37.145363" lon="142.505030"><ele>335.4</ele></trkpt>
    <trkpt lat="-37.145568" lon="142.505113"><ele>337.0</ele></trkpt>
    <trkpt lat="-37.145719" lon="142.505299"><ele>338.6</ele></trkpt>
    <trkpt lat="-37.145851" lon="142.505373"><ele>339.6</ele></trkpt>
    <trkpt lat="-37.146048" lon="142.505296"><ele>340.6</ele></trkpt>
    <trkpt lat="-37.146146" lon="142.505268"><ele>341.1</ele></trkpt>
    <trkpt lat="-37.146243" lon="142.505141"><ele>341.6</ele></trkpt>
    <trkpt lat="-37.146255" lon="142.505034"><ele>342.0</ele></trkpt>
    <trkpt lat="-37.146386" lon="142.504733"><ele>343.6</ele></trkpt>
    <trkpt lat="-37.146437" lon="142.504657"><ele>344.1</ele></trkpt>
    <trkpt lat="-37.146626" lon="142.504474"><ele>345.6</ele></trkpt>
    <trkpt lat="-37.146611" lon="142.504428"><ele>345.8</ele></trkpt>
    <trkpt lat="-37.146647" lon="142.504359"><ele>346.1</ele></trkpt>
    <trkpt lat="-37.146771" lon="142.504219"><ele>346.9</ele></trkpt>
    <trkpt lat="-37.146818" lon="142.504112"><ele>347.3</ele></trkpt>
    <trkpt lat="-37.146786" lon="142.503917"><ele>347.9</ele></trkpt>
    <trkpt lat="-37.146853" lon="142.503601"><ele>349.0</ele></trkpt>
    <trkpt lat="-37.146877" lon="142.503511"><ele>349.2</ele></trkpt>
    <trkpt lat="-37.146977" lon="142.503392"><ele>349.6</ele></trkpt>
    <trkpt lat="-37.146980" lon="142.503305"><ele>349.9</ele></trkpt>
    <trkpt lat="-37.147040" lon="142.503080"><ele>350.5</ele></trkpt>
    <trkpt lat="-37.147074" lon="142.502995"><ele>350.8</ele></trkpt>
    <trkpt lat="-37.147113" lon="142.502889"><ele>351.2</ele></trkpt>
    <trkpt lat="-37.147180" lon="142.502914"><ele>351.5</ele></trkpt>
    <trkpt lat="-37.147258" lon="142.502949"><ele>351.9</ele></trkpt>
    <trkpt lat="-37.147308" lon="142.502954"><ele>352.2</ele></trkpt>
    <trkpt lat="-37.147341" lon="142.502900"><ele>352.5</ele></trkpt>
    <trkpt lat="-37.147458" lon="142.502679"><ele>353.8</ele></trkpt>
    <trkpt lat="-37.147561" lon="142.502621"><ele>354.5</ele></trkpt>
    <trkpt lat="-37.147650" lon="142.502670"><ele>355.2</ele></trkpt>
    <trkpt lat="-37.147773" lon="142.502750"><ele>356.5</ele></trkpt>
    <trkpt lat="-37.147906" lon="142.502738"><ele>357.9</ele></trkpt>
    <trkpt lat="-37.147993" lon="142.502779"><ele>359.0</ele></trkpt>
    <trkpt lat="-37.148256" lon="142.502884"><ele>362.7</ele></trkpt>
    <trkpt lat="-37.148362" lon="142.502937"><ele>364.5</ele></trkpt>
    <trkpt lat="-37.148437" lon="142.503068"><ele>366.8</ele></trkpt>
    <trkpt lat="-37.148445" lon="142.503213"><ele>369.0</ele></trkpt>
    <trkpt lat="-37.148538" lon="142.503315"><ele>371.5</ele></trkpt>
    <trkpt lat="-37.148579" lon="142.503480"><ele>374.4</ele></trkpt>
    <trkpt lat="-37.148593" lon="142.503635"><ele>376.8</ele></trkpt>
    <trkpt lat="-37.148654" lon="142.503705"><ele>378.0</ele></trkpt>
    <trkpt lat="-37.148694" lon="142.503798"><ele>379.4</ele></trkpt>
    <trkpt lat="-37.148620" lon="142.503824"><ele>380.6</ele></trkpt>
    <trkpt lat="-37.148601" lon="142.503903"><ele>381.8</ele></trkpt>
    <trkpt lat="-37.148646" lon="142.504022"><ele>383.7</ele></trkpt>
    <trkpt lat="-37.148735" lon="142.504133"><ele>385.9</ele></trkpt>
    <trkpt lat="-37.148762" lon="142.504078"><ele>386.8</ele></trkpt>
    <trkpt lat="-37.148822" lon="142.504094"><ele>387.8</ele></trkpt>
    <trkpt lat="-37.148883" lon="142.504113"><ele>388.9</ele></trkpt>
    <trkpt lat="-37.148939" lon="142.504139"><ele>389.9</ele></trkpt>
    <trkpt lat="-37.148993" lon="142.504222"><ele>391.4</ele></trkpt>
    <trkpt lat="-37.149139" lon="142.504352"><ele>394.4</ele></trkpt>
    <trkpt lat="-37.149208" lon="142.504403"><ele>395.7</ele></trkpt>
    <trkpt lat="-37.149284" lon="142.504491"><ele>397.4</ele></trkpt>
    <trkpt lat="-37.149309" lon="142.504524"><ele>398.1</ele></trkpt>
    <trkpt lat="-37.149382" lon="142.504484"><ele>399.6</ele></trkpt>
    <trkpt lat="-37.149425" lon="142.504481"><ele>400.6</ele></trkpt>
    <trkpt lat="-37.149514" lon="142.504381"><ele>403.2</ele></trkpt>
    <trkpt lat="-37.149634" lon="142.504426"><ele>405.8</ele></trkpt>
    <trkpt lat="-37.149828" lon="142.504255"><ele>409.9</ele></trkpt>
    <trkpt lat="-37.149883" lon="142.504257"><ele>410.7</ele></trkpt>
    <trkpt lat="-37.149912" lon="142.504190"><ele>411.5</ele></trkpt>
    <trkpt lat="-37.150002" lon="142.504095"><ele>413.1</ele></trkpt>
    <trkpt lat="-37.150074" lon="142.504066"><ele>413.8</ele></trkpt>
    <trkpt lat="-37.150163" lon="142.504117"><ele>414.6</ele></trkpt>
    <trkpt lat="-37.150231" lon="142.504138"><ele>415.1</ele></trkpt>
    <trkpt lat="-37.150299" lon="142.504113"><ele>415.6</ele></trkpt>
    <trkpt lat="-37.150343" lon="142.504115"><ele>415.8</ele></trkpt>
    <trkpt lat="-37.150372" lon="142.504097"><ele>415.9</ele></trkpt>
    <trkpt lat="-37.150409" lon="142.504031"><ele>416.2</ele></trkpt>
    <trkpt lat="-37.150451" lon="142.504021"><ele>416.4</ele></trkpt>
    <trkpt lat="-37.150480" lon="142.503969"><ele>416.6</ele></trkpt>
    <trkpt lat="-37.150559" lon="142.503922"><ele>417.0</ele></trkpt>
    <trkpt lat="-37.150634" lon="142.503903"><ele>417.3</ele></trkpt>
    <trkpt lat="-37.150754" lon="142.503919"><ele>417.8</ele></trkpt>
    <trkpt lat="-37.150865" lon="142.503859"><ele>418.6</ele></trkpt>
    <trkpt lat="-37.150887" lon="142.503855"><ele>418.8</ele></trkpt>
    <trkpt lat="-37.150935" lon="142.503846"><ele>419.1</ele></trkpt>
    <trkpt lat="-37.151087" lon="142.503794"><ele>420.7</ele></trkpt>
    <trkpt lat="-37.151118" lon="142.503785"><ele>421.1</ele></trkpt>
    <trkpt lat="-37.151140" lon="142.503858"><ele>421.9</ele></trkpt>
    <trkpt lat="-37.151155" lon="142.503909"><ele>422.4</ele></trkpt>
    <trkpt lat="-37.151177" lon="142.503971"><ele>423.1</ele></trkpt>
    <trkpt lat="-37.151207" lon="142.504009"><ele>423.9</ele></trkpt>
    <trkpt lat="-37.151254" lon="142.504055"><ele>425.0</ele></trkpt>
    <trkpt lat="-37.151318" lon="142.504216"><ele>427.5</ele></trkpt>
    <trkpt lat="-37.151372" lon="142.504287"><ele>429.1</ele></trkpt>
    <trkpt lat="-37.151443" lon="142.504508"><ele>433.0</ele></trkpt>
    <trkpt lat="-37.151547" lon="142.504732"><ele>437.3</ele></trkpt>
    <trkpt lat="-37.151509" lon="142.504753"><ele>438.2</ele></trkpt>
    <trkpt lat="-37.151498" lon="142.504882"><ele>440.6</ele></trkpt>
    <trkpt lat="-37.151580" lon="142.504970"><ele>443.2</ele></trkpt>
    <trkpt lat="-37.151595" lon="142.504973"><ele>443.6</ele></trkpt>
    <trkpt lat="-37.151632" lon="142.505121"><ele>446.6</ele></trkpt>
    <trkpt lat="-37.151598" lon="142.505151"><ele>447.6</ele></trkpt>
    <trkpt lat="-37.151618" lon="142.505261"><ele>449.8</ele></trkpt>
    <trkpt lat="-37.151723" lon="142.505488"><ele>455.1</ele></trkpt>
    <trkpt lat="-37.151874" lon="142.505632"><ele>459.8</ele></trkpt>
    <trkpt lat="-37.151999" lon="142.505726"><ele>463.3</ele></trkpt>
    <trkpt lat="-37.152032" lon="142.505722"><ele>464.1</ele></trkpt>
    <trkpt lat="-37.152071" lon="142.505703"><ele>465.0</ele></trkpt>
    <trkpt lat="-37.152185" lon="142.505822"><ele>468.3</ele></trkpt>
    <trkpt lat="-37.152180" lon="142.505880"><ele>469.3</ele></trkpt>
    <trkpt lat="-37.152216" lon="142.505943"><ele>470.6</ele></trkpt>
    <trkpt lat="-37.152259" lon="142.505868"><ele>472.1</ele></trkpt>
    <trkpt lat="-37.152299" lon="142.505899"><ele>473.0</ele></trkpt>
    <trkpt lat="-37.152343" lon="142.505915"><ele>473.9</ele></trkpt>
    <trkpt lat="-37.152391" lon="142.505908"><ele>474.8</ele></trkpt>
    <trkpt lat="-37.152436" lon="142.505841"><ele>476.2</ele></trkpt>
    <trkpt lat="-37.152489" lon="142.505762"><ele>477.6</ele></trkpt>
    <trkpt lat="-37.152517" lon="142.505698"><ele>478.6</ele></trkpt>
    <trkpt lat="-37.152543" lon="142.505642"><ele>479.6</ele></trkpt>
    <trkpt lat="-37.152774" lon="142.505826"><ele>484.0</ele></trkpt>
    <trkpt lat="-37.153335" lon="142.506417"><ele>496.3</ele></trkpt>
    <trkpt lat="-37.153722" lon="142.506763"><ele>502.9</ele></trkpt>
    <trkpt lat="-37.153814" lon="142.506785"><ele>504.2</ele></trkpt>
    <trkpt lat="-37.153922" lon="142.506795"><ele>505.6</ele></trkpt>
    <trkpt lat="-37.154019" lon="142.506847"><ele>507.1</ele></trkpt>
    <trkpt lat="-37.154113" lon="142.506835"><ele>508.4</ele></trkpt>
    <trkpt lat="-37.154607" lon="142.507048"><ele>518.0</ele></trkpt>
    <trkpt lat="-37.154753" lon="142.507031"><ele>521.2</ele></trkpt>
    <trkpt lat="-37.154934" lon="142.507056"><ele>525.1</ele></trkpt>
    <trkpt lat="-37.155065" lon="142.507033"><ele>528.1</ele></trkpt>
    <trkpt lat="-37.155229" lon="142.507048"><ele>532.0</ele></trkpt>
    <trkpt lat="-37.155351" lon="142.507250"><ele>537.1</ele></trkpt>
    <trkpt lat="-37.155513" lon="142.507336"><ele>541.2</ele></trkpt>
    <trkpt lat="-37.155651" lon="142.507385"><ele>544.2</ele></trkpt>
    <trkpt lat="-37.155818" lon="142.507349"><ele>547.3</ele></trkpt>
    <trkpt lat="-37.155932" lon="142.507410"><ele>549.3</ele></trkpt>
    <trkpt lat="-37.156239" lon="142.507679"><ele>557.4</ele></trkpt>
    <trkpt lat="-37.156323" lon="142.507776"><ele>559.8</ele></trkpt>
    <trkpt lat="-37.156387" lon="142.507776"><ele>561.1</ele></trkpt>
    <trkpt lat="-37.156481" lon="142.507709"><ele>563.5</ele></trkpt>
    <trkpt lat="-37.156752" lon="142.507819"><ele>570.0</ele></trkpt>
    <trkpt lat="-37.157132" lon="142.507836"><ele>578.6</ele></trkpt>
    <trkpt lat="-37.157275" lon="142.507978"><ele>582.4</ele></trkpt>
    <trkpt lat="-37.157431" lon="142.508154"><ele>586.7</ele></trkpt>
    <trkpt lat="-37.157727" lon="142.508469"><ele>592.9</ele></trkpt>
    <trkpt lat="-37.157980" lon="142.508938"><ele>597.3</ele></trkpt>
    <trkpt lat="-37.158041" lon="142.509131"><ele>598.6</ele></trkpt>
    <trkpt lat="-37.158107" lon="142.509310"><ele>599.6</ele></trkpt>
    <trkpt lat="-37.158172" lon="142.509519"><ele>600.7</ele></trkpt>
    <trkpt lat="-37.158102" lon="142.509688"><ele>601.5</ele></trkpt>
    <trkpt lat="-37.158102" lon="142.509824"><ele>602.2</ele></trkpt>
    <trkpt lat="-37.158156" lon="142.509888"><ele>602.8</ele></trkpt>
    <trkpt lat="-37.158228" lon="142.509980"><ele>603.6</ele></trkpt>
    <trkpt lat="-37.158305" lon="142.510032"><ele>604.6</ele></trkpt>
    <trkpt lat="-37.158545" lon="142.510205"><ele>608.2</ele></trkpt>
    <trkpt lat="-37.158721" lon="142.510349"><ele>611.5</ele></trkpt>
    <trkpt lat="-37.158823" lon="142.510425"><ele>612.9</ele></trkpt>
    <trkpt lat="-37.158913" lon="142.510451"><ele>613.9</ele></trkpt>
    <trkpt lat="-37.159070" lon="142.510426"><ele>615.4</ele></trkpt>
    <trkpt lat="-37.159175" lon="142.510422"><ele>616.3</ele></trkpt>
    <trkpt lat="-37.159193" lon="142.510513"><ele>616.9</ele></trkpt>
    <trkpt lat="-37.159198" lon="142.510610"><ele>617.2</ele></trkpt>
    <trkpt lat="-37.159256" lon="142.510899"><ele>618.0</ele></trkpt>
    <trkpt lat="-37.159257" lon="142.511109"><ele>617.9</ele></trkpt>
    <trkpt lat="-37.159233" lon="142.511237"><ele>617.8</ele></trkpt>
    <trkpt lat="-37.159179" lon="142.511322"><ele>617.6</ele></trkpt>
    <trkpt lat="-37.159069" lon="142.511422"><ele>617.4</ele></trkpt>
    <trkpt lat="-37.158969" lon="142.511536"><ele>617.8</ele></trkpt>
    <trkpt lat="-37.158966" lon="142.511669"><ele>618.1</ele></trkpt>
    <trkpt lat="-37.159104" lon="142.511814"><ele>619.9</ele></trkpt>
    <trkpt lat="-37.159065" lon="142.511865"><ele>620.6</ele></trkpt>
    <trkpt lat="-37.158983" lon="142.511982"><ele>622.4</ele></trkpt>
    <trkpt lat="-37.158962" lon="142.512051"><ele>623.5</ele></trkpt>
    <trkpt lat="-37.158882" lon="142.512248"><ele>626.7</ele></trkpt>
    <trkpt lat="-37.158893" lon="142.512328"><ele>628.1</ele></trkpt>
    <trkpt lat="-37.158863" lon="142.512405"><ele>629.6</ele></trkpt>
    <trkpt lat="-37.158732" lon="142.512552"><ele>633.7</ele></trkpt>
    <trkpt lat="-37.158674" lon="142.512663"><ele>636.2</ele></trkpt>
    <trkpt lat="-37.158614" lon="142.512756"><ele>638.4</ele></trkpt>
    <trkpt lat="-37.158568" lon="142.512901"><ele>641.4</ele></trkpt>
    <trkpt lat="-37.158547" lon="142.513055"><ele>644.4</ele></trkpt>
    <trkpt lat="-37.158515" lon="142.513212"><ele>647.5</ele></trkpt>
    <trkpt lat="-37.158508" lon="142.513234"><ele>647.9</ele></trkpt>
    <trkpt lat="-37.158533" lon="142.513260"><ele>648.7</ele></trkpt>
    <trkpt lat="-37.158689" lon="142.513390"><ele>653.3</ele></trkpt>
    <trkpt lat="-37.158803" lon="142.513486"><ele>656.8</ele></trkpt>
    <trkpt lat="-37.159035" lon="142.513661"><ele>664.0</ele></trkpt>
    <trkpt lat="-37.159085" lon="142.513691"><ele>665.5</ele></trkpt>
    <trkpt lat="-37.159327" lon="142.513881"><ele>673.4</ele></trkpt>
    <trkpt lat="-37.159531" lon="142.514027"><ele>679.8</ele></trkpt>
    <trkpt lat="-37.159568" lon="142.514056"><ele>681.0</ele></trkpt>
    <trkpt lat="-37.159627" lon="142.514137"><ele>683.2</ele></trkpt>
    <trkpt lat="-37.159900" lon="142.514323"><ele>690.7</ele></trkpt>
    <trkpt lat="-37.159965" lon="142.514379"><ele>692.4</ele></trkpt>
    <trkpt lat="-37.159951" lon="142.514490"><ele>694.2</ele></trkpt>
    <trkpt lat="-37.159920" lon="142.514582"><ele>695.7</ele></trkpt>
    <trkpt lat="-37.159849" lon="142.514712"><ele>698.1</ele></trkpt>
    <trkpt lat="-37.159819" lon="142.514785"><ele>699.1</ele></trkpt>
    <trkpt lat="-37.159815" lon="142.514865"><ele>700.0</ele></trkpt>
    <trkpt lat="-37.159822" lon="142.514969"><ele>701.3</ele></trkpt>
    <trkpt lat="-37.159843" lon="142.515041"><ele>702.2</ele></trkpt>
    <trkpt lat="-37.159938" lon="142.515319"><ele>704.3</ele></trkpt>
    <trkpt lat="-37.160012" lon="142.515340"><ele>704.6</ele></trkpt>
    <trkpt lat="-37.160077" lon="142.515367"><ele>704.6</ele></trkpt>
    <trkpt lat="-37.160101" lon="142.515385"><ele>704.6</ele></trkpt>
    <trkpt lat="-37.160209" lon="142.515313"><ele>704.7</ele></trkpt>
    <trkpt lat="-37.160286" lon="142.515270"><ele>704.5</ele></trkpt>
    <trkpt lat="-37.160375" lon="142.515199"><ele>704.2</ele></trkpt>
    <trkpt lat="-37.160578" lon="142.515138"><ele>703.1</ele></trkpt>
    <trkpt lat="-37.160637" lon="142.515066"><ele>702.4</ele></trkpt>
    <trkpt lat="-37.160646" lon="142.514973"><ele>701.8</ele></trkpt>
    <trkpt lat="-37.160629" lon="142.514880"><ele>700.9</ele></trkpt>
    <trkpt lat="-37.160599" lon="142.514775"><ele>699.8</ele></trkpt>
    <trkpt lat="-37.160535" lon="142.514661"><ele>698.5</ele></trkpt>
    <trkpt lat="-37.160556" lon="142.514618"><ele>698.0</ele></trkpt>
    <trkpt lat="-37.160596" lon="142.514583"><ele>697.3</ele></trkpt>
    <trkpt lat="-37.160651" lon="142.514499"><ele>696.2</ele></trkpt>
    <trkpt lat="-37.160669" lon="142.514441"><ele>695.5</ele></trkpt>
    <trkpt lat="-37.160731" lon="142.514271"><ele>693.6</ele></trkpt>
    <trkpt lat="-37.160820" lon="142.514302"><ele>692.4</ele></trkpt>
    <trkpt lat="-37.160926" lon="142.514327"><ele>690.8</ele></trkpt>
    <trkpt lat="-37.160991" lon="142.514253"><ele>689.3</ele></trkpt>
    <trkpt lat="-37.161008" lon="142.514171"><ele>688.1</ele></trkpt>
    <trkpt lat="-37.160912" lon="142.514024"><ele>685.4</ele></trkpt>
    <trkpt lat="-37.160925" lon="142.513895"><ele>683.5</ele></trkpt>
    <trkpt lat="-37.160812" lon="142.513743"><ele>680.7</ele></trkpt>
    <trkpt lat="-37.160821" lon="142.513674"><ele>679.9</ele></trkpt>
    <trkpt lat="-37.160767" lon="142.513607"><ele>678.7</ele></trkpt>
    <trkpt lat="-37.160755" lon="142.513493"><ele>677.5</ele></trkpt>
    <trkpt lat="-37.160764" lon="142.513388"><ele>676.7</ele></trkpt>
    <trkpt lat="-37.160838" lon="142.513322"><ele>675.9</ele></trkpt>
    <trkpt lat="-37.160917" lon="142.513305"><ele>675.2</ele></trkpt>
    <trkpt lat="-37.161027" lon="142.513300"><ele>674.7</ele></trkpt>
    <trkpt lat="-37.161155" lon="142.513344"><ele>674.1</ele></trkpt>
    <trkpt lat="-37.161226" lon="142.513421"><ele>674.0</ele></trkpt>
    <trkpt lat="-37.161259" lon="142.513517"><ele>673.8</ele></trkpt>
    <trkpt lat="-37.161229" lon="142.513628"><ele>673.7</ele></trkpt>
    <trkpt lat="-37.161191" lon="142.513733"><ele>673.9</ele></trkpt>
    <trkpt lat="-37.161210" lon="142.513862"><ele>674.2</ele></trkpt>
    <trkpt lat="-37.161279" lon="142.514060"><ele>674.7</ele></trkpt>
    <trkpt lat="-37.161374" lon="142.514240"><ele>675.3</ele></trkpt>
    <trkpt lat="-37.161554" lon="142.514233"><ele>675.9</ele></trkpt>
    <trkpt lat="-37.161745" lon="142.514195"><ele>676.6</ele></trkpt>
    <trkpt lat="-37.161885" lon="142.513994"><ele>677.6</ele></trkpt>
    <trkpt lat="-37.162121" lon="142.514121"><ele>679.9</ele></trkpt>
    <trkpt lat="-37.162858" lon="142.514631"><ele>691.6</ele></trkpt>
    <trkpt lat="-37.162921" lon="142.514735"><ele>692.9</ele></trkpt>
    <trkpt lat="-37.162978" lon="142.514924"><ele>695.0</ele></trkpt>
    <trkpt lat="-37.163034" lon="142.515010"><ele>696.1</ele></trkpt>
    <trkpt lat="-37.163159" lon="142.515117"><ele>697.8</ele></trkpt>
    <trkpt lat="-37.163329" lon="142.515186"><ele>699.3</ele></trkpt>
    <trkpt lat="-37.163393" lon="142.515224"><ele>699.8</ele></trkpt>
    <trkpt lat="-37.163447" lon="142.515280"><ele>700.2</ele></trkpt>
    <trkpt lat="-37.163479" lon="142.515367"><ele>700.5</ele></trkpt>
    <trkpt lat="-37.163490" lon="142.515693"><ele>701.8</ele></trkpt>
    <trkpt lat="-37.163585" lon="142.516019"><ele>703.4</ele></trkpt>
    <trkpt lat="-37.163739" lon="142.516290"><ele>704.9</ele></trkpt>
    <trkpt lat="-37.163798" lon="142.516355"><ele>705.2</ele></trkpt>
    <trkpt lat="-37.163898" lon="142.516397"><ele>705.9</ele></trkpt>
    <trkpt lat="-37.164328" lon="142.516401"><ele>709.6</ele></trkpt>
    <trkpt lat="-37.164716" lon="142.516552"><ele>712.6</ele></trkpt>
    <trkpt lat="-37.164868" lon="142.516636"><ele>713.6</ele></trkpt>
    <trkpt lat="-37.165346" lon="142.516562"><ele>715.7</ele></trkpt>
    <trkpt lat="-37.165453" lon="142.516558"><ele>715.9</ele></trkpt>
    <trkpt lat="-37.165649" lon="142.516584"><ele>715.7</ele></trkpt>
    <trkpt lat="-37.165741" lon="142.516594"><ele>715.5</ele></trkpt>
    <trkpt lat="-37.165824" lon="142.516671"><ele>715.1</ele></trkpt>
    <trkpt lat="-37.165996" lon="142.516634"><ele>714.3</ele></trkpt>
    <trkpt lat="-37.166086" lon="142.516679"><ele>713.6</ele></trkpt>
    <trkpt lat="-37.166289" lon="142.516747"><ele>711.9</ele></trkpt>
    <trkpt lat="-37.166482" lon="142.516936"><ele>709.4</ele></trkpt>
    <trkpt lat="-37.166546" lon="142.516950"><ele>708.7</ele></trkpt>
    <trkpt lat="-37.166732" lon="142.516875"><ele>706.7</ele></trkpt>
    <trkpt lat="-37.166930" lon="142.516738"><ele>704.7</ele></trkpt>
    <trkpt lat="-37.167067" lon="142.516712"><ele>703.6</ele></trkpt>
    <trkpt lat="-37.167154" lon="142.516656"><ele>702.9</ele></trkpt>
    <trkpt lat="-37.167349" lon="142.516440"><ele>700.8</ele></trkpt>
    <trkpt lat="-37.167572" lon="142.516102"><ele>697.6</ele></trkpt>
    <trkpt lat="-37.167656" lon="142.515943"><ele>696.2</ele></trkpt>
    <trkpt lat="-37.167714" lon="142.515792"><ele>694.5</ele></trkpt>
    <trkpt lat="-37.167832" lon="142.515308"><ele>688.5</ele></trkpt>
    <trkpt lat="-37.167791" lon="142.515074"><ele>685.4</ele></trkpt>
    <trkpt lat="-37.167830" lon="142.515009"><ele>684.3</ele></trkpt>
    <trkpt lat="-37.167883" lon="142.515087"><ele>682.9</ele></trkpt>
    <trkpt lat="-37.167964" lon="142.515267"><ele>680.1</ele></trkpt>
    <trkpt lat="-37.168048" lon="142.515525"><ele>676.1</ele></trkpt>
    <trkpt lat="-37.168052" lon="142.515636"><ele>674.5</ele></trkpt>
    <trkpt lat="-37.168089" lon="142.515691"><ele>673.4</ele></trkpt>
    <trkpt lat="-37.168164" lon="142.515735"><ele>672.2</ele></trkpt>
    <trkpt lat="-37.168206" lon="142.515479"><ele>669.3</ele></trkpt>
    <trkpt lat="-37.168285" lon="142.515603"><ele>668.2</ele></trkpt>
    <trkpt lat="-37.168430" lon="142.515830"><ele>666.7</ele></trkpt>
    <trkpt lat="-37.168496" lon="142.515883"><ele>666.4</ele></trkpt>
    <trkpt lat="-37.168701" lon="142.515889"><ele>666.4</ele></trkpt>
    <trkpt lat="-37.168827" lon="142.515945"><ele>666.7</ele></trkpt>
    <trkpt lat="-37.168944" lon="142.515930"><ele>667.7</ele></trkpt>
    <trkpt lat="-37.169025" lon="142.515965"><ele>668.5</ele></trkpt>
    <trkpt lat="-37.169309" lon="142.515960"><ele>671.0</ele></trkpt>
    <trkpt lat="-37.169380" lon="142.516057"><ele>671.8</ele></trkpt>
    <trkpt lat="-37.169629" lon="142.516347"><ele>673.6</ele></trkpt>
    <trkpt lat="-37.169711" lon="142.516414"><ele>674.0</ele></trkpt>
    <trkpt lat="-37.169847" lon="142.516463"><ele>674.7</ele></trkpt>
    <trkpt lat="-37.169882" lon="142.516495"><ele>674.9</ele></trkpt>
    <trkpt lat="-37.169937" lon="142.516479"><ele>675.1</ele></trkpt>
    <trkpt lat="-37.170009" lon="142.516413"><ele>675.5</ele></trkpt>
    <trkpt lat="-37.170057" lon="142.516384"><ele>675.7</ele></trkpt>
    <trkpt lat="-37.170374" lon="142.516560"><ele>677.1</ele></trkpt>
    <trkpt lat="-37.170519" lon="142.516614"><ele>678.1</ele></trkpt>
    <trkpt lat="-37.170647" lon="142.516639"><ele>679.0</ele></trkpt>
    <trkpt lat="-37.170769" lon="142.516730"><ele>679.9</ele></trkpt>
    <trkpt lat="-37.170836" lon="142.516822"><ele>680.6</ele></trkpt>
    <trkpt lat="-37.170882" lon="142.516942"><ele>681.4</ele></trkpt>
    <trkpt lat="-37.170902" lon="142.517061"><ele>682.0</ele></trkpt>
    <trkpt lat="-37.170836" lon="142.517314"><ele>683.2</ele></trkpt>
    <trkpt lat="-37.170829" lon="142.517439"><ele>683.5</ele></trkpt>
    <trkpt lat="-37.170964" lon="142.517479"><ele>683.8</ele></trkpt>
    <trkpt lat="-37.171005" lon="142.517395"><ele>683.8</ele></trkpt>
    <trkpt lat="-37.171073" lon="142.517369"><ele>683.7</ele></trkpt>
    <trkpt lat="-37.171157" lon="142.517375"><ele>683.5</ele></trkpt>
    <trkpt lat="-37.171332" lon="142.517469"><ele>682.9</ele></trkpt>
    <trkpt lat="-37.171608" lon="142.517550"><ele>681.4</ele></trkpt>
    <trkpt lat="-37.171720" lon="142.517561"><ele>680.6</ele></trkpt>
    <trkpt lat="-37.171826" lon="142.517492"><ele>679.8</ele></trkpt>
    <trkpt lat="-37.171894" lon="142.517503"><ele>679.3</ele></trkpt>
    <trkpt lat="-37.171954" lon="142.517520"><ele>678.9</ele></trkpt>
    <trkpt lat="-37.172010" lon="142.517492"><ele>678.5</ele></trkpt>
    <trkpt lat="-37.172074" lon="142.517457"><ele>678.0</ele></trkpt>
    <trkpt lat="-37.172131" lon="142.517381"><ele>677.5</ele></trkpt>
    <trkpt lat="-37.172164" lon="142.517281"><ele>677.0</ele></trkpt>
    <trkpt lat="-37.172145" lon="142.517142"><ele>676.5</ele></trkpt>
    <trkpt lat="-37.172131" lon="142.516832"><ele>675.6</ele></trkpt>
    <trkpt lat="-37.172138" lon="142.516660"><ele>675.3</ele></trkpt>
    <trkpt lat="-37.172168" lon="142.516299"><ele>675.1</ele></trkpt>
    <trkpt lat="-37.172289" lon="142.516214"><ele>675.1</ele></trkpt>
    <trkpt lat="-37.172391" lon="142.516102"><ele>675.1</ele></trkpt>
    <trkpt lat="-37.172439" lon="142.516033"><ele>675.2</ele></trkpt>
    <trkpt lat="-37.172460" lon="142.515973"><ele>675.3</ele></trkpt>
    <trkpt lat="-37.172719" lon="142.515724"><ele>676.2</ele></trkpt>
    <trkpt lat="-37.172751" lon="142.515553"><ele>676.8</ele></trkpt>
    <trkpt lat="-37.172778" lon="142.515381"><ele>677.5</ele></trkpt>
    <trkpt lat="-37.172842" lon="142.515197"><ele>678.4</ele></trkpt>
    <trkpt lat="-37.172870" lon="142.514969"><ele>679.3</ele></trkpt>
    <trkpt lat="-37.172808" lon="142.514720"><ele>680.4</ele></trkpt>
    <trkpt lat="-37.172785" lon="142.514656"><ele>680.7</ele></trkpt>
    <trkpt lat="-37.172864" lon="142.514625"><ele>681.1</ele></trkpt>
    <trkpt lat="-37.173197" lon="142.514648"><ele>683.1</ele></trkpt>
    <trkpt lat="-37.173360" lon="142.514650"><ele>683.9</ele></trkpt>
    <trkpt lat="-37.173589" lon="142.514572"><ele>685.1</ele></trkpt>
    <trkpt lat="-37.173725" lon="142.514489"><ele>685.9</ele></trkpt>
    <trkpt lat="-37.173929" lon="142.514427"><ele>687.0</ele></trkpt>
    <trkpt lat="-37.174295" lon="142.514308"><ele>689.2</ele></trkpt>
    <trkpt lat="-37.174399" lon="142.514272"><ele>689.7</ele></trkpt>
    <trkpt lat="-37.174459" lon="142.514260"><ele>690.0</ele></trkpt>
    <trkpt lat="-37.174526" lon="142.514249"><ele>690.4</ele></trkpt>
    <trkpt lat="-37.174789" lon="142.514232"><ele>692.2</ele></trkpt>
    <trkpt lat="-37.174466" lon="142.514077"><ele>695.7</ele></trkpt>
    <trkpt lat="-37.174016" lon="142.513806"><ele>701.5</ele></trkpt>
    <trkpt lat="-37.173783" lon="142.513618"><ele>705.2</ele></trkpt>
    <trkpt lat="-37.173374" lon="142.513088"><ele>711.3</ele></trkpt>
    <trkpt lat="-37.173263" lon="142.512975"><ele>712.2</ele></trkpt>
    <trkpt lat="-37.173104" lon="142.512849"><ele>713.1</ele></trkpt>
    <trkpt lat="-37.172974" lon="142.512775"><ele>713.5</ele></trkpt>
    <trkpt lat="-37.172511" lon="142.512617"><ele>714.7</ele></trkpt>
    <trkpt lat="-37.172400" lon="142.512479"><ele>715.1</ele></trkpt>
    <trkpt lat="-37.172204" lon="142.512235"><ele>716.3</ele></trkpt>
    <trkpt lat="-37.172134" lon="142.512104"><ele>717.2</ele></trkpt>
    <trkpt lat="-37.172020" lon="142.511707"><ele>719.3</ele></trkpt>
    <trkpt lat="-37.172003" lon="142.511338"><ele>720.8</ele></trkpt>
    <trkpt lat="-37.171919" lon="142.511028"><ele>721.8</ele></trkpt>
    <trkpt lat="-37.171904" lon="142.510851"><ele>722.2</ele></trkpt>
    <trkpt lat="-37.171922" lon="142.510720"><ele>722.3</ele></trkpt>
    <trkpt lat="-37.171968" lon="142.510562"><ele>722.4</ele></trkpt>
    <trkpt lat="-37.171979" lon="142.510410"><ele>722.2</ele></trkpt>
    <trkpt lat="-37.171958" lon="142.510265"><ele>722.0</ele></trkpt>
    <trkpt lat="-37.171959" lon="142.510164"><ele>721.9</ele></trkpt>
    <trkpt lat="-37.171999" lon="142.510089"><ele>721.8</ele></trkpt>
    <trkpt lat="-37.172035" lon="142.510065"><ele>721.8</ele></trkpt>
    <trkpt lat="-37.172321" lon="142.509986"><ele>720.9</ele></trkpt>
    <trkpt lat="-37.172526" lon="142.509973"><ele>719.8</ele></trkpt>
    <trkpt lat="-37.172908" lon="142.509860"><ele>717.4</ele></trkpt>
    <trkpt lat="-37.173378" lon="142.509790"><ele>712.4</ele></trkpt>
    <trkpt lat="-37.173490" lon="142.509728"><ele>710.9</ele></trkpt>
    <trkpt lat="-37.173765" lon="142.509381"><ele>705.7</ele></trkpt>
    <trkpt lat="-37.173965" lon="142.509169"><ele>702.0</ele></trkpt>
    <trkpt lat="-37.174400" lon="142.508867"><ele>695.7</ele></trkpt>
    <trkpt lat="-37.174825" lon="142.508616"><ele>690.2</ele></trkpt>
    <trkpt lat="-37.174985" lon="142.508550"><ele>688.4</ele></trkpt>
    <trkpt lat="-37.175449" lon="142.508383"><ele>683.3</ele></trkpt>
    <trkpt lat="-37.176160" lon="142.508436"><ele>675.3</ele></trkpt>
    <trkpt lat="-37.176541" lon="142.508397"><ele>671.2</ele></trkpt>
    <trkpt lat="-37.176828" lon="142.508584"><ele>667.8</ele></trkpt>
    <trkpt lat="-37.176963" lon="142.508704"><ele>666.0</ele></trkpt>
    <trkpt lat="-37.177091" lon="142.508729"><ele>664.8</ele></trkpt>
    <trkpt lat="-37.177264" lon="142.508548"><ele>663.1</ele></trkpt>
    <trkpt lat="-37.177352" lon="142.508445"><ele>662.4</ele></trkpt>
    <trkpt lat="-37.177504" lon="142.508435"><ele>661.6</ele></trkpt>
    <trkpt lat="-37.177817" lon="142.508583"><ele>659.4</ele></trkpt>
    <trkpt lat="-37.178098" lon="142.508744"><ele>658.2</ele></trkpt>
    <trkpt lat="-37.178308" lon="142.509080"><ele>656.4</ele></trkpt>
    <trkpt lat="-37.178332" lon="142.509138"><ele>656.1</ele></trkpt>
    <trkpt lat="-37.178381" lon="142.509173"><ele>655.7</ele></trkpt>
    <trkpt lat="-37.178406" lon="142.509162"><ele>655.5</ele></trkpt>
    <trkpt lat="-37.178463" lon="142.509145"><ele>655.1</ele></trkpt>
    <trkpt lat="-37.178709" lon="142.508974"><ele>653.0</ele></trkpt>
    <trkpt lat="-37.178783" lon="142.508841"><ele>652.1</ele></trkpt>
    <trkpt lat="-37.178970" lon="142.508582"><ele>650.0</ele></trkpt>
    <trkpt lat="-37.179161" lon="142.508470"><ele>648.9</ele></trkpt>
    <trkpt lat="-37.179411" lon="142.508402"><ele>647.9</ele></trkpt>
    <trkpt lat="-37.179837" lon="142.508420"><ele>646.0</ele></trkpt>
    <trkpt lat="-37.180098" lon="142.508562"><ele>644.6</ele></trkpt>
    <trkpt lat="-37.180276" lon="142.508708"><ele>643.1</ele></trkpt>
    <trkpt lat="-37.180246" lon="142.508578"><ele>642.3</ele></trkpt>
    <trkpt lat="-37.180184" lon="142.508492"><ele>641.7</ele></trkpt>
    <trkpt lat="-37.180105" lon="142.508301"><ele>640.5</ele></trkpt>
    <trkpt lat="-37.180046" lon="142.508116"><ele>639.4</ele></trkpt>
    <trkpt lat="-37.179930" lon="142.507984"><ele>638.7</ele></trkpt>
    <trkpt lat="-37.179770" lon="142.507904"><ele>638.1</ele></trkpt>
    <trkpt lat="-37.179564" lon="142.507826"><ele>637.6</ele></trkpt>
    <trkpt lat="-37.179372" lon="142.507748"><ele>637.9</ele></trkpt>
    <trkpt lat="-37.179113" lon="142.507668"><ele>638.7</ele></trkpt>
    <trkpt lat="-37.178980" lon="142.507677"><ele>639.2</ele></trkpt>
    <trkpt lat="-37.178879" lon="142.507583"><ele>639.7</ele></trkpt>
    <trkpt lat="-37.178821" lon="142.507527"><ele>639.9</ele></trkpt>
    <trkpt lat="-37.178597" lon="142.507320"><ele>640.3</ele></trkpt>
    <trkpt lat="-37.178559" lon="142.507004"><ele>639.2</ele></trkpt>
    <trkpt lat="-37.178576" lon="142.506827"><ele>638.1</ele></trkpt>
    <trkpt lat="-37.178777" lon="142.506713"><ele>636.0</ele></trkpt>
    <trkpt lat="-37.179001" lon="142.506259"><ele>630.8</ele></trkpt>
    <trkpt lat="-37.179020" lon="142.506041"><ele>628.5</ele></trkpt>
    <trkpt lat="-37.179063" lon="142.505929"><ele>627.1</ele></trkpt>
    <trkpt lat="-37.179005" lon="142.505826"><ele>625.9</ele></trkpt>
    <trkpt lat="-37.178937" lon="142.505430"><ele>622.8</ele></trkpt>
    <trkpt lat="-37.178930" lon="142.505046"><ele>619.7</ele></trkpt>
    <trkpt lat="-37.178859" lon="142.504912"><ele>618.3</ele></trkpt>
    <trkpt lat="-37.178807" lon="142.504588"><ele>616.3</ele></trkpt>
    <trkpt lat="-37.178855" lon="142.504291"><ele>615.0</ele></trkpt>
    <trkpt lat="-37.178969" lon="142.504046"><ele>613.9</ele></trkpt>
    <trkpt lat="-37.179134" lon="142.503884"><ele>613.1</ele></trkpt>
    <trkpt lat="-37.179294" lon="142.503963"><ele>612.5</ele></trkpt>
    <trkpt lat="-37.179375" lon="142.503890"><ele>612.3</ele></trkpt>
    <trkpt lat="-37.179498" lon="142.503714"><ele>612.0</ele></trkpt>
    <trkpt lat="-37.179604" lon="142.503536"><ele>611.6</ele></trkpt>
    <trkpt lat="-37.179592" lon="142.503275"><ele>611.3</ele></trkpt>
    <trkpt lat="-37.179628" lon="142.503118"><ele>611.3</ele></trkpt>
    <trkpt lat="-37.179714" lon="142.503081"><ele>611.4</ele></trkpt>
    <trkpt lat="-37.179792" lon="142.503018"><ele>611.6</ele></trkpt>
    <trkpt lat="-37.179834" lon="142.502899"><ele>611.8</ele></trkpt>
    <trkpt lat="-37.179895" lon="142.502737"><ele>612.4</ele></trkpt>
    <trkpt lat="-37.179931" lon="142.502446"><ele>613.4</ele></trkpt>
    <trkpt lat="-37.179885" lon="142.502172"><ele>614.5</ele></trkpt>
    <trkpt lat="-37.180012" lon="142.502076"><ele>615.5</ele></trkpt>
    <trkpt lat="-37.179989" lon="142.501912"><ele>616.3</ele></trkpt>
    <trkpt lat="-37.180005" lon="142.501640"><ele>617.6</ele></trkpt>
    <trkpt lat="-37.180031" lon="142.501406"><ele>619.0</ele></trkpt>
    <trkpt lat="-37.180118" lon="142.501322"><ele>620.0</ele></trkpt>
    <trkpt lat="-37.180221" lon="142.501202"><ele>621.5</ele></trkpt>
    <trkpt lat="-37.180287" lon="142.501059"><ele>623.0</ele></trkpt>
    <trkpt lat="-37.180425" lon="142.500932"><ele>625.2</ele></trkpt>
    <trkpt lat="-37.180429" lon="142.500688"><ele>627.9</ele></trkpt>
    <trkpt lat="-37.180334" lon="142.500370"><ele>632.2</ele></trkpt>
    <trkpt lat="-37.180257" lon="142.500106"><ele>635.9</ele></trkpt>
    <trkpt lat="-37.180303" lon="142.500000"><ele>637.4</ele></trkpt>
    <trkpt lat="-37.180379" lon="142.499954"><ele>638.7</ele></trkpt>
    <trkpt lat="-37.180564" lon="142.499932"><ele>641.2</ele></trkpt>
    <trkpt lat="-37.180761" lon="142.499755"><ele>644.6</ele></trkpt>
    <trkpt lat="-37.180937" lon="142.499676"><ele>647.0</ele></trkpt>
    <trkpt lat="-37.181159" lon="142.499587"><ele>649.3</ele></trkpt>
    <trkpt lat="-37.181186" lon="142.499465"><ele>650.0</ele></trkpt>
    <trkpt lat="-37.181013" lon="142.499165"><ele>652.4</ele></trkpt>
    <trkpt lat="-37.180965" lon="142.499049"><ele>653.3</ele></trkpt>
    <trkpt lat="-37.181051" lon="142.498661"><ele>655.8</ele></trkpt>
    <trkpt lat="-37.181071" lon="142.498384"><ele>657.2</ele></trkpt>
    <trkpt lat="-37.180996" lon="142.498139"><ele>658.6</ele></trkpt>
    <trkpt lat="-37.181077" lon="142.497946"><ele>659.7</ele></trkpt>
    <trkpt lat="-37.180934" lon="142.497658"><ele>661.3</ele></trkpt>
    <trkpt lat="-37.181100" lon="142.497032"><ele>663.5</ele></trkpt>
    <trkpt lat="-37.181147" lon="142.496644"><ele>665.3</ele></trkpt>
    <trkpt lat="-37.181211" lon="142.496400"><ele>666.4</ele></trkpt>
    <trkpt lat="-37.181211" lon="142.495668"><ele>669.7</ele></trkpt>
    <trkpt lat="-37.181313" lon="142.495035"><ele>671.9</ele></trkpt>
    <trkpt lat="-37.181460" lon="142.494566"><ele>674.7</ele></trkpt>
    <trkpt lat="-37.181698" lon="142.494240"><ele>677.4</ele></trkpt>
    <trkpt lat="-37.181824" lon="142.493920"><ele>679.7</ele></trkpt>
    <trkpt lat="-37.181874" lon="142.493183"><ele>684.3</ele></trkpt>
    <trkpt lat="-37.181922" lon="142.492929"><ele>686.0</ele></trkpt>
    <trkpt lat="-37.181935" lon="142.492578"><ele>688.6</ele></trkpt>
    <trkpt lat="-37.182054" lon="142.492136"><ele>691.1</ele></trkpt>
    <trkpt lat="-37.182102" lon="142.491962"><ele>691.6</ele></trkpt>
    <trkpt lat="-37.182148" lon="142.491743"><ele>691.8</ele></trkpt>
    <trkpt lat="-37.182190" lon="142.491609"><ele>691.5</ele></trkpt>
    <trkpt lat="-37.182178" lon="142.491496"><ele>691.1</ele></trkpt>
    <trkpt lat="-37.182211" lon="142.491332"><ele>690.5</ele></trkpt>
    <trkpt lat="-37.182284" lon="142.491227"><ele>689.7</ele></trkpt>
    <trkpt lat="-37.182314" lon="142.490999"><ele>688.5</ele></trkpt>
    <trkpt lat="-37.182283" lon="142.490723"><ele>687.0</ele></trkpt>
    <trkpt lat="-37.182285" lon="142.490598"><ele>686.6</ele></trkpt>
    <trkpt lat="-37.182369" lon="142.490455"><ele>685.9</ele></trkpt>
    <trkpt lat="-37.182434" lon="142.490218"><ele>685.4</ele></trkpt>
    <trkpt lat="-37.182482" lon="142.490085"><ele>685.1</ele></trkpt>
    <trkpt lat="-37.182363" lon="142.489754"><ele>684.5</ele></trkpt>
    <trkpt lat="-37.182327" lon="142.489682"><ele>684.4</ele></trkpt>
    <trkpt lat="-37.182229" lon="142.489736"><ele>684.2</ele></trkpt>
    <trkpt lat="-37.182153" lon="142.489661"><ele>684.1</ele></trkpt>
    <trkpt lat="-37.182041" lon="142.489619"><ele>684.1</ele></trkpt>
    <trkpt lat="-37.181991" lon="142.489525"><ele>684.1</ele></trkpt>
    <trkpt lat="-37.182063" lon="142.489372"><ele>684.1</ele></trkpt>
    <trkpt lat="-37.182055" lon="142.489236"><ele>684.1</ele></trkpt>
    <trkpt lat="-37.182100" lon="142.489182"><ele>684.2</ele></trkpt>
    <trkpt lat="-37.182429" lon="142.488834"><ele>685.4</ele></trkpt>
    <trkpt lat="-37.182482" lon="142.488826"><ele>685.6</ele></trkpt>
    <trkpt lat="-37.182565" lon="142.488909"><ele>686.2</ele></trkpt>
    <trkpt lat="-37.182666" lon="142.488965"><ele>686.7</ele></trkpt>
    <trkpt lat="-37.182773" lon="142.489022"><ele>687.3</ele></trkpt>
    <trkpt lat="-37.182841" lon="142.489069"><ele>687.8</ele></trkpt>
    <trkpt lat="-37.182894" lon="142.489135"><ele>688.3</ele></trkpt>
    <trkpt lat="-37.182987" lon="142.489157"><ele>688.9</ele></trkpt>
    <trkpt lat="-37.183048" lon="142.489234"><ele>689.6</ele></trkpt>
    <trkpt lat="-37.183061" lon="142.489301"><ele>690.1</ele></trkpt>
    <trkpt lat="-37.183144" lon="142.489369"><ele>691.0</ele></trkpt>
    <trkpt lat="-37.183296" lon="142.489427"><ele>692.6</ele></trkpt>
    <trkpt lat="-37.183324" lon="142.489483"><ele>693.1</ele></trkpt>
    <trkpt lat="-37.183389" lon="142.489666"><ele>694.7</ele></trkpt>
    <trkpt lat="-37.183500" lon="142.489695"><ele>695.8</ele></trkpt>
    <trkpt lat="-37.183522" lon="142.489814"><ele>696.7</ele></trkpt>
    <trkpt lat="-37.183591" lon="142.489872"><ele>697.5</ele></trkpt>
    <trkpt lat="-37.183630" lon="142.489877"><ele>697.8</ele></trkpt>
    <trkpt lat="-37.183767" lon="142.490035"><ele>699.1</ele></trkpt>
    <trkpt lat="-37.183823" lon="142.490066"><ele>699.4</ele></trkpt>
    <trkpt lat="-37.183890" lon="142.490141"><ele>699.9</ele></trkpt>
    <trkpt lat="-37.183906" lon="142.490204"><ele>700.1</ele></trkpt>
    <trkpt lat="-37.183999" lon="142.490267"><ele>700.4</ele></trkpt>
    <trkpt lat="-37.184065" lon="142.490367"><ele>700.7</ele></trkpt>
    <trkpt lat="-37.184174" lon="142.490349"><ele>700.9</ele></trkpt>
    <trkpt lat="-37.184261" lon="142.490254"><ele>701.0</ele></trkpt>
    <trkpt lat="-37.184355" lon="142.490204"><ele>701.1</ele></trkpt>
    <trkpt lat="-37.184472" lon="142.490166"><ele>700.9</ele></trkpt>
    <trkpt lat="-37.184514" lon="142.490103"><ele>700.8</ele></trkpt>
    <trkpt lat="-37.184542" lon="142.490060"><ele>700.8</ele></trkpt>
    <trkpt lat="-37.184646" lon="142.490004"><ele>700.7</ele></trkpt>
    <trkpt lat="-37.184700" lon="142.489934"><ele>700.6</ele></trkpt>
    <trkpt lat="-37.184773" lon="142.489777"><ele>700.7</ele></trkpt>
    <trkpt lat="-37.184843" lon="142.489686"><ele>701.0</ele></trkpt>
    <trkpt lat="-37.184900" lon="142.489645"><ele>701.2</ele></trkpt>
    <trkpt lat="-37.184962" lon="142.489552"><ele>701.5</ele></trkpt>
    <trkpt lat="-37.185120" lon="142.489450"><ele>702.3</ele></trkpt>
    <trkpt lat="-37.185314" lon="142.489419"><ele>703.8</ele></trkpt>
    <trkpt lat="-37.185502" lon="142.489400"><ele>705.5</ele></trkpt>
    <trkpt lat="-37.185701" lon="142.489407"><ele>707.8</ele></trkpt>
    <trkpt lat="-37.185693" lon="142.489586"><ele>709.6</ele></trkpt>
    <trkpt lat="-37.185819" lon="142.489626"><ele>711.2</ele></trkpt>
    <trkpt lat="-37.185992" lon="142.489587"><ele>713.8</ele></trkpt>
    <trkpt lat="-37.186010" lon="142.489653"><ele>714.6</ele></trkpt>
    <trkpt lat="-37.185986" lon="142.489682"><ele>715.1</ele></trkpt>
    <trkpt lat="-37.185852" lon="142.489805"><ele>717.8</ele></trkpt>
    <trkpt lat="-37.185827" lon="142.489874"><ele>718.8</ele></trkpt>
    <trkpt lat="-37.185729" lon="142.489947"><ele>720.7</ele></trkpt>
    <trkpt lat="-37.185609" lon="142.490147"><ele>724.2</ele></trkpt>
    <trkpt lat="-37.185474" lon="142.490513"><ele>730.0</ele></trkpt>
    <trkpt lat="-37.185475" lon="142.490690"><ele>732.5</ele></trkpt>
    <trkpt lat="-37.185523" lon="142.490866"><ele>735.2</ele></trkpt>
    <trkpt lat="-37.185559" lon="142.491105"><ele>738.6</ele></trkpt>
    <trkpt lat="-37.185657" lon="142.491232"><ele>740.9</ele></trkpt>
    <trkpt lat="-37.185686" lon="142.491368"><ele>742.8</ele></trkpt>
    <trkpt lat="-37.185778" lon="142.491479"><ele>744.8</ele></trkpt>
    <trkpt lat="-37.185963" lon="142.491590"><ele>748.0</ele></trkpt>
    <trkpt lat="-37.186009" lon="142.491697"><ele>749.2</ele></trkpt>
    <trkpt lat="-37.186064" lon="142.491700"><ele>749.9</ele></trkpt>
    <trkpt lat="-37.186140" lon="142.491576"><ele>751.6</ele></trkpt>
    <trkpt lat="-37.186281" lon="142.491642"><ele>753.9</ele></trkpt>
    <trkpt lat="-37.186334" lon="142.491798"><ele>756.0</ele></trkpt>
    <trkpt lat="-37.186378" lon="142.491954"><ele>757.9</ele></trkpt>
    <trkpt lat="-37.186379" lon="142.492087"><ele>759.5</ele></trkpt>
    <trkpt lat="-37.186444" lon="142.492132"><ele>760.6</ele></trkpt>
    <trkpt lat="-37.186518" lon="142.492342"><ele>763.3</ele></trkpt>
    <trkpt lat="-37.186558" lon="142.492503"><ele>765.1</ele></trkpt>
    <trkpt lat="-37.186664" lon="142.492728"><ele>767.9</ele></trkpt>
    <trkpt lat="-37.186733" lon="142.492907"><ele>770.1</ele></trkpt>
    <trkpt lat="-37.186830" lon="142.492965"><ele>771.5</ele></trkpt>
    <trkpt lat="-37.186917" lon="142.493146"><ele>773.7</ele></trkpt>
    <trkpt lat="-37.186964" lon="142.493379"><ele>775.7</ele></trkpt>
    <trkpt lat="-37.187018" lon="142.493511"><ele>776.9</ele></trkpt>
    <trkpt lat="-37.187062" lon="142.493579"><ele>777.5</ele></trkpt>
    <trkpt lat="-37.187193" lon="142.493558"><ele>778.7</ele></trkpt>
    <trkpt lat="-37.187294" lon="142.493584"><ele>779.6</ele></trkpt>
    <trkpt lat="-37.187340" lon="142.493674"><ele>780.4</ele></trkpt>
    <trkpt lat="-37.187347" lon="142.493819"><ele>781.4</ele></trkpt>
    <trkpt lat="-37.187343" lon="142.493945"><ele>782.4</ele></trkpt>
    <trkpt lat="-37.187409" lon="142.494091"><ele>783.8</ele></trkpt>
    <trkpt lat="-37.187398" lon="142.494269"><ele>785.2</ele></trkpt>
    <trkpt lat="-37.187327" lon="142.494381"><ele>786.3</ele></trkpt>
    <trkpt lat="-37.187247" lon="142.494435"><ele>787.2</ele></trkpt>
    <trkpt lat="-37.187243" lon="142.494623"><ele>789.6</ele></trkpt>
    <trkpt lat="-37.187224" lon="142.494831"><ele>792.6</ele></trkpt>
    <trkpt lat="-37.187177" lon="142.494858"><ele>793.7</ele></trkpt>
    <trkpt lat="-37.187089" lon="142.495006"><ele>796.9</ele></trkpt>
    <trkpt lat="-37.186984" lon="142.495094"><ele>799.9</ele></trkpt>
    <trkpt lat="-37.186908" lon="142.495239"><ele>803.2</ele></trkpt>
    <trkpt lat="-37.186940" lon="142.495325"><ele>805.2</ele></trkpt>
    <trkpt lat="-37.186954" lon="142.495391"><ele>806.7</ele></trkpt>
    <trkpt lat="-37.186908" lon="142.495491"><ele>809.2</ele></trkpt>
    <trkpt lat="-37.186830" lon="142.495586"><ele>812.2</ele></trkpt>
    <trkpt lat="-37.186848" lon="142.495700"><ele>814.6</ele></trkpt>
    <trkpt lat="-37.186835" lon="142.495779"><ele>816.4</ele></trkpt>
    <trkpt lat="-37.186855" lon="142.496038"><ele>821.5</ele></trkpt>
    <trkpt lat="-37.186765" lon="142.496185"><ele>824.8</ele></trkpt>
    <trkpt lat="-37.186743" lon="142.496245"><ele>825.8</ele></trkpt>
    <trkpt lat="-37.186758" lon="142.496293"><ele>826.6</ele></trkpt>
    <trkpt lat="-37.186800" lon="142.496384"><ele>828.2</ele></trkpt>
    <trkpt lat="-37.186869" lon="142.496457"><ele>829.8</ele></trkpt>
    <trkpt lat="-37.186895" lon="142.496606"><ele>831.9</ele></trkpt>
    <trkpt lat="-37.186945" lon="142.496747"><ele>834.1</ele></trkpt>
    <trkpt lat="-37.186974" lon="142.496897"><ele>835.9</ele></trkpt>
    <trkpt lat="-37.187019" lon="142.497015"><ele>837.4</ele></trkpt>
    <trkpt lat="-37.187001" lon="142.497260"><ele>840.6</ele></trkpt>
    <trkpt lat="-37.187080" lon="142.497682"><ele>846.6</ele></trkpt>
    <trkpt lat="-37.187079" lon="142.497963"><ele>850.6</ele></trkpt>
    <trkpt lat="-37.187096" lon="142.498073"><ele>852.2</ele></trkpt>
    <trkpt lat="-37.187068" lon="142.498143"><ele>853.2</ele></trkpt>
    <trkpt lat="-37.187117" lon="142.498281"><ele>855.0</ele></trkpt>
    <trkpt lat="-37.187160" lon="142.498479"><ele>857.5</ele></trkpt>
    <trkpt lat="-37.187169" lon="142.498560"><ele>858.5</ele></trkpt>
    <trkpt lat="-37.187145" lon="142.498631"><ele>859.5</ele></trkpt>
    <trkpt lat="-37.187197" lon="142.498820"><ele>861.8</ele></trkpt>
    <trkpt lat="-37.187303" lon="142.498998"><ele>864.4</ele></trkpt>
    <trkpt lat="-37.187374" lon="142.499172"><ele>866.5</ele></trkpt>
    <trkpt lat="-37.187392" lon="142.499331"><ele>868.2</ele></trkpt>
    <trkpt lat="-37.187435" lon="142.499447"><ele>869.1</ele></trkpt>
    <trkpt lat="-37.187440" lon="142.499706"><ele>870.9</ele></trkpt>
    <trkpt lat="-37.187558" lon="142.500082"><ele>872.1</ele></trkpt>
    <trkpt lat="-37.187666" lon="142.500226"><ele>871.8</ele></trkpt>
    <trkpt lat="-37.187811" lon="142.500480"><ele>871.4</ele></trkpt>
    <trkpt lat="-37.187874" lon="142.500624"><ele>870.7</ele></trkpt>
    <trkpt lat="-37.187994" lon="142.500640"><ele>869.9</ele></trkpt>
    <trkpt lat="-37.188011" lon="142.500720"><ele>869.4</ele></trkpt>
    <trkpt lat="-37.188085" lon="142.500653"><ele>868.8</ele></trkpt>
    <trkpt lat="-37.188116" lon="142.500593"><ele>868.4</ele></trkpt>
    <trkpt lat="-37.188273" lon="142.500683"><ele>867.3</ele></trkpt>
    <trkpt lat="-37.188411" lon="142.500849"><ele>866.5</ele></trkpt>
    <trkpt lat="-37.188586" lon="142.500854"><ele>866.6</ele></trkpt>
    <trkpt lat="-37.188613" lon="142.501014"><ele>866.6</ele></trkpt>
    <trkpt lat="-37.188697" lon="142.500927"><ele>866.3</ele></trkpt>
    <trkpt lat="-37.188795" lon="142.501133"><ele>866.1</ele></trkpt>
    <trkpt lat="-37.188899" lon="142.501195"><ele>866.5</ele></trkpt>
    <trkpt lat="-37.188942" lon="142.501273"><ele>866.8</ele></trkpt>
    <trkpt lat="-37.189037" lon="142.501205"><ele>867.3</ele></trkpt>
    <trkpt lat="-37.189063" lon="142.501253"><ele>867.6</ele></trkpt>
    <trkpt lat="-37.189136" lon="142.501270"><ele>868.0</ele></trkpt>
    <trkpt lat="-37.189217" lon="142.501231"><ele>868.5</ele></trkpt>
    <trkpt lat="-37.189267" lon="142.501268"><ele>868.9</ele></trkpt>
    <trkpt lat="-37.189324" lon="142.501285"><ele>869.3</ele></trkpt>
    <trkpt lat="-37.189424" lon="142.501364"><ele>870.1</ele></trkpt>
    <trkpt lat="-37.189617" lon="142.501613"><ele>871.9</ele></trkpt>
    <trkpt lat="-37.189616" lon="142.501652"><ele>872.1</ele></trkpt>
    <trkpt lat="-37.189649" lon="142.501734"><ele>872.8</ele></trkpt>
    <trkpt lat="-37.189755" lon="142.501881"><ele>874.2</ele></trkpt>
    <trkpt lat="-37.189915" lon="142.502073"><ele>875.7</ele></trkpt>
    <trkpt lat="-37.190003" lon="142.502087"><ele>876.3</ele></trkpt>
    <trkpt lat="-37.190063" lon="142.502121"><ele>876.9</ele></trkpt>
    <trkpt lat="-37.190144" lon="142.502187"><ele>877.8</ele></trkpt>
    <trkpt lat="-37.190148" lon="142.502215"><ele>878.0</ele></trkpt>
    <trkpt lat="-37.190197" lon="142.502267"><ele>878.6</ele></trkpt>
    <trkpt lat="-37.190199" lon="142.502342"><ele>878.9</ele></trkpt>
    <trkpt lat="-37.190231" lon="142.502445"><ele>879.3</ele></trkpt>
    <trkpt lat="-37.190432" lon="142.502635"><ele>880.5</ele></trkpt>
    <trkpt lat="-37.190525" lon="142.502749"><ele>881.1</ele></trkpt>
    <trkpt lat="-37.190642" lon="142.502787"><ele>881.5</ele></trkpt>
    <trkpt lat="-37.190724" lon="142.502935"><ele>881.9</ele></trkpt>
    <trkpt lat="-37.190797" lon="142.503089"><ele>881.9</ele></trkpt>
    <trkpt lat="-37.190985" lon="142.503094"><ele>881.8</ele></trkpt>
    <trkpt lat="-37.191027" lon="142.503170"><ele>881.7</ele></trkpt>
    <trkpt lat="-37.191138" lon="142.503184"><ele>881.4</ele></trkpt>
    <trkpt lat="-37.191193" lon="142.503245"><ele>881.5</ele></trkpt>
    <trkpt lat="-37.191226" lon="142.503281"><ele>881.7</ele></trkpt>
    <trkpt lat="-37.191225" lon="142.503369"><ele>882.0</ele></trkpt>
    <trkpt lat="-37.191276" lon="142.503449"><ele>882.5</ele></trkpt>
    <trkpt lat="-37.191401" lon="142.503495"><ele>883.8</ele></trkpt>
    <trkpt lat="-37.191442" lon="142.503525"><ele>884.4</ele></trkpt>
    <trkpt lat="-37.191529" lon="142.503637"><ele>886.0</ele></trkpt>
    <trkpt lat="-37.191633" lon="142.503668"><ele>887.9</ele></trkpt>
    <trkpt lat="-37.191711" lon="142.503646"><ele>889.4</ele></trkpt>
    <trkpt lat="-37.191789" lon="142.503715"><ele>891.3</ele></trkpt>
    <trkpt lat="-37.191831" lon="142.503731"><ele>892.3</ele></trkpt>
    <trkpt lat="-37.191876" lon="142.503699"><ele>893.6</ele></trkpt>
    <trkpt lat="-37.191915" lon="142.503636"><ele>895.1</ele></trkpt>
    <trkpt lat="-37.191949" lon="142.503535"><ele>897.2</ele></trkpt>
    <trkpt lat="-37.192033" lon="142.503525"><ele>899.0</ele></trkpt>
    <trkpt lat="-37.192093" lon="142.503560"><ele>900.5</ele></trkpt>
    <trkpt lat="-37.192142" lon="142.503595"><ele>901.8</ele></trkpt>
    <trkpt lat="-37.192181" lon="142.503589"><ele>902.6</ele></trkpt>
    <trkpt lat="-37.192252" lon="142.503501"><ele>904.8</ele></trkpt>
    <trkpt lat="-37.192328" lon="142.503488"><ele>906.5</ele></trkpt>
    <trkpt lat="-37.192394" lon="142.503575"><ele>908.6</ele></trkpt>
    <trkpt lat="-37.192454" lon="142.503749"><ele>911.3</ele></trkpt>
    <trkpt lat="-37.192540" lon="142.503910"><ele>913.8</ele></trkpt>
    <trkpt lat="-37.192602" lon="142.503949"><ele>914.7</ele></trkpt>
    <trkpt lat="-37.192730" lon="142.503895"><ele>916.3</ele></trkpt>
    <trkpt lat="-37.192837" lon="142.503914"><ele>917.7</ele></trkpt>
    <trkpt lat="-37.192896" lon="142.503906"><ele>918.5</ele></trkpt>
    <trkpt lat="-37.193055" lon="142.503981"><ele>920.7</ele></trkpt>
    <trkpt lat="-37.193123" lon="142.503904"><ele>922.2</ele></trkpt>
    <trkpt lat="-37.193258" lon="142.503812"><ele>924.6</ele></trkpt>
    <trkpt lat="-37.193339" lon="142.503778"><ele>925.7</ele></trkpt>
    <trkpt lat="-37.193447" lon="142.503796"><ele>927.1</ele></trkpt>
    <trkpt lat="-37.193505" lon="142.503834"><ele>927.9</ele></trkpt>
    <trkpt lat="-37.193618" lon="142.503960"><ele>929.5</ele></trkpt>
    <trkpt lat="-37.193731" lon="142.503991"><ele>930.6</ele></trkpt>
    <trkpt lat="-37.193859" lon="142.503943"><ele>931.7</ele></trkpt>
    <trkpt lat="-37.194075" lon="142.503922"><ele>933.3</ele></trkpt>
    <trkpt lat="-37.194228" lon="142.503861"><ele>934.3</ele></trkpt>
    <trkpt lat="-37.194341" lon="142.503783"><ele>935.2</ele></trkpt>
    <trkpt lat="-37.194581" lon="142.503788"><ele>937.1</ele></trkpt>
    <trkpt lat="-37.194690" lon="142.503869"><ele>938.4</ele></trkpt>
    <trkpt lat="-37.194800" lon="142.504023"><ele>940.3</ele></trkpt>
    <trkpt lat="-37.194815" lon="142.504154"><ele>941.9</ele></trkpt>
    <trkpt lat="-37.194938" lon="142.504290"><ele>944.5</ele></trkpt>
    <trkpt lat="-37.195357" lon="142.504501"><ele>952.9</ele></trkpt>
    <trkpt lat="-37.195507" lon="142.504543"><ele>955.7</ele></trkpt>
    <trkpt lat="-37.195605" lon="142.504544"><ele>957.5</ele></trkpt>
    <trkpt lat="-37.195692" lon="142.504622"><ele>959.4</ele></trkpt>
    <trkpt lat="-37.195711" lon="142.504654"><ele>959.9</ele></trkpt>
    <trkpt lat="-37.195755" lon="142.504609"><ele>961.0</ele></trkpt>
    <trkpt lat="-37.195813" lon="142.504612"><ele>962.0</ele></trkpt>
    <trkpt lat="-37.195849" lon="142.504648"><ele>962.9</ele></trkpt>
    <trkpt lat="-37.195919" lon="142.504626"><ele>964.1</ele></trkpt>
    <trkpt lat="-37.195972" lon="142.504528"><ele>965.6</ele></trkpt>
    <trkpt lat="-37.196006" lon="142.504487"><ele>966.4</ele></trkpt>
    <trkpt lat="-37.196033" lon="142.504524"><ele>967.0</ele></trkpt>
    <trkpt lat="-37.196127" lon="142.504624"><ele>968.9</ele></trkpt>
    <trkpt lat="-37.196429" lon="142.505005"><ele>975.5</ele></trkpt>
    <trkpt lat="-37.196501" lon="142.505062"><ele>976.8</ele></trkpt>
    <trkpt lat="-37.196545" lon="142.505175"><ele>978.3</ele></trkpt>
    <trkpt lat="-37.196729" lon="142.505268"><ele>980.9</ele></trkpt>
    <trkpt lat="-37.196824" lon="142.505391"><ele>982.3</ele></trkpt>
    <trkpt lat="-37.196897" lon="142.505436"><ele>983.0</ele></trkpt>
    <trkpt lat="-37.196922" lon="142.505506"><ele>983.4</ele></trkpt>
    <trkpt lat="-37.197037" lon="142.505573"><ele>984.3</ele></trkpt>
    <trkpt lat="-37.197079" lon="142.505653"><ele>984.7</ele></trkpt>
    <trkpt lat="-37.197057" lon="142.505795"><ele>985.1</ele></trkpt>
    <trkpt lat="-37.197014" lon="142.505862"><ele>985.4</ele></trkpt>
    <trkpt lat="-37.196987" lon="142.505893"><ele>985.5</ele></trkpt>
    <trkpt lat="-37.196972" lon="142.505931"><ele>985.6</ele></trkpt>
    <trkpt lat="-37.196961" lon="142.505965"><ele>985.6</ele></trkpt>
    <trkpt lat="-37.196987" lon="142.506012"><ele>985.6</ele></trkpt>
    <trkpt lat="-37.197014" lon="142.506035"><ele>985.6</ele></trkpt>
    <trkpt lat="-37.197037" lon="142.506078"><ele>985.6</ele></trkpt>
    <trkpt lat="-37.197227" lon="142.506078"><ele>985.5</ele></trkpt>
    <trkpt lat="-37.197603" lon="142.506187"><ele>984.5</ele></trkpt>
    <trkpt lat="-37.197742" lon="142.506305"><ele>983.9</ele></trkpt>
    <trkpt lat="-37.197878" lon="142.506338"><ele>983.4</ele></trkpt>
    <trkpt lat="-37.198005" lon="142.506426"><ele>982.7</ele></trkpt>
    <trkpt lat="-37.198142" lon="142.506461"><ele>982.1</ele></trkpt>
    <trkpt lat="-37.198329" lon="142.506536"><ele>980.6</ele></trkpt>
    <trkpt lat="-37.198471" lon="142.506720"><ele>978.5</ele></trkpt>
    <trkpt lat="-37.198574" lon="142.506865"><ele>976.5</ele></trkpt>
    <trkpt lat="-37.198757" lon="142.506924"><ele>973.3</ele></trkpt>
    <trkpt lat="-37.198990" lon="142.507077"><ele>968.6</ele></trkpt>
    <trkpt lat="-37.199083" lon="142.507095"><ele>966.9</ele></trkpt>
    <trkpt lat="-37.199183" lon="142.507069"><ele>965.2</ele></trkpt>
    <trkpt lat="-37.199305" lon="142.507207"><ele>962.5</ele></trkpt>
    <trkpt lat="-37.199464" lon="142.507081"><ele>959.2</ele></trkpt>
    <trkpt lat="-37.199461" lon="142.506929"><ele>957.0</ele></trkpt>
    <trkpt lat="-37.199377" lon="142.506597"><ele>952.3</ele></trkpt>
    <trkpt lat="-37.199413" lon="142.506568"><ele>951.7</ele></trkpt>
    <trkpt lat="-37.199458" lon="142.506638"><ele>950.7</ele></trkpt>
    <trkpt lat="-37.199540" lon="142.506599"><ele>949.4</ele></trkpt>
    <trkpt lat="-37.199556" lon="142.506530"><ele>948.6</ele></trkpt>
    <trkpt lat="-37.199752" lon="142.506540"><ele>945.3</ele></trkpt>
    <trkpt lat="-37.199838" lon="142.506683"><ele>942.4</ele></trkpt>
    <trkpt lat="-37.199911" lon="142.506685"><ele>940.9</ele></trkpt>
    <trkpt lat="-37.200022" lon="142.506620"><ele>938.3</ele></trkpt>
    <trkpt lat="-37.200148" lon="142.506634"><ele>935.7</ele></trkpt>
    <trkpt lat="-37.200307" lon="142.506698"><ele>932.5</ele></trkpt>
    <trkpt lat="-37.200493" lon="142.506679"><ele>929.0</ele></trkpt>
    <trkpt lat="-37.200627" lon="142.506788"><ele>925.9</ele></trkpt>
    <trkpt lat="-37.200778" lon="142.506840"><ele>922.7</ele></trkpt>
    <trkpt lat="-37.200871" lon="142.506812"><ele>920.7</ele></trkpt>
    <trkpt lat="-37.201017" lon="142.506951"><ele>916.7</ele></trkpt>
    <trkpt lat="-37.201175" lon="142.507017"><ele>912.8</ele></trkpt>
    <trkpt lat="-37.201345" lon="142.507019"><ele>908.3</ele></trkpt>
    <trkpt lat="-37.201396" lon="142.506906"><ele>905.2</ele></trkpt>
    <trkpt lat="-37.201365" lon="142.506751"><ele>901.2</ele></trkpt>
    <trkpt lat="-37.201350" lon="142.506634"><ele>897.9</ele></trkpt>
    <trkpt lat="-37.201424" lon="142.506595"><ele>895.1</ele></trkpt>
    <trkpt lat="-37.201415" lon="142.506488"><ele>892.0</ele></trkpt>
    <trkpt lat="-37.201479" lon="142.506464"><ele>889.4</ele></trkpt>
    <trkpt lat="-37.201518" lon="142.506390"><ele>886.6</ele></trkpt>
    <trkpt lat="-37.201667" lon="142.506397"><ele>880.9</ele></trkpt>
    <trkpt lat="-37.201661" lon="142.506238"><ele>876.0</ele></trkpt>
    <trkpt lat="-37.201709" lon="142.506198"><ele>873.8</ele></trkpt>
    <trkpt lat="-37.201744" lon="142.506232"><ele>872.2</ele></trkpt>
    <trkpt lat="-37.201817" lon="142.506224"><ele>869.8</ele></trkpt>
    <trkpt lat="-37.201961" lon="142.506117"><ele>864.5</ele></trkpt>
    <trkpt lat="-37.201966" lon="142.505916"><ele>861.0</ele></trkpt>
    <trkpt lat="-37.202114" lon="142.505935"><ele>858.1</ele></trkpt>
    <trkpt lat="-37.202213" lon="142.506031"><ele>856.3</ele></trkpt>
    <trkpt lat="-37.202343" lon="142.506063"><ele>854.5</ele></trkpt>
    <trkpt lat="-37.202517" lon="142.506310"><ele>852.3</ele></trkpt>
    <trkpt lat="-37.202690" lon="142.506603"><ele>851.4</ele></trkpt>
    <trkpt lat="-37.202873" lon="142.506793"><ele>850.0</ele></trkpt>
    <trkpt lat="-37.202959" lon="142.506964"><ele>848.0</ele></trkpt>
    <trkpt lat="-37.203053" lon="142.507028"><ele>846.5</ele></trkpt>
    <trkpt lat="-37.203103" lon="142.507070"><ele>845.6</ele></trkpt>
    <trkpt lat="-37.203124" lon="142.507316"><ele>842.6</ele></trkpt>
    <trkpt lat="-37.203243" lon="142.507579"><ele>839.5</ele></trkpt>
    <trkpt lat="-37.203441" lon="142.507796"><ele>836.3</ele></trkpt>
    <trkpt lat="-37.203618" lon="142.507897"><ele>834.2</ele></trkpt>
    <trkpt lat="-37.203964" lon="142.507983"><ele>830.6</ele></trkpt>
    <trkpt lat="-37.204237" lon="142.508042"><ele>828.7</ele></trkpt>
    <trkpt lat="-37.204678" lon="142.508332"><ele>825.6</ele></trkpt>
    <trkpt lat="-37.204966" lon="142.508414"><ele>823.2</ele></trkpt>
    <trkpt lat="-37.205293" lon="142.508401"><ele>821.4</ele></trkpt>
    <trkpt lat="-37.205466" lon="142.508347"><ele>820.6</ele></trkpt>
    <trkpt lat="-37.205662" lon="142.508362"><ele>819.4</ele></trkpt>
    <trkpt lat="-37.205802" lon="142.508412"><ele>818.4</ele></trkpt>
    <trkpt lat="-37.206083" lon="142.508365"><ele>817.3</ele></trkpt>
    <trkpt lat="-37.206321" lon="142.508367"><ele>816.4</ele></trkpt>
    <trkpt lat="-37.206461" lon="142.508289"><ele>815.6</ele></trkpt>
    <trkpt lat="-37.206573" lon="142.508369"><ele>815.0</ele></trkpt>
    <trkpt lat="-37.206627" lon="142.508487"><ele>813.9</ele></trkpt>
    <trkpt lat="-37.206696" lon="142.508566"><ele>812.7</ele></trkpt>
    <trkpt lat="-37.206780" lon="142.508638"><ele>811.5</ele></trkpt>
    <trkpt lat="-37.206815" lon="142.508738"><ele>810.5</ele></trkpt>
    <trkpt lat="-37.206737" lon="142.509060"><ele>806.7</ele></trkpt>
    <trkpt lat="-37.206823" lon="142.509183"><ele>804.3</ele></trkpt>
    <trkpt lat="-37.206916" lon="142.509169"><ele>802.5</ele></trkpt>
    <trkpt lat="-37.207007" lon="142.509039"><ele>799.9</ele></trkpt>
    <trkpt lat="-37.207086" lon="142.509025"><ele>798.4</ele></trkpt>
    <trkpt lat="-37.207330" lon="142.509187"><ele>793.7</ele></trkpt>
    <trkpt lat="-37.207318" lon="142.509285"><ele>792.7</ele></trkpt>
    <trkpt lat="-37.207154" lon="142.509342"><ele>790.6</ele></trkpt>
    <trkpt lat="-37.206878" lon="142.509712"><ele>785.0</ele></trkpt>
    <trkpt lat="-37.206623" lon="142.509863"><ele>781.8</ele></trkpt>
    <trkpt lat="-37.206361" lon="142.509736"><ele>778.3</ele></trkpt>
    <trkpt lat="-37.206350" lon="142.509800"><ele>777.6</ele></trkpt>
    <trkpt lat="-37.206608" lon="142.510088"><ele>773.3</ele></trkpt>
    <trkpt lat="-37.206774" lon="142.510325"><ele>770.5</ele></trkpt>
    <trkpt lat="-37.206993" lon="142.510320"><ele>768.4</ele></trkpt>
    <trkpt lat="-37.207194" lon="142.510269"><ele>766.4</ele></trkpt>
    <trkpt lat="-37.207593" lon="142.510357"><ele>762.4</ele></trkpt>
    <trkpt lat="-37.207819" lon="142.510576"><ele>759.2</ele></trkpt>
    <trkpt lat="-37.208102" lon="142.510953"><ele>753.1</ele></trkpt>
    <trkpt lat="-37.208310" lon="142.511276"><ele>747.8</ele></trkpt>
    <trkpt lat="-37.208261" lon="142.511456"><ele>745.7</ele></trkpt>
    <trkpt lat="-37.208205" lon="142.511527"><ele>744.7</ele></trkpt>
    <trkpt lat="-37.208005" lon="142.511617"><ele>741.8</ele></trkpt>
    <trkpt lat="-37.207893" lon="142.511637"><ele>740.2</ele></trkpt>
    <trkpt lat="-37.207665" lon="142.511572"><ele>737.3</ele></trkpt>
    <trkpt lat="-37.207570" lon="142.511557"><ele>736.1</ele></trkpt>
    <trkpt lat="-37.207510" lon="142.511592"><ele>735.4</ele></trkpt>
    <trkpt lat="-37.207470" lon="142.511702"><ele>734.4</ele></trkpt>
    <trkpt lat="-37.207386" lon="142.511933"><ele>732.3</ele></trkpt>
    <trkpt lat="-37.207290" lon="142.512048"><ele>730.9</ele></trkpt>
    <trkpt lat="-37.207158" lon="142.512134"><ele>729.1</ele></trkpt>
    <trkpt lat="-37.206878" lon="142.512134"><ele>725.9</ele></trkpt>
    <trkpt lat="-37.206642" lon="142.512073"><ele>723.6</ele></trkpt>
    <trkpt lat="-37.206351" lon="142.511933"><ele>721.0</ele></trkpt>
    <trkpt lat="-37.206135" lon="142.511828"><ele>719.2</ele></trkpt>
    <trkpt lat="-37.205987" lon="142.511677"><ele>717.6</ele></trkpt>
    <trkpt lat="-37.205751" lon="142.511516"><ele>714.9</ele></trkpt>
    <trkpt lat="-37.205631" lon="142.511451"><ele>713.5</ele></trkpt>
    <trkpt lat="-37.205543" lon="142.511441"><ele>712.5</ele></trkpt>
    <trkpt lat="-37.205392" lon="142.511637"><ele>709.6</ele></trkpt>
    <trkpt lat="-37.205196" lon="142.511702"><ele>706.7</ele></trkpt>
    <trkpt lat="-37.205004" lon="142.511727"><ele>703.9</ele></trkpt>
    <trkpt lat="-37.204832" lon="142.511652"><ele>701.7</ele></trkpt>
    <trkpt lat="-37.204684" lon="142.511577"><ele>700.2</ele></trkpt>
    <trkpt lat="-37.204544" lon="142.511426"><ele>698.7</ele></trkpt>
    <trkpt lat="-37.204468" lon="142.511306"><ele>697.9</ele></trkpt>
    <trkpt lat="-37.204428" lon="142.511215"><ele>697.4</ele></trkpt>
    <trkpt lat="-37.204273" lon="142.511085"><ele>696.2</ele></trkpt>
    <trkpt lat="-37.204101" lon="142.510990"><ele>695.1</ele></trkpt>
    <trkpt lat="-37.204025" lon="142.510969"><ele>694.7</ele></trkpt>
    <trkpt lat="-37.203809" lon="142.511281"><ele>692.0</ele></trkpt>
    <trkpt lat="-37.203609" lon="142.511587"><ele>688.9</ele></trkpt>
    <trkpt lat="-37.203549" lon="142.511832"><ele>686.8</ele></trkpt>
    <trkpt lat="-37.203493" lon="142.511953"><ele>685.8</ele></trkpt>
    <trkpt lat="-37.203329" lon="142.512099"><ele>684.0</ele></trkpt>
    <trkpt lat="-37.203178" lon="142.512274"><ele>681.6</ele></trkpt>
    <trkpt lat="-37.203102" lon="142.512460"><ele>679.5</ele></trkpt>
    <trkpt lat="-37.202874" lon="142.512756"><ele>675.6</ele></trkpt>
    <trkpt lat="-37.202710" lon="142.512881"><ele>673.3</ele></trkpt>
    <trkpt lat="-37.202506" lon="142.512957"><ele>670.2</ele></trkpt>
    <trkpt lat="-37.202366" lon="142.512946"><ele>668.2</ele></trkpt>
    <trkpt lat="-37.202238" lon="142.513278"><ele>664.3</ele></trkpt>
    <trkpt lat="-37.202123" lon="142.513458"><ele>662.2</ele></trkpt>
    <trkpt lat="-37.201967" lon="142.513569"><ele>660.2</ele></trkpt>
    <trkpt lat="-37.201827" lon="142.513609"><ele>658.1</ele></trkpt>
    <trkpt lat="-37.201691" lon="142.513704"><ele>655.8</ele></trkpt>
    <trkpt lat="-37.201571" lon="142.514000"><ele>652.1</ele></trkpt>
    <trkpt lat="-37.201451" lon="142.514146"><ele>649.7</ele></trkpt>
    <trkpt lat="-37.201331" lon="142.514351"><ele>646.9</ele></trkpt>
    <trkpt lat="-37.201199" lon="142.514457"><ele>645.0</ele></trkpt>
    <trkpt lat="-37.200988" lon="142.514806"><ele>641.3</ele></trkpt>
    <trkpt lat="-37.200859" lon="142.514942"><ele>640.0</ele></trkpt>
    <trkpt lat="-37.200680" lon="142.515079"><ele>639.3</ele></trkpt>
    <trkpt lat="-37.200612" lon="142.515285"><ele>638.9</ele></trkpt>
    <trkpt lat="-37.200556" lon="142.515490"><ele>638.3</ele></trkpt>
    <trkpt lat="-37.200560" lon="142.515596"><ele>637.7</ele></trkpt>
    <trkpt lat="-37.200596" lon="142.515726"><ele>636.9</ele></trkpt>
    <trkpt lat="-37.200720" lon="142.515882"><ele>635.5</ele></trkpt>
    <trkpt lat="-37.200947" lon="142.516007"><ele>633.1</ele></trkpt>
    <trkpt lat="-37.201135" lon="142.516057"><ele>630.9</ele></trkpt>
    <trkpt lat="-37.201301" lon="142.516172"><ele>627.5</ele></trkpt>
    <trkpt lat="-37.201491" lon="142.516347"><ele>623.1</ele></trkpt>
    <trkpt lat="-37.201601" lon="142.516591"><ele>618.9</ele></trkpt>
    <trkpt lat="-37.201657" lon="142.516806"><ele>615.5</ele></trkpt>
    <trkpt lat="-37.201704" lon="142.517128"><ele>610.5</ele></trkpt>
    <trkpt lat="-37.201749" lon="142.517261"><ele>608.5</ele></trkpt>
    <trkpt lat="-37.201835" lon="142.517409"><ele>605.9</ele></trkpt>
    <trkpt lat="-37.201885" lon="142.517587"><ele>603.8</ele></trkpt>
    <trkpt lat="-37.201977" lon="142.517765"><ele>601.6</ele></trkpt>
    <trkpt lat="-37.202072" lon="142.517907"><ele>600.1</ele></trkpt>
    <trkpt lat="-37.202167" lon="142.518126"><ele>598.3</ele></trkpt>
    <trkpt lat="-37.202249" lon="142.518257"><ele>597.2</ele></trkpt>
    <trkpt lat="-37.202298" lon="142.518704"><ele>595.2</ele></trkpt>
    <trkpt lat="-37.202251" lon="142.518875"><ele>594.8</ele></trkpt>
    <trkpt lat="-37.202123" lon="142.518870"><ele>594.3</ele></trkpt>
    <trkpt lat="-37.201771" lon="142.518847"><ele>592.7</ele></trkpt>
    <trkpt lat="-37.201583" lon="142.518901"><ele>591.7</ele></trkpt>
    <trkpt lat="-37.201457" lon="142.518973"><ele>590.9</ele></trkpt>
    <trkpt lat="-37.201331" lon="142.519185"><ele>589.5</ele></trkpt>
    <trkpt lat="-37.201219" lon="142.519203"><ele>588.7</ele></trkpt>
    <trkpt lat="-37.201096" lon="142.519292"><ele>587.0</ele></trkpt>
    <trkpt lat="-37.201065" lon="142.519393"><ele>586.0</ele></trkpt>
    <trkpt lat="-37.201010" lon="142.519658"><ele>583.3</ele></trkpt>
    <trkpt lat="-37.200867" lon="142.519917"><ele>579.7</ele></trkpt>
    <trkpt lat="-37.200842" lon="142.520118"><ele>577.2</ele></trkpt>
    <trkpt lat="-37.200873" lon="142.520245"><ele>575.5</ele></trkpt>
    <trkpt lat="-37.200886" lon="142.520491"><ele>572.7</ele></trkpt>
    <trkpt lat="-37.200935" lon="142.520625"><ele>571.3</ele></trkpt>
    <trkpt lat="-37.201110" lon="142.520887"><ele>568.6</ele></trkpt>
    <trkpt lat="-37.201423" lon="142.521269"><ele>564.9</ele></trkpt>
    <trkpt lat="-37.201619" lon="142.521562"><ele>562.6</ele></trkpt>
    <trkpt lat="-37.201683" lon="142.521777"><ele>561.0</ele></trkpt>
    <trkpt lat="-37.201715" lon="142.521878"><ele>559.8</ele></trkpt>
    <trkpt lat="-37.201919" lon="142.522114"><ele>555.8</ele></trkpt>
    <trkpt lat="-37.202010" lon="142.522292"><ele>553.2</ele></trkpt>
    <trkpt lat="-37.202020" lon="142.522572"><ele>550.0</ele></trkpt>
    <trkpt lat="-37.202124" lon="142.522750"><ele>547.5</ele></trkpt>
    <trkpt lat="-37.202215" lon="142.523006"><ele>544.3</ele></trkpt>
    <trkpt lat="-37.202261" lon="142.523254"><ele>541.7</ele></trkpt>
    <trkpt lat="-37.202276" lon="142.523532"><ele>539.5</ele></trkpt>
    <trkpt lat="-37.202360" lon="142.523816"><ele>536.9</ele></trkpt>
    <trkpt lat="-37.202556" lon="142.524057"><ele>533.6</ele></trkpt>
    <trkpt lat="-37.202652" lon="142.524291"><ele>530.8</ele></trkpt>
    <trkpt lat="-37.202794" lon="142.524644"><ele>526.5</ele></trkpt>
    <trkpt lat="-37.202916" lon="142.524788"><ele>523.9</ele></trkpt>
    <trkpt lat="-37.203136" lon="142.524958"><ele>519.9</ele></trkpt>
    <trkpt lat="-37.203379" lon="142.525032"><ele>516.3</ele></trkpt>
    <trkpt lat="-37.203653" lon="142.525306"><ele>512.0</ele></trkpt>
    <trkpt lat="-37.203815" lon="142.525392"><ele>510.2</ele></trkpt>
    <trkpt lat="-37.204005" lon="142.525533"><ele>508.3</ele></trkpt>
    <trkpt lat="-37.204215" lon="142.525541"><ele>506.9</ele></trkpt>
    <trkpt lat="-37.204449" lon="142.525393"><ele>506.4</ele></trkpt>
    <trkpt lat="-37.204637" lon="142.525223"><ele>506.2</ele></trkpt>
    <trkpt lat="-37.204744" lon="142.525052"><ele>505.9</ele></trkpt>
    <trkpt lat="-37.204822" lon="142.524812"><ele>505.2</ele></trkpt>
    <trkpt lat="-37.204922" lon="142.524710"><ele>504.4</ele></trkpt>
    <trkpt lat="-37.205195" lon="142.524591"><ele>501.4</ele></trkpt>
    <trkpt lat="-37.205393" lon="142.524391"><ele>496.8</ele></trkpt>
    <trkpt lat="-37.205626" lon="142.524089"><ele>489.2</ele></trkpt>
    <trkpt lat="-37.205711" lon="142.523878"><ele>485.6</ele></trkpt>
    <trkpt lat="-37.205784" lon="142.523784"><ele>483.6</ele></trkpt>
    <trkpt lat="-37.205898" lon="142.524049"><ele>480.7</ele></trkpt>
    <trkpt lat="-37.205915" lon="142.524517"><ele>478.0</ele></trkpt>
    <trkpt lat="-37.205807" lon="142.524868"><ele>475.8</ele></trkpt>
    <trkpt lat="-37.205735" lon="142.525024"><ele>474.9</ele></trkpt>
    <trkpt lat="-37.205827" lon="142.525164"><ele>473.5</ele></trkpt>
    <trkpt lat="-37.205947" lon="142.525320"><ele>471.7</ele></trkpt>
    <trkpt lat="-37.205943" lon="142.525420"><ele>470.4</ele></trkpt>
    <trkpt lat="-37.205855" lon="142.525681"><ele>466.7</ele></trkpt>
    <trkpt lat="-37.205675" lon="142.525882"><ele>462.5</ele></trkpt>
    <trkpt lat="-37.205464" lon="142.526062"><ele>457.7</ele></trkpt>
    <trkpt lat="-37.205348" lon="142.526083"><ele>455.3</ele></trkpt>
    <trkpt lat="-37.205308" lon="142.526153"><ele>453.9</ele></trkpt>
    <trkpt lat="-37.205352" lon="142.526348"><ele>450.5</ele></trkpt>
    <trkpt lat="-37.205344" lon="142.526680"><ele>445.1</ele></trkpt>
    <trkpt lat="-37.205280" lon="142.526895"><ele>441.5</ele></trkpt>
    <trkpt lat="-37.205060" lon="142.527186"><ele>435.9</ele></trkpt>
    <trkpt lat="-37.204884" lon="142.527397"><ele>433.0</ele></trkpt>
    <trkpt lat="-37.204732" lon="142.527553"><ele>431.1</ele></trkpt>
    <trkpt lat="-37.204644" lon="142.527553"><ele>430.1</ele></trkpt>
    <trkpt lat="-37.204492" lon="142.527508"><ele>428.2</ele></trkpt>
    <trkpt lat="-37.204397" lon="142.527543"><ele>427.1</ele></trkpt>
    <trkpt lat="-37.204336" lon="142.527708"><ele>425.8</ele></trkpt>
    <trkpt lat="-37.204241" lon="142.528059"><ele>424.4</ele></trkpt>
    <trkpt lat="-37.204125" lon="142.528191"><ele>424.0</ele></trkpt>
    <trkpt lat="-37.203977" lon="142.528240"><ele>423.6</ele></trkpt>
    <trkpt lat="-37.203807" lon="142.528314"><ele>423.4</ele></trkpt>
    <trkpt lat="-37.203850" lon="142.528487"><ele>423.4</ele></trkpt>
    <trkpt lat="-37.204017" lon="142.528767"><ele>424.3</ele></trkpt>
    <trkpt lat="-37.204313" lon="142.529198"><ele>423.5</ele></trkpt>
    <trkpt lat="-37.204524" lon="142.529444"><ele>422.0</ele></trkpt>
    <trkpt lat="-37.204620" lon="142.529715"><ele>420.1</ele></trkpt>
    <trkpt lat="-37.204661" lon="142.529866"><ele>418.8</ele></trkpt>
    <trkpt lat="-37.204816" lon="142.529906"><ele>416.9</ele></trkpt>
    <trkpt lat="-37.205170" lon="142.530034"><ele>412.2</ele></trkpt>
    <trkpt lat="-37.205411" lon="142.530134"><ele>408.7</ele></trkpt>
    <trkpt lat="-37.205651" lon="142.530423"><ele>404.3</ele></trkpt>
    <trkpt lat="-37.205795" lon="142.530698"><ele>401.1</ele></trkpt>
    <trkpt lat="-37.206062" lon="142.530809"><ele>398.1</ele></trkpt>
    <trkpt lat="-37.206269" lon="142.530991"><ele>395.9</ele></trkpt>
    <trkpt lat="-37.206446" lon="142.531117"><ele>393.9</ele></trkpt>
    <trkpt lat="-37.206503" lon="142.531266"><ele>392.6</ele></trkpt>
    <trkpt lat="-37.206587" lon="142.531320"><ele>391.7</ele></trkpt>
    <trkpt lat="-37.206738" lon="142.531321"><ele>390.2</ele></trkpt>
    <trkpt lat="-37.206986" lon="142.531461"><ele>387.5</ele></trkpt>
    <trkpt lat="-37.207282" lon="142.531792"><ele>382.7</ele></trkpt>
    <trkpt lat="-37.207725" lon="142.532069"><ele>375.1</ele></trkpt>
    <trkpt lat="-37.207909" lon="142.532169"><ele>372.0</ele></trkpt>
    <trkpt lat="-37.208017" lon="142.532259"><ele>370.1</ele></trkpt>
    <trkpt lat="-37.208113" lon="142.532430"><ele>368.7</ele></trkpt>
    <trkpt lat="-37.208233" lon="142.532646"><ele>366.9</ele></trkpt>
    <trkpt lat="-37.208253" lon="142.532816"><ele>365.5</ele></trkpt>
    <trkpt lat="-37.208201" lon="142.532962"><ele>364.1</ele></trkpt>
    <trkpt lat="-37.208133" lon="142.533047"><ele>362.9</ele></trkpt>
    <trkpt lat="-37.208181" lon="142.533177"><ele>361.6</ele></trkpt>
    <trkpt lat="-37.208413" lon="142.533373"><ele>358.2</ele></trkpt>
    <trkpt lat="-37.208607" lon="142.533475"><ele>355.3</ele></trkpt>
    <trkpt lat="-37.208734" lon="142.533691"><ele>352.5</ele></trkpt>
    <trkpt lat="-37.208903" lon="142.533849"><ele>349.6</ele></trkpt>
    <trkpt lat="-37.208940" lon="142.534015"><ele>347.6</ele></trkpt>
    <trkpt lat="-37.208900" lon="142.534146"><ele>346.4</ele></trkpt>
    <trkpt lat="-37.208838" lon="142.534248"><ele>345.2</ele></trkpt>
    <trkpt lat="-37.208900" lon="142.534341"><ele>344.3</ele></trkpt>
    <trkpt lat="-37.208999" lon="142.534435"><ele>343.4</ele></trkpt>
    <trkpt lat="-37.209127" lon="142.534844"><ele>342.0</ele></trkpt>
    <trkpt lat="-37.209380" lon="142.535400"><ele>336.6</ele></trkpt>
    <trkpt lat="-37.209633" lon="142.535669"><ele>332.3</ele></trkpt>
    <trkpt lat="-37.209841" lon="142.535876"><ele>329.6</ele></trkpt>
    <trkpt lat="-37.209981" lon="142.535872"><ele>328.5</ele></trkpt>
    <trkpt lat="-37.210061" lon="142.535812"><ele>327.7</ele></trkpt>
    <trkpt lat="-37.210168" lon="142.535685"><ele>326.7</ele></trkpt>
    <trkpt lat="-37.210283" lon="142.535724"><ele>325.9</ele></trkpt>
    <trkpt lat="-37.210467" lon="142.535977"><ele>325.2</ele></trkpt>
    <trkpt lat="-37.210543" lon="142.536143"><ele>325.4</ele></trkpt>
    <trkpt lat="-37.210559" lon="142.536348"><ele>325.8</ele></trkpt>
    <trkpt lat="-37.210714" lon="142.536656"><ele>326.3</ele></trkpt>
    <trkpt lat="-37.210836" lon="142.536820"><ele>326.0</ele></trkpt>
    <trkpt lat="-37.211116" lon="142.536887"><ele>325.9</ele></trkpt>
    <trkpt lat="-37.211224" lon="142.536932"><ele>326.3</ele></trkpt>
    <trkpt lat="-37.211558" lon="142.536894"><ele>328.0</ele></trkpt>
    <trkpt lat="-37.211899" lon="142.536905"><ele>329.4</ele></trkpt>
    <trkpt lat="-37.212009" lon="142.536962"><ele>329.6</ele></trkpt>
    <trkpt lat="-37.212255" lon="142.536926"><ele>330.0</ele></trkpt>
    <trkpt lat="-37.212521" lon="142.537030"><ele>330.3</ele></trkpt>
    <trkpt lat="-37.212825" lon="142.537050"><ele>329.9</ele></trkpt>
    <trkpt lat="-37.213124" lon="142.537046"><ele>328.8</ele></trkpt>
    <trkpt lat="-37.213460" lon="142.537071"><ele>328.5</ele></trkpt>
    <trkpt lat="-37.213588" lon="142.537130"><ele>328.5</ele></trkpt>
    <trkpt lat="-37.213725" lon="142.537100"><ele>328.5</ele></trkpt>
    <trkpt lat="-37.213838" lon="142.536707"><ele>327.8</ele></trkpt>
    <trkpt lat="-37.213904" lon="142.536511"><ele>327.1</ele></trkpt>
    <trkpt lat="-37.213968" lon="142.536470"><ele>326.8</ele></trkpt>
    <trkpt lat="-37.214104" lon="142.536582"><ele>325.8</ele></trkpt>
    <trkpt lat="-37.214197" lon="142.536674"><ele>324.9</ele></trkpt>
    <trkpt lat="-37.214307" lon="142.536683"><ele>324.0</ele></trkpt>
    <trkpt lat="-37.214599" lon="142.536553"><ele>321.6</ele></trkpt>
    <trkpt lat="-37.214743" lon="142.536446"><ele>320.2</ele></trkpt>
    <trkpt lat="-37.214894" lon="142.536200"><ele>319.3</ele></trkpt>
    <trkpt lat="-37.214958" lon="142.536194"><ele>319.2</ele></trkpt>
    <trkpt lat="-37.214998" lon="142.536248"><ele>319.2</ele></trkpt>
    <trkpt lat="-37.215032" lon="142.536551"><ele>319.2</ele></trkpt>
    <trkpt lat="-37.215055" lon="142.536784"><ele>319.5</ele></trkpt>
    <trkpt lat="-37.215120" lon="142.536863"><ele>319.5</ele></trkpt>
    <trkpt lat="-37.215212" lon="142.536878"><ele>319.4</ele></trkpt>
    <trkpt lat="-37.215447" lon="142.536779"><ele>319.1</ele></trkpt>
    <trkpt lat="-37.215594" lon="142.536846"><ele>318.8</ele></trkpt>
    <trkpt lat="-37.215670" lon="142.536961"><ele>318.5</ele></trkpt>
    <trkpt lat="-37.215654" lon="142.537202"><ele>317.8</ele></trkpt>
    <trkpt lat="-37.215682" lon="142.537442"><ele>316.9</ele></trkpt>
    <trkpt lat="-37.215809" lon="142.537764"><ele>315.5</ele></trkpt>
    <trkpt lat="-37.216089" lon="142.538140"><ele>314.2</ele></trkpt>
    <trkpt lat="-37.216321" lon="142.538396"><ele>313.6</ele></trkpt>
    <trkpt lat="-37.216325" lon="142.538571"><ele>313.5</ele></trkpt>
    <trkpt lat="-37.216585" lon="142.538887"><ele>313.8</ele></trkpt>
    <trkpt lat="-37.216928" lon="142.539158"><ele>314.1</ele></trkpt>
    <trkpt lat="-37.217145" lon="142.539122"><ele>314.2</ele></trkpt>
    <trkpt lat="-37.217316" lon="142.539200"><ele>314.1</ele></trkpt>
    <trkpt lat="-37.217488" lon="142.539268"><ele>313.9</ele></trkpt>
    <trkpt lat="-37.217791" lon="142.539265"><ele>313.6</ele></trkpt>
    <trkpt lat="-37.217959" lon="142.539292"><ele>313.4</ele></trkpt>
    <trkpt lat="-37.218313" lon="142.539176"><ele>312.8</ele></trkpt>
    <trkpt lat="-37.218472" lon="142.539328"><ele>312.0</ele></trkpt>
    <trkpt lat="-37.218734" lon="142.539331"><ele>310.4</ele></trkpt>
    <trkpt lat="-37.218951" lon="142.539434"><ele>309.2</ele></trkpt>
    <trkpt lat="-37.219118" lon="142.539640"><ele>308.3</ele></trkpt>
    <trkpt lat="-37.219234" lon="142.539892"><ele>307.5</ele></trkpt>
    <trkpt lat="-37.219512" lon="142.540011"><ele>306.7</ele></trkpt>
    <trkpt lat="-37.219683" lon="142.539933"><ele>306.9</ele></trkpt>
    <trkpt lat="-37.219797" lon="142.540072"><ele>307.3</ele></trkpt>
    <trkpt lat="-37.219877" lon="142.540052"><ele>307.4</ele></trkpt>
    <trkpt lat="-37.220005" lon="142.540046"><ele>307.6</ele></trkpt>
    <trkpt lat="-37.220165" lon="142.539936"><ele>307.9</ele></trkpt>
    <trkpt lat="-37.220302" lon="142.539670"><ele>308.3</ele></trkpt>
    <trkpt lat="-37.220429" lon="142.539528"><ele>308.7</ele></trkpt>
    <trkpt lat="-37.220571" lon="142.539510"><ele>308.9</ele></trkpt>
    <trkpt lat="-37.220729" lon="142.539415"><ele>309.1</ele></trkpt>
    <trkpt lat="-37.220974" lon="142.539464"><ele>309.2</ele></trkpt>
    <trkpt lat="-37.220994" lon="142.539616"><ele>309.5</ele></trkpt>
    <trkpt lat="-37.221009" lon="142.539739"><ele>309.7</ele></trkpt>
    <trkpt lat="-37.221073" lon="142.539765"><ele>309.7</ele></trkpt>
    <trkpt lat="-37.221142" lon="142.539727"><ele>309.7</ele></trkpt>
    <trkpt lat="-37.221240" lon="142.539742"><ele>309.7</ele></trkpt>
    <trkpt lat="-37.221348" lon="142.539668"><ele>309.4</ele></trkpt>
    <trkpt lat="-37.221443" lon="142.539502"><ele>309.1</ele></trkpt>
    <trkpt lat="-37.221576" lon="142.539432"><ele>309.0</ele></trkpt>
    <trkpt lat="-37.221917" lon="142.539497"><ele>308.9</ele></trkpt>
    <trkpt lat="-37.222099" lon="142.539527"><ele>308.2</ele></trkpt>
    <trkpt lat="-37.222222" lon="142.539581"><ele>307.5</ele></trkpt>
    <trkpt lat="-37.222373" lon="142.539581"><ele>306.8</ele></trkpt>
    <trkpt lat="-37.222483" lon="142.539553"><ele>306.4</ele></trkpt>
    <trkpt lat="-37.222582" lon="142.539570"><ele>306.1</ele></trkpt>
    <trkpt lat="-37.222674" lon="142.539702"><ele>306.0</ele></trkpt>
    <trkpt lat="-37.222726" lon="142.539785"><ele>305.9</ele></trkpt>
    <trkpt lat="-37.222759" lon="142.539829"><ele>305.9</ele></trkpt>
    <trkpt lat="-37.222731" lon="142.540147"><ele>305.9</ele></trkpt>
    <trkpt lat="-37.222698" lon="142.540228"><ele>306.0</ele></trkpt>
    <trkpt lat="-37.222679" lon="142.540272"><ele>306.0</ele></trkpt>
    <trkpt lat="-37.222634" lon="142.540439"><ele>306.2</ele></trkpt>
    <trkpt lat="-37.222658" lon="142.540578"><ele>306.4</ele></trkpt>
    <trkpt lat="-37.222733" lon="142.540736"><ele>306.5</ele></trkpt>
    <trkpt lat="-37.222823" lon="142.540806"><ele>306.6</ele></trkpt>
    <trkpt lat="-37.222925" lon="142.540857"><ele>306.6</ele></trkpt>
    <trkpt lat="-37.223052" lon="142.540966"><ele>306.4</ele></trkpt>
    <trkpt lat="-37.223212" lon="142.541108"><ele>305.9</ele></trkpt>
    <trkpt lat="-37.223374" lon="142.541196"><ele>305.6</ele></trkpt>
    <trkpt lat="-37.223617" lon="142.541228"><ele>304.9</ele></trkpt>
    <trkpt lat="-37.223822" lon="142.541240"><ele>304.5</ele></trkpt>
    <trkpt lat="-37.223895" lon="142.541282"><ele>304.4</ele></trkpt>
    <trkpt lat="-37.223954" lon="142.541360"><ele>304.4</ele></trkpt>
    <trkpt lat="-37.223959" lon="142.541540"><ele>304.3</ele></trkpt>
    <trkpt lat="-37.224020" lon="142.541647"><ele>304.3</ele></trkpt>
    <trkpt lat="-37.224021" lon="142.541702"><ele>304.2</ele></trkpt>
    <trkpt lat="-37.224024" lon="142.541793"><ele>304.2</ele></trkpt>
    <trkpt lat="-37.224075" lon="142.541967"><ele>304.1</ele></trkpt>
    <trkpt lat="-37.224089" lon="142.542096"><ele>304.0</ele></trkpt>
    <trkpt lat="-37.224014" lon="142.542172"><ele>303.9</ele></trkpt>
    <trkpt lat="-37.223982" lon="142.542236"><ele>303.9</ele></trkpt>
    <trkpt lat="-37.224040" lon="142.542472"><ele>304.8</ele></trkpt>
    <trkpt lat="-37.223986" lon="142.542566"><ele>305.2</ele></trkpt>
    <trkpt lat="-37.223967" lon="142.542694"><ele>305.7</ele></trkpt>
    <trkpt lat="-37.223825" lon="142.542828"><ele>306.6</ele></trkpt>
    <trkpt lat="-37.223731" lon="142.542969"><ele>307.4</ele></trkpt>
    <trkpt lat="-37.223648" lon="142.543031"><ele>308.0</ele></trkpt>
    <trkpt lat="-37.223517" lon="142.543050"><ele>309.2</ele></trkpt>
    <trkpt lat="-37.223381" lon="142.543092"><ele>310.4</ele></trkpt>
    <trkpt lat="-37.223203" lon="142.543226"><ele>312.2</ele></trkpt>
    <trkpt lat="-37.223078" lon="142.543415"><ele>313.4</ele></trkpt>
    <trkpt lat="-37.223006" lon="142.543628"><ele>314.4</ele></trkpt>
    <trkpt lat="-37.223090" lon="142.543934"><ele>316.1</ele></trkpt>
    <trkpt lat="-37.222997" lon="142.544214"><ele>317.8</ele></trkpt>
    <trkpt lat="-37.222997" lon="142.544600"><ele>320.0</ele></trkpt>
    <trkpt lat="-37.222721" lon="142.544861"><ele>322.8</ele></trkpt>
    <trkpt lat="-37.222768" lon="142.545120"><ele>324.5</ele></trkpt>
    <trkpt lat="-37.222577" lon="142.545477"><ele>327.3</ele></trkpt>
    <trkpt lat="-37.222611" lon="142.545707"><ele>328.9</ele></trkpt>
    <trkpt lat="-37.222540" lon="142.545923"><ele>330.5</ele></trkpt>
    <trkpt lat="-37.222574" lon="142.546146"><ele>332.1</ele></trkpt>
    <trkpt lat="-37.222540" lon="142.546316"><ele>333.4</ele></trkpt>
    <trkpt lat="-37.222630" lon="142.546613"><ele>335.9</ele></trkpt>
    <trkpt lat="-37.222718" lon="142.546939"><ele>338.4</ele></trkpt>
    <trkpt lat="-37.222873" lon="142.547084"><ele>340.1</ele></trkpt>
    <trkpt lat="-37.223036" lon="142.547318"><ele>342.5</ele></trkpt>
    <trkpt lat="-37.223152" lon="142.547601"><ele>344.6</ele></trkpt>
    <trkpt lat="-37.223293" lon="142.547852"><ele>346.0</ele></trkpt>
    <trkpt lat="-37.223428" lon="142.547990"><ele>346.6</ele></trkpt>
    <trkpt lat="-37.223476" lon="142.548248"><ele>347.3</ele></trkpt>
    <trkpt lat="-37.223481" lon="142.548464"><ele>347.8</ele></trkpt>
    <trkpt lat="-37.223504" lon="142.548578"><ele>348.0</ele></trkpt>
    <trkpt lat="-37.223318" lon="142.548896"><ele>346.8</ele></trkpt>
    <trkpt lat="-37.223387" lon="142.548941"><ele>346.1</ele></trkpt>
    <trkpt lat="-37.223524" lon="142.548910"><ele>345.0</ele></trkpt>
    <trkpt lat="-37.223679" lon="142.548737"><ele>342.7</ele></trkpt>
    <trkpt lat="-37.223787" lon="142.548482"><ele>339.8</ele></trkpt>
    <trkpt lat="-37.223924" lon="142.548324"><ele>337.1</ele></trkpt>
    <trkpt lat="-37.224010" lon="142.548405"><ele>335.3</ele></trkpt>
    <trkpt lat="-37.224094" lon="142.548669"><ele>331.8</ele></trkpt>
    <trkpt lat="-37.224255" lon="142.548873"><ele>329.2</ele></trkpt>
    <trkpt lat="-37.224314" lon="142.548898"><ele>328.6</ele></trkpt>
    <trkpt lat="-37.224396" lon="142.548934"><ele>327.9</ele></trkpt>
    <trkpt lat="-37.224503" lon="142.548981"><ele>327.3</ele></trkpt>
    <trkpt lat="-37.224660" lon="142.549098"><ele>326.8</ele></trkpt>
    <trkpt lat="-37.224901" lon="142.549458"><ele>327.0</ele></trkpt>
    <trkpt lat="-37.225252" lon="142.549847"><ele>329.3</ele></trkpt>
    <trkpt lat="-37.225504" lon="142.550155"><ele>331.7</ele></trkpt>
    <trkpt lat="-37.225590" lon="142.550247"><ele>332.5</ele></trkpt>
    <trkpt lat="-37.225797" lon="142.550424"><ele>334.5</ele></trkpt>
    <trkpt lat="-37.225905" lon="142.550616"><ele>336.2</ele></trkpt>
    <trkpt lat="-37.226063" lon="142.550964"><ele>339.1</ele></trkpt>
    <trkpt lat="-37.226261" lon="142.551149"><ele>341.3</ele></trkpt>
    <trkpt lat="-37.226323" lon="142.551206"><ele>342.0</ele></trkpt>
    <trkpt lat="-37.226576" lon="142.551463"><ele>344.9</ele></trkpt>
    <trkpt lat="-37.226820" lon="142.551650"><ele>347.2</ele></trkpt>
    <trkpt lat="-37.227148" lon="142.551789"><ele>349.4</ele></trkpt>
    <trkpt lat="-37.227268" lon="142.551831"><ele>350.0</ele></trkpt>
    <trkpt lat="-37.227331" lon="142.552125"><ele>350.3</ele></trkpt>
    <trkpt lat="-37.227442" lon="142.552312"><ele>350.0</ele></trkpt>
    <trkpt lat="-37.227417" lon="142.552630"><ele>349.1</ele></trkpt>
    <trkpt lat="-37.227531" lon="142.552968"><ele>348.0</ele></trkpt>
    <trkpt lat="-37.227559" lon="142.553212"><ele>347.7</ele></trkpt>
    <trkpt lat="-37.227562" lon="142.553537"><ele>348.2</ele></trkpt>
    <trkpt lat="-37.227635" lon="142.553774"><ele>349.5</ele></trkpt>
    <trkpt lat="-37.227703" lon="142.554167"><ele>352.3</ele></trkpt>
    <trkpt lat="-37.227647" lon="142.554379"><ele>353.7</ele></trkpt>
    <trkpt lat="-37.227613" lon="142.554553"><ele>354.7</ele></trkpt>
    <trkpt lat="-37.227554" lon="142.554655"><ele>355.2</ele></trkpt>
    <trkpt lat="-37.227480" lon="142.554698"><ele>355.6</ele></trkpt>
    <trkpt lat="-37.227402" lon="142.554797"><ele>355.9</ele></trkpt>
    <trkpt lat="-37.227286" lon="142.554879"><ele>356.2</ele></trkpt>
    <trkpt lat="-37.227097" lon="142.555066"><ele>356.8</ele></trkpt>
    <trkpt lat="-37.226908" lon="142.555243"><ele>357.8</ele></trkpt>
    <trkpt lat="-37.226813" lon="142.555434"><ele>359.0</ele></trkpt>
    <trkpt lat="-37.226858" lon="142.555580"><ele>360.2</ele></trkpt>
    <trkpt lat="-37.227168" lon="142.555987"><ele>365.8</ele></trkpt>
    <trkpt lat="-37.227373" lon="142.556230"><ele>370.1</ele></trkpt>
    <trkpt lat="-37.227425" lon="142.556963"><ele>379.0</ele></trkpt>
    <trkpt lat="-37.227553" lon="142.557135"><ele>381.7</ele></trkpt>
    <trkpt lat="-37.227715" lon="142.557189"><ele>384.1</ele></trkpt>
    <trkpt lat="-37.227883" lon="142.557153"><ele>386.7</ele></trkpt>
    <trkpt lat="-37.227970" lon="142.557340"><ele>389.2</ele></trkpt>
    <trkpt lat="-37.228155" lon="142.557425"><ele>392.2</ele></trkpt>
    <trkpt lat="-37.228330" lon="142.557516"><ele>395.1</ele></trkpt>
    <trkpt lat="-37.228602" lon="142.557522"><ele>399.3</ele></trkpt>
    <trkpt lat="-37.228854" lon="142.557637"><ele>403.4</ele></trkpt>
    <trkpt lat="-37.228920" lon="142.557722"><ele>404.8</ele></trkpt>
    <trkpt lat="-37.229017" lon="142.557741"><ele>406.2</ele></trkpt>
    <trkpt lat="-37.229231" lon="142.557932"><ele>409.8</ele></trkpt>
    <trkpt lat="-37.229321" lon="142.558152"><ele>412.3</ele></trkpt>
    <trkpt lat="-37.229438" lon="142.558185"><ele>413.7</ele></trkpt>
    <trkpt lat="-37.229655" lon="142.558074"><ele>416.5</ele></trkpt>
    <trkpt lat="-37.229847" lon="142.558051"><ele>418.7</ele></trkpt>
    <trkpt lat="-37.230060" lon="142.558165"><ele>421.4</ele></trkpt>
    <trkpt lat="-37.230257" lon="142.558268"><ele>424.2</ele></trkpt>
    <trkpt lat="-37.230407" lon="142.558296"><ele>426.3</ele></trkpt>
    <trkpt lat="-37.230508" lon="142.558434"><ele>428.4</ele></trkpt>
    <trkpt lat="-37.230704" lon="142.558509"><ele>431.4</ele></trkpt>
    <trkpt lat="-37.230872" lon="142.558720"><ele>434.9</ele></trkpt>
    <trkpt lat="-37.231030" lon="142.558832"><ele>437.6</ele></trkpt>
    <trkpt lat="-37.231102" lon="142.558999"><ele>439.8</ele></trkpt>
    <trkpt lat="-37.231137" lon="142.559345"><ele>443.2</ele></trkpt>
    <trkpt lat="-37.231256" lon="142.559574"><ele>445.6</ele></trkpt>
    <trkpt lat="-37.231225" lon="142.559837"><ele>447.8</ele></trkpt>
    <trkpt lat="-37.231126" lon="142.560065"><ele>449.9</ele></trkpt>
    <trkpt lat="-37.231106" lon="142.560458"><ele>453.0</ele></trkpt>
    <trkpt lat="-37.231322" lon="142.560951"><ele>458.5</ele></trkpt>
    <trkpt lat="-37.231469" lon="142.561122"><ele>461.3</ele></trkpt>
    <trkpt lat="-37.231567" lon="142.561512"><ele>465.3</ele></trkpt>
    <trkpt lat="-37.231745" lon="142.561580"><ele>467.7</ele></trkpt>
    <trkpt lat="-37.231917" lon="142.561431"><ele>470.3</ele></trkpt>
    <trkpt lat="-37.232104" lon="142.561359"><ele>472.7</ele></trkpt>
    <trkpt lat="-37.232208" lon="142.561452"><ele>474.2</ele></trkpt>
    <trkpt lat="-37.232302" lon="142.561987"><ele>479.2</ele></trkpt>
    <trkpt lat="-37.232374" lon="142.562574"><ele>485.5</ele></trkpt>
    <trkpt lat="-37.232429" lon="142.562719"><ele>487.1</ele></trkpt>
    <trkpt lat="-37.232524" lon="142.562831"><ele>488.8</ele></trkpt>
    <trkpt lat="-37.232532" lon="142.562930"><ele>489.8</ele></trkpt>
    <trkpt lat="-37.232545" lon="142.563143"><ele>491.9</ele></trkpt>
    <trkpt lat="-37.232617" lon="142.563352"><ele>494.3</ele></trkpt>
    <trkpt lat="-37.232746" lon="142.563479"><ele>496.5</ele></trkpt>
    <trkpt lat="-37.232841" lon="142.563544"><ele>498.0</ele></trkpt>
    <trkpt lat="-37.232903" lon="142.563721"><ele>500.2</ele></trkpt>
    <trkpt lat="-37.233025" lon="142.563908"><ele>503.0</ele></trkpt>
    <trkpt lat="-37.233142" lon="142.564201"><ele>506.8</ele></trkpt>
    <trkpt lat="-37.233201" lon="142.564432"><ele>509.6</ele></trkpt>
    <trkpt lat="-37.233303" lon="142.564570"><ele>511.7</ele></trkpt>
    <trkpt lat="-37.233317" lon="142.564798"><ele>514.1</ele></trkpt>
    <trkpt lat="-37.233285" lon="142.565176"><ele>518.3</ele></trkpt>
    <trkpt lat="-37.233294" lon="142.565552"><ele>522.6</ele></trkpt>
    <trkpt lat="-37.233459" lon="142.565823"><ele>526.5</ele></trkpt>
    <trkpt lat="-37.233712" lon="142.566026"><ele>530.8</ele></trkpt>
    <trkpt lat="-37.233742" lon="142.566251"><ele>533.1</ele></trkpt>
    <trkpt lat="-37.233751" lon="142.566920"><ele>539.5</ele></trkpt>
    <trkpt lat="-37.233718" lon="142.567242"><ele>542.6</ele></trkpt>
    <trkpt lat="-37.233781" lon="142.567720"><ele>547.8</ele></trkpt>
    <trkpt lat="-37.234082" lon="142.567914"><ele>553.1</ele></trkpt>
    <trkpt lat="-37.234213" lon="142.568080"><ele>556.2</ele></trkpt>
    <trkpt lat="-37.234340" lon="142.568219"><ele>558.8</ele></trkpt>
    <trkpt lat="-37.234393" lon="142.568465"><ele>562.1</ele></trkpt>
    <trkpt lat="-37.234350" lon="142.568664"><ele>564.8</ele></trkpt>
    <trkpt lat="-37.234241" lon="142.568816"><ele>567.5</ele></trkpt>
    <trkpt lat="-37.234265" lon="142.568929"><ele>569.1</ele></trkpt>
    <trkpt lat="-37.234335" lon="142.569048"><ele>571.0</ele></trkpt>
    <trkpt lat="-37.234342" lon="142.569179"><ele>572.7</ele></trkpt>
    <trkpt lat="-37.234438" lon="142.569352"><ele>575.4</ele></trkpt>
    <trkpt lat="-37.234435" lon="142.569736"><ele>580.3</ele></trkpt>
    <trkpt lat="-37.234394" lon="142.569813"><ele>581.5</ele></trkpt>
    <trkpt lat="-37.234375" lon="142.569932"><ele>583.1</ele></trkpt>
    <trkpt lat="-37.234392" lon="142.570359"><ele>588.3</ele></trkpt>
    <trkpt lat="-37.234713" lon="142.570701"><ele>594.6</ele></trkpt>
    <trkpt lat="-37.234726" lon="142.570872"><ele>596.7</ele></trkpt>
    <trkpt lat="-37.234598" lon="142.571061"><ele>599.7</ele></trkpt>
    <trkpt lat="-37.234610" lon="142.571488"><ele>604.5</ele></trkpt>
    <trkpt lat="-37.234659" lon="142.571689"><ele>606.9</ele></trkpt>
    <trkpt lat="-37.234594" lon="142.571911"><ele>609.6</ele></trkpt>
    <trkpt lat="-37.234608" lon="142.572303"><ele>613.8</ele></trkpt>
    <trkpt lat="-37.234593" lon="142.572723"><ele>618.3</ele></trkpt>
    <trkpt lat="-37.234489" lon="142.573052"><ele>622.4</ele></trkpt>
    <trkpt lat="-37.234505" lon="142.573302"><ele>625.3</ele></trkpt>
    <trkpt lat="-37.234581" lon="142.573389"><ele>626.8</ele></trkpt>
    <trkpt lat="-37.234582" lon="142.573481"><ele>627.8</ele></trkpt>
    <trkpt lat="-37.234688" lon="142.573789"><ele>631.6</ele></trkpt>
    <trkpt lat="-37.234844" lon="142.573863"><ele>633.9</ele></trkpt>
    <trkpt lat="-37.235061" lon="142.573840"><ele>636.7</ele></trkpt>
    <trkpt lat="-37.235186" lon="142.573901"><ele>638.2</ele></trkpt>
    <trkpt lat="-37.235399" lon="142.573807"><ele>640.6</ele></trkpt>
    <trkpt lat="-37.235531" lon="142.573969"><ele>642.4</ele></trkpt>
    <trkpt lat="-37.235731" lon="142.574132"><ele>644.6</ele></trkpt>
    <trkpt lat="-37.235893" lon="142.574161"><ele>645.8</ele></trkpt>
    <trkpt lat="-37.235996" lon="142.574125"><ele>646.5</ele></trkpt>
    <trkpt lat="-37.236033" lon="142.574156"><ele>646.8</ele></trkpt>
    <trkpt lat="-37.236069" lon="142.574187"><ele>647.1</ele></trkpt>
    <trkpt lat="-37.236078" lon="142.574259"><ele>647.4</ele></trkpt>
    <trkpt lat="-37.236037" lon="142.574298"><ele>647.7</ele></trkpt>
    <trkpt lat="-37.235997" lon="142.574423"><ele>648.4</ele></trkpt>
    <trkpt lat="-37.235867" lon="142.574569"><ele>649.5</ele></trkpt>
    <trkpt lat="-37.235853" lon="142.574658"><ele>650.0</ele></trkpt>
    <trkpt lat="-37.235899" lon="142.574706"><ele>650.5</ele></trkpt>
    <trkpt lat="-37.235953" lon="142.574951"><ele>652.3</ele></trkpt>
    <trkpt lat="-37.236126" lon="142.575205"><ele>655.4</ele></trkpt>
    <trkpt lat="-37.236269" lon="142.575476"><ele>659.4</ele></trkpt>
    <trkpt lat="-37.236294" lon="142.575703"><ele>662.7</ele></trkpt>
    <trkpt lat="-37.236454" lon="142.575971"><ele>667.7</ele></trkpt>
    <trkpt lat="-37.236561" lon="142.575990"><ele>669.8</ele></trkpt>
    <trkpt lat="-37.236639" lon="142.576268"><ele>674.1</ele></trkpt>
    <trkpt lat="-37.236544" lon="142.576539"><ele>677.8</ele></trkpt>
    <trkpt lat="-37.236669" lon="142.576887"><ele>682.2</ele></trkpt>
    <trkpt lat="-37.236656" lon="142.577094"><ele>684.5</ele></trkpt>
    <trkpt lat="-37.236726" lon="142.577330"><ele>687.0</ele></trkpt>
    <trkpt lat="-37.236720" lon="142.577577"><ele>689.3</ele></trkpt>
    <trkpt lat="-37.236750" lon="142.577718"><ele>690.5</ele></trkpt>
    <trkpt lat="-37.236984" lon="142.577847"><ele>693.0</ele></trkpt>
    <trkpt lat="-37.237158" lon="142.578380"><ele>697.4</ele></trkpt>
    <trkpt lat="-37.237475" lon="142.578538"><ele>699.9</ele></trkpt>
    <trkpt lat="-37.237568" lon="142.578538"><ele>700.6</ele></trkpt>
    <trkpt lat="-37.237647" lon="142.578594"><ele>701.3</ele></trkpt>
    <trkpt lat="-37.238024" lon="142.578870"><ele>705.3</ele></trkpt>
    <trkpt lat="-37.238152" lon="142.579077"><ele>707.2</ele></trkpt>
    <trkpt lat="-37.238181" lon="142.579269"><ele>708.5</ele></trkpt>
    <trkpt lat="-37.238349" lon="142.579545"><ele>710.8</ele></trkpt>
    <trkpt lat="-37.238561" lon="142.579683"><ele>712.7</ele></trkpt>
    <trkpt lat="-37.238873" lon="142.580096"><ele>716.3</ele></trkpt>
    <trkpt lat="-37.238847" lon="142.580350"><ele>718.0</ele></trkpt>
    <trkpt lat="-37.238969" lon="142.580725"><ele>721.3</ele></trkpt>
    <trkpt lat="-37.239064" lon="142.580824"><ele>722.7</ele></trkpt>
    <trkpt lat="-37.239173" lon="142.580953"><ele>724.7</ele></trkpt>
    <trkpt lat="-37.239358" lon="142.581411"><ele>730.6</ele></trkpt>
    <trkpt lat="-37.239510" lon="142.581756"><ele>735.6</ele></trkpt>
    <trkpt lat="-37.239498" lon="142.581869"><ele>736.8</ele></trkpt>
    <trkpt lat="-37.239568" lon="142.582109"><ele>739.2</ele></trkpt>
    <trkpt lat="-37.239559" lon="142.582192"><ele>739.7</ele></trkpt>
    <trkpt lat="-37.239615" lon="142.582448"><ele>741.2</ele></trkpt>
    <trkpt lat="-37.239688" lon="142.582723"><ele>742.1</ele></trkpt>
    <trkpt lat="-37.239696" lon="142.583013"><ele>742.1</ele></trkpt>
    <trkpt lat="-37.239893" lon="142.583242"><ele>741.9</ele></trkpt>
    <trkpt lat="-37.240059" lon="142.583323"><ele>742.5</ele></trkpt>
    <trkpt lat="-37.240088" lon="142.583444"><ele>742.9</ele></trkpt>
    <trkpt lat="-37.240291" lon="142.583767"><ele>746.7</ele></trkpt>
    <trkpt lat="-37.240416" lon="142.583888"><ele>749.3</ele></trkpt>
    <trkpt lat="-37.240518" lon="142.584012"><ele>752.1</ele></trkpt>
    <trkpt lat="-37.240663" lon="142.584054"><ele>755.4</ele></trkpt>
    <trkpt lat="-37.240800" lon="142.584217"><ele>759.7</ele></trkpt>
    <trkpt lat="-37.241025" lon="142.584343"><ele>765.5</ele></trkpt>
    <trkpt lat="-37.241183" lon="142.584425"><ele>769.7</ele></trkpt>
    <trkpt lat="-37.241301" lon="142.584534"><ele>773.4</ele></trkpt>
    <trkpt lat="-37.241493" lon="142.584598"><ele>778.1</ele></trkpt>
    <trkpt lat="-37.241686" lon="142.584676"><ele>782.3</ele></trkpt>
    <trkpt lat="-37.241860" lon="142.584706"><ele>785.2</ele></trkpt>
    <trkpt lat="-37.241946" lon="142.584787"><ele>787.1</ele></trkpt>
    <trkpt lat="-37.242092" lon="142.584796"><ele>790.2</ele></trkpt>
    <trkpt lat="-37.242109" lon="142.584924"><ele>792.3</ele></trkpt>
    <trkpt lat="-37.242181" lon="142.584950"><ele>793.5</ele></trkpt>
    <trkpt lat="-37.242239" lon="142.585022"><ele>794.9</ele></trkpt>
    <trkpt lat="-37.242322" lon="142.585091"><ele>796.5</ele></trkpt>
    <trkpt lat="-37.242512" lon="142.585095"><ele>798.2</ele></trkpt>
    <trkpt lat="-37.242643" lon="142.585030"><ele>799.8</ele></trkpt>
    <trkpt lat="-37.242667" lon="142.585104"><ele>800.6</ele></trkpt>
    <trkpt lat="-37.242738" lon="142.585122"><ele>801.6</ele></trkpt>
    <trkpt lat="-37.242809" lon="142.585155"><ele>802.5</ele></trkpt>
    <trkpt lat="-37.242871" lon="142.585170"><ele>803.1</ele></trkpt>
    <trkpt lat="-37.242878" lon="142.585210"><ele>803.3</ele></trkpt>
    <trkpt lat="-37.242979" lon="142.585213"><ele>804.2</ele></trkpt>
    <trkpt lat="-37.242996" lon="142.585189"><ele>804.4</ele></trkpt>
    <trkpt lat="-37.243063" lon="142.585181"><ele>804.6</ele></trkpt>
    <trkpt lat="-37.243099" lon="142.585107"><ele>804.3</ele></trkpt>
    <trkpt lat="-37.243139" lon="142.585125"><ele>804.2</ele></trkpt>
    <trkpt lat="-37.243173" lon="142.585062"><ele>803.9</ele></trkpt>
    <trkpt lat="-37.243211" lon="142.584929"><ele>803.4</ele></trkpt>
    <trkpt lat="-37.243382" lon="142.584935"><ele>802.3</ele></trkpt>
    <trkpt lat="-37.243438" lon="142.584975"><ele>801.9</ele></trkpt>
    <trkpt lat="-37.243491" lon="142.585037"><ele>801.3</ele></trkpt>
    <trkpt lat="-37.243633" lon="142.585051"><ele>800.2</ele></trkpt>
    <trkpt lat="-37.243692" lon="142.584983"><ele>799.3</ele></trkpt>
    <trkpt lat="-37.243749" lon="142.584998"><ele>798.6</ele></trkpt>
    <trkpt lat="-37.243808" lon="142.584957"><ele>797.7</ele></trkpt>
    <trkpt lat="-37.243868" lon="142.584978"><ele>796.9</ele></trkpt>
    <trkpt lat="-37.243927" lon="142.584899"><ele>796.1</ele></trkpt>
    <trkpt lat="-37.244045" lon="142.584876"><ele>795.5</ele></trkpt>
    <trkpt lat="-37.244125" lon="142.584812"><ele>795.0</ele></trkpt>
    <trkpt lat="-37.244152" lon="142.584702"><ele>795.1</ele></trkpt>
    <trkpt lat="-37.244219" lon="142.584666"><ele>795.3</ele></trkpt>
    <trkpt lat="-37.244313" lon="142.584610"><ele>795.6</ele></trkpt>
    <trkpt lat="-37.244485" lon="142.584616"><ele>797.3</ele></trkpt>
    <trkpt lat="-37.244536" lon="142.584602"><ele>797.8</ele></trkpt>
    <trkpt lat="-37.244552" lon="142.584542"><ele>798.3</ele></trkpt>
    <trkpt lat="-37.244559" lon="142.584483"><ele>799.0</ele></trkpt>
    <trkpt lat="-37.244608" lon="142.584502"><ele>799.9</ele></trkpt>
    <trkpt lat="-37.244641" lon="142.584558"><ele>800.8</ele></trkpt>
    <trkpt lat="-37.244750" lon="142.584554"><ele>802.6</ele></trkpt>
    <trkpt lat="-37.244868" lon="142.584486"><ele>805.3</ele></trkpt>
    <trkpt lat="-37.245043" lon="142.584427"><ele>809.0</ele></trkpt>
    <trkpt lat="-37.245131" lon="142.584462"><ele>811.1</ele></trkpt>
    <trkpt lat="-37.245213" lon="142.584467"><ele>812.9</ele></trkpt>
    <trkpt lat="-37.245270" lon="142.584420"><ele>814.4</ele></trkpt>
    <trkpt lat="-37.245294" lon="142.584390"><ele>815.2</ele></trkpt>
    <trkpt lat="-37.245272" lon="142.584320"><ele>816.6</ele></trkpt>
    <trkpt lat="-37.245313" lon="142.584266"><ele>818.0</ele></trkpt>
    <trkpt lat="-37.245350" lon="142.584222"><ele>819.2</ele></trkpt>
    <trkpt lat="-37.245398" lon="142.584292"><ele>820.9</ele></trkpt>
    <trkpt lat="-37.245417" lon="142.584280"><ele>821.4</ele></trkpt>
    <trkpt lat="-37.245437" lon="142.584192"><ele>823.0</ele></trkpt>
    <trkpt lat="-37.245522" lon="142.584267"><ele>825.4</ele></trkpt>
    <trkpt lat="-37.245640" lon="142.584214"><ele>828.2</ele></trkpt>
    <trkpt lat="-37.245726" lon="142.584330"><ele>831.1</ele></trkpt>
    <trkpt lat="-37.245798" lon="142.584364"><ele>832.9</ele></trkpt>
    <trkpt lat="-37.245897" lon="142.584343"><ele>835.0</ele></trkpt>
    <trkpt lat="-37.246002" lon="142.584286"><ele>837.4</ele></trkpt>
    <trkpt lat="-37.246043" lon="142.584359"><ele>838.9</ele></trkpt>
    <trkpt lat="-37.246153" lon="142.584306"><ele>840.9</ele></trkpt>
    <trkpt lat="-37.246208" lon="142.584335"><ele>841.9</ele></trkpt>
    <trkpt lat="-37.246416" lon="142.584388"><ele>844.5</ele></trkpt>
    <trkpt lat="-37.246683" lon="142.584477"><ele>846.6</ele></trkpt>
    <trkpt lat="-37.246797" lon="142.584474"><ele>847.3</ele></trkpt>
    <trkpt lat="-37.246896" lon="142.584560"><ele>847.4</ele></trkpt>
    <trkpt lat="-37.247089" lon="142.584580"><ele>847.4</ele></trkpt>
    <trkpt lat="-37.247392" lon="142.584573"><ele>846.7</ele></trkpt>
    <trkpt lat="-37.247534" lon="142.584559"><ele>846.1</ele></trkpt>
    <trkpt lat="-37.247613" lon="142.584621"><ele>845.8</ele></trkpt>
    <trkpt lat="-37.247710" lon="142.584623"><ele>845.5</ele></trkpt>
    <trkpt lat="-37.247777" lon="142.584531"><ele>845.1</ele></trkpt>
    <trkpt lat="-37.247859" lon="142.584584"><ele>844.7</ele></trkpt>
    <trkpt lat="-37.247943" lon="142.584580"><ele>844.1</ele></trkpt>
    <trkpt lat="-37.248030" lon="142.584557"><ele>843.5</ele></trkpt>
    <trkpt lat="-37.248106" lon="142.584575"><ele>843.1</ele></trkpt>
    <trkpt lat="-37.248157" lon="142.584488"><ele>842.7</ele></trkpt>
    <trkpt lat="-37.248202" lon="142.584474"><ele>842.5</ele></trkpt>
    <trkpt lat="-37.248222" lon="142.584507"><ele>842.4</ele></trkpt>
    <trkpt lat="-37.248257" lon="142.584544"><ele>842.2</ele></trkpt>
    <trkpt lat="-37.248303" lon="142.584535"><ele>842.0</ele></trkpt>
    <trkpt lat="-37.248425" lon="142.584443"><ele>842.1</ele></trkpt>
    <trkpt lat="-37.248442" lon="142.584380"><ele>842.1</ele></trkpt>
    <trkpt lat="-37.248475" lon="142.584334"><ele>842.1</ele></trkpt>
    <trkpt lat="-37.248584" lon="142.584267"><ele>842.6</ele></trkpt>
    <trkpt lat="-37.248655" lon="142.584288"><ele>843.0</ele></trkpt>
    <trkpt lat="-37.248738" lon="142.584345"><ele>843.5</ele></trkpt>
    <trkpt lat="-37.248763" lon="142.584312"><ele>843.8</ele></trkpt>
    <trkpt lat="-37.248823" lon="142.584305"><ele>844.3</ele></trkpt>
    <trkpt lat="-37.248827" lon="142.584260"><ele>844.6</ele></trkpt>
    <trkpt lat="-37.248865" lon="142.584233"><ele>845.0</ele></trkpt>
    <trkpt lat="-37.248978" lon="142.584267"><ele>846.0</ele></trkpt>
    <trkpt lat="-37.249074" lon="142.584228"><ele>847.0</ele></trkpt>
    <trkpt lat="-37.249098" lon="142.584209"><ele>847.3</ele></trkpt>
    <trkpt lat="-37.249164" lon="142.584227"><ele>848.0</ele></trkpt>
    <trkpt lat="-37.249218" lon="142.584191"><ele>848.6</ele></trkpt>
    <trkpt lat="-37.249271" lon="142.584139"><ele>848.9</ele></trkpt>
    <trkpt lat="-37.249321" lon="142.584136"><ele>849.1</ele></trkpt>
    <trkpt lat="-37.249388" lon="142.584044"><ele>849.5</ele></trkpt>
    <trkpt lat="-37.249415" lon="142.584096"><ele>849.6</ele></trkpt>
    <trkpt lat="-37.249496" lon="142.584057"><ele>849.1</ele></trkpt>
    <trkpt lat="-37.249568" lon="142.583959"><ele>848.4</ele></trkpt>
    <trkpt lat="-37.249635" lon="142.583967"><ele>848.0</ele></trkpt>
    <trkpt lat="-37.249648" lon="142.583850"><ele>847.0</ele></trkpt>
    <trkpt lat="-37.249705" lon="142.583811"><ele>846.3</ele></trkpt>
    <trkpt lat="-37.249736" lon="142.583721"><ele>845.5</ele></trkpt>
    <trkpt lat="-37.249798" lon="142.583660"><ele>844.4</ele></trkpt>
    <trkpt lat="-37.249800" lon="142.583576"><ele>843.5</ele></trkpt>
    <trkpt lat="-37.249888" lon="142.583590"><ele>842.2</ele></trkpt>
    <trkpt lat="-37.249948" lon="142.583578"><ele>841.3</ele></trkpt>
    <trkpt lat="-37.249997" lon="142.583587"><ele>840.5</ele></trkpt>
    <trkpt lat="-37.250026" lon="142.583632"><ele>839.7</ele></trkpt>
    <trkpt lat="-37.250047" lon="142.583717"><ele>838.5</ele></trkpt>
    <trkpt lat="-37.250041" lon="142.583846"><ele>836.7</ele></trkpt>
    <trkpt lat="-37.250000" lon="142.583922"><ele>835.7</ele></trkpt>
    <trkpt lat="-37.249995" lon="142.584042"><ele>834.4</ele></trkpt>
    <trkpt lat="-37.249919" lon="142.584258"><ele>831.7</ele></trkpt>
    <trkpt lat="-37.249818" lon="142.584411"><ele>829.5</ele></trkpt>
    <trkpt lat="-37.249810" lon="142.584494"><ele>828.6</ele></trkpt>
    <trkpt lat="-37.249897" lon="142.584447"><ele>827.5</ele></trkpt>
    <trkpt lat="-37.250029" lon="142.584344"><ele>825.5</ele></trkpt>
    <trkpt lat="-37.250206" lon="142.584232"><ele>822.9</ele></trkpt>
    <trkpt lat="-37.250343" lon="142.584076"><ele>820.4</ele></trkpt>
    <trkpt lat="-37.250483" lon="142.583970"><ele>818.2</ele></trkpt>
    <trkpt lat="-37.250686" lon="142.583951"><ele>815.6</ele></trkpt>
    <trkpt lat="-37.250742" lon="142.583911"><ele>814.9</ele></trkpt>
    <trkpt lat="-37.250772" lon="142.583939"><ele>814.6</ele></trkpt>
    <trkpt lat="-37.250623" lon="142.584159"><ele>812.6</ele></trkpt>
    <trkpt lat="-37.250549" lon="142.584411"><ele>809.8</ele></trkpt>
    <trkpt lat="-37.250472" lon="142.584521"><ele>808.2</ele></trkpt>
    <trkpt lat="-37.250431" lon="142.584653"><ele>806.6</ele></trkpt>
    <trkpt lat="-37.250355" lon="142.584780"><ele>804.9</ele></trkpt>
    <trkpt lat="-37.250307" lon="142.584951"><ele>802.9</ele></trkpt>
    <trkpt lat="-37.250311" lon="142.585113"><ele>801.2</ele></trkpt>
    <trkpt lat="-37.250276" lon="142.585201"><ele>800.2</ele></trkpt>
    <trkpt lat="-37.250276" lon="142.585250"><ele>799.7</ele></trkpt>
    <trkpt lat="-37.250202" lon="142.585342"><ele>798.3</ele></trkpt>
    <trkpt lat="-37.249779" lon="142.585769"><ele>789.8</ele></trkpt>
    <trkpt lat="-37.249656" lon="142.585911"><ele>787.1</ele></trkpt>
    <trkpt lat="-37.249572" lon="142.586000"><ele>785.3</ele></trkpt>
    <trkpt lat="-37.249452" lon="142.586088"><ele>782.9</ele></trkpt>
    <trkpt lat="-37.249321" lon="142.586210"><ele>780.0</ele></trkpt>
    <trkpt lat="-37.249242" lon="142.586296"><ele>778.0</ele></trkpt>
    <trkpt lat="-37.249266" lon="142.586393"><ele>776.4</ele></trkpt>
    <trkpt lat="-37.249498" lon="142.586521"><ele>771.9</ele></trkpt>
    <trkpt lat="-37.249725" lon="142.586620"><ele>767.5</ele></trkpt>
    <trkpt lat="-37.249902" lon="142.586743"><ele>764.5</ele></trkpt>
    <trkpt lat="-37.249979" lon="142.586800"><ele>763.3</ele></trkpt>
    <trkpt lat="-37.250094" lon="142.586862"><ele>761.9</ele></trkpt>
    <trkpt lat="-37.250266" lon="142.586960"><ele>759.9</ele></trkpt>
    <trkpt lat="-37.250436" lon="142.587026"><ele>758.0</ele></trkpt>
    <trkpt lat="-37.250525" lon="142.587038"><ele>757.0</ele></trkpt>
    <trkpt lat="-37.250729" lon="142.587020"><ele>754.5</ele></trkpt>
    <trkpt lat="-37.250827" lon="142.587062"><ele>753.2</ele></trkpt>
    <trkpt lat="-37.250935" lon="142.586941"><ele>751.8</ele></trkpt>
    <trkpt lat="-37.251072" lon="142.586944"><ele>750.3</ele></trkpt>
    <trkpt lat="-37.251309" lon="142.587010"><ele>747.6</ele></trkpt>
    <trkpt lat="-37.251417" lon="142.586960"><ele>746.7</ele></trkpt>
    <trkpt lat="-37.251526" lon="142.586965"><ele>745.8</ele></trkpt>
    <trkpt lat="-37.251647" lon="142.587007"><ele>745.1</ele></trkpt>
    <trkpt lat="-37.251879" lon="142.587092"><ele>744.7</ele></trkpt>
    <trkpt lat="-37.251978" lon="142.587213"><ele>745.2</ele></trkpt>
    <trkpt lat="-37.252210" lon="142.587264"><ele>747.1</ele></trkpt>
    <trkpt lat="-37.252290" lon="142.587191"><ele>748.1</ele></trkpt>
    <trkpt lat="-37.252623" lon="142.587352"><ele>753.2</ele></trkpt>
    <trkpt lat="-37.252677" lon="142.587527"><ele>755.7</ele></trkpt>
    <trkpt lat="-37.252767" lon="142.587612"><ele>757.7</ele></trkpt>
    <trkpt lat="-37.252889" lon="142.587651"><ele>760.2</ele></trkpt>
    <trkpt lat="-37.253039" lon="142.587755"><ele>763.5</ele></trkpt>
    <trkpt lat="-37.253160" lon="142.587804"><ele>765.9</ele></trkpt>
    <trkpt lat="-37.253228" lon="142.587891"><ele>767.8</ele></trkpt>
    <trkpt lat="-37.253302" lon="142.587921"><ele>769.2</ele></trkpt>
    <trkpt lat="-37.253438" lon="142.588033"><ele>772.3</ele></trkpt>
    <trkpt lat="-37.253787" lon="142.588218"><ele>779.5</ele></trkpt>
    <trkpt lat="-37.253927" lon="142.588305"><ele>782.5</ele></trkpt>
    <trkpt lat="-37.254046" lon="142.588340"><ele>785.0</ele></trkpt>
    <trkpt lat="-37.254142" lon="142.588414"><ele>787.3</ele></trkpt>
    <trkpt lat="-37.254180" lon="142.588489"><ele>788.7</ele></trkpt>
    <trkpt lat="-37.254293" lon="142.588526"><ele>791.3</ele></trkpt>
    <trkpt lat="-37.254331" lon="142.588582"><ele>792.5</ele></trkpt>
    <trkpt lat="-37.254349" lon="142.588667"><ele>794.1</ele></trkpt>
    <trkpt lat="-37.254498" lon="142.588758"><ele>798.0</ele></trkpt>
    <trkpt lat="-37.254677" lon="142.588790"><ele>802.3</ele></trkpt>
    <trkpt lat="-37.254715" lon="142.588868"><ele>804.0</ele></trkpt>
    <trkpt lat="-37.254784" lon="142.589149"><ele>809.6</ele></trkpt>
    <trkpt lat="-37.254810" lon="142.589285"><ele>812.2</ele></trkpt>
    <trkpt lat="-37.254791" lon="142.589358"><ele>813.6</ele></trkpt>
    <trkpt lat="-37.254792" lon="142.589552"><ele>817.2</ele></trkpt>
    <trkpt lat="-37.254866" lon="142.589617"><ele>819.3</ele></trkpt>
    <trkpt lat="-37.254875" lon="142.589733"><ele>821.4</ele></trkpt>
    <trkpt lat="-37.254905" lon="142.589908"><ele>824.5</ele></trkpt>
    <trkpt lat="-37.255016" lon="142.589990"><ele>827.0</ele></trkpt>
    <trkpt lat="-37.255140" lon="142.590077"><ele>829.7</ele></trkpt>
    <trkpt lat="-37.255279" lon="142.590087"><ele>832.3</ele></trkpt>
    <trkpt lat="-37.255350" lon="142.590161"><ele>834.1</ele></trkpt>
    <trkpt lat="-37.255388" lon="142.590397"><ele>837.9</ele></trkpt>
    <trkpt lat="-37.255411" lon="142.590542"><ele>840.4</ele></trkpt>
    <trkpt lat="-37.255437" lon="142.590675"><ele>842.6</ele></trkpt>
    <trkpt lat="-37.255584" lon="142.590829"><ele>846.6</ele></trkpt>
    <trkpt lat="-37.255713" lon="142.590995"><ele>850.3</ele></trkpt>
    <trkpt lat="-37.255888" lon="142.591116"><ele>854.4</ele></trkpt>
    <trkpt lat="-37.256056" lon="142.591343"><ele>859.2</ele></trkpt>
    <trkpt lat="-37.256337" lon="142.591334"><ele>864.2</ele></trkpt>
    <trkpt lat="-37.256480" lon="142.591379"><ele>866.8</ele></trkpt>
    <trkpt lat="-37.256516" lon="142.591436"><ele>867.7</ele></trkpt>
    <trkpt lat="-37.256520" lon="142.591523"><ele>868.9</ele></trkpt>
    <trkpt lat="-37.256519" lon="142.591651"><ele>870.6</ele></trkpt>
    <trkpt lat="-37.256613" lon="142.591815"><ele>873.4</ele></trkpt>
    <trkpt lat="-37.256697" lon="142.591878"><ele>875.2</ele></trkpt>
    <trkpt lat="-37.256743" lon="142.591971"><ele>876.8</ele></trkpt>
    <trkpt lat="-37.256810" lon="142.592121"><ele>879.5</ele></trkpt>
    <trkpt lat="-37.256862" lon="142.592181"><ele>880.8</ele></trkpt>
    <trkpt lat="-37.256913" lon="142.592354"><ele>884.0</ele></trkpt>
    <trkpt lat="-37.256896" lon="142.592469"><ele>886.0</ele></trkpt>
    <trkpt lat="-37.256925" lon="142.592704"><ele>889.6</ele></trkpt>
    <trkpt lat="-37.256997" lon="142.592751"><ele>891.1</ele></trkpt>
    <trkpt lat="-37.257026" lon="142.592855"><ele>892.6</ele></trkpt>
    <trkpt lat="-37.257115" lon="142.592888"><ele>893.9</ele></trkpt>
    <trkpt lat="-37.257158" lon="142.592976"><ele>895.0</ele></trkpt>
    <trkpt lat="-37.257255" lon="142.593104"><ele>896.9</ele></trkpt>
    <trkpt lat="-37.257362" lon="142.593182"><ele>898.5</ele></trkpt>
    <trkpt lat="-37.257411" lon="142.593206"><ele>899.2</ele></trkpt>
    <trkpt lat="-37.257448" lon="142.593216"><ele>899.7</ele></trkpt>
    <trkpt lat="-37.257500" lon="142.593143"><ele>900.7</ele></trkpt>
    <trkpt lat="-37.257530" lon="142.593115"><ele>901.2</ele></trkpt>
    <trkpt lat="-37.257603" lon="142.593128"><ele>902.2</ele></trkpt>
    <trkpt lat="-37.257755" lon="142.593127"><ele>904.3</ele></trkpt>
    <trkpt lat="-37.257848" lon="142.593162"><ele>905.7</ele></trkpt>
    <trkpt lat="-37.257965" lon="142.593231"><ele>907.6</ele></trkpt>
    <trkpt lat="-37.258058" lon="142.593265"><ele>909.3</ele></trkpt>
    <trkpt lat="-37.258147" lon="142.593145"><ele>911.6</ele></trkpt>
    <trkpt lat="-37.258234" lon="142.593139"><ele>913.6</ele></trkpt>
    <trkpt lat="-37.258307" lon="142.593053"><ele>915.9</ele></trkpt>
    <trkpt lat="-37.258437" lon="142.592944"><ele>919.7</ele></trkpt>
    <trkpt lat="-37.258519" lon="142.592953"><ele>921.7</ele></trkpt>
    <trkpt lat="-37.258553" lon="142.593056"><ele>923.9</ele></trkpt>
    <trkpt lat="-37.258583" lon="142.593190"><ele>926.7</ele></trkpt>
    <trkpt lat="-37.258743" lon="142.593352"><ele>931.7</ele></trkpt>
    <trkpt lat="-37.258836" lon="142.593417"><ele>933.9</ele></trkpt>
    <trkpt lat="-37.258927" lon="142.593557"><ele>937.0</ele></trkpt>
    <trkpt lat="-37.259032" lon="142.593656"><ele>939.5</ele></trkpt>
    <trkpt lat="-37.259167" lon="142.593741"><ele>942.4</ele></trkpt>
    <trkpt lat="-37.259217" lon="142.593697"><ele>943.3</ele></trkpt>
    <trkpt lat="-37.259279" lon="142.593729"><ele>944.3</ele></trkpt>
    <trkpt lat="-37.259382" lon="142.593714"><ele>945.9</ele></trkpt>
    <trkpt lat="-37.259423" lon="142.593888"><ele>947.8</ele></trkpt>
    <trkpt lat="-37.259472" lon="142.593892"><ele>948.4</ele></trkpt>
    <trkpt lat="-37.259493" lon="142.593950"><ele>949.0</ele></trkpt>
    <trkpt lat="-37.259532" lon="142.594040"><ele>949.9</ele></trkpt>
    <trkpt lat="-37.259524" lon="142.594108"><ele>950.4</ele></trkpt>
    <trkpt lat="-37.259560" lon="142.594239"><ele>951.5</ele></trkpt>
    <trkpt lat="-37.259549" lon="142.594290"><ele>951.9</ele></trkpt>
    <trkpt lat="-37.259649" lon="142.594386"><ele>953.4</ele></trkpt>
    <trkpt lat="-37.259664" lon="142.594452"><ele>954.0</ele></trkpt>
    <trkpt lat="-37.259657" lon="142.594549"><ele>954.9</ele></trkpt>
    <trkpt lat="-37.259725" lon="142.594623"><ele>956.0</ele></trkpt>
    <trkpt lat="-37.259786" lon="142.594694"><ele>957.0</ele></trkpt>
    <trkpt lat="-37.259805" lon="142.594775"><ele>957.7</ele></trkpt>
    <trkpt lat="-37.259878" lon="142.594867"><ele>959.0</ele></trkpt>
    <trkpt lat="-37.259902" lon="142.594948"><ele>960.0</ele></trkpt>
    <trkpt lat="-37.259919" lon="142.594993"><ele>960.5</ele></trkpt>
    <trkpt lat="-37.259965" lon="142.595047"><ele>961.4</ele></trkpt>
    <trkpt lat="-37.259977" lon="142.595098"><ele>962.0</ele></trkpt>
    <trkpt lat="-37.259987" lon="142.595285"><ele>964.4</ele></trkpt>
    <trkpt lat="-37.259986" lon="142.595428"><ele>966.3</ele></trkpt>
    <trkpt lat="-37.260021" lon="142.595564"><ele>968.3</ele></trkpt>
    <trkpt lat="-37.260089" lon="142.595634"><ele>970.0</ele></trkpt>
    <trkpt lat="-37.260161" lon="142.595696"><ele>971.7</ele></trkpt>
    <trkpt lat="-37.260226" lon="142.595775"><ele>973.1</ele></trkpt>
    <trkpt lat="-37.260250" lon="142.595879"><ele>974.5</ele></trkpt>
    <trkpt lat="-37.260346" lon="142.595911"><ele>976.1</ele></trkpt>
    <trkpt lat="-37.260395" lon="142.596028"><ele>976.9</ele></trkpt>
    <trkpt lat="-37.260508" lon="142.596110"><ele>977.8</ele></trkpt>
    <trkpt lat="-37.260548" lon="142.596238"><ele>978.3</ele></trkpt>
    <trkpt lat="-37.260536" lon="142.596323"><ele>978.5</ele></trkpt>
    <trkpt lat="-37.260565" lon="142.596372"><ele>978.7</ele></trkpt>
    <trkpt lat="-37.260652" lon="142.596503"><ele>978.6</ele></trkpt>
    <trkpt lat="-37.260724" lon="142.596636"><ele>977.8</ele></trkpt>
    <trkpt lat="-37.260730" lon="142.596702"><ele>977.5</ele></trkpt>
    <trkpt lat="-37.260769" lon="142.596786"><ele>976.4</ele></trkpt>
    <trkpt lat="-37.260869" lon="142.596823"><ele>974.3</ele></trkpt>
    <trkpt lat="-37.260925" lon="142.596874"><ele>972.9</ele></trkpt>
    <trkpt lat="-37.261059" lon="142.596949"><ele>969.2</ele></trkpt>
    <trkpt lat="-37.261122" lon="142.597062"><ele>966.2</ele></trkpt>
    <trkpt lat="-37.261182" lon="142.597104"><ele>964.3</ele></trkpt>
    <trkpt lat="-37.261216" lon="142.597153"><ele>963.3</ele></trkpt>
    <trkpt lat="-37.261249" lon="142.597201"><ele>962.4</ele></trkpt>
    <trkpt lat="-37.261286" lon="142.597199"><ele>961.7</ele></trkpt>
    <trkpt lat="-37.261322" lon="142.597225"><ele>960.9</ele></trkpt>
    <trkpt lat="-37.261389" lon="142.597316"><ele>959.0</ele></trkpt>
    <trkpt lat="-37.261514" lon="142.597318"><ele>956.8</ele></trkpt>
    <trkpt lat="-37.261590" lon="142.597447"><ele>954.5</ele></trkpt>
    <trkpt lat="-37.261660" lon="142.597486"><ele>954.8</ele></trkpt>
    <trkpt lat="-37.261941" lon="142.597533"><ele>958.2</ele></trkpt>
    <trkpt lat="-37.261941" lon="142.597511"><ele>958.7</ele></trkpt>
    <trkpt lat="-37.261957" lon="142.597514"><ele>959.1</ele></trkpt>
    <trkpt lat="-37.261963" lon="142.597534"><ele>959.5</ele></trkpt>
    <trkpt lat="-37.261985" lon="142.597549"><ele>960.2</ele></trkpt>
    <trkpt lat="-37.262007" lon="142.597564"><ele>960.9</ele></trkpt>
    <trkpt lat="-37.262056" lon="142.597590"><ele>962.3</ele></trkpt>
    <trkpt lat="-37.262098" lon="142.597567"><ele>963.7</ele></trkpt>
    <trkpt lat="-37.262099" lon="142.597471"><ele>966.7</ele></trkpt>
    <trkpt lat="-37.262049" lon="142.597272"><ele>973.2</ele></trkpt>
    <trkpt lat="-37.262071" lon="142.597181"><ele>975.8</ele></trkpt>
    <trkpt lat="-37.262181" lon="142.597101"><ele>980.1</ele></trkpt>
    <trkpt lat="-37.262154" lon="142.596968"><ele>983.7</ele></trkpt>
    <trkpt lat="-37.262085" lon="142.596789"><ele>988.2</ele></trkpt>
    <trkpt lat="-37.262079" lon="142.596618"><ele>991.0</ele></trkpt>
    <trkpt lat="-37.262107" lon="142.596377"><ele>992.5</ele></trkpt>
    <trkpt lat="-37.262138" lon="142.596146"><ele>991.8</ele></trkpt>
    <trkpt lat="-37.262189" lon="142.596002"><ele>991.0</ele></trkpt>
    <trkpt lat="-37.262215" lon="142.595896"><ele>990.0</ele></trkpt>
    <trkpt lat="-37.262218" lon="142.595748"><ele>988.6</ele></trkpt>
    <trkpt lat="-37.262299" lon="142.595566"><ele>986.9</ele></trkpt>
    <trkpt lat="-37.262331" lon="142.595433"><ele>985.7</ele></trkpt>
    <trkpt lat="-37.262402" lon="142.595313"><ele>984.4</ele></trkpt>
    <trkpt lat="-37.262406" lon="142.595142"><ele>982.9</ele></trkpt>
    <trkpt lat="-37.262439" lon="142.595069"><ele>982.1</ele></trkpt>
    <trkpt lat="-37.262430" lon="142.594954"><ele>981.0</ele></trkpt>
    <trkpt lat="-37.262320" lon="142.594702"><ele>978.1</ele></trkpt>
    <trkpt lat="-37.262248" lon="142.594577"><ele>976.7</ele></trkpt>
    <trkpt lat="-37.262238" lon="142.594414"><ele>975.0</ele></trkpt>
    <trkpt lat="-37.262344" lon="142.594286"><ele>972.9</ele></trkpt>
    <trkpt lat="-37.262471" lon="142.594189"><ele>970.6</ele></trkpt>
    <trkpt lat="-37.262623" lon="142.594186"><ele>967.9</ele></trkpt>
    <trkpt lat="-37.262746" lon="142.594230"><ele>966.0</ele></trkpt>
    <trkpt lat="-37.262871" lon="142.594227"><ele>964.2</ele></trkpt>
    <trkpt lat="-37.262971" lon="142.594199"><ele>962.9</ele></trkpt>
    <trkpt lat="-37.263072" lon="142.594264"><ele>961.3</ele></trkpt>
    <trkpt lat="-37.263201" lon="142.594277"><ele>959.6</ele></trkpt>
    <trkpt lat="-37.263289" lon="142.594189"><ele>958.1</ele></trkpt>
    <trkpt lat="-37.263334" lon="142.594095"><ele>956.9</ele></trkpt>
    <trkpt lat="-37.263340" lon="142.593961"><ele>955.5</ele></trkpt>
    <trkpt lat="-37.263371" lon="142.593883"><ele>954.7</ele></trkpt>
    <trkpt lat="-37.263427" lon="142.593832"><ele>953.9</ele></trkpt>
    <trkpt lat="-37.263463" lon="142.593782"><ele>953.3</ele></trkpt>
    <trkpt lat="-37.263491" lon="142.593702"><ele>952.7</ele></trkpt>
    <trkpt lat="-37.263535" lon="142.593675"><ele>952.3</ele></trkpt>
    <trkpt lat="-37.263600" lon="142.593633"><ele>951.8</ele></trkpt>
    <trkpt lat="-37.263646" lon="142.593520"><ele>951.1</ele></trkpt>
    <trkpt lat="-37.263660" lon="142.593401"><ele>950.6</ele></trkpt>
    <trkpt lat="-37.263706" lon="142.593278"><ele>950.0</ele></trkpt>
    <trkpt lat="-37.263726" lon="142.593176"><ele>949.6</ele></trkpt>
    <trkpt lat="-37.263742" lon="142.593006"><ele>948.9</ele></trkpt>
    <trkpt lat="-37.263762" lon="142.592823"><ele>948.3</ele></trkpt>
    <trkpt lat="-37.263818" lon="142.592618"><ele>947.8</ele></trkpt>
    <trkpt lat="-37.263878" lon="142.592500"><ele>947.7</ele></trkpt>
    <trkpt lat="-37.263988" lon="142.592303"><ele>947.9</ele></trkpt>
    <trkpt lat="-37.264045" lon="142.592165"><ele>948.2</ele></trkpt>
    <trkpt lat="-37.264077" lon="142.591997"><ele>948.5</ele></trkpt>
    <trkpt lat="-37.264092" lon="142.591834"><ele>949.1</ele></trkpt>
    <trkpt lat="-37.264161" lon="142.591723"><ele>949.7</ele></trkpt>
    <trkpt lat="-37.264260" lon="142.591608"><ele>950.8</ele></trkpt>
    <trkpt lat="-37.264372" lon="142.591538"><ele>952.2</ele></trkpt>
    <trkpt lat="-37.264476" lon="142.591554"><ele>953.4</ele></trkpt>
    <trkpt lat="-37.264595" lon="142.591546"><ele>954.7</ele></trkpt>
    <trkpt lat="-37.264666" lon="142.591575"><ele>955.6</ele></trkpt>
    <trkpt lat="-37.264804" lon="142.591558"><ele>956.7</ele></trkpt>
    <trkpt lat="-37.264898" lon="142.591479"><ele>957.4</ele></trkpt>
    <trkpt lat="-37.265003" lon="142.591396"><ele>958.0</ele></trkpt>
    <trkpt lat="-37.265099" lon="142.591368"><ele>958.4</ele></trkpt>
    <trkpt lat="-37.265252" lon="142.591272"><ele>958.8</ele></trkpt>
    <trkpt lat="-37.265383" lon="142.591206"><ele>958.8</ele></trkpt>
    <trkpt lat="-37.265439" lon="142.591164"><ele>958.8</ele></trkpt>
    <trkpt lat="-37.265495" lon="142.591152"><ele>958.4</ele></trkpt>
    <trkpt lat="-37.265529" lon="142.591119"><ele>958.0</ele></trkpt>
    <trkpt lat="-37.265540" lon="142.591014"><ele>957.2</ele></trkpt>
    <trkpt lat="-37.265519" lon="142.590887"><ele>956.2</ele></trkpt>
    <trkpt lat="-37.265491" lon="142.590729"><ele>954.5</ele></trkpt>
    <trkpt lat="-37.265467" lon="142.590595"><ele>953.0</ele></trkpt>
    <trkpt lat="-37.265482" lon="142.590480"><ele>951.6</ele></trkpt>
    <trkpt lat="-37.265535" lon="142.590390"><ele>950.3</ele></trkpt>
    <trkpt lat="-37.265635" lon="142.590274"><ele>948.2</ele></trkpt>
    <trkpt lat="-37.265685" lon="142.590219"><ele>947.2</ele></trkpt>
    <trkpt lat="-37.265710" lon="142.590149"><ele>946.2</ele></trkpt>
    <trkpt lat="-37.265704" lon="142.590020"><ele>944.6</ele></trkpt>
    <trkpt lat="-37.265741" lon="142.589945"><ele>943.5</ele></trkpt>
    <trkpt lat="-37.265846" lon="142.589875"><ele>941.4</ele></trkpt>
    <trkpt lat="-37.265936" lon="142.589802"><ele>939.5</ele></trkpt>
    <trkpt lat="-37.265988" lon="142.589699"><ele>938.2</ele></trkpt>
    <trkpt lat="-37.266014" lon="142.589572"><ele>936.7</ele></trkpt>
    <trkpt lat="-37.266042" lon="142.589488"><ele>935.7</ele></trkpt>
    <trkpt lat="-37.266097" lon="142.589448"><ele>934.9</ele></trkpt>
    <trkpt lat="-37.266160" lon="142.589400"><ele>933.9</ele></trkpt>
    <trkpt lat="-37.266195" lon="142.589283"><ele>932.5</ele></trkpt>
    <trkpt lat="-37.266239" lon="142.589205"><ele>931.5</ele></trkpt>
    <trkpt lat="-37.266317" lon="142.589206"><ele>930.5</ele></trkpt>
    <trkpt lat="-37.266379" lon="142.589145"><ele>929.5</ele></trkpt>
    <trkpt lat="-37.266483" lon="142.589026"><ele>927.1</ele></trkpt>
    <trkpt lat="-37.266546" lon="142.588981"><ele>925.7</ele></trkpt>
    <trkpt lat="-37.266585" lon="142.588905"><ele>924.3</ele></trkpt>
    <trkpt lat="-37.266611" lon="142.588826"><ele>923.0</ele></trkpt>
    <trkpt lat="-37.266671" lon="142.588806"><ele>921.9</ele></trkpt>
    <trkpt lat="-37.266767" lon="142.588852"><ele>920.1</ele></trkpt>
    <trkpt lat="-37.266839" lon="142.588948"><ele>918.1</ele></trkpt>
    <trkpt lat="-37.266898" lon="142.588985"><ele>916.7</ele></trkpt>
    <trkpt lat="-37.266993" lon="142.588982"><ele>914.6</ele></trkpt>
    <trkpt lat="-37.267064" lon="142.588934"><ele>912.9</ele></trkpt>
    <trkpt lat="-37.267103" lon="142.588847"><ele>911.2</ele></trkpt>
    <trkpt lat="-37.267124" lon="142.588729"><ele>909.2</ele></trkpt>
    <trkpt lat="-37.267205" lon="142.588610"><ele>906.5</ele></trkpt>
    <trkpt lat="-37.267279" lon="142.588510"><ele>904.1</ele></trkpt>
    <trkpt lat="-37.267385" lon="142.588438"><ele>901.4</ele></trkpt>
    <trkpt lat="-37.267467" lon="142.588345"><ele>899.5</ele></trkpt>
    <trkpt lat="-37.267530" lon="142.588245"><ele>897.7</ele></trkpt>
    <trkpt lat="-37.267552" lon="142.588153"><ele>896.3</ele></trkpt>
    <trkpt lat="-37.267612" lon="142.588052"><ele>894.3</ele></trkpt>
    <trkpt lat="-37.267648" lon="142.587933"><ele>892.3</ele></trkpt>
    <trkpt lat="-37.267691" lon="142.587849"><ele>890.9</ele></trkpt>
    <trkpt lat="-37.267716" lon="142.587736"><ele>889.3</ele></trkpt>
    <trkpt lat="-37.267817" lon="142.587559"><ele>886.4</ele></trkpt>
    <trkpt lat="-37.267904" lon="142.587472"><ele>884.5</ele></trkpt>
    <trkpt lat="-37.267955" lon="142.587348"><ele>882.6</ele></trkpt>
    <trkpt lat="-37.267987" lon="142.587264"><ele>881.4</ele></trkpt>
    <trkpt lat="-37.267911" lon="142.587037"><ele>878.6</ele></trkpt>
    <trkpt lat="-37.267836" lon="142.586856"><ele>876.2</ele></trkpt>
    <trkpt lat="-37.267855" lon="142.586746"><ele>874.9</ele></trkpt>
    <trkpt lat="-37.267902" lon="142.586618"><ele>873.4</ele></trkpt>
    <trkpt lat="-37.267985" lon="142.586594"><ele>872.2</ele></trkpt>
    <trkpt lat="-37.268187" lon="142.586555"><ele>869.3</ele></trkpt>
    <trkpt lat="-37.268292" lon="142.586488"><ele>867.6</ele></trkpt>
    <trkpt lat="-37.268394" lon="142.586430"><ele>865.9</ele></trkpt>
    <trkpt lat="-37.268448" lon="142.586425"><ele>865.1</ele></trkpt>
    <trkpt lat="-37.268492" lon="142.586417"><ele>864.4</ele></trkpt>
    <trkpt lat="-37.268528" lon="142.586368"><ele>863.6</ele></trkpt>
    <trkpt lat="-37.268535" lon="142.586283"><ele>862.5</ele></trkpt>
    <trkpt lat="-37.268532" lon="142.586132"><ele>860.6</ele></trkpt>
    <trkpt lat="-37.268539" lon="142.586073"><ele>859.9</ele></trkpt>
    <trkpt lat="-37.268569" lon="142.586012"><ele>859.0</ele></trkpt>
    <trkpt lat="-37.268620" lon="142.585966"><ele>858.0</ele></trkpt>
    <trkpt lat="-37.268654" lon="142.585887"><ele>856.9</ele></trkpt>
    <trkpt lat="-37.268657" lon="142.585738"><ele>855.1</ele></trkpt>
    <trkpt lat="-37.268663" lon="142.585555"><ele>852.8</ele></trkpt>
    <trkpt lat="-37.268640" lon="142.585360"><ele>850.3</ele></trkpt>
    <trkpt lat="-37.268651" lon="142.585171"><ele>848.0</ele></trkpt>
    <trkpt lat="-37.268639" lon="142.585008"><ele>846.0</ele></trkpt>
    <trkpt lat="-37.268632" lon="142.584912"><ele>844.9</ele></trkpt>
    <trkpt lat="-37.268602" lon="142.584823"><ele>843.8</ele></trkpt>
    <trkpt lat="-37.268601" lon="142.584723"><ele>842.7</ele></trkpt>
    <trkpt lat="-37.268629" lon="142.584629"><ele>841.4</ele></trkpt>
    <trkpt lat="-37.268642" lon="142.584501"><ele>839.7</ele></trkpt>
    <trkpt lat="-37.268615" lon="142.584413"><ele>838.4</ele></trkpt>
    <trkpt lat="-37.268547" lon="142.584317"><ele>836.6</ele></trkpt>
    <trkpt lat="-37.268523" lon="142.584189"><ele>834.7</ele></trkpt>
    <trkpt lat="-37.268520" lon="142.583990"><ele>831.9</ele></trkpt>
    <trkpt lat="-37.268521" lon="142.583847"><ele>829.9</ele></trkpt>
    <trkpt lat="-37.268541" lon="142.583723"><ele>828.0</ele></trkpt>
    <trkpt lat="-37.268545" lon="142.583616"><ele>826.6</ele></trkpt>
    <trkpt lat="-37.268503" lon="142.583509"><ele>825.1</ele></trkpt>
    <trkpt lat="-37.268441" lon="142.583380"><ele>823.1</ele></trkpt>
    <trkpt lat="-37.268424" lon="142.583247"><ele>821.4</ele></trkpt>
    <trkpt lat="-37.268422" lon="142.583130"><ele>819.9</ele></trkpt>
    <trkpt lat="-37.268374" lon="142.583042"><ele>818.6</ele></trkpt>
    <trkpt lat="-37.268282" lon="142.582921"><ele>817.1</ele></trkpt>
    <trkpt lat="-37.268176" lon="142.582785"><ele>815.3</ele></trkpt>
    <trkpt lat="-37.268134" lon="142.582669"><ele>814.2</ele></trkpt>
    <trkpt lat="-37.268113" lon="142.582547"><ele>813.1</ele></trkpt>
    <trkpt lat="-37.268049" lon="142.582462"><ele>811.9</ele></trkpt>
    <trkpt lat="-37.267910" lon="142.582365"><ele>809.8</ele></trkpt>
    <trkpt lat="-37.267824" lon="142.582283"><ele>808.3</ele></trkpt>
    <trkpt lat="-37.267746" lon="142.582152"><ele>806.2</ele></trkpt>
    <trkpt lat="-37.267679" lon="142.581988"><ele>803.9</ele></trkpt>
    <trkpt lat="-37.267632" lon="142.581841"><ele>802.2</ele></trkpt>
    <trkpt lat="-37.267585" lon="142.581737"><ele>801.0</ele></trkpt>
    <trkpt lat="-37.267496" lon="142.581670"><ele>799.4</ele></trkpt>
    <trkpt lat="-37.267469" lon="142.581594"><ele>798.5</ele></trkpt>
    <trkpt lat="-37.267488" lon="142.581545"><ele>797.8</ele></trkpt>
    <trkpt lat="-37.267553" lon="142.581517"><ele>796.9</ele></trkpt>
    <trkpt lat="-37.267669" lon="142.581515"><ele>795.3</ele></trkpt>
    <trkpt lat="-37.267824" lon="142.581520"><ele>793.5</ele></trkpt>
    <trkpt lat="-37.268026" lon="142.581586"><ele>792.0</ele></trkpt>
    <trkpt lat="-37.268235" lon="142.581625"><ele>791.4</ele></trkpt>
    <trkpt lat="-37.268383" lon="142.581725"><ele>790.9</ele></trkpt>
    <trkpt lat="-37.268579" lon="142.581870"><ele>790.0</ele></trkpt>
    <trkpt lat="-37.268759" lon="142.581992"><ele>788.5</ele></trkpt>
    <trkpt lat="-37.268822" lon="142.582077"><ele>787.6</ele></trkpt>
    <trkpt lat="-37.268942" lon="142.582141"><ele>786.2</ele></trkpt>
    <trkpt lat="-37.269059" lon="142.582278"><ele>784.0</ele></trkpt>
    <trkpt lat="-37.269247" lon="142.582297"><ele>780.9</ele></trkpt>
    <trkpt lat="-37.269787" lon="142.582216"><ele>769.6</ele></trkpt>
    <trkpt lat="-37.270074" lon="142.582176"><ele>764.1</ele></trkpt>
    <trkpt lat="-37.270355" lon="142.582162"><ele>759.5</ele></trkpt>
    <trkpt lat="-37.270610" lon="142.582170"><ele>755.0</ele></trkpt>
    <trkpt lat="-37.270709" lon="142.582151"><ele>753.6</ele></trkpt>
    <trkpt lat="-37.270776" lon="142.582106"><ele>752.6</ele></trkpt>
    <trkpt lat="-37.270825" lon="142.582102"><ele>751.9</ele></trkpt>
    <trkpt lat="-37.270924" lon="142.582211"><ele>750.3</ele></trkpt>
    <trkpt lat="-37.270964" lon="142.582302"><ele>749.2</ele></trkpt>
    <trkpt lat="-37.271012" lon="142.582333"><ele>748.6</ele></trkpt>
    <trkpt lat="-37.271074" lon="142.582312"><ele>747.8</ele></trkpt>
    <trkpt lat="-37.271144" lon="142.582161"><ele>746.2</ele></trkpt>
    <trkpt lat="-37.271163" lon="142.582020"><ele>745.0</ele></trkpt>
    <trkpt lat="-37.271223" lon="142.581884"><ele>743.9</ele></trkpt>
    <trkpt lat="-37.271325" lon="142.581807"><ele>742.9</ele></trkpt>
    <trkpt lat="-37.271371" lon="142.581721"><ele>742.5</ele></trkpt>
    <trkpt lat="-37.271412" lon="142.581615"><ele>742.2</ele></trkpt>
    <trkpt lat="-37.271472" lon="142.581541"><ele>741.9</ele></trkpt>
    <trkpt lat="-37.271537" lon="142.581579"><ele>741.7</ele></trkpt>
    <trkpt lat="-37.271554" lon="142.581698"><ele>741.5</ele></trkpt>
    <trkpt lat="-37.271567" lon="142.581823"><ele>741.3</ele></trkpt>
    <trkpt lat="-37.271654" lon="142.581858"><ele>741.4</ele></trkpt>
    <trkpt lat="-37.271700" lon="142.581980"><ele>741.8</ele></trkpt>
    <trkpt lat="-37.271772" lon="142.582011"><ele>742.0</ele></trkpt>
    <trkpt lat="-37.271859" lon="142.582013"><ele>742.7</ele></trkpt>
    <trkpt lat="-37.272007" lon="142.582091"><ele>744.1</ele></trkpt>
    <trkpt lat="-37.272167" lon="142.582112"><ele>746.0</ele></trkpt>
    <trkpt lat="-37.272381" lon="142.582284"><ele>749.9</ele></trkpt>
    <trkpt lat="-37.272537" lon="142.582316"><ele>752.8</ele></trkpt>
    <trkpt lat="-37.272687" lon="142.582415"><ele>756.0</ele></trkpt>
    <trkpt lat="-37.272745" lon="142.582420"><ele>757.0</ele></trkpt>
    <trkpt lat="-37.272797" lon="142.582384"><ele>758.1</ele></trkpt>
    <trkpt lat="-37.272885" lon="142.582410"><ele>759.7</ele></trkpt>
    <trkpt lat="-37.273010" lon="142.582413"><ele>761.9</ele></trkpt>
    <trkpt lat="-37.273085" lon="142.582500"><ele>763.7</ele></trkpt>
    <trkpt lat="-37.273155" lon="142.582570"><ele>765.2</ele></trkpt>
    <trkpt lat="-37.273201" lon="142.582709"><ele>767.4</ele></trkpt>
    <trkpt lat="-37.273311" lon="142.582778"><ele>769.4</ele></trkpt>
    <trkpt lat="-37.273431" lon="142.582881"><ele>771.8</ele></trkpt>
    <trkpt lat="-37.273580" lon="142.583052"><ele>774.7</ele></trkpt>
    <trkpt lat="-37.273730" lon="142.583260"><ele>778.0</ele></trkpt>
    <trkpt lat="-37.273838" lon="142.583304"><ele>779.6</ele></trkpt>
    <trkpt lat="-37.273999" lon="142.583325"><ele>781.3</ele></trkpt>
    <trkpt lat="-37.274131" lon="142.583350"><ele>782.5</ele></trkpt>
    <trkpt lat="-37.274217" lon="142.583391"><ele>783.0</ele></trkpt>
    <trkpt lat="-37.274253" lon="142.583463"><ele>783.3</ele></trkpt>
    <trkpt lat="-37.274234" lon="142.583561"><ele>783.7</ele></trkpt>
    <trkpt lat="-37.274257" lon="142.583653"><ele>783.7</ele></trkpt>
    <trkpt lat="-37.274307" lon="142.583729"><ele>783.8</ele></trkpt>
    <trkpt lat="-37.274336" lon="142.583836"><ele>783.8</ele></trkpt>
    <trkpt lat="-37.274385" lon="142.583873"><ele>783.7</ele></trkpt>
    <trkpt lat="-37.274455" lon="142.583891"><ele>783.6</ele></trkpt>
    <trkpt lat="-37.274511" lon="142.583946"><ele>783.5</ele></trkpt>
    <trkpt lat="-37.274522" lon="142.584066"><ele>783.3</ele></trkpt>
    <trkpt lat="-37.274580" lon="142.584118"><ele>783.0</ele></trkpt>
    <trkpt lat="-37.274743" lon="142.584246"><ele>782.0</ele></trkpt>
    <trkpt lat="-37.274847" lon="142.584328"><ele>781.7</ele></trkpt>
    <trkpt lat="-37.274945" lon="142.584384"><ele>781.4</ele></trkpt>
    <trkpt lat="-37.275049" lon="142.584472"><ele>781.0</ele></trkpt>
    <trkpt lat="-37.275183" lon="142.584572"><ele>780.4</ele></trkpt>
    <trkpt lat="-37.275334" lon="142.584619"><ele>779.9</ele></trkpt>
    <trkpt lat="-37.275492" lon="142.584734"><ele>779.4</ele></trkpt>
    <trkpt lat="-37.275589" lon="142.584871"><ele>778.6</ele></trkpt>
    <trkpt lat="-37.275661" lon="142.584904"><ele>778.1</ele></trkpt>
    <trkpt lat="-37.275789" lon="142.584927"><ele>777.8</ele></trkpt>
    <trkpt lat="-37.275865" lon="142.584998"><ele>777.7</ele></trkpt>
    <trkpt lat="-37.275930" lon="142.585015"><ele>777.5</ele></trkpt>
    <trkpt lat="-37.275992" lon="142.585157"><ele>777.5</ele></trkpt>
    <trkpt lat="-37.276066" lon="142.585220"><ele>777.5</ele></trkpt>
    <trkpt lat="-37.276196" lon="142.585280"><ele>777.7</ele></trkpt>
    <trkpt lat="-37.276345" lon="142.585335"><ele>778.3</ele></trkpt>
    <trkpt lat="-37.276502" lon="142.585354"><ele>778.9</ele></trkpt>
    <trkpt lat="-37.276685" lon="142.585374"><ele>779.7</ele></trkpt>
    <trkpt lat="-37.276807" lon="142.585436"><ele>780.3</ele></trkpt>
    <trkpt lat="-37.276980" lon="142.585489"><ele>781.0</ele></trkpt>
    <trkpt lat="-37.277119" lon="142.585530"><ele>781.2</ele></trkpt>
    <trkpt lat="-37.277192" lon="142.585640"><ele>781.5</ele></trkpt>
    <trkpt lat="-37.277302" lon="142.585758"><ele>782.0</ele></trkpt>
    <trkpt lat="-37.277449" lon="142.585861"><ele>782.9</ele></trkpt>
    <trkpt lat="-37.277539" lon="142.586009"><ele>783.7</ele></trkpt>
    <trkpt lat="-37.277680" lon="142.586084"><ele>785.0</ele></trkpt>
    <trkpt lat="-37.277774" lon="142.586215"><ele>786.3</ele></trkpt>
    <trkpt lat="-37.277863" lon="142.586225"><ele>787.7</ele></trkpt>
    <trkpt lat="-37.277952" lon="142.586356"><ele>789.8</ele></trkpt>
    <trkpt lat="-37.278079" lon="142.586423"><ele>792.4</ele></trkpt>
    <trkpt lat="-37.278209" lon="142.586525"><ele>795.4</ele></trkpt>
    <trkpt lat="-37.278331" lon="142.586583"><ele>797.7</ele></trkpt>
    <trkpt lat="-37.278550" lon="142.586583"><ele>801.9</ele></trkpt>
    <trkpt lat="-37.278678" lon="142.586649"><ele>804.7</ele></trkpt>
    <trkpt lat="-37.278811" lon="142.586744"><ele>807.9</ele></trkpt>
    <trkpt lat="-37.278927" lon="142.586850"><ele>810.9</ele></trkpt>
    <trkpt lat="-37.279134" lon="142.586878"><ele>815.0</ele></trkpt>
    <trkpt lat="-37.279384" lon="142.586945"><ele>819.3</ele></trkpt>
    <trkpt lat="-37.279590" lon="142.586958"><ele>822.4</ele></trkpt>
    <trkpt lat="-37.279673" lon="142.586970"><ele>823.6</ele></trkpt>
    <trkpt lat="-37.279688" lon="142.587071"><ele>824.8</ele></trkpt>
    <trkpt lat="-37.279601" lon="142.587178"><ele>826.2</ele></trkpt>
    <trkpt lat="-37.279593" lon="142.587191"><ele>826.3</ele></trkpt>
    <trkpt lat="-37.279495" lon="142.587360"><ele>828.3</ele></trkpt>
    <trkpt lat="-37.279448" lon="142.587388"><ele>828.9</ele></trkpt>
    <trkpt lat="-37.279411" lon="142.587587"><ele>830.7</ele></trkpt>
    <trkpt lat="-37.279339" lon="142.587762"><ele>832.7</ele></trkpt>
    <trkpt lat="-37.279357" lon="142.587986"><ele>835.1</ele></trkpt>
    <trkpt lat="-37.279396" lon="142.588189"><ele>837.8</ele></trkpt>
    <trkpt lat="-37.279424" lon="142.588262"><ele>838.8</ele></trkpt>
    <trkpt lat="-37.279485" lon="142.588236"><ele>839.8</ele></trkpt>
    <trkpt lat="-37.279577" lon="142.588170"><ele>841.4</ele></trkpt>
    <trkpt lat="-37.279733" lon="142.588227"><ele>843.8</ele></trkpt>
    <trkpt lat="-37.279911" lon="142.588301"><ele>846.8</ele></trkpt>
    <trkpt lat="-37.280054" lon="142.588497"><ele>849.4</ele></trkpt>
    <trkpt lat="-37.280260" lon="142.588708"><ele>851.8</ele></trkpt>
    <trkpt lat="-37.280346" lon="142.588897"><ele>853.0</ele></trkpt>
    <trkpt lat="-37.280368" lon="142.589051"><ele>853.7</ele></trkpt>
    <trkpt lat="-37.280426" lon="142.589125"><ele>854.1</ele></trkpt>
    <trkpt lat="-37.280610" lon="142.589301"><ele>855.1</ele></trkpt>
    <trkpt lat="-37.280665" lon="142.589436"><ele>855.3</ele></trkpt>
    <trkpt lat="-37.280786" lon="142.589569"><ele>855.4</ele></trkpt>
    <trkpt lat="-37.280895" lon="142.589622"><ele>855.6</ele></trkpt>
    <trkpt lat="-37.280914" lon="142.589700"><ele>855.8</ele></trkpt>
    <trkpt lat="-37.280970" lon="142.589796"><ele>855.9</ele></trkpt>
    <trkpt lat="-37.281095" lon="142.589908"><ele>856.0</ele></trkpt>
    <trkpt lat="-37.281187" lon="142.590027"><ele>856.1</ele></trkpt>
    <trkpt lat="-37.281312" lon="142.590088"><ele>856.3</ele></trkpt>
    <trkpt lat="-37.281410" lon="142.590146"><ele>856.5</ele></trkpt>
    <trkpt lat="-37.281544" lon="142.590139"><ele>856.9</ele></trkpt>
    <trkpt lat="-37.281602" lon="142.590137"><ele>857.1</ele></trkpt>
    <trkpt lat="-37.281812" lon="142.590162"><ele>858.1</ele></trkpt>
    <trkpt lat="-37.281971" lon="142.590246"><ele>859.1</ele></trkpt>
    <trkpt lat="-37.282122" lon="142.590344"><ele>860.2</ele></trkpt>
    <trkpt lat="-37.282319" lon="142.590522"><ele>861.8</ele></trkpt>
    <trkpt lat="-37.282484" lon="142.590746"><ele>863.4</ele></trkpt>
    <trkpt lat="-37.282609" lon="142.590919"><ele>864.6</ele></trkpt>
    <trkpt lat="-37.282757" lon="142.591101"><ele>865.7</ele></trkpt>
    <trkpt lat="-37.282891" lon="142.591288"><ele>867.8</ele></trkpt>
    <trkpt lat="-37.283071" lon="142.591446"><ele>870.4</ele></trkpt>
    <trkpt lat="-37.283181" lon="142.591503"><ele>871.9</ele></trkpt>
    <trkpt lat="-37.283255" lon="142.591519"><ele>872.9</ele></trkpt>
    <trkpt lat="-37.283300" lon="142.591493"><ele>873.6</ele></trkpt>
    <trkpt lat="-37.283322" lon="142.591390"><ele>874.8</ele></trkpt>
    <trkpt lat="-37.283309" lon="142.591243"><ele>876.5</ele></trkpt>
    <trkpt lat="-37.283263" lon="142.591059"><ele>878.9</ele></trkpt>
    <trkpt lat="-37.283227" lon="142.590916"><ele>881.0</ele></trkpt>
    <trkpt lat="-37.283212" lon="142.590704"><ele>884.3</ele></trkpt>
    <trkpt lat="-37.283251" lon="142.590552"><ele>886.3</ele></trkpt>
    <trkpt lat="-37.283363" lon="142.590400"><ele>888.6</ele></trkpt>
    <trkpt lat="-37.283426" lon="142.590342"><ele>889.6</ele></trkpt>
    <trkpt lat="-37.283549" lon="142.590309"><ele>891.3</ele></trkpt>
    <trkpt lat="-37.283629" lon="142.590274"><ele>892.4</ele></trkpt>
    <trkpt lat="-37.283688" lon="142.590302"><ele>893.3</ele></trkpt>
    <trkpt lat="-37.283662" lon="142.590389"><ele>894.4</ele></trkpt>
    <trkpt lat="-37.283621" lon="142.590510"><ele>895.9</ele></trkpt>
    <trkpt lat="-37.283605" lon="142.590625"><ele>897.2</ele></trkpt>
    <trkpt lat="-37.283634" lon="142.590730"><ele>898.6</ele></trkpt>
    <trkpt lat="-37.283697" lon="142.590865"><ele>900.4</ele></trkpt>
    <trkpt lat="-37.283775" lon="142.591043"><ele>902.8</ele></trkpt>
    <trkpt lat="-37.283818" lon="142.591124"><ele>903.9</ele></trkpt>
    <trkpt lat="-37.283874" lon="142.591136"><ele>904.8</ele></trkpt>
    <trkpt lat="-37.283904" lon="142.591071"><ele>905.6</ele></trkpt>
    <trkpt lat="-37.283924" lon="142.590949"><ele>907.0</ele></trkpt>
    <trkpt lat="-37.283974" lon="142.590818"><ele>908.6</ele></trkpt>
    <trkpt lat="-37.284154" lon="142.590697"><ele>911.4</ele></trkpt>
    <trkpt lat="-37.284337" lon="142.590578"><ele>913.9</ele></trkpt>
    <trkpt lat="-37.284528" lon="142.590471"><ele>916.3</ele></trkpt>
    <trkpt lat="-37.284636" lon="142.590396"><ele>917.7</ele></trkpt>
    <trkpt lat="-37.284719" lon="142.590302"><ele>918.8</ele></trkpt>
    <trkpt lat="-37.284799" lon="142.590288"><ele>919.6</ele></trkpt>
    <trkpt lat="-37.284864" lon="142.590373"><ele>920.5</ele></trkpt>
    <trkpt lat="-37.284882" lon="142.590472"><ele>921.1</ele></trkpt>
    <trkpt lat="-37.284977" lon="142.590577"><ele>922.1</ele></trkpt>
    <trkpt lat="-37.285053" lon="142.590667"><ele>922.9</ele></trkpt>
    <trkpt lat="-37.285053" lon="142.590757"><ele>923.6</ele></trkpt>
    <trkpt lat="-37.285005" lon="142.590847"><ele>924.3</ele></trkpt>
    <trkpt lat="-37.285008" lon="142.590913"><ele>924.8</ele></trkpt>
    <trkpt lat="-37.285057" lon="142.590973"><ele>925.4</ele></trkpt>
    <trkpt lat="-37.285117" lon="142.591014"><ele>926.0</ele></trkpt>
    <trkpt lat="-37.285119" lon="142.591122"><ele>926.7</ele></trkpt>
    <trkpt lat="-37.285161" lon="142.591239"><ele>927.6</ele></trkpt>
    <trkpt lat="-37.285171" lon="142.591380"><ele>928.6</ele></trkpt>
    <trkpt lat="-37.285177" lon="142.591485"><ele>929.4</ele></trkpt>
    <trkpt lat="-37.285362" lon="142.592176"><ele>934.1</ele></trkpt>
    <trkpt lat="-37.285417" lon="142.592463"><ele>935.9</ele></trkpt>
    <trkpt lat="-37.285516" lon="142.592720"><ele>937.5</ele></trkpt>
    <trkpt lat="-37.285629" lon="142.593022"><ele>939.1</ele></trkpt>
    <trkpt lat="-37.285850" lon="142.593587"><ele>941.9</ele></trkpt>
    <trkpt lat="-37.286069" lon="142.594079"><ele>944.7</ele></trkpt>
    <trkpt lat="-37.286169" lon="142.594371"><ele>946.2</ele></trkpt>
    <trkpt lat="-37.286290" lon="142.594569"><ele>946.5</ele></trkpt>
    <trkpt lat="-37.286440" lon="142.594725"><ele>946.0</ele></trkpt>
    <trkpt lat="-37.286544" lon="142.594804"><ele>945.5</ele></trkpt>
    <trkpt lat="-37.286618" lon="142.594788"><ele>945.2</ele></trkpt>
    <trkpt lat="-37.286663" lon="142.594758"><ele>945.0</ele></trkpt>
    <trkpt lat="-37.286655" lon="142.594651"><ele>944.7</ele></trkpt>
    <trkpt lat="-37.286621" lon="142.594522"><ele>944.1</ele></trkpt>
    <trkpt lat="-37.286596" lon="142.594379"><ele>943.2</ele></trkpt>
    <trkpt lat="-37.286696" lon="142.594404"><ele>942.4</ele></trkpt>
    <trkpt lat="-37.286823" lon="142.594379"><ele>941.1</ele></trkpt>
    <trkpt lat="-37.286894" lon="142.594334"><ele>940.3</ele></trkpt>
    <trkpt lat="-37.286937" lon="142.594248"><ele>939.6</ele></trkpt>
    <trkpt lat="-37.286949" lon="142.594192"><ele>939.4</ele></trkpt>
    <trkpt lat="-37.286932" lon="142.594160"><ele>939.3</ele></trkpt>
    <trkpt lat="-37.287140" lon="142.593880"><ele>938.7</ele></trkpt>
    <trkpt lat="-37.287162" lon="142.593850"><ele>938.7</ele></trkpt>
    <trkpt lat="-37.287184" lon="142.593811"><ele>938.7</ele></trkpt>
    <trkpt lat="-37.287475" lon="142.593299"><ele>940.4</ele></trkpt>
    <trkpt lat="-37.287815" lon="142.592777"><ele>946.6</ele></trkpt>
    <trkpt lat="-37.288153" lon="142.592433"><ele>954.0</ele></trkpt>
    <trkpt lat="-37.288596" lon="142.592240"><ele>963.3</ele></trkpt>
    <trkpt lat="-37.289223" lon="142.592119"><ele>974.5</ele></trkpt>
    <trkpt lat="-37.289909" lon="142.592084"><ele>985.6</ele></trkpt>
    <trkpt lat="-37.290251" lon="142.592086"><ele>991.3</ele></trkpt>
    <trkpt lat="-37.290495" lon="142.592044"><ele>995.5</ele></trkpt>
    <trkpt lat="-37.290674" lon="142.592118"><ele>998.8</ele></trkpt>
    <trkpt lat="-37.290701" lon="142.592262"><ele>1000.8</ele></trkpt>
    <trkpt lat="-37.290552" lon="142.592596"><ele>1006.2</ele></trkpt>
    <trkpt lat="-37.290475" lon="142.592808"><ele>1009.2</ele></trkpt>
    <trkpt lat="-37.290495" lon="142.592972"><ele>1011.5</ele></trkpt>
    <trkpt lat="-37.290579" lon="142.593010"><ele>1013.0</ele></trkpt>
    <trkpt lat="-37.290823" lon="142.592987"><ele>1017.1</ele></trkpt>
    <trkpt lat="-37.290971" lon="142.593042"><ele>1019.5</ele></trkpt>
    <trkpt lat="-37.290994" lon="142.593175"><ele>1021.0</ele></trkpt>
    <trkpt lat="-37.290953" lon="142.593259"><ele>1022.1</ele></trkpt>
    <trkpt lat="-37.290630" lon="142.593445"><ele>1026.1</ele></trkpt>
    <trkpt lat="-37.290388" lon="142.593565"><ele>1029.2</ele></trkpt>
    <trkpt lat="-37.290117" lon="142.593828"><ele>1033.1</ele></trkpt>
    <trkpt lat="-37.289807" lon="142.594179"><ele>1038.1</ele></trkpt>
    <trkpt lat="-37.289479" lon="142.594492"><ele>1043.2</ele></trkpt>
    <trkpt lat="-37.288906" lon="142.595146"><ele>1052.5</ele></trkpt>
    <trkpt lat="-37.288813" lon="142.595350"><ele>1054.6</ele></trkpt>
    <trkpt lat="-37.288805" lon="142.595455"><ele>1055.5</ele></trkpt>
    <trkpt lat="-37.288818" lon="142.595515"><ele>1056.0</ele></trkpt>
    <trkpt lat="-37.288872" lon="142.595537"><ele>1056.6</ele></trkpt>
    <trkpt lat="-37.288960" lon="142.595553"><ele>1057.5</ele></trkpt>
    <trkpt lat="-37.289386" lon="142.595433"><ele>1061.7</ele></trkpt>
    <trkpt lat="-37.289683" lon="142.595394"><ele>1064.1</ele></trkpt>
    <trkpt lat="-37.290050" lon="142.595420"><ele>1067.6</ele></trkpt>
    <trkpt lat="-37.290291" lon="142.595520"><ele>1070.4</ele></trkpt>
    <trkpt lat="-37.290574" lon="142.595779"><ele>1074.8</ele></trkpt>
    <trkpt lat="-37.290784" lon="142.596082"><ele>1079.0</ele></trkpt>
    <trkpt lat="-37.290961" lon="142.596366"><ele>1082.8</ele></trkpt>
    <trkpt lat="-37.291234" lon="142.596645"><ele>1087.3</ele></trkpt>
    <trkpt lat="-37.291524" lon="142.596939"><ele>1092.1</ele></trkpt>
    <trkpt lat="-37.291623" lon="142.597195"><ele>1095.1</ele></trkpt>
    <trkpt lat="-37.291731" lon="142.597585"><ele>1099.3</ele></trkpt>
    <trkpt lat="-37.292004" lon="142.597946"><ele>1104.0</ele></trkpt>
    <trkpt lat="-37.292217" lon="142.598202"><ele>1107.3</ele></trkpt>
    <trkpt lat="-37.292375" lon="142.598410"><ele>1109.9</ele></trkpt>
    <trkpt lat="-37.292634" lon="142.598778"><ele>1115.0</ele></trkpt>
    <trkpt lat="-37.292845" lon="142.598987"><ele>1118.7</ele></trkpt>
    <trkpt lat="-37.293069" lon="142.599156"><ele>1122.5</ele></trkpt>
    <trkpt lat="-37.293891" lon="142.600134"><ele>1137.8</ele></trkpt>
    <trkpt lat="-37.294156" lon="142.600518"><ele>1142.8</ele></trkpt>
    <trkpt lat="-37.294262" lon="142.600849"><ele>1146.5</ele></trkpt>
    <trkpt lat="-37.294292" lon="142.601203"><ele>1149.4</ele></trkpt>
    <trkpt lat="-37.294223" lon="142.601389"><ele>1150.5</ele></trkpt>
    <trkpt lat="-37.294091" lon="142.601475"><ele>1151.3</ele></trkpt>
    <trkpt lat="-37.294110" lon="142.601716"><ele>1151.8</ele></trkpt>
    <trkpt lat="-37.294259" lon="142.602128"><ele>1151.4</ele></trkpt>
    <trkpt lat="-37.294399" lon="142.602311"><ele>1150.6</ele></trkpt>
    <trkpt lat="-37.294562" lon="142.602415"><ele>1149.6</ele></trkpt>
    <trkpt lat="-37.294703" lon="142.602539"><ele>1148.9</ele></trkpt>
    <trkpt lat="-37.294927" lon="142.602724"><ele>1147.9</ele></trkpt>
    <trkpt lat="-37.294997" lon="142.602851"><ele>1147.6</ele></trkpt>
    <trkpt lat="-37.295140" lon="142.603344"><ele>1146.2</ele></trkpt>
    <trkpt lat="-37.295186" lon="142.603445"><ele>1145.8</ele></trkpt>
    <trkpt lat="-37.295258" lon="142.603511"><ele>1145.4</ele></trkpt>
    <trkpt lat="-37.295411" lon="142.603601"><ele>1144.4</ele></trkpt>
    <trkpt lat="-37.295638" lon="142.603669"><ele>1142.5</ele></trkpt>
    <trkpt lat="-37.295976" lon="142.603860"><ele>1138.0</ele></trkpt>
    <trkpt lat="-37.296062" lon="142.603938"><ele>1136.3</ele></trkpt>
    <trkpt lat="-37.296130" lon="142.604054"><ele>1134.4</ele></trkpt>
    <trkpt lat="-37.296214" lon="142.604146"><ele>1132.5</ele></trkpt>
    <trkpt lat="-37.296322" lon="142.604240"><ele>1130.0</ele></trkpt>
    <trkpt lat="-37.296435" lon="142.604293"><ele>1127.7</ele></trkpt>
    <trkpt lat="-37.296554" lon="142.604182"><ele>1124.8</ele></trkpt>
    <trkpt lat="-37.296770" lon="142.604049"><ele>1120.2</ele></trkpt>
    <trkpt lat="-37.297044" lon="142.603949"><ele>1115.0</ele></trkpt>
    <trkpt lat="-37.297170" lon="142.603943"><ele>1112.8</ele></trkpt>
    <trkpt lat="-37.297214" lon="142.603982"><ele>1111.8</ele></trkpt>
    <trkpt lat="-37.297313" lon="142.603991"><ele>1109.9</ele></trkpt>
    <trkpt lat="-37.297655" lon="142.603980"><ele>1103.2</ele></trkpt>
    <trkpt lat="-37.297790" lon="142.603644"><ele>1097.9</ele></trkpt>
    <trkpt lat="-37.297831" lon="142.603586"><ele>1096.7</ele></trkpt>
    <trkpt lat="-37.297858" lon="142.603494"><ele>1095.4</ele></trkpt>
    <trkpt lat="-37.297939" lon="142.603411"><ele>1093.5</ele></trkpt>
    <trkpt lat="-37.298085" lon="142.603364"><ele>1091.2</ele></trkpt>
    <trkpt lat="-37.298215" lon="142.603408"><ele>1089.3</ele></trkpt>
    <trkpt lat="-37.298261" lon="142.603386"><ele>1088.8</ele></trkpt>
    <trkpt lat="-37.298462" lon="142.603179"><ele>1087.0</ele></trkpt>
    <trkpt lat="-37.298665" lon="142.603164"><ele>1086.6</ele></trkpt>
    <trkpt lat="-37.298820" lon="142.603123"><ele>1086.5</ele></trkpt>
    <trkpt lat="-37.298965" lon="142.603039"><ele>1086.5</ele></trkpt>
    <trkpt lat="-37.299060" lon="142.602902"><ele>1087.5</ele></trkpt>
    <trkpt lat="-37.299153" lon="142.602831"><ele>1088.3</ele></trkpt>
    <trkpt lat="-37.299217" lon="142.602787"><ele>1089.1</ele></trkpt>
    <trkpt lat="-37.299325" lon="142.602552"><ele>1091.4</ele></trkpt>
    <trkpt lat="-37.299515" lon="142.602475"><ele>1093.0</ele></trkpt>
    <trkpt lat="-37.299557" lon="142.602307"><ele>1093.8</ele></trkpt>
    <trkpt lat="-37.299621" lon="142.602199"><ele>1094.3</ele></trkpt>
    <trkpt lat="-37.299837" lon="142.602121"><ele>1094.4</ele></trkpt>
    <trkpt lat="-37.299899" lon="142.602039"><ele>1094.3</ele></trkpt>
    <trkpt lat="-37.299967" lon="142.601944"><ele>1093.6</ele></trkpt>
    <trkpt lat="-37.300040" lon="142.601903"><ele>1092.9</ele></trkpt>
    <trkpt lat="-37.300125" lon="142.601715"><ele>1090.8</ele></trkpt>
    <trkpt lat="-37.300193" lon="142.601536"><ele>1087.8</ele></trkpt>
    <trkpt lat="-37.300256" lon="142.601507"><ele>1086.5</ele></trkpt>
    <trkpt lat="-37.300370" lon="142.601513"><ele>1084.0</ele></trkpt>
    <trkpt lat="-37.300520" lon="142.601445"><ele>1080.6</ele></trkpt>
    <trkpt lat="-37.300648" lon="142.601356"><ele>1078.1</ele></trkpt>
    <trkpt lat="-37.300734" lon="142.601269"><ele>1076.2</ele></trkpt>
    <trkpt lat="-37.300856" lon="142.601213"><ele>1075.1</ele></trkpt>
    <trkpt lat="-37.300998" lon="142.601099"><ele>1074.1</ele></trkpt>
    <trkpt lat="-37.301099" lon="142.601083"><ele>1074.1</ele></trkpt>
    <trkpt lat="-37.301132" lon="142.601058"><ele>1074.1</ele></trkpt>
    <trkpt lat="-37.301231" lon="142.601067"><ele>1074.1</ele></trkpt>
    <trkpt lat="-37.301312" lon="142.601136"><ele>1074.1</ele></trkpt>
    <trkpt lat="-37.301392" lon="142.601108"><ele>1074.1</ele></trkpt>
    <trkpt lat="-37.301670" lon="142.601259"><ele>1075.4</ele></trkpt>
    <trkpt lat="-37.301746" lon="142.601322"><ele>1076.2</ele></trkpt>
    <trkpt lat="-37.301862" lon="142.601540"><ele>1078.8</ele></trkpt>
    <trkpt lat="-37.301984" lon="142.601571"><ele>1080.3</ele></trkpt>
    <trkpt lat="-37.302078" lon="142.601518"><ele>1081.5</ele></trkpt>
    <trkpt lat="-37.302173" lon="142.601377"><ele>1083.1</ele></trkpt>
    <trkpt lat="-37.302231" lon="142.601273"><ele>1084.1</ele></trkpt>
    <trkpt lat="-37.302293" lon="142.601131"><ele>1085.7</ele></trkpt>
    <trkpt lat="-37.302368" lon="142.601003"><ele>1088.2</ele></trkpt>
    <trkpt lat="-37.302426" lon="142.600962"><ele>1089.5</ele></trkpt>
    <trkpt lat="-37.302449" lon="142.600783"><ele>1092.3</ele></trkpt>
    <trkpt lat="-37.302486" lon="142.600539"><ele>1095.9</ele></trkpt>
    <trkpt lat="-37.302556" lon="142.600480"><ele>1097.1</ele></trkpt>
    <trkpt lat="-37.302591" lon="142.600518"><ele>1097.7</ele></trkpt>
    <trkpt lat="-37.302678" lon="142.600563"><ele>1099.0</ele></trkpt>
    <trkpt lat="-37.302787" lon="142.600614"><ele>1099.6</ele></trkpt>
    <trkpt lat="-37.303061" lon="142.600792"><ele>1100.1</ele></trkpt>
    <trkpt lat="-37.303252" lon="142.600871"><ele>1099.7</ele></trkpt>
    <trkpt lat="-37.303471" lon="142.601134"><ele>1099.0</ele></trkpt>
    <trkpt lat="-37.303526" lon="142.601144"><ele>1099.2</ele></trkpt>
    <trkpt lat="-37.303595" lon="142.601098"><ele>1099.4</ele></trkpt>
    <trkpt lat="-37.303739" lon="142.601077"><ele>1099.9</ele></trkpt>
    <trkpt lat="-37.303920" lon="142.601144"><ele>1101.0</ele></trkpt>
    <trkpt lat="-37.304060" lon="142.601090"><ele>1103.3</ele></trkpt>
    <trkpt lat="-37.304205" lon="142.600988"><ele>1106.0</ele></trkpt>
    <trkpt lat="-37.304301" lon="142.601083"><ele>1108.1</ele></trkpt>
    <trkpt lat="-37.304414" lon="142.601117"><ele>1110.0</ele></trkpt>
    <trkpt lat="-37.304582" lon="142.601143"><ele>1112.3</ele></trkpt>
    <trkpt lat="-37.304744" lon="142.601100"><ele>1113.1</ele></trkpt>
    <trkpt lat="-37.304802" lon="142.601083"><ele>1113.1</ele></trkpt>
    <trkpt lat="-37.304869" lon="142.601018"><ele>1113.0</ele></trkpt>
    <trkpt lat="-37.304969" lon="142.600955"><ele>1112.3</ele></trkpt>
    <trkpt lat="-37.305054" lon="142.600845"><ele>1111.4</ele></trkpt>
    <trkpt lat="-37.305107" lon="142.600819"><ele>1110.9</ele></trkpt>
    <trkpt lat="-37.305141" lon="142.600724"><ele>1109.5</ele></trkpt>
    <trkpt lat="-37.305219" lon="142.600682"><ele>1108.1</ele></trkpt>
    <trkpt lat="-37.305325" lon="142.600598"><ele>1105.9</ele></trkpt>
    <trkpt lat="-37.305447" lon="142.600547"><ele>1103.4</ele></trkpt>
    <trkpt lat="-37.305474" lon="142.600490"><ele>1102.4</ele></trkpt>
    <trkpt lat="-37.305846" lon="142.600310"><ele>1094.9</ele></trkpt>
    <trkpt lat="-37.305874" lon="142.600299"><ele>1094.3</ele></trkpt>
    <trkpt lat="-37.305894" lon="142.600313"><ele>1093.9</ele></trkpt>
    <trkpt lat="-37.305994" lon="142.600280"><ele>1092.1</ele></trkpt>
    <trkpt lat="-37.306168" lon="142.600093"><ele>1088.4</ele></trkpt>
    <trkpt lat="-37.306248" lon="142.600044"><ele>1087.0</ele></trkpt>
    <trkpt lat="-37.306331" lon="142.600038"><ele>1085.7</ele></trkpt>
    <trkpt lat="-37.306416" lon="142.599982"><ele>1084.3</ele></trkpt>
    <trkpt lat="-37.306512" lon="142.599799"><ele>1081.5</ele></trkpt>
    <trkpt lat="-37.306621" lon="142.599795"><ele>1079.8</ele></trkpt>
    <trkpt lat="-37.306787" lon="142.599712"><ele>1077.3</ele></trkpt>
    <trkpt lat="-37.306804" lon="142.599728"><ele>1077.1</ele></trkpt>
    <trkpt lat="-37.306964" lon="142.599628"><ele>1075.2</ele></trkpt>
    <trkpt lat="-37.307131" lon="142.599565"><ele>1074.0</ele></trkpt>
    <trkpt lat="-37.307249" lon="142.599440"><ele>1073.6</ele></trkpt>
    <trkpt lat="-37.307352" lon="142.599337"><ele>1073.7</ele></trkpt>
    <trkpt lat="-37.307452" lon="142.599254"><ele>1074.0</ele></trkpt>
    <trkpt lat="-37.307588" lon="142.599220"><ele>1074.7</ele></trkpt>
    <trkpt lat="-37.307884" lon="142.599052"><ele>1077.1</ele></trkpt>
    <trkpt lat="-37.308072" lon="142.599066"><ele>1078.8</ele></trkpt>
    <trkpt lat="-37.308236" lon="142.599027"><ele>1079.8</ele></trkpt>
    <trkpt lat="-37.308469" lon="142.598913"><ele>1080.2</ele></trkpt>
    <trkpt lat="-37.308571" lon="142.598800"><ele>1079.7</ele></trkpt>
    <trkpt lat="-37.308693" lon="142.598741"><ele>1079.7</ele></trkpt>
    <trkpt lat="-37.308923" lon="142.598757"><ele>1080.6</ele></trkpt>
    <trkpt lat="-37.309022" lon="142.598737"><ele>1080.9</ele></trkpt>
    <trkpt lat="-37.309114" lon="142.598755"><ele>1081.2</ele></trkpt>
    <trkpt lat="-37.309180" lon="142.598675"><ele>1081.3</ele></trkpt>
    <trkpt lat="-37.309240" lon="142.598420"><ele>1080.2</ele></trkpt>
    <trkpt lat="-37.309275" lon="142.598386"><ele>1080.0</ele></trkpt>
    <trkpt lat="-37.309303" lon="142.598319"><ele>1079.6</ele></trkpt>
    <trkpt lat="-37.309330" lon="142.598259"><ele>1079.3</ele></trkpt>
    <trkpt lat="-37.309374" lon="142.598235"><ele>1079.0</ele></trkpt>
    <trkpt lat="-37.309442" lon="142.598177"><ele>1078.6</ele></trkpt>
    <trkpt lat="-37.309557" lon="142.598063"><ele>1076.9</ele></trkpt>
    <trkpt lat="-37.309630" lon="142.598040"><ele>1076.0</ele></trkpt>
    <trkpt lat="-37.309660" lon="142.597975"><ele>1075.2</ele></trkpt>
    <trkpt lat="-37.309665" lon="142.597739"><ele>1070.1</ele></trkpt>
    <trkpt lat="-37.309661" lon="142.597621"><ele>1067.4</ele></trkpt>
    <trkpt lat="-37.309670" lon="142.597486"><ele>1063.6</ele></trkpt>
    <trkpt lat="-37.309687" lon="142.597419"><ele>1061.6</ele></trkpt>
    <trkpt lat="-37.309740" lon="142.597395"><ele>1059.6</ele></trkpt>
    <trkpt lat="-37.309790" lon="142.597369"><ele>1057.6</ele></trkpt>
    <trkpt lat="-37.309909" lon="142.597279"><ele>1052.4</ele></trkpt>
    <trkpt lat="-37.309974" lon="142.597295"><ele>1049.9</ele></trkpt>
    <trkpt lat="-37.310021" lon="142.597229"><ele>1047.2</ele></trkpt>
    <trkpt lat="-37.310058" lon="142.597132"><ele>1043.6</ele></trkpt>
    <trkpt lat="-37.310106" lon="142.597069"><ele>1040.7</ele></trkpt>
    <trkpt lat="-37.310124" lon="142.596984"><ele>1037.8</ele></trkpt>
    <trkpt lat="-37.310182" lon="142.596907"><ele>1034.2</ele></trkpt>
    <trkpt lat="-37.310157" lon="142.596793"><ele>1030.0</ele></trkpt>
    <trkpt lat="-37.310170" lon="142.596732"><ele>1027.9</ele></trkpt>
    <trkpt lat="-37.310279" lon="142.596672"><ele>1022.6</ele></trkpt>
    <trkpt lat="-37.310287" lon="142.596604"><ele>1020.2</ele></trkpt>
    <trkpt lat="-37.310360" lon="142.596420"><ele>1013.0</ele></trkpt>
    <trkpt lat="-37.310437" lon="142.596344"><ele>1008.5</ele></trkpt>
    <trkpt lat="-37.310489" lon="142.596313"><ele>1005.9</ele></trkpt>
    <trkpt lat="-37.310522" lon="142.596258"><ele>1003.4</ele></trkpt>
    <trkpt lat="-37.310591" lon="142.596132"><ele>997.8</ele></trkpt>
    <trkpt lat="-37.310615" lon="142.596042"><ele>994.3</ele></trkpt>
    <trkpt lat="-37.310729" lon="142.596023"><ele>988.9</ele></trkpt>
    <trkpt lat="-37.310816" lon="142.595971"><ele>984.5</ele></trkpt>
    <trkpt lat="-37.310830" lon="142.595928"><ele>982.8</ele></trkpt>
    <trkpt lat="-37.310875" lon="142.595891"><ele>980.3</ele></trkpt>
    <trkpt lat="-37.310953" lon="142.595769"><ele>974.8</ele></trkpt>
    <trkpt lat="-37.310972" lon="142.595717"><ele>972.8</ele></trkpt>
    <trkpt lat="-37.311029" lon="142.595693"><ele>970.3</ele></trkpt>
    <trkpt lat="-37.311086" lon="142.595552"><ele>965.0</ele></trkpt>
    <trkpt lat="-37.311207" lon="142.595408"><ele>958.1</ele></trkpt>
    <trkpt lat="-37.311248" lon="142.595389"><ele>956.2</ele></trkpt>
    <trkpt lat="-37.311312" lon="142.595249"><ele>951.0</ele></trkpt>
    <trkpt lat="-37.311433" lon="142.595268"><ele>946.3</ele></trkpt>
    <trkpt lat="-37.311503" lon="142.595240"><ele>943.4</ele></trkpt>
    <trkpt lat="-37.311576" lon="142.595253"><ele>940.7</ele></trkpt>
    <trkpt lat="-37.311674" lon="142.595183"><ele>936.7</ele></trkpt>
    <trkpt lat="-37.311747" lon="142.595059"><ele>932.3</ele></trkpt>
    <trkpt lat="-37.311834" lon="142.595009"><ele>929.2</ele></trkpt>
    <trkpt lat="-37.311952" lon="142.594796"><ele>922.6</ele></trkpt>
    <trkpt lat="-37.312032" lon="142.594782"><ele>920.3</ele></trkpt>
    <trkpt lat="-37.312012" lon="142.594681"><ele>917.9</ele></trkpt>
    <trkpt lat="-37.312056" lon="142.594491"><ele>914.1</ele></trkpt>
    <trkpt lat="-37.312182" lon="142.594328"><ele>910.4</ele></trkpt>
    <trkpt lat="-37.312280" lon="142.594246"><ele>908.9</ele></trkpt>
    <trkpt lat="-37.312349" lon="142.594188"><ele>907.9</ele></trkpt>
    <trkpt lat="-37.312459" lon="142.594135"><ele>906.7</ele></trkpt>
    <trkpt lat="-37.312644" lon="142.594106"><ele>905.2</ele></trkpt>
    <trkpt lat="-37.312839" lon="142.594168"><ele>903.7</ele></trkpt>
    <trkpt lat="-37.312899" lon="142.594158"><ele>903.2</ele></trkpt>
    <trkpt lat="-37.312939" lon="142.594091"><ele>902.8</ele></trkpt>
    <trkpt lat="-37.313170" lon="142.593934"><ele>901.3</ele></trkpt>
    <trkpt lat="-37.313174" lon="142.593840"><ele>900.8</ele></trkpt>
    <trkpt lat="-37.313248" lon="142.593786"><ele>900.2</ele></trkpt>
    <trkpt lat="-37.313291" lon="142.593746"><ele>899.8</ele></trkpt>
    <trkpt lat="-37.313457" lon="142.593633"><ele>898.4</ele></trkpt>
    <trkpt lat="-37.313661" lon="142.593650"><ele>897.7</ele></trkpt>
    <trkpt lat="-37.313763" lon="142.593479"><ele>897.9</ele></trkpt>
    <trkpt lat="-37.313787" lon="142.593437"><ele>898.4</ele></trkpt>
    <trkpt lat="-37.313857" lon="142.593211"><ele>900.7</ele></trkpt>
    <trkpt lat="-37.313944" lon="142.592979"><ele>904.5</ele></trkpt>
    <trkpt lat="-37.313989" lon="142.592826"><ele>907.4</ele></trkpt>
    <trkpt lat="-37.314099" lon="142.592683"><ele>912.4</ele></trkpt>
    <trkpt lat="-37.314282" lon="142.592718"><ele>919.1</ele></trkpt>
    <trkpt lat="-37.314430" lon="142.592569"><ele>926.8</ele></trkpt>
    <trkpt lat="-37.314517" lon="142.592553"><ele>930.7</ele></trkpt>
    <trkpt lat="-37.314554" lon="142.592517"><ele>932.7</ele></trkpt>
    <trkpt lat="-37.314693" lon="142.592433"><ele>939.6</ele></trkpt>
    <trkpt lat="-37.314703" lon="142.592361"><ele>942.3</ele></trkpt>
    <trkpt lat="-37.314752" lon="142.592381"><ele>944.7</ele></trkpt>
    <trkpt lat="-37.314800" lon="142.592335"><ele>947.5</ele></trkpt>
    <trkpt lat="-37.314985" lon="142.592063"><ele>960.9</ele></trkpt>
    <trkpt lat="-37.314973" lon="142.592015"><ele>962.8</ele></trkpt>
    <trkpt lat="-37.315009" lon="142.591999"><ele>964.6</ele></trkpt>
    <trkpt lat="-37.315010" lon="142.591939"><ele>966.8</ele></trkpt>
    <trkpt lat="-37.315054" lon="142.591925"><ele>969.0</ele></trkpt>
    <trkpt lat="-37.315087" lon="142.591838"><ele>972.5</ele></trkpt>
    <trkpt lat="-37.315108" lon="142.591762"><ele>975.5</ele></trkpt>
    <trkpt lat="-37.315142" lon="142.591748"><ele>977.2</ele></trkpt>
    <trkpt lat="-37.315189" lon="142.591638"><ele>982.0</ele></trkpt>
    <trkpt lat="-37.315095" lon="142.591465"><ele>989.9</ele></trkpt>
    <trkpt lat="-37.315132" lon="142.591397"><ele>992.7</ele></trkpt>
    <trkpt lat="-37.315274" lon="142.591464"><ele>999.1</ele></trkpt>
    <trkpt lat="-37.315318" lon="142.591478"><ele>1001.0</ele></trkpt>
    <trkpt lat="-37.315303" lon="142.591419"><ele>1002.9</ele></trkpt>
    <trkpt lat="-37.315515" lon="142.591452"><ele>1011.5</ele></trkpt>
    <trkpt lat="-37.315601" lon="142.591521"><ele>1015.2</ele></trkpt>
    <trkpt lat="-37.315692" lon="142.591561"><ele>1018.6</ele></trkpt>
    <trkpt lat="-37.315740" lon="142.591559"><ele>1020.3</ele></trkpt>
    <trkpt lat="-37.315758" lon="142.591415"><ele>1023.5</ele></trkpt>
    <trkpt lat="-37.315805" lon="142.591405"><ele>1024.9</ele></trkpt>
    <trkpt lat="-37.315836" lon="142.591342"><ele>1026.5</ele></trkpt>
    <trkpt lat="-37.315823" lon="142.591122"><ele>1029.8</ele></trkpt>
    <trkpt lat="-37.315818" lon="142.590875"><ele>1032.6</ele></trkpt>
    <trkpt lat="-37.315964" lon="142.590650"><ele>1035.2</ele></trkpt>
    <trkpt lat="-37.316087" lon="142.590533"><ele>1035.4</ele></trkpt>
    <trkpt lat="-37.316221" lon="142.590351"><ele>1035.6</ele></trkpt>
    <trkpt lat="-37.316300" lon="142.590158"><ele>1035.6</ele></trkpt>
    <trkpt lat="-37.316531" lon="142.590010"><ele>1035.0</ele></trkpt>
    <trkpt lat="-37.316602" lon="142.589863"><ele>1034.5</ele></trkpt>
    <trkpt lat="-37.316671" lon="142.589851"><ele>1034.3</ele></trkpt>
    <trkpt lat="-37.316643" lon="142.589764"><ele>1034.0</ele></trkpt>
    <trkpt lat="-37.316871" lon="142.589409"><ele>1032.1</ele></trkpt>
    <trkpt lat="-37.316860" lon="142.589332"><ele>1031.9</ele></trkpt>
    <trkpt lat="-37.316913" lon="142.589287"><ele>1031.8</ele></trkpt>
    <trkpt lat="-37.316928" lon="142.589236"><ele>1031.6</ele></trkpt>
    <trkpt lat="-37.316901" lon="142.589100"><ele>1031.1</ele></trkpt>
    <trkpt lat="-37.316905" lon="142.588910"><ele>1030.3</ele></trkpt>
    <trkpt lat="-37.316921" lon="142.588869"><ele>1030.0</ele></trkpt>
    <trkpt lat="-37.316979" lon="142.588809"><ele>1029.5</ele></trkpt>
    <trkpt lat="-37.317033" lon="142.588817"><ele>1029.1</ele></trkpt>
    <trkpt lat="-37.317047" lon="142.588849"><ele>1028.9</ele></trkpt>
    <trkpt lat="-37.317079" lon="142.588863"><ele>1028.6</ele></trkpt>
    <trkpt lat="-37.317117" lon="142.588856"><ele>1028.3</ele></trkpt>
    <trkpt lat="-37.317249" lon="142.588764"><ele>1027.2</ele></trkpt>
    <trkpt lat="-37.317334" lon="142.588738"><ele>1026.5</ele></trkpt>
    <trkpt lat="-37.317416" lon="142.588667"><ele>1025.7</ele></trkpt>
    <trkpt lat="-37.317447" lon="142.588579"><ele>1025.0</ele></trkpt>
    <trkpt lat="-37.317441" lon="142.588424"><ele>1023.8</ele></trkpt>
    <trkpt lat="-37.317456" lon="142.588382"><ele>1023.4</ele></trkpt>
    <trkpt lat="-37.317531" lon="142.588374"><ele>1022.3</ele></trkpt>
    <trkpt lat="-37.317595" lon="142.588283"><ele>1020.9</ele></trkpt>
    <trkpt lat="-37.317764" lon="142.588151"><ele>1017.7</ele></trkpt>
    <trkpt lat="-37.317931" lon="142.587905"><ele>1013.7</ele></trkpt>
    <trkpt lat="-37.317951" lon="142.587839"><ele>1013.0</ele></trkpt>
    <trkpt lat="-37.317951" lon="142.587708"><ele>1011.5</ele></trkpt>
    <trkpt lat="-37.317956" lon="142.587620"><ele>1010.8</ele></trkpt>
    <trkpt lat="-37.318047" lon="142.587434"><ele>1009.1</ele></trkpt>
    <trkpt lat="-37.318108" lon="142.587306"><ele>1008.3</ele></trkpt>
    <trkpt lat="-37.318163" lon="142.587258"><ele>1007.9</ele></trkpt>
    <trkpt lat="-37.318172" lon="142.587099"><ele>1007.1</ele></trkpt>
    <trkpt lat="-37.318228" lon="142.587075"><ele>1007.0</ele></trkpt>
    <trkpt lat="-37.318464" lon="142.586998"><ele>1006.8</ele></trkpt>
    <trkpt lat="-37.318649" lon="142.586766"><ele>1007.2</ele></trkpt>
    <trkpt lat="-37.318697" lon="142.586656"><ele>1007.4</ele></trkpt>
    <trkpt lat="-37.318783" lon="142.586601"><ele>1007.5</ele></trkpt>
    <trkpt lat="-37.318882" lon="142.586537"><ele>1007.6</ele></trkpt>
    <trkpt lat="-37.318991" lon="142.586452"><ele>1007.6</ele></trkpt>
    <trkpt lat="-37.319189" lon="142.586437"><ele>1007.3</ele></trkpt>
    <trkpt lat="-37.319331" lon="142.586440"><ele>1007.0</ele></trkpt>
    <trkpt lat="-37.319455" lon="142.586489"><ele>1006.2</ele></trkpt>
    <trkpt lat="-37.319548" lon="142.586656"><ele>1005.2</ele></trkpt>
    <trkpt lat="-37.319618" lon="142.586729"><ele>1004.4</ele></trkpt>
    <trkpt lat="-37.319671" lon="142.586749"><ele>1003.9</ele></trkpt>
    <trkpt lat="-37.319712" lon="142.586862"><ele>1003.1</ele></trkpt>
    <trkpt lat="-37.319926" lon="142.587075"><ele>1000.3</ele></trkpt>
    <trkpt lat="-37.319977" lon="142.587155"><ele>999.6</ele></trkpt>
    <trkpt lat="-37.320083" lon="142.587393"><ele>997.7</ele></trkpt>
    <trkpt lat="-37.320088" lon="142.587475"><ele>997.3</ele></trkpt>
    <trkpt lat="-37.320088" lon="142.587556"><ele>997.0</ele></trkpt>
    <trkpt lat="-37.320200" lon="142.587599"><ele>996.3</ele></trkpt>
    <trkpt lat="-37.320275" lon="142.587594"><ele>996.2</ele></trkpt>
    <trkpt lat="-37.320355" lon="142.587608"><ele>996.0</ele></trkpt>
    <trkpt lat="-37.320450" lon="142.587716"><ele>995.9</ele></trkpt>
    <trkpt lat="-37.320479" lon="142.587853"><ele>996.2</ele></trkpt>
    <trkpt lat="-37.320490" lon="142.588104"><ele>997.0</ele></trkpt>
    <trkpt lat="-37.320522" lon="142.588207"><ele>997.6</ele></trkpt>
    <trkpt lat="-37.320597" lon="142.588293"><ele>998.4</ele></trkpt>
    <trkpt lat="-37.320711" lon="142.588409"><ele>999.5</ele></trkpt>
    <trkpt lat="-37.320761" lon="142.588505"><ele>1000.3</ele></trkpt>
    <trkpt lat="-37.320820" lon="142.588584"><ele>1001.1</ele></trkpt>
    <trkpt lat="-37.320926" lon="142.588678"><ele>1002.5</ele></trkpt>
    <trkpt lat="-37.321111" lon="142.588825"><ele>1005.0</ele></trkpt>
    <trkpt lat="-37.321227" lon="142.588930"><ele>1006.8</ele></trkpt>
    <trkpt lat="-37.321399" lon="142.588996"><ele>1009.1</ele></trkpt>
    <trkpt lat="-37.321509" lon="142.588984"><ele>1010.5</ele></trkpt>
    <trkpt lat="-37.321635" lon="142.589054"><ele>1012.5</ele></trkpt>
    <trkpt lat="-37.321732" lon="142.589078"><ele>1013.9</ele></trkpt>
    <trkpt lat="-37.321797" lon="142.589125"><ele>1015.1</ele></trkpt>
    <trkpt lat="-37.322004" lon="142.589159"><ele>1018.4</ele></trkpt>
    <trkpt lat="-37.322091" lon="142.589188"><ele>1019.7</ele></trkpt>
    <trkpt lat="-37.322198" lon="142.589197"><ele>1021.2</ele></trkpt>
    <trkpt lat="-37.322340" lon="142.589115"><ele>1023.3</ele></trkpt>
    <trkpt lat="-37.322423" lon="142.589121"><ele>1024.3</ele></trkpt>
    <trkpt lat="-37.322531" lon="142.589112"><ele>1025.6</ele></trkpt>
    <trkpt lat="-37.322802" lon="142.589303"><ele>1028.0</ele></trkpt>
    <trkpt lat="-37.322897" lon="142.589367"><ele>1028.4</ele></trkpt>
    <trkpt lat="-37.322933" lon="142.589364"><ele>1028.5</ele></trkpt>
    <trkpt lat="-37.323061" lon="142.589435"><ele>1028.9</ele></trkpt>
    <trkpt lat="-37.323129" lon="142.589558"><ele>1028.9</ele></trkpt>
    <trkpt lat="-37.323279" lon="142.589697"><ele>1028.9</ele></trkpt>
    <trkpt lat="-37.323535" lon="142.589858"><ele>1028.8</ele></trkpt>
    <trkpt lat="-37.323662" lon="142.589878"><ele>1028.7</ele></trkpt>
    <trkpt lat="-37.323724" lon="142.589950"><ele>1028.7</ele></trkpt>
    <trkpt lat="-37.323843" lon="142.589945"><ele>1028.8</ele></trkpt>
    <trkpt lat="-37.323912" lon="142.589987"><ele>1028.9</ele></trkpt>
    <trkpt lat="-37.324005" lon="142.590053"><ele>1029.1</ele></trkpt>
    <trkpt lat="-37.324120" lon="142.590174"><ele>1029.4</ele></trkpt>
    <trkpt lat="-37.324266" lon="142.590217"><ele>1029.7</ele></trkpt>
    <trkpt lat="-37.324505" lon="142.590327"><ele>1030.3</ele></trkpt>
    <trkpt lat="-37.324570" lon="142.590420"><ele>1030.5</ele></trkpt>
    <trkpt lat="-37.324652" lon="142.590520"><ele>1030.7</ele></trkpt>
    <trkpt lat="-37.324799" lon="142.590591"><ele>1031.0</ele></trkpt>
    <trkpt lat="-37.324849" lon="142.590676"><ele>1031.1</ele></trkpt>
    <trkpt lat="-37.324817" lon="142.590836"><ele>1031.5</ele></trkpt>
    <trkpt lat="-37.324921" lon="142.591046"><ele>1032.2</ele></trkpt>
    <trkpt lat="-37.324993" lon="142.591074"><ele>1032.5</ele></trkpt>
    <trkpt lat="-37.325167" lon="142.591202"><ele>1033.4</ele></trkpt>
    <trkpt lat="-37.325238" lon="142.591264"><ele>1033.8</ele></trkpt>
    <trkpt lat="-37.325316" lon="142.591412"><ele>1034.5</ele></trkpt>
    <trkpt lat="-37.325374" lon="142.591428"><ele>1034.9</ele></trkpt>
    <trkpt lat="-37.325408" lon="142.591540"><ele>1035.5</ele></trkpt>
    <trkpt lat="-37.325409" lon="142.591680"><ele>1036.3</ele></trkpt>
    <trkpt lat="-37.325335" lon="142.591909"><ele>1037.8</ele></trkpt>
    <trkpt lat="-37.325350" lon="142.592124"><ele>1039.0</ele></trkpt>
    <trkpt lat="-37.325367" lon="142.592341"><ele>1040.3</ele></trkpt>
    <trkpt lat="-37.325407" lon="142.592544"><ele>1041.2</ele></trkpt>
    <trkpt lat="-37.325493" lon="142.592679"><ele>1042.0</ele></trkpt>
    <trkpt lat="-37.325581" lon="142.592795"><ele>1042.6</ele></trkpt>
    <trkpt lat="-37.325714" lon="142.592942"><ele>1043.5</ele></trkpt>
    <trkpt lat="-37.325793" lon="142.592987"><ele>1043.8</ele></trkpt>
    <trkpt lat="-37.325857" lon="142.593084"><ele>1044.3</ele></trkpt>
    <trkpt lat="-37.325813" lon="142.593399"><ele>1045.5</ele></trkpt>
    <trkpt lat="-37.325838" lon="142.593609"><ele>1046.5</ele></trkpt>
    <trkpt lat="-37.325899" lon="142.593677"><ele>1047.0</ele></trkpt>
    <trkpt lat="-37.326099" lon="142.593749"><ele>1048.8</ele></trkpt>
    <trkpt lat="-37.326214" lon="142.593819"><ele>1049.9</ele></trkpt>
    <trkpt lat="-37.326512" lon="142.593952"><ele>1053.2</ele></trkpt>
    <trkpt lat="-37.326710" lon="142.593930"><ele>1055.1</ele></trkpt>
    <trkpt lat="-37.326860" lon="142.593935"><ele>1056.4</ele></trkpt>
    <trkpt lat="-37.326951" lon="142.593883"><ele>1057.3</ele></trkpt>
    <trkpt lat="-37.327291" lon="142.593877"><ele>1060.5</ele></trkpt>
    <trkpt lat="-37.327449" lon="142.593896"><ele>1061.9</ele></trkpt>
    <trkpt lat="-37.327552" lon="142.593928"><ele>1062.6</ele></trkpt>
    <trkpt lat="-37.327626" lon="142.593930"><ele>1063.0</ele></trkpt>
    <trkpt lat="-37.327781" lon="142.593939"><ele>1063.9</ele></trkpt>
    <trkpt lat="-37.327902" lon="142.593976"><ele>1064.8</ele></trkpt>
    <trkpt lat="-37.327934" lon="142.594015"><ele>1065.2</ele></trkpt>
    <trkpt lat="-37.328008" lon="142.593978"><ele>1065.8</ele></trkpt>
    <trkpt lat="-37.328110" lon="142.594049"><ele>1066.5</ele></trkpt>
    <trkpt lat="-37.328186" lon="142.594067"><ele>1066.9</ele></trkpt>
    <trkpt lat="-37.328281" lon="142.593999"><ele>1067.6</ele></trkpt>
    <trkpt lat="-37.328339" lon="142.593946"><ele>1068.1</ele></trkpt>
    <trkpt lat="-37.328409" lon="142.593959"><ele>1068.5</ele></trkpt>
    <trkpt lat="-37.328591" lon="142.594031"><ele>1069.4</ele></trkpt>
    <trkpt lat="-37.328872" lon="142.594035"><ele>1071.0</ele></trkpt>
    <trkpt lat="-37.329167" lon="142.593942"><ele>1073.1</ele></trkpt>
    <trkpt lat="-37.329220" lon="142.593961"><ele>1073.4</ele></trkpt>
    <trkpt lat="-37.329296" lon="142.594037"><ele>1074.0</ele></trkpt>
    <trkpt lat="-37.329442" lon="142.593975"><ele>1075.0</ele></trkpt>
    <trkpt lat="-37.329491" lon="142.593899"><ele>1075.4</ele></trkpt>
    <trkpt lat="-37.329581" lon="142.593853"><ele>1076.0</ele></trkpt>
    <trkpt lat="-37.329942" lon="142.593847"><ele>1078.4</ele></trkpt>
    <trkpt lat="-37.330157" lon="142.593816"><ele>1079.6</ele></trkpt>
    <trkpt lat="-37.330257" lon="142.593824"><ele>1080.0</ele></trkpt>
    <trkpt lat="-37.330358" lon="142.593793"><ele>1080.7</ele></trkpt>
    <trkpt lat="-37.330515" lon="142.593825"><ele>1082.3</ele></trkpt>
    <trkpt lat="-37.330618" lon="142.593753"><ele>1083.5</ele></trkpt>
    <trkpt lat="-37.330672" lon="142.593788"><ele>1084.1</ele></trkpt>
    <trkpt lat="-37.330848" lon="142.593685"><ele>1086.3</ele></trkpt>
    <trkpt lat="-37.330877" lon="142.593640"><ele>1086.8</ele></trkpt>
    <trkpt lat="-37.331020" lon="142.593517"><ele>1088.9</ele></trkpt>
    <trkpt lat="-37.331131" lon="142.593472"><ele>1090.5</ele></trkpt>
    <trkpt lat="-37.331293" lon="142.593441"><ele>1092.7</ele></trkpt>
    <trkpt lat="-37.331427" lon="142.593374"><ele>1094.3</ele></trkpt>
    <trkpt lat="-37.331502" lon="142.593368"><ele>1095.2</ele></trkpt>
    <trkpt lat="-37.331711" lon="142.593184"><ele>1096.4</ele></trkpt>
    <trkpt lat="-37.331758" lon="142.593081"><ele>1096.8</ele></trkpt>
    <trkpt lat="-37.331872" lon="142.592921"><ele>1097.6</ele></trkpt>
    <trkpt lat="-37.331950" lon="142.592887"><ele>1097.9</ele></trkpt>
    <trkpt lat="-37.332055" lon="142.592742"><ele>1098.2</ele></trkpt>
    <trkpt lat="-37.332082" lon="142.592653"><ele>1098.4</ele></trkpt>
    <trkpt lat="-37.332071" lon="142.592623"><ele>1098.4</ele></trkpt>
    <trkpt lat="-37.332096" lon="142.592487"><ele>1098.4</ele></trkpt>
    <trkpt lat="-37.332076" lon="142.592399"><ele>1098.4</ele></trkpt>
    <trkpt lat="-37.332121" lon="142.592274"><ele>1098.3</ele></trkpt>
    <trkpt lat="-37.332191" lon="142.592179"><ele>1098.3</ele></trkpt>
    <trkpt lat="-37.332264" lon="142.591914"><ele>1098.8</ele></trkpt>
    <trkpt lat="-37.332549" lon="142.591678"><ele>1100.4</ele></trkpt>
    <trkpt lat="-37.332684" lon="142.591218"><ele>1101.7</ele></trkpt>
    <trkpt lat="-37.332734" lon="142.591171"><ele>1102.0</ele></trkpt>
    <trkpt lat="-37.332773" lon="142.591060"><ele>1102.5</ele></trkpt>
    <trkpt lat="-37.332799" lon="142.590956"><ele>1102.9</ele></trkpt>
    <trkpt lat="-37.332839" lon="142.590914"><ele>1103.1</ele></trkpt>
    <trkpt lat="-37.332896" lon="142.590683"><ele>1103.9</ele></trkpt>
    <trkpt lat="-37.332950" lon="142.590583"><ele>1103.9</ele></trkpt>
    <trkpt lat="-37.332962" lon="142.590523"><ele>1103.8</ele></trkpt>
    <trkpt lat="-37.333058" lon="142.590307"><ele>1103.3</ele></trkpt>
    <trkpt lat="-37.333113" lon="142.590020"><ele>1102.2</ele></trkpt>
    <trkpt lat="-37.333164" lon="142.589855"><ele>1101.3</ele></trkpt>
    <trkpt lat="-37.333436" lon="142.589414"><ele>1097.7</ele></trkpt>
    <trkpt lat="-37.333602" lon="142.589220"><ele>1095.9</ele></trkpt>
    <trkpt lat="-37.333693" lon="142.589012"><ele>1095.5</ele></trkpt>
    <trkpt lat="-37.333774" lon="142.588936"><ele>1095.3</ele></trkpt>
    <trkpt lat="-37.333818" lon="142.588795"><ele>1095.4</ele></trkpt>
    <trkpt lat="-37.333985" lon="142.588732"><ele>1095.7</ele></trkpt>
    <trkpt lat="-37.334039" lon="142.588674"><ele>1096.1</ele></trkpt>
    <trkpt lat="-37.334345" lon="142.588626"><ele>1098.3</ele></trkpt>
    <trkpt lat="-37.334508" lon="142.588537"><ele>1100.1</ele></trkpt>
    <trkpt lat="-37.334616" lon="142.588502"><ele>1101.3</ele></trkpt>
    <trkpt lat="-37.334861" lon="142.588467"><ele>1104.1</ele></trkpt>
    <trkpt lat="-37.334983" lon="142.588511"><ele>1105.6</ele></trkpt>
    <trkpt lat="-37.335078" lon="142.588505"><ele>1106.8</ele></trkpt>
    <trkpt lat="-37.335127" lon="142.588595"><ele>1107.8</ele></trkpt>
    <trkpt lat="-37.335372" lon="142.588754"><ele>1111.2</ele></trkpt>
    <trkpt lat="-37.335494" lon="142.588774"><ele>1112.7</ele></trkpt>
    <trkpt lat="-37.335699" lon="142.588846"><ele>1115.2</ele></trkpt>
    <trkpt lat="-37.335808" lon="142.588836"><ele>1116.7</ele></trkpt>
    <trkpt lat="-37.336037" lon="142.588938"><ele>1119.9</ele></trkpt>
    <trkpt lat="-37.336204" lon="142.588887"><ele>1122.2</ele></trkpt>
    <trkpt lat="-37.336644" lon="142.588998"><ele>1128.0</ele></trkpt>
    <trkpt lat="-37.336752" lon="142.588959"><ele>1129.5</ele></trkpt>
    <trkpt lat="-37.336840" lon="142.588973"><ele>1130.6</ele></trkpt>
    <trkpt lat="-37.337017" lon="142.588933"><ele>1132.9</ele></trkpt>
    <trkpt lat="-37.337174" lon="142.588926"><ele>1134.7</ele></trkpt>
    <trkpt lat="-37.337283" lon="142.588959"><ele>1135.9</ele></trkpt>
    <trkpt lat="-37.337323" lon="142.588903"><ele>1136.5</ele></trkpt>
    <trkpt lat="-37.337449" lon="142.588847"><ele>1137.9</ele></trkpt>
    <trkpt lat="-37.337500" lon="142.588772"><ele>1138.6</ele></trkpt>
    <trkpt lat="-37.337480" lon="142.588678"><ele>1139.2</ele></trkpt>
    <trkpt lat="-37.337538" lon="142.588544"><ele>1140.1</ele></trkpt>
    <trkpt lat="-37.337575" lon="142.588327"><ele>1141.0</ele></trkpt>
    <trkpt lat="-37.337604" lon="142.588235"><ele>1141.3</ele></trkpt>
    <trkpt lat="-37.337733" lon="142.588094"><ele>1141.9</ele></trkpt>
    <trkpt lat="-37.337771" lon="142.588052"><ele>1142.0</ele></trkpt>
    <trkpt lat="-37.337794" lon="142.587944"><ele>1142.2</ele></trkpt>
    <trkpt lat="-37.337851" lon="142.587746"><ele>1142.4</ele></trkpt>
    <trkpt lat="-37.337890" lon="142.587614"><ele>1142.5</ele></trkpt>
    <trkpt lat="-37.337966" lon="142.587496"><ele>1142.6</ele></trkpt>
    <trkpt lat="-37.337966" lon="142.587326"><ele>1142.8</ele></trkpt>
    <trkpt lat="-37.338099" lon="142.587170"><ele>1143.2</ele></trkpt>
    <trkpt lat="-37.338167" lon="142.587119"><ele>1143.4</ele></trkpt>
    <trkpt lat="-37.338167" lon="142.587050"><ele>1143.5</ele></trkpt>
    <trkpt lat="-37.338150" lon="142.586784"><ele>1144.2</ele></trkpt>
    <trkpt lat="-37.338155" lon="142.586563"><ele>1144.8</ele></trkpt>
    <trkpt lat="-37.338129" lon="142.586387"><ele>1145.3</ele></trkpt>
    <trkpt lat="-37.338145" lon="142.586331"><ele>1145.4</ele></trkpt>
    <trkpt lat="-37.338210" lon="142.586214"><ele>1145.7</ele></trkpt>
    <trkpt lat="-37.338177" lon="142.586164"><ele>1145.9</ele></trkpt>
    <trkpt lat="-37.338117" lon="142.586057"><ele>1146.1</ele></trkpt>
    <trkpt lat="-37.338060" lon="142.585970"><ele>1146.3</ele></trkpt>
    <trkpt lat="-37.338053" lon="142.585824"><ele>1146.4</ele></trkpt>
    <trkpt lat="-37.338093" lon="142.585571"><ele>1146.9</ele></trkpt>
    <trkpt lat="-37.338097" lon="142.585458"><ele>1147.1</ele></trkpt>
    <trkpt lat="-37.338118" lon="142.585411"><ele>1147.2</ele></trkpt>
    <trkpt lat="-37.338173" lon="142.585354"><ele>1147.4</ele></trkpt>
    <trkpt lat="-37.338180" lon="142.585365"><ele>1147.5</ele></trkpt>
    <trkpt lat="-37.338193" lon="142.585241"><ele>1147.8</ele></trkpt>
    <trkpt lat="-37.338216" lon="142.585184"><ele>1147.9</ele></trkpt>
    <trkpt lat="-37.338254" lon="142.585149"><ele>1148.1</ele></trkpt>
    <trkpt lat="-37.338290" lon="142.584978"><ele>1148.7</ele></trkpt>
    <trkpt lat="-37.338388" lon="142.584764"><ele>1149.6</ele></trkpt>
    <trkpt lat="-37.338420" lon="142.584634"><ele>1150.2</ele></trkpt>
    <trkpt lat="-37.338439" lon="142.584591"><ele>1150.4</ele></trkpt>
    <trkpt lat="-37.338551" lon="142.584367"><ele>1151.7</ele></trkpt>
    <trkpt lat="-37.338581" lon="142.584374"><ele>1151.8</ele></trkpt>
    <trkpt lat="-37.338608" lon="142.584344"><ele>1152.0</ele></trkpt>
    <trkpt lat="-37.338637" lon="142.584288"><ele>1152.3</ele></trkpt>
    <trkpt lat="-37.338659" lon="142.584227"><ele>1152.5</ele></trkpt>
    <trkpt lat="-37.338648" lon="142.584113"><ele>1152.9</ele></trkpt>
    <trkpt lat="-37.338704" lon="142.584027"><ele>1153.3</ele></trkpt>
    <trkpt lat="-37.338756" lon="142.583895"><ele>1153.8</ele></trkpt>
    <trkpt lat="-37.338794" lon="142.583829"><ele>1154.1</ele></trkpt>
    <trkpt lat="-37.338834" lon="142.583751"><ele>1154.4</ele></trkpt>
    <trkpt lat="-37.338869" lon="142.583659"><ele>1154.7</ele></trkpt>
    <trkpt lat="-37.338906" lon="142.583569"><ele>1154.9</ele></trkpt>
    <trkpt lat="-37.338897" lon="142.583476"><ele>1155.1</ele></trkpt>
    <trkpt lat="-37.338890" lon="142.583309"><ele>1155.4</ele></trkpt>
    <trkpt lat="-37.338924" lon="142.583235"><ele>1155.6</ele></trkpt>
    <trkpt lat="-37.338972" lon="142.583181"><ele>1155.8</ele></trkpt>
    <trkpt lat="-37.339054" lon="142.583054"><ele>1155.9</ele></trkpt>
    <trkpt lat="-37.339067" lon="142.582978"><ele>1156.0</ele></trkpt>
    <trkpt lat="-37.339078" lon="142.582911"><ele>1156.0</ele></trkpt>
    <trkpt lat="-37.339166" lon="142.582554"><ele>1156.4</ele></trkpt>
    <trkpt lat="-37.339158" lon="142.582113"><ele>1157.1</ele></trkpt>
    <trkpt lat="-37.339353" lon="142.581937"><ele>1157.5</ele></trkpt>
    <trkpt lat="-37.339479" lon="142.581639"><ele>1157.6</ele></trkpt>
    <trkpt lat="-37.339543" lon="142.581413"><ele>1157.6</ele></trkpt>
    <trkpt lat="-37.339598" lon="142.581092"><ele>1157.4</ele></trkpt>
    <trkpt lat="-37.339813" lon="142.580740"><ele>1156.1</ele></trkpt>
    <trkpt lat="-37.339901" lon="142.580526"><ele>1155.1</ele></trkpt>
    <trkpt lat="-37.339992" lon="142.580430"><ele>1154.5</ele></trkpt>
    <trkpt lat="-37.340109" lon="142.580159"><ele>1153.7</ele></trkpt>
    <trkpt lat="-37.340199" lon="142.580079"><ele>1153.5</ele></trkpt>
    <trkpt lat="-37.340251" lon="142.579934"><ele>1153.3</ele></trkpt>
    <trkpt lat="-37.340369" lon="142.579889"><ele>1153.1</ele></trkpt>
    <trkpt lat="-37.340455" lon="142.579731"><ele>1152.8</ele></trkpt>
    <trkpt lat="-37.340582" lon="142.579634"><ele>1153.0</ele></trkpt>
    <trkpt lat="-37.340752" lon="142.579214"><ele>1153.4</ele></trkpt>
    <trkpt lat="-37.340806" lon="142.579024"><ele>1153.8</ele></trkpt>
    <trkpt lat="-37.340815" lon="142.578834"><ele>1154.1</ele></trkpt>
    <trkpt lat="-37.340991" lon="142.578626"><ele>1154.3</ele></trkpt>
    <trkpt lat="-37.341016" lon="142.578486"><ele>1154.2</ele></trkpt>
    <trkpt lat="-37.341228" lon="142.578191"><ele>1153.6</ele></trkpt>
    <trkpt lat="-37.341250" lon="142.578022"><ele>1153.2</ele></trkpt>
    <trkpt lat="-37.341370" lon="142.577991"><ele>1153.1</ele></trkpt>
    <trkpt lat="-37.341623" lon="142.577764"><ele>1152.1</ele></trkpt>
    <trkpt lat="-37.341735" lon="142.577522"><ele>1151.7</ele></trkpt>
    <trkpt lat="-37.341712" lon="142.577317"><ele>1151.5</ele></trkpt>
    <trkpt lat="-37.341747" lon="142.577122"><ele>1151.5</ele></trkpt>
    <trkpt lat="-37.341809" lon="142.576977"><ele>1151.4</ele></trkpt>
    <trkpt lat="-37.341942" lon="142.576786"><ele>1151.3</ele></trkpt>
    <trkpt lat="-37.342005" lon="142.576590"><ele>1151.1</ele></trkpt>
    <trkpt lat="-37.342101" lon="142.576493"><ele>1150.8</ele></trkpt>
    <trkpt lat="-37.342132" lon="142.576376"><ele>1150.3</ele></trkpt>
    <trkpt lat="-37.342312" lon="142.576161"><ele>1148.3</ele></trkpt>
    <trkpt lat="-37.342239" lon="142.575897"><ele>1145.3</ele></trkpt>
    <trkpt lat="-37.342214" lon="142.575548"><ele>1140.4</ele></trkpt>
    <trkpt lat="-37.342560" lon="142.575309"><ele>1131.0</ele></trkpt>
    <trkpt lat="-37.342892" lon="142.574604"><ele>1114.9</ele></trkpt>
    <trkpt lat="-37.342941" lon="142.574034"><ele>1105.3</ele></trkpt>
    <trkpt lat="-37.342775" lon="142.573347"><ele>1096.6</ele></trkpt>
    <trkpt lat="-37.342780" lon="142.573096"><ele>1094.1</ele></trkpt>
    <trkpt lat="-37.342960" lon="142.572844"><ele>1091.2</ele></trkpt>
    <trkpt lat="-37.342970" lon="142.572513"><ele>1088.8</ele></trkpt>
    <trkpt lat="-37.343336" lon="142.572059"><ele>1083.7</ele></trkpt>
    <trkpt lat="-37.343389" lon="142.571465"><ele>1079.0</ele></trkpt>
    <trkpt lat="-37.343297" lon="142.570723"><ele>1074.9</ele></trkpt>
    <trkpt lat="-37.343287" lon="142.570184"><ele>1072.3</ele></trkpt>
    <trkpt lat="-37.343443" lon="142.569350"><ele>1064.6</ele></trkpt>
    <trkpt lat="-37.343491" lon="142.568792"><ele>1060.2</ele></trkpt>
    <trkpt lat="-37.343609" lon="142.568438"><ele>1059.5</ele></trkpt>
    <trkpt lat="-37.343654" lon="142.568027"><ele>1061.5</ele></trkpt>
    <trkpt lat="-37.343487" lon="142.566360"><ele>1071.1</ele></trkpt>
    <trkpt lat="-37.343495" lon="142.565814"><ele>1072.7</ele></trkpt>
    <trkpt lat="-37.343434" lon="142.565133"><ele>1076.2</ele></trkpt>
    <trkpt lat="-37.343289" lon="142.564482"><ele>1080.8</ele></trkpt>
    <trkpt lat="-37.343007" lon="142.563629"><ele>1084.7</ele></trkpt>
    <trkpt lat="-37.342992" lon="142.563103"><ele>1086.5</ele></trkpt>
    <trkpt lat="-37.342908" lon="142.562940"><ele>1086.0</ele></trkpt>
    <trkpt lat="-37.342815" lon="142.562790"><ele>1084.5</ele></trkpt>
    <trkpt lat="-37.342736" lon="142.562539"><ele>1081.8</ele></trkpt>
    <trkpt lat="-37.342581" lon="142.562340"><ele>1077.4</ele></trkpt>
    <trkpt lat="-37.342271" lon="142.562023"><ele>1063.8</ele></trkpt>
    <trkpt lat="-37.342226" lon="142.561880"><ele>1059.2</ele></trkpt>
    <trkpt lat="-37.342202" lon="142.561815"><ele>1057.2</ele></trkpt>
    <trkpt lat="-37.342195" lon="142.561737"><ele>1055.0</ele></trkpt>
    <trkpt lat="-37.342123" lon="142.561711"><ele>1052.3</ele></trkpt>
    <trkpt lat="-37.342050" lon="142.561568"><ele>1047.2</ele></trkpt>
    <trkpt lat="-37.342071" lon="142.561477"><ele>1044.3</ele></trkpt>
    <trkpt lat="-37.342106" lon="142.561382"><ele>1041.1</ele></trkpt>
    <trkpt lat="-37.342037" lon="142.561283"><ele>1036.9</ele></trkpt>
    <trkpt lat="-37.341985" lon="142.561274"><ele>1034.7</ele></trkpt>
    <trkpt lat="-37.341968" lon="142.561217"><ele>1032.8</ele></trkpt>
    <trkpt lat="-37.341995" lon="142.561165"><ele>1030.8</ele></trkpt>
    <trkpt lat="-37.341982" lon="142.561101"><ele>1028.6</ele></trkpt>
    <trkpt lat="-37.341909" lon="142.561031"><ele>1025.2</ele></trkpt>
    <trkpt lat="-37.341789" lon="142.560906"><ele>1019.4</ele></trkpt>
    <trkpt lat="-37.341661" lon="142.560719"><ele>1013.3</ele></trkpt>
    <trkpt lat="-37.341575" lon="142.560503"><ele>1007.5</ele></trkpt>
    <trkpt lat="-37.341520" lon="142.560386"><ele>1004.4</ele></trkpt>
    <trkpt lat="-37.341516" lon="142.560312"><ele>1002.8</ele></trkpt>
    <trkpt lat="-37.341589" lon="142.560273"><ele>1001.2</ele></trkpt>
    <trkpt lat="-37.341768" lon="142.560256"><ele>997.5</ele></trkpt>
    <trkpt lat="-37.341968" lon="142.560251"><ele>994.3</ele></trkpt>
    <trkpt lat="-37.342130" lon="142.560286"><ele>991.9</ele></trkpt>
    <trkpt lat="-37.342353" lon="142.560394"><ele>988.6</ele></trkpt>
    <trkpt lat="-37.342594" lon="142.560451"><ele>985.2</ele></trkpt>
    <trkpt lat="-37.342829" lon="142.560477"><ele>982.2</ele></trkpt>
    <trkpt lat="-37.343115" lon="142.560559"><ele>978.5</ele></trkpt>
    <trkpt lat="-37.343297" lon="142.560572"><ele>976.4</ele></trkpt>
    <trkpt lat="-37.343535" lon="142.560507"><ele>973.5</ele></trkpt>
    <trkpt lat="-37.343989" lon="142.560429"><ele>967.1</ele></trkpt>
    <trkpt lat="-37.344313" lon="142.560273"><ele>962.0</ele></trkpt>
    <trkpt lat="-37.344530" lon="142.560195"><ele>958.1</ele></trkpt>
    <trkpt lat="-37.344713" lon="142.560191"><ele>954.9</ele></trkpt>
    <trkpt lat="-37.344871" lon="142.560122"><ele>952.1</ele></trkpt>
    <trkpt lat="-37.345012" lon="142.560052"><ele>949.3</ele></trkpt>
    <trkpt lat="-37.345226" lon="142.559953"><ele>944.5</ele></trkpt>
    <trkpt lat="-37.345457" lon="142.559818"><ele>938.2</ele></trkpt>
    <trkpt lat="-37.345636" lon="142.559511"><ele>930.8</ele></trkpt>
    <trkpt lat="-37.345694" lon="142.559355"><ele>927.5</ele></trkpt>
    <trkpt lat="-37.346073" lon="142.559242"><ele>919.1</ele></trkpt>
    <trkpt lat="-37.346287" lon="142.559181"><ele>915.4</ele></trkpt>
    <trkpt lat="-37.346373" lon="142.559147"><ele>914.2</ele></trkpt>
    <trkpt lat="-37.346442" lon="142.559216"><ele>912.9</ele></trkpt>
    <trkpt lat="-37.346569" lon="142.559394"><ele>910.4</ele></trkpt>
    <trkpt lat="-37.346765" lon="142.559498"><ele>907.7</ele></trkpt>
    <trkpt lat="-37.346864" lon="142.559453"><ele>906.5</ele></trkpt>
    <trkpt lat="-37.346899" lon="142.559299"><ele>905.0</ele></trkpt>
    <trkpt lat="-37.347569" lon="142.558409"><ele>897.1</ele></trkpt>
    <trkpt lat="-37.347761" lon="142.558272"><ele>896.5</ele></trkpt>
    <trkpt lat="-37.347935" lon="142.558044"><ele>895.8</ele></trkpt>
    <trkpt lat="-37.348125" lon="142.557633"><ele>894.0</ele></trkpt>
    <trkpt lat="-37.348201" lon="142.557173"><ele>890.9</ele></trkpt>
    <trkpt lat="-37.348194" lon="142.556675"><ele>885.9</ele></trkpt>
    <trkpt lat="-37.348183" lon="142.556407"><ele>882.7</ele></trkpt>
    <trkpt lat="-37.348072" lon="142.556098"><ele>878.5</ele></trkpt>
    <trkpt lat="-37.347966" lon="142.555776"><ele>874.3</ele></trkpt>
    <trkpt lat="-37.347797" lon="142.555477"><ele>870.8</ele></trkpt>
    <trkpt lat="-37.347721" lon="142.555171"><ele>869.3</ele></trkpt>
    <trkpt lat="-37.348011" lon="142.554711"><ele>870.2</ele></trkpt>
    <trkpt lat="-37.348391" lon="142.554385"><ele>872.9</ele></trkpt>
    <trkpt lat="-37.348833" lon="142.554174"><ele>869.9</ele></trkpt>
    <trkpt lat="-37.349069" lon="142.554021"><ele>865.2</ele></trkpt>
    <trkpt lat="-37.349602" lon="142.554088"><ele>851.5</ele></trkpt>
    <trkpt lat="-37.350020" lon="142.554371"><ele>840.2</ele></trkpt>
    <trkpt lat="-37.350303" lon="142.554452"><ele>834.9</ele></trkpt>
    <trkpt lat="-37.350755" lon="142.554479"><ele>828.7</ele></trkpt>
    <trkpt lat="-37.351207" lon="142.554432"><ele>823.6</ele></trkpt>
    <trkpt lat="-37.351574" lon="142.554954"><ele>817.2</ele></trkpt>
    <trkpt lat="-37.352786" lon="142.555841"><ele>807.8</ele></trkpt>
    <trkpt lat="-37.353529" lon="142.555929"><ele>808.5</ele></trkpt>
    <trkpt lat="-37.353786" lon="142.555796"><ele>809.2</ele></trkpt>
    <trkpt lat="-37.354217" lon="142.555573"><ele>812.6</ele></trkpt>
    <trkpt lat="-37.354892" lon="142.555116"><ele>821.3</ele></trkpt>
    <trkpt lat="-37.355100" lon="142.555007"><ele>822.4</ele></trkpt>
    <trkpt lat="-37.355258" lon="142.554752"><ele>821.9</ele></trkpt>
    <trkpt lat="-37.355438" lon="142.554475"><ele>819.2</ele></trkpt>
    <trkpt lat="-37.355565" lon="142.554184"><ele>815.2</ele></trkpt>
    <trkpt lat="-37.355466" lon="142.553810"><ele>809.4</ele></trkpt>
    <trkpt lat="-37.355139" lon="142.553130"><ele>794.6</ele></trkpt>
    <trkpt lat="-37.354971" lon="142.552632"><ele>782.1</ele></trkpt>
    <trkpt lat="-37.354567" lon="142.551837"><ele>758.9</ele></trkpt>
    <trkpt lat="-37.354872" lon="142.551616"><ele>748.0</ele></trkpt>
    <trkpt lat="-37.355161" lon="142.551521"><ele>738.7</ele></trkpt>
    <trkpt lat="-37.354834" lon="142.550869"><ele>719.4</ele></trkpt>
    <trkpt lat="-37.354651" lon="142.550601"><ele>711.6</ele></trkpt>
    <trkpt lat="-37.354910" lon="142.550151"><ele>702.7</ele></trkpt>
    <trkpt lat="-37.355070" lon="142.548800"><ele>703.2</ele></trkpt>
    <trkpt lat="-37.355565" lon="142.547938"><ele>701.0</ele></trkpt>
    <trkpt lat="-37.356060" lon="142.546980"><ele>693.3</ele></trkpt>
    <trkpt lat="-37.356494" lon="142.545859"><ele>686.8</ele></trkpt>
    <trkpt lat="-37.356608" lon="142.545284"><ele>680.8</ele></trkpt>
    <trkpt lat="-37.356463" lon="142.544298"><ele>667.2</ele></trkpt>
    <trkpt lat="-37.356585" lon="142.543627"><ele>655.9</ele></trkpt>
    <trkpt lat="-37.357194" lon="142.542851"><ele>636.5</ele></trkpt>
    <trkpt lat="-37.357278" lon="142.542391"><ele>630.8</ele></trkpt>
    <trkpt lat="-37.357385" lon="142.542190"><ele>628.9</ele></trkpt>
    <trkpt lat="-37.357316" lon="142.541922"><ele>627.6</ele></trkpt>
    <trkpt lat="-37.357103" lon="142.541673"><ele>626.5</ele></trkpt>
    <trkpt lat="-37.356974" lon="142.540696"><ele>622.0</ele></trkpt>
    <trkpt lat="-37.356646" lon="142.540159"><ele>619.2</ele></trkpt>
    <trkpt lat="-37.356692" lon="142.539757"><ele>618.4</ele></trkpt>
    <trkpt lat="-37.356616" lon="142.539288"><ele>618.6</ele></trkpt>
    <trkpt lat="-37.356738" lon="142.538215"><ele>619.6</ele></trkpt>
    <trkpt lat="-37.356479" lon="142.537228"><ele>621.5</ele></trkpt>
    <trkpt lat="-37.356456" lon="142.536778"><ele>621.5</ele></trkpt>
    <trkpt lat="-37.356517" lon="142.536126"><ele>617.8</ele></trkpt>
    <trkpt lat="-37.356281" lon="142.535379"><ele>606.1</ele></trkpt>
    <trkpt lat="-37.356106" lon="142.535082"><ele>599.2</ele></trkpt>
    <trkpt lat="-37.355991" lon="142.534785"><ele>593.4</ele></trkpt>
    <trkpt lat="-37.356151" lon="142.534277"><ele>585.1</ele></trkpt>
    <trkpt lat="-37.356128" lon="142.533817"><ele>580.2</ele></trkpt>
    <trkpt lat="-37.356037" lon="142.533051"><ele>578.0</ele></trkpt>
    <trkpt lat="-37.355908" lon="142.532572"><ele>577.1</ele></trkpt>
    <trkpt lat="-37.355915" lon="142.532333"><ele>576.5</ele></trkpt>
    <trkpt lat="-37.355801" lon="142.531288"><ele>574.3</ele></trkpt>
    <trkpt lat="-37.355801" lon="142.530972"><ele>574.4</ele></trkpt>
    <trkpt lat="-37.355611" lon="142.530417"><ele>574.6</ele></trkpt>
    <trkpt lat="-37.355588" lon="142.529181"><ele>573.4</ele></trkpt>
    <trkpt lat="-37.355854" lon="142.528290"><ele>573.4</ele></trkpt>
    <trkpt lat="-37.356235" lon="142.527916"><ele>572.0</ele></trkpt>
    <trkpt lat="-37.356441" lon="142.527859"><ele>571.1</ele></trkpt>
    <trkpt lat="-37.356745" lon="142.527677"><ele>569.3</ele></trkpt>
    <trkpt lat="-37.356875" lon="142.527380"><ele>568.1</ele></trkpt>
    <trkpt lat="-37.357057" lon="142.526652"><ele>565.3</ele></trkpt>
    <trkpt lat="-37.357286" lon="142.526278"><ele>563.0</ele></trkpt>
    <trkpt lat="-37.357469" lon="142.526096"><ele>561.2</ele></trkpt>
    <trkpt lat="-37.357476" lon="142.525799"><ele>558.6</ele></trkpt>
    <trkpt lat="-37.357514" lon="142.525359"><ele>552.4</ele></trkpt>
    <trkpt lat="-37.357712" lon="142.524918"><ele>543.2</ele></trkpt>
    <trkpt lat="-37.358222" lon="142.524487"><ele>529.2</ele></trkpt>
    <trkpt lat="-37.358352" lon="142.524343"><ele>525.6</ele></trkpt>
    <trkpt lat="-37.358443" lon="142.524113"><ele>521.5</ele></trkpt>
    <trkpt lat="-37.358512" lon="142.523835"><ele>517.3</ele></trkpt>
    <trkpt lat="-37.358854" lon="142.523165"><ele>506.4</ele></trkpt>
    <trkpt lat="-37.358999" lon="142.522504"><ele>498.0</ele></trkpt>
    <trkpt lat="-37.358969" lon="142.522188"><ele>494.1</ele></trkpt>
    <trkpt lat="-37.358672" lon="142.521738"><ele>486.1</ele></trkpt>
    <trkpt lat="-37.358562" lon="142.521435"><ele>481.9</ele></trkpt>
    <trkpt lat="-37.358483" lon="142.521303"><ele>480.0</ele></trkpt>
    <trkpt lat="-37.358497" lon="142.521246"><ele>479.4</ele></trkpt>
    <trkpt lat="-37.358530" lon="142.521210"><ele>478.8</ele></trkpt>
    <trkpt lat="-37.358565" lon="142.521193"><ele>478.3</ele></trkpt>
    <trkpt lat="-37.358565" lon="142.521155"><ele>477.9</ele></trkpt>
    <trkpt lat="-37.358567" lon="142.521057"><ele>476.9</ele></trkpt>
    <trkpt lat="-37.358656" lon="142.520617"><ele>472.6</ele></trkpt>
    <trkpt lat="-37.358686" lon="142.520043"><ele>467.5</ele></trkpt>
    <trkpt lat="-37.358641" lon="142.519640"><ele>464.2</ele></trkpt>
    <trkpt lat="-37.358733" lon="142.519208"><ele>460.2</ele></trkpt>
    <trkpt lat="-37.358809" lon="142.518634"><ele>456.0</ele></trkpt>
    <trkpt lat="-37.358938" lon="142.518298"><ele>452.9</ele></trkpt>
    <trkpt lat="-37.359257" lon="142.517796"><ele>447.1</ele></trkpt>
    <trkpt lat="-37.359531" lon="142.517413"><ele>441.8</ele></trkpt>
    <trkpt lat="-37.359691" lon="142.517231"><ele>439.0</ele></trkpt>
    <trkpt lat="-37.360125" lon="142.516225"><ele>427.9</ele></trkpt>
    <trkpt lat="-37.360498" lon="142.515555"><ele>419.9</ele></trkpt>
    <trkpt lat="-37.360790" lon="142.515144"><ele>417.2</ele></trkpt>
    <trkpt lat="-37.360968" lon="142.515188"><ele>416.6</ele></trkpt>
    <trkpt lat="-37.361241" lon="142.515178"><ele>416.3</ele></trkpt>
    <trkpt lat="-37.361520" lon="142.515036"><ele>416.4</ele></trkpt>
    <trkpt lat="-37.361773" lon="142.514983"><ele>416.0</ele></trkpt>
    <trkpt lat="-37.362052" lon="142.514944"><ele>415.0</ele></trkpt>
    <trkpt lat="-37.362167" lon="142.514824"><ele>414.6</ele></trkpt>
    <trkpt lat="-37.362201" lon="142.514682"><ele>414.0</ele></trkpt>
    <trkpt lat="-37.362538" lon="142.514488"><ele>412.0</ele></trkpt>
    <trkpt lat="-37.362707" lon="142.514268"><ele>410.5</ele></trkpt>
    <trkpt lat="-37.362918" lon="142.514088"><ele>409.3</ele></trkpt>
    <trkpt lat="-37.363053" lon="142.513801"><ele>408.0</ele></trkpt>
    <trkpt lat="-37.363129" lon="142.513610"><ele>407.2</ele></trkpt>
    <trkpt lat="-37.363247" lon="142.513599"><ele>406.7</ele></trkpt>
    <trkpt lat="-37.363298" lon="142.513536"><ele>406.5</ele></trkpt>
    <trkpt lat="-37.363340" lon="142.513373"><ele>405.8</ele></trkpt>
    <trkpt lat="-37.363407" lon="142.513309"><ele>405.4</ele></trkpt>
    <trkpt lat="-37.363602" lon="142.513306"><ele>404.6</ele></trkpt>
    <trkpt lat="-37.363784" lon="142.513440"><ele>403.5</ele></trkpt>
    <trkpt lat="-37.364142" lon="142.513642"><ele>401.3</ele></trkpt>
    <trkpt lat="-37.364423" lon="142.513621"><ele>399.5</ele></trkpt>
    <trkpt lat="-37.364600" lon="142.513681"><ele>398.2</ele></trkpt>
    <trkpt lat="-37.364994" lon="142.513780"><ele>395.2</ele></trkpt>
    <trkpt lat="-37.365239" lon="142.513762"><ele>392.9</ele></trkpt>
    <trkpt lat="-37.365641" lon="142.513656"><ele>387.4</ele></trkpt>
    <trkpt lat="-37.366004" lon="142.513681"><ele>382.3</ele></trkpt>
    <trkpt lat="-37.366257" lon="142.513560"><ele>378.5</ele></trkpt>
    <trkpt lat="-37.366808" lon="142.513617"><ele>372.6</ele></trkpt>
    <trkpt lat="-37.367419" lon="142.513613"><ele>369.4</ele></trkpt>
    <trkpt lat="-37.367880" lon="142.513592"><ele>368.5</ele></trkpt>
    <trkpt lat="-37.368403" lon="142.513656"><ele>366.8</ele></trkpt>
    <trkpt lat="-37.369042" lon="142.513695"><ele>363.5</ele></trkpt>
    <trkpt lat="-37.369492" lon="142.513769"><ele>360.2</ele></trkpt>
    <trkpt lat="-37.369883" lon="142.513872"><ele>357.3</ele></trkpt>
    <trkpt lat="-37.370203" lon="142.514070"><ele>353.6</ele></trkpt>
    <trkpt lat="-37.370563" lon="142.514346"><ele>348.4</ele></trkpt>
    <trkpt lat="-37.370780" lon="142.514456"><ele>345.4</ele></trkpt>
    <trkpt lat="-37.371064" lon="142.514714"><ele>341.0</ele></trkpt>
    <trkpt lat="-37.371219" lon="142.515040"><ele>337.0</ele></trkpt>
    <trkpt lat="-37.371536" lon="142.515369"><ele>332.3</ele></trkpt>
    <trkpt lat="-37.371854" lon="142.515546"><ele>329.6</ele></trkpt>
    <trkpt lat="-37.371981" lon="142.515557"><ele>328.7</ele></trkpt>
    <trkpt lat="-37.372026" lon="142.515440"><ele>328.0</ele></trkpt>
    <trkpt lat="-37.372116" lon="142.515404"><ele>327.5</ele></trkpt>
    <trkpt lat="-37.372440" lon="142.515559"><ele>326.6</ele></trkpt>
    <trkpt lat="-37.372514" lon="142.515551"><ele>326.6</ele></trkpt>
    <trkpt lat="-37.372795" lon="142.515686"><ele>327.1</ele></trkpt>
    <trkpt lat="-37.373031" lon="142.515887"><ele>328.1</ele></trkpt>
    <trkpt lat="-37.373166" lon="142.515923"><ele>329.2</ele></trkpt>
    <trkpt lat="-37.373352" lon="142.516054"><ele>331.5</ele></trkpt>
    <trkpt lat="-37.373535" lon="142.516277"><ele>334.7</ele></trkpt>
    <trkpt lat="-37.373768" lon="142.516578"><ele>339.1</ele></trkpt>
    <trkpt lat="-37.374115" lon="142.516973"><ele>344.4</ele></trkpt>
    <trkpt lat="-37.374313" lon="142.517228"><ele>346.9</ele></trkpt>
    <trkpt lat="-37.374399" lon="142.517384"><ele>348.1</ele></trkpt>
    <trkpt lat="-37.374656" lon="142.517637"><ele>350.6</ele></trkpt>
    <trkpt lat="-37.374770" lon="142.517812"><ele>352.1</ele></trkpt>
    <trkpt lat="-37.374829" lon="142.517987"><ele>353.6</ele></trkpt>
    <trkpt lat="-37.374932" lon="142.518067"><ele>354.8</ele></trkpt>
    <trkpt lat="-37.375050" lon="142.518018"><ele>356.1</ele></trkpt>
    <trkpt lat="-37.375127" lon="142.518035"><ele>357.0</ele></trkpt>
    <trkpt lat="-37.375224" lon="142.518196"><ele>359.0</ele></trkpt>
    <trkpt lat="-37.375446" lon="142.518265"><ele>362.2</ele></trkpt>
    <trkpt lat="-37.375602" lon="142.518470"><ele>365.8</ele></trkpt>
    <trkpt lat="-37.375914" lon="142.518596"><ele>371.0</ele></trkpt>
    <trkpt lat="-37.376197" lon="142.518743"><ele>375.3</ele></trkpt>
    <trkpt lat="-37.376409" lon="142.518762"><ele>377.8</ele></trkpt>
    <trkpt lat="-37.376668" lon="142.518874"><ele>380.2</ele></trkpt>
    <trkpt lat="-37.376728" lon="142.518911"><ele>380.7</ele></trkpt>
    <trkpt lat="-37.376893" lon="142.519015"><ele>382.0</ele></trkpt>
    <trkpt lat="-37.377073" lon="142.519010"><ele>383.1</ele></trkpt>
    <trkpt lat="-37.377244" lon="142.519099"><ele>384.3</ele></trkpt>
    <trkpt lat="-37.377354" lon="142.519074"><ele>385.1</ele></trkpt>
    <trkpt lat="-37.377527" lon="142.519139"><ele>386.8</ele></trkpt>
    <trkpt lat="-37.377876" lon="142.519118"><ele>390.8</ele></trkpt>
    <trkpt lat="-37.378199" lon="142.519099"><ele>395.1</ele></trkpt>
    <trkpt lat="-37.378431" lon="142.519031"><ele>398.7</ele></trkpt>
    <trkpt lat="-37.378729" lon="142.519044"><ele>403.7</ele></trkpt>
    <trkpt lat="-37.379096" lon="142.519033"><ele>410.1</ele></trkpt>
    <trkpt lat="-37.379417" lon="142.518948"><ele>415.6</ele></trkpt>
    <trkpt lat="-37.379795" lon="142.518915"><ele>422.0</ele></trkpt>
    <trkpt lat="-37.380022" lon="142.518854"><ele>425.3</ele></trkpt>
    <trkpt lat="-37.380308" lon="142.518858"><ele>429.1</ele></trkpt>
    <trkpt lat="-37.380580" lon="142.518860"><ele>432.7</ele></trkpt>
    <trkpt lat="-37.381031" lon="142.518819"><ele>439.0</ele></trkpt>
    <trkpt lat="-37.381370" lon="142.518704"><ele>444.7</ele></trkpt>
    <trkpt lat="-37.381643" lon="142.518568"><ele>449.3</ele></trkpt>
    <trkpt lat="-37.381914" lon="142.518477"><ele>453.8</ele></trkpt>
    <trkpt lat="-37.382103" lon="142.518554"><ele>457.1</ele></trkpt>
    <trkpt lat="-37.382444" lon="142.518632"><ele>462.9</ele></trkpt>
    <trkpt lat="-37.382693" lon="142.518646"><ele>466.3</ele></trkpt>
    <trkpt lat="-37.382950" lon="142.518694"><ele>470.8</ele></trkpt>
    <trkpt lat="-37.383128" lon="142.518849"><ele>475.1</ele></trkpt>
    <trkpt lat="-37.383267" lon="142.518931"><ele>478.2</ele></trkpt>
    <trkpt lat="-37.383578" lon="142.518938"><ele>484.3</ele></trkpt>
    <trkpt lat="-37.383823" lon="142.518878"><ele>489.5</ele></trkpt>
    <trkpt lat="-37.384169" lon="142.518897"><ele>497.1</ele></trkpt>
    <trkpt lat="-37.384583" lon="142.518894"><ele>504.2</ele></trkpt>
    <trkpt lat="-37.384773" lon="142.518986"><ele>507.5</ele></trkpt>
    <trkpt lat="-37.384963" lon="142.519089"><ele>510.8</ele></trkpt>
    <trkpt lat="-37.385211" lon="142.519069"><ele>514.8</ele></trkpt>
    <trkpt lat="-37.385398" lon="142.519003"><ele>518.0</ele></trkpt>
    <trkpt lat="-37.385551" lon="142.518874"><ele>521.3</ele></trkpt>
    <trkpt lat="-37.385766" lon="142.518726"><ele>525.6</ele></trkpt>
    <trkpt lat="-37.386039" lon="142.518595"><ele>530.9</ele></trkpt>
    <trkpt lat="-37.386359" lon="142.518612"><ele>536.0</ele></trkpt>
    <trkpt lat="-37.386576" lon="142.518684"><ele>539.1</ele></trkpt>
    <trkpt lat="-37.386760" lon="142.518734"><ele>541.6</ele></trkpt>
    <trkpt lat="-37.386920" lon="142.518784"><ele>543.7</ele></trkpt>
    <trkpt lat="-37.387091" lon="142.518697"><ele>546.0</ele></trkpt>
    <trkpt lat="-37.387188" lon="142.518601"><ele>547.3</ele></trkpt>
    <trkpt lat="-37.387261" lon="142.518375"><ele>549.5</ele></trkpt>
    <trkpt lat="-37.387388" lon="142.518127"><ele>551.9</ele></trkpt>
    <trkpt lat="-37.387566" lon="142.517866"><ele>554.3</ele></trkpt>
    <trkpt lat="-37.387817" lon="142.517680"><ele>556.0</ele></trkpt>
    <trkpt lat="-37.388089" lon="142.517521"><ele>556.9</ele></trkpt>
    <trkpt lat="-37.388405" lon="142.517347"><ele>557.0</ele></trkpt>
    <trkpt lat="-37.388644" lon="142.517361"><ele>557.1</ele></trkpt>
    <trkpt lat="-37.388834" lon="142.517444"><ele>557.5</ele></trkpt>
    <trkpt lat="-37.389069" lon="142.517410"><ele>558.3</ele></trkpt>
    <trkpt lat="-37.389304" lon="142.517332"><ele>559.5</ele></trkpt>
    <trkpt lat="-37.389501" lon="142.517264"><ele>561.0</ele></trkpt>
    <trkpt lat="-37.389720" lon="142.517044"><ele>563.2</ele></trkpt>
    <trkpt lat="-37.389859" lon="142.516779"><ele>565.0</ele></trkpt>
    <trkpt lat="-37.389964" lon="142.516535"><ele>566.2</ele></trkpt>
    <trkpt lat="-37.390167" lon="142.516469"><ele>567.0</ele></trkpt>
    <trkpt lat="-37.390331" lon="142.516431"><ele>567.8</ele></trkpt>
    <trkpt lat="-37.390553" lon="142.516486"><ele>568.8</ele></trkpt>
    <trkpt lat="-37.390780" lon="142.516460"><ele>569.6</ele></trkpt>
    <trkpt lat="-37.390970" lon="142.516384"><ele>570.2</ele></trkpt>
    <trkpt lat="-37.391138" lon="142.516375"><ele>570.5</ele></trkpt>
    <trkpt lat="-37.391329" lon="142.516378"><ele>571.3</ele></trkpt>
    <trkpt lat="-37.391532" lon="142.516344"><ele>572.3</ele></trkpt>
    <trkpt lat="-37.391668" lon="142.516418"><ele>573.0</ele></trkpt>
    <trkpt lat="-37.391831" lon="142.516426"><ele>574.0</ele></trkpt>
    <trkpt lat="-37.392012" lon="142.516415"><ele>575.2</ele></trkpt>
    <trkpt lat="-37.392203" lon="142.516235"><ele>576.7</ele></trkpt>
    <trkpt lat="-37.392444" lon="142.516079"><ele>578.8</ele></trkpt>
    <trkpt lat="-37.392555" lon="142.516076"><ele>579.8</ele></trkpt>
    <trkpt lat="-37.392744" lon="142.516095"><ele>581.4</ele></trkpt>
    <trkpt lat="-37.392891" lon="142.516031"><ele>582.5</ele></trkpt>
    <trkpt lat="-37.392963" lon="142.515820"><ele>583.1</ele></trkpt>
    <trkpt lat="-37.393193" lon="142.515624"><ele>583.7</ele></trkpt>
    <trkpt lat="-37.393483" lon="142.515755"><ele>584.1</ele></trkpt>
    <trkpt lat="-37.394032" lon="142.515353"><ele>582.7</ele></trkpt>
    <trkpt lat="-37.394121" lon="142.515091"><ele>582.8</ele></trkpt>
    <trkpt lat="-37.393987" lon="142.514858"><ele>582.8</ele></trkpt>
    <trkpt lat="-37.393757" lon="142.514895"><ele>582.8</ele></trkpt>
    <trkpt lat="-37.393483" lon="142.514727"><ele>582.9</ele></trkpt>
    <trkpt lat="-37.393379" lon="142.514400"><ele>583.1</ele></trkpt>
    <trkpt lat="-37.393171" lon="142.514195"><ele>582.9</ele></trkpt>
    <trkpt lat="-37.392867" lon="142.513943"><ele>582.4</ele></trkpt>
    <trkpt lat="-37.392874" lon="142.513532"><ele>583.0</ele></trkpt>
    <trkpt lat="-37.393238" lon="142.513130"><ele>583.8</ele></trkpt>
    <trkpt lat="-37.393661" lon="142.512781"><ele>586.8</ele></trkpt>
    <trkpt lat="-37.393961" lon="142.512512"><ele>588.3</ele></trkpt>
    <trkpt lat="-37.394288" lon="142.512316"><ele>590.4</ele></trkpt>
    <trkpt lat="-37.394431" lon="142.511992"><ele>592.3</ele></trkpt>
    <trkpt lat="-37.394585" lon="142.511817"><ele>594.0</ele></trkpt>
    <trkpt lat="-37.394855" lon="142.511726"><ele>597.0</ele></trkpt>
    <trkpt lat="-37.395178" lon="142.511665"><ele>601.2</ele></trkpt>
    <trkpt lat="-37.395501" lon="142.511557"><ele>604.9</ele></trkpt>
    <trkpt lat="-37.395944" lon="142.511347"><ele>605.6</ele></trkpt>
    <trkpt lat="-37.396319" lon="142.511322"><ele>604.1</ele></trkpt>
    <trkpt lat="-37.396612" lon="142.511214"><ele>602.0</ele></trkpt>
    <trkpt lat="-37.396967" lon="142.511135"><ele>600.7</ele></trkpt>
    <trkpt lat="-37.397339" lon="142.511076"><ele>600.9</ele></trkpt>
    <trkpt lat="-37.397629" lon="142.510884"><ele>602.2</ele></trkpt>
    <trkpt lat="-37.397933" lon="142.510842"><ele>603.5</ele></trkpt>
    <trkpt lat="-37.398155" lon="142.510665"><ele>605.1</ele></trkpt>
    <trkpt lat="-37.398439" lon="142.510658"><ele>607.4</ele></trkpt>
    <trkpt lat="-37.398787" lon="142.510495"><ele>610.9</ele></trkpt>
    <trkpt lat="-37.399128" lon="142.510424"><ele>613.7</ele></trkpt>
    <trkpt lat="-37.399670" lon="142.510520"><ele>617.5</ele></trkpt>
    <trkpt lat="-37.400081" lon="142.510636"><ele>620.4</ele></trkpt>
    <trkpt lat="-37.400657" lon="142.510640"><ele>624.3</ele></trkpt>
    <trkpt lat="-37.401000" lon="142.510619"><ele>628.0</ele></trkpt>
    <trkpt lat="-37.401127" lon="142.510467"><ele>630.5</ele></trkpt>
    <trkpt lat="-37.401172" lon="142.510144"><ele>635.5</ele></trkpt>
    <trkpt lat="-37.401273" lon="142.509543"><ele>648.7</ele></trkpt>
    <trkpt lat="-37.401512" lon="142.508902"><ele>656.8</ele></trkpt>
    <trkpt lat="-37.401659" lon="142.508710"><ele>655.7</ele></trkpt>
    <trkpt lat="-37.402379" lon="142.508458"><ele>635.1</ele></trkpt>
    <trkpt lat="-37.402594" lon="142.508266"><ele>626.2</ele></trkpt>
    <trkpt lat="-37.403113" lon="142.508201"><ele>610.6</ele></trkpt>
    <trkpt lat="-37.403544" lon="142.508149"><ele>598.8</ele></trkpt>
    <trkpt lat="-37.403800" lon="142.508322"><ele>592.1</ele></trkpt>
    <trkpt lat="-37.404215" lon="142.508514"><ele>584.3</ele></trkpt>
    <trkpt lat="-37.404519" lon="142.508565"><ele>580.4</ele></trkpt>
    <trkpt lat="-37.404686" lon="142.508523"><ele>578.8</ele></trkpt>
    <trkpt lat="-37.404720" lon="142.508299"><ele>577.3</ele></trkpt>
    <trkpt lat="-37.404760" lon="142.508177"><ele>576.3</ele></trkpt>
    <trkpt lat="-37.405054" lon="142.508047"><ele>572.6</ele></trkpt>
    <trkpt lat="-37.405265" lon="142.508126"><ele>569.3</ele></trkpt>
    <trkpt lat="-37.405732" lon="142.508201"><ele>563.9</ele></trkpt>
    <trkpt lat="-37.405970" lon="142.508098"><ele>562.3</ele></trkpt>
    <trkpt lat="-37.406115" lon="142.507935"><ele>561.8</ele></trkpt>
    <trkpt lat="-37.406277" lon="142.507881"><ele>561.8</ele></trkpt>
    <trkpt lat="-37.406465" lon="142.507728"><ele>562.3</ele></trkpt>
    <trkpt lat="-37.406591" lon="142.507554"><ele>563.1</ele></trkpt>
    <trkpt lat="-37.406547" lon="142.507280"><ele>563.7</ele></trkpt>
    <trkpt lat="-37.406506" lon="142.507014"><ele>563.5</ele></trkpt>
    <trkpt lat="-37.406605" lon="142.506747"><ele>562.3</ele></trkpt>
    <trkpt lat="-37.406596" lon="142.506542"><ele>561.3</ele></trkpt>
    <trkpt lat="-37.406701" lon="142.506347"><ele>560.3</ele></trkpt>
    <trkpt lat="-37.406621" lon="142.506162"><ele>559.7</ele></trkpt>
    <trkpt lat="-37.406637" lon="142.506011"><ele>559.4</ele></trkpt>
    <trkpt lat="-37.406835" lon="142.505991"><ele>559.0</ele></trkpt>
    <trkpt lat="-37.407007" lon="142.505932"><ele>558.5</ele></trkpt>
    <trkpt lat="-37.407153" lon="142.505862"><ele>558.3</ele></trkpt>
    <trkpt lat="-37.407278" lon="142.505911"><ele>558.3</ele></trkpt>
    <trkpt lat="-37.407519" lon="142.505825"><ele>559.4</ele></trkpt>
    <trkpt lat="-37.407836" lon="142.505773"><ele>560.4</ele></trkpt>
    <trkpt lat="-37.408142" lon="142.505813"><ele>560.4</ele></trkpt>
    <trkpt lat="-37.408398" lon="142.505703"><ele>562.7</ele></trkpt>
    <trkpt lat="-37.408522" lon="142.505580"><ele>565.1</ele></trkpt>
    <trkpt lat="-37.408741" lon="142.505556"><ele>568.9</ele></trkpt>
    <trkpt lat="-37.408929" lon="142.505542"><ele>572.5</ele></trkpt>
    <trkpt lat="-37.409468" lon="142.505722"><ele>584.5</ele></trkpt>
    <trkpt lat="-37.409604" lon="142.505719"><ele>587.0</ele></trkpt>
    <trkpt lat="-37.409651" lon="142.505794"><ele>588.2</ele></trkpt>
    <trkpt lat="-37.409632" lon="142.505896"><ele>589.4</ele></trkpt>
    <trkpt lat="-37.409666" lon="142.505960"><ele>590.2</ele></trkpt>
    <trkpt lat="-37.409779" lon="142.505987"><ele>591.6</ele></trkpt>
    <trkpt lat="-37.409879" lon="142.505904"><ele>592.4</ele></trkpt>
    <trkpt lat="-37.410079" lon="142.505801"><ele>593.7</ele></trkpt>
    <trkpt lat="-37.410886" lon="142.505776"><ele>598.8</ele></trkpt>
    <trkpt lat="-37.411080" lon="142.505842"><ele>600.3</ele></trkpt>
    <trkpt lat="-37.411231" lon="142.505752"><ele>601.7</ele></trkpt>
    <trkpt lat="-37.411461" lon="142.505711"><ele>604.1</ele></trkpt>
    <trkpt lat="-37.411768" lon="142.505646"><ele>607.4</ele></trkpt>
    <trkpt lat="-37.411939" lon="142.505478"><ele>609.2</ele></trkpt>
    <trkpt lat="-37.412115" lon="142.505382"><ele>610.4</ele></trkpt>
    <trkpt lat="-37.412261" lon="142.505398"><ele>610.9</ele></trkpt>
    <trkpt lat="-37.412415" lon="142.505412"><ele>611.8</ele></trkpt>
    <trkpt lat="-37.412515" lon="142.505323"><ele>612.8</ele></trkpt>
    <trkpt lat="-37.412666" lon="142.505293"><ele>613.7</ele></trkpt>
    <trkpt lat="-37.412762" lon="142.505321"><ele>614.2</ele></trkpt>
    <trkpt lat="-37.412842" lon="142.505328"><ele>614.6</ele></trkpt>
    <trkpt lat="-37.412925" lon="142.505265"><ele>614.7</ele></trkpt>
    <trkpt lat="-37.412990" lon="142.505132"><ele>614.8</ele></trkpt>
    <trkpt lat="-37.412983" lon="142.504933"><ele>614.3</ele></trkpt>
    <trkpt lat="-37.413140" lon="142.504681"><ele>613.9</ele></trkpt>
    <trkpt lat="-37.413331" lon="142.504469"><ele>614.5</ele></trkpt>
    <trkpt lat="-37.413749" lon="142.504233"><ele>615.7</ele></trkpt>
    <trkpt lat="-37.413880" lon="142.504308"><ele>617.3</ele></trkpt>
    <trkpt lat="-37.414012" lon="142.504212"><ele>618.9</ele></trkpt>
    <trkpt lat="-37.414110" lon="142.503929"><ele>621.1</ele></trkpt>
    <trkpt lat="-37.414237" lon="142.503738"><ele>621.3</ele></trkpt>
    <trkpt lat="-37.414520" lon="142.503530"><ele>620.5</ele></trkpt>
    <trkpt lat="-37.414672" lon="142.503271"><ele>615.7</ele></trkpt>
    <trkpt lat="-37.414897" lon="142.502956"><ele>606.9</ele></trkpt>
    <trkpt lat="-37.415180" lon="142.502622"><ele>596.9</ele></trkpt>
    <trkpt lat="-37.415361" lon="142.502435"><ele>590.0</ele></trkpt>
    <trkpt lat="-37.415242" lon="142.502392"><ele>586.2</ele></trkpt>
    <trkpt lat="-37.415158" lon="142.502350"><ele>583.3</ele></trkpt>
    <trkpt lat="-37.415156" lon="142.502326"><ele>582.6</ele></trkpt>
    <trkpt lat="-37.415179" lon="142.502260"><ele>580.8</ele></trkpt>
    <trkpt lat="-37.415203" lon="142.502217"><ele>579.5</ele></trkpt>
    <trkpt lat="-37.415231" lon="142.502168"><ele>577.9</ele></trkpt>
    <trkpt lat="-37.415253" lon="142.502141"><ele>577.0</ele></trkpt>
    <trkpt lat="-37.415273" lon="142.502079"><ele>575.3</ele></trkpt>
    <trkpt lat="-37.415299" lon="142.502029"><ele>573.8</ele></trkpt>
    <trkpt lat="-37.415345" lon="142.501931"><ele>571.0</ele></trkpt>
    <trkpt lat="-37.415327" lon="142.501376"><ele>555.7</ele></trkpt>
    <trkpt lat="-37.415404" lon="142.501075"><ele>547.0</ele></trkpt>
    <trkpt lat="-37.415293" lon="142.500770"><ele>539.1</ele></trkpt>
    <trkpt lat="-37.415265" lon="142.500329"><ele>531.9</ele></trkpt>
    <trkpt lat="-37.415290" lon="142.500103"><ele>529.0</ele></trkpt>
    <trkpt lat="-37.415514" lon="142.499758"><ele>524.3</ele></trkpt>
    <trkpt lat="-37.415575" lon="142.499619"><ele>522.6</ele></trkpt>
    <trkpt lat="-37.415549" lon="142.499357"><ele>519.7</ele></trkpt>
    <trkpt lat="-37.415451" lon="142.499172"><ele>517.3</ele></trkpt>
    <trkpt lat="-37.415162" lon="142.498818"><ele>512.2</ele></trkpt>
    <trkpt lat="-37.415157" lon="142.498656"><ele>510.9</ele></trkpt>
    <trkpt lat="-37.415256" lon="142.498512"><ele>509.3</ele></trkpt>
    <trkpt lat="-37.415429" lon="142.498444"><ele>508.0</ele></trkpt>
    <trkpt lat="-37.415597" lon="142.498241"><ele>506.4</ele></trkpt>
    <trkpt lat="-37.415849" lon="142.498168"><ele>504.1</ele></trkpt>
    <trkpt lat="-37.416179" lon="142.497907"><ele>498.9</ele></trkpt>
    <trkpt lat="-37.417251" lon="142.497785"><ele>479.0</ele></trkpt>
    <trkpt lat="-37.417490" lon="142.497875"><ele>474.4</ele></trkpt>
    <trkpt lat="-37.417519" lon="142.497847"><ele>473.7</ele></trkpt>
    <trkpt lat="-37.417541" lon="142.497826"><ele>473.2</ele></trkpt>
    <trkpt lat="-37.417548" lon="142.497639"><ele>470.9</ele></trkpt>
    <trkpt lat="-37.417457" lon="142.496964"><ele>461.4</ele></trkpt>
    <trkpt lat="-37.417491" lon="142.496442"><ele>454.6</ele></trkpt>
    <trkpt lat="-37.417613" lon="142.495998"><ele>449.8</ele></trkpt>
    <trkpt lat="-37.417961" lon="142.495567"><ele>443.9</ele></trkpt>
    <trkpt lat="-37.418064" lon="142.495413"><ele>442.0</ele></trkpt>
    <trkpt lat="-37.418205" lon="142.495117"><ele>438.6</ele></trkpt>
    <trkpt lat="-37.418670" lon="142.494827"><ele>430.2</ele></trkpt>
    <trkpt lat="-37.418974" lon="142.494562"><ele>423.7</ele></trkpt>
    <trkpt lat="-37.419282" lon="142.494396"><ele>417.4</ele></trkpt>
    <trkpt lat="-37.419566" lon="142.494254"><ele>410.9</ele></trkpt>
    <trkpt lat="-37.419923" lon="142.494359"><ele>403.0</ele></trkpt>
    <trkpt lat="-37.420295" lon="142.494291"><ele>394.9</ele></trkpt>
    <trkpt lat="-37.420471" lon="142.494217"><ele>390.9</ele></trkpt>
    <trkpt lat="-37.420736" lon="142.493700"><ele>381.0</ele></trkpt>
    <trkpt lat="-37.421083" lon="142.493373"><ele>373.7</ele></trkpt>
    <trkpt lat="-37.421152" lon="142.493201"><ele>371.4</ele></trkpt>
    <trkpt lat="-37.421308" lon="142.492985"><ele>368.3</ele></trkpt>
    <trkpt lat="-37.421573" lon="142.492554"><ele>363.5</ele></trkpt>
    <trkpt lat="-37.421763" lon="142.492054"><ele>359.5</ele></trkpt>
    <trkpt lat="-37.421961" lon="142.491718"><ele>357.3</ele></trkpt>
    <trkpt lat="-37.422220" lon="142.491410"><ele>355.7</ele></trkpt>
    <trkpt lat="-37.422486" lon="142.491300"><ele>355.4</ele></trkpt>
    <trkpt lat="-37.422801" lon="142.491146"><ele>356.0</ele></trkpt>
    <trkpt lat="-37.423128" lon="142.491091"><ele>357.1</ele></trkpt>
    <trkpt lat="-37.423264" lon="142.491225"><ele>358.2</ele></trkpt>
    <trkpt lat="-37.423405" lon="142.491261"><ele>359.1</ele></trkpt>
    <trkpt lat="-37.423523" lon="142.491275"><ele>360.0</ele></trkpt>
    <trkpt lat="-37.423647" lon="142.491341"><ele>361.1</ele></trkpt>
    <trkpt lat="-37.424051" lon="142.491396"><ele>364.7</ele></trkpt>
    <trkpt lat="-37.424283" lon="142.491507"><ele>367.5</ele></trkpt>
    <trkpt lat="-37.424445" lon="142.491491"><ele>369.4</ele></trkpt>
    <trkpt lat="-37.424572" lon="142.491445"><ele>371.1</ele></trkpt>
    <trkpt lat="-37.424834" lon="142.491377"><ele>374.9</ele></trkpt>
    <trkpt lat="-37.425229" lon="142.491349"><ele>380.9</ele></trkpt>
    <trkpt lat="-37.425494" lon="142.491246"><ele>385.3</ele></trkpt>
    <trkpt lat="-37.425807" lon="142.491165"><ele>390.1</ele></trkpt>
    <trkpt lat="-37.426055" lon="142.490939"><ele>394.1</ele></trkpt>
    <trkpt lat="-37.426208" lon="142.490908"><ele>395.9</ele></trkpt>
    <trkpt lat="-37.426419" lon="142.490758"><ele>398.5</ele></trkpt>
    <trkpt lat="-37.426770" lon="142.490691"><ele>401.8</ele></trkpt>
    <trkpt lat="-37.426944" lon="142.490560"><ele>403.8</ele></trkpt>
    <trkpt lat="-37.427110" lon="142.490551"><ele>405.5</ele></trkpt>
    <trkpt lat="-37.427263" lon="142.490452"><ele>407.3</ele></trkpt>
    <trkpt lat="-37.427615" lon="142.490408"><ele>411.6</ele></trkpt>
    <trkpt lat="-37.427793" lon="142.490345"><ele>414.3</ele></trkpt>
    <trkpt lat="-37.428324" lon="142.490284"><ele>423.6</ele></trkpt>
    <trkpt lat="-37.428758" lon="142.490196"><ele>432.0</ele></trkpt>
    <trkpt lat="-37.428897" lon="142.490062"><ele>435.2</ele></trkpt>
    <trkpt lat="-37.429084" lon="142.489995"><ele>438.5</ele></trkpt>
    <trkpt lat="-37.429464" lon="142.489918"><ele>443.8</ele></trkpt>
    <trkpt lat="-37.429764" lon="142.489764"><ele>446.6</ele></trkpt>
    <trkpt lat="-37.429937" lon="142.489729"><ele>447.4</ele></trkpt>
    <trkpt lat="-37.430039" lon="142.489542"><ele>448.0</ele></trkpt>
    <trkpt lat="-37.430143" lon="142.489518"><ele>448.2</ele></trkpt>
    <trkpt lat="-37.430310" lon="142.489383"><ele>448.5</ele></trkpt>
    <trkpt lat="-37.430501" lon="142.489213"><ele>448.9</ele></trkpt>
    <trkpt lat="-37.430775" lon="142.489243"><ele>449.7</ele></trkpt>
    <trkpt lat="-37.430925" lon="142.489360"><ele>450.6</ele></trkpt>
    <trkpt lat="-37.431085" lon="142.489378"><ele>451.8</ele></trkpt>
    <trkpt lat="-37.431385" lon="142.489490"><ele>454.2</ele></trkpt>
    <trkpt lat="-37.431734" lon="142.489530"><ele>456.3</ele></trkpt>
    <trkpt lat="-37.431900" lon="142.489301"><ele>456.7</ele></trkpt>
    <trkpt lat="-37.432177" lon="142.489299"><ele>455.3</ele></trkpt>
    <trkpt lat="-37.432280" lon="142.489154"><ele>453.7</ele></trkpt>
    <trkpt lat="-37.432436" lon="142.489092"><ele>452.0</ele></trkpt>
    <trkpt lat="-37.432649" lon="142.488935"><ele>448.9</ele></trkpt>
    <trkpt lat="-37.432923" lon="142.488824"><ele>444.0</ele></trkpt>
    <trkpt lat="-37.433102" lon="142.488701"><ele>440.9</ele></trkpt>
    <trkpt lat="-37.433312" lon="142.488458"><ele>436.6</ele></trkpt>
    <trkpt lat="-37.433537" lon="142.488387"><ele>433.4</ele></trkpt>
    <trkpt lat="-37.433799" lon="142.488165"><ele>429.3</ele></trkpt>
    <trkpt lat="-37.433996" lon="142.488180"><ele>427.2</ele></trkpt>
    <trkpt lat="-37.434085" lon="142.488297"><ele>425.9</ele></trkpt>
    <trkpt lat="-37.434220" lon="142.488332"><ele>424.5</ele></trkpt>
    <trkpt lat="-37.434489" lon="142.488330"><ele>422.1</ele></trkpt>
    <trkpt lat="-37.434828" lon="142.488428"><ele>419.9</ele></trkpt>
    <trkpt lat="-37.434988" lon="142.488330"><ele>419.5</ele></trkpt>
    <trkpt lat="-37.435162" lon="142.488274"><ele>419.4</ele></trkpt>
    <trkpt lat="-37.435453" lon="142.488197"><ele>419.7</ele></trkpt>
    <trkpt lat="-37.435739" lon="142.488108"><ele>420.1</ele></trkpt>
    <trkpt lat="-37.436032" lon="142.487954"><ele>420.2</ele></trkpt>
    <trkpt lat="-37.436258" lon="142.487802"><ele>420.1</ele></trkpt>
    <trkpt lat="-37.436477" lon="142.487720"><ele>420.1</ele></trkpt>
    <trkpt lat="-37.436591" lon="142.487699"><ele>420.2</ele></trkpt>
    <trkpt lat="-37.436775" lon="142.487688"><ele>420.0</ele></trkpt>
    <trkpt lat="-37.437075" lon="142.487784"><ele>418.5</ele></trkpt>
    <trkpt lat="-37.437237" lon="142.487819"><ele>417.1</ele></trkpt>
    <trkpt lat="-37.437307" lon="142.487763"><ele>416.3</ele></trkpt>
    <trkpt lat="-37.437344" lon="142.487630"><ele>415.1</ele></trkpt>
    <trkpt lat="-37.437337" lon="142.487322"><ele>411.6</ele></trkpt>
    <trkpt lat="-37.437374" lon="142.487057"><ele>408.0</ele></trkpt>
    <trkpt lat="-37.437472" lon="142.486789"><ele>403.8</ele></trkpt>
    <trkpt lat="-37.437596" lon="142.486586"><ele>400.9</ele></trkpt>
    <trkpt lat="-37.437831" lon="142.486447"><ele>398.8</ele></trkpt>
    <trkpt lat="-37.437946" lon="142.486312"><ele>398.3</ele></trkpt>
    <trkpt lat="-37.438108" lon="142.486232"><ele>399.2</ele></trkpt>
    <trkpt lat="-37.438333" lon="142.486229"><ele>400.4</ele></trkpt>
    <trkpt lat="-37.438435" lon="142.486318"><ele>401.1</ele></trkpt>
    <trkpt lat="-37.438597" lon="142.486540"><ele>402.3</ele></trkpt>
    <trkpt lat="-37.438692" lon="142.486552"><ele>402.8</ele></trkpt>
    <trkpt lat="-37.438775" lon="142.486518"><ele>403.3</ele></trkpt>
    <trkpt lat="-37.438974" lon="142.486340"><ele>404.3</ele></trkpt>
    <trkpt lat="-37.439228" lon="142.486188"><ele>404.8</ele></trkpt>
    <trkpt lat="-37.439522" lon="142.486161"><ele>405.7</ele></trkpt>
    <trkpt lat="-37.439712" lon="142.486204"><ele>406.8</ele></trkpt>
    <trkpt lat="-37.440131" lon="142.486478"><ele>409.6</ele></trkpt>
    <trkpt lat="-37.440445" lon="142.486502"><ele>409.4</ele></trkpt>
    <trkpt lat="-37.440584" lon="142.486429"><ele>408.8</ele></trkpt>
    <trkpt lat="-37.440597" lon="142.486290"><ele>408.3</ele></trkpt>
    <trkpt lat="-37.440481" lon="142.486026"><ele>406.7</ele></trkpt>
    <trkpt lat="-37.440458" lon="142.485758"><ele>404.7</ele></trkpt>
    <trkpt lat="-37.440736" lon="142.485095"><ele>398.2</ele></trkpt>
    <trkpt lat="-37.440913" lon="142.484733"><ele>394.0</ele></trkpt>
    <trkpt lat="-37.441378" lon="142.484359"><ele>385.7</ele></trkpt>
    <trkpt lat="-37.441543" lon="142.484136"><ele>382.3</ele></trkpt>
    <trkpt lat="-37.441723" lon="142.483977"><ele>379.4</ele></trkpt>
    <trkpt lat="-37.441904" lon="142.483806"><ele>375.9</ele></trkpt>
    <trkpt lat="-37.442162" lon="142.483603"><ele>371.5</ele></trkpt>
    <trkpt lat="-37.442250" lon="142.483347"><ele>368.3</ele></trkpt>
    <trkpt lat="-37.442472" lon="142.483099"><ele>364.3</ele></trkpt>
    <trkpt lat="-37.442556" lon="142.482855"><ele>361.8</ele></trkpt>
    <trkpt lat="-37.442701" lon="142.482571"><ele>359.7</ele></trkpt>
    <trkpt lat="-37.442995" lon="142.482591"><ele>358.1</ele></trkpt>
    <trkpt lat="-37.443195" lon="142.482509"><ele>357.4</ele></trkpt>
    <trkpt lat="-37.443437" lon="142.482432"><ele>357.1</ele></trkpt>
    <trkpt lat="-37.443615" lon="142.482286"><ele>357.1</ele></trkpt>
    <trkpt lat="-37.443857" lon="142.482103"><ele>357.2</ele></trkpt>
    <trkpt lat="-37.444251" lon="142.482022"><ele>357.5</ele></trkpt>
    <trkpt lat="-37.444515" lon="142.482075"><ele>357.4</ele></trkpt>
    <trkpt lat="-37.444822" lon="142.482079"><ele>357.3</ele></trkpt>
    <trkpt lat="-37.444943" lon="142.482032"><ele>357.2</ele></trkpt>
    <trkpt lat="-37.445053" lon="142.481947"><ele>357.1</ele></trkpt>
    <trkpt lat="-37.445536" lon="142.482032"><ele>356.3</ele></trkpt>
    <trkpt lat="-37.445974" lon="142.482219"><ele>357.1</ele></trkpt>
    <trkpt lat="-37.446376" lon="142.482471"><ele>359.0</ele></trkpt>
    <trkpt lat="-37.446567" lon="142.482594"><ele>360.3</ele></trkpt>
    <trkpt lat="-37.446887" lon="142.483076"><ele>362.9</ele></trkpt>
    <trkpt lat="-37.447244" lon="142.483231"><ele>364.5</ele></trkpt>
    <trkpt lat="-37.447455" lon="142.483497"><ele>365.6</ele></trkpt>
    <trkpt lat="-37.447635" lon="142.483585"><ele>366.4</ele></trkpt>
    <trkpt lat="-37.447719" lon="142.483716"><ele>367.0</ele></trkpt>
    <trkpt lat="-37.448000" lon="142.484421"><ele>369.5</ele></trkpt>
    <trkpt lat="-37.448104" lon="142.484491"><ele>370.1</ele></trkpt>
    <trkpt lat="-37.448323" lon="142.484534"><ele>371.3</ele></trkpt>
    <trkpt lat="-37.448452" lon="142.484442"><ele>372.3</ele></trkpt>
    <trkpt lat="-37.448649" lon="142.484343"><ele>373.7</ele></trkpt>
    <trkpt lat="-37.448825" lon="142.484287"><ele>374.8</ele></trkpt>
    <trkpt lat="-37.449104" lon="142.484200"><ele>377.2</ele></trkpt>
    <trkpt lat="-37.449220" lon="142.484099"><ele>378.4</ele></trkpt>
    <trkpt lat="-37.449459" lon="142.483952"><ele>380.7</ele></trkpt>
    <trkpt lat="-37.449682" lon="142.483769"><ele>382.8</ele></trkpt>
    <trkpt lat="-37.450176" lon="142.483627"><ele>386.8</ele></trkpt>
    <trkpt lat="-37.450389" lon="142.483456"><ele>388.6</ele></trkpt>
    <trkpt lat="-37.450650" lon="142.483356"><ele>389.9</ele></trkpt>
    <trkpt lat="-37.450935" lon="142.483088"><ele>391.5</ele></trkpt>
    <trkpt lat="-37.451140" lon="142.482922"><ele>392.8</ele></trkpt>
    <trkpt lat="-37.451787" lon="142.482616"><ele>398.9</ele></trkpt>
    <trkpt lat="-37.452179" lon="142.482525"><ele>402.5</ele></trkpt>
    <trkpt lat="-37.452852" lon="142.482256"><ele>404.7</ele></trkpt>
    <trkpt lat="-37.453299" lon="142.482020"><ele>403.0</ele></trkpt>
    <trkpt lat="-37.453457" lon="142.481983"><ele>402.2</ele></trkpt>
    <trkpt lat="-37.453742" lon="142.481859"><ele>400.8</ele></trkpt>
    <trkpt lat="-37.454129" lon="142.481693"><ele>399.5</ele></trkpt>
    <trkpt lat="-37.454406" lon="142.481704"><ele>398.7</ele></trkpt>
    <trkpt lat="-37.454862" lon="142.481634"><ele>396.6</ele></trkpt>
    <trkpt lat="-37.455147" lon="142.481403"><ele>395.1</ele></trkpt>
    <trkpt lat="-37.455526" lon="142.481151"><ele>395.0</ele></trkpt>
    <trkpt lat="-37.455914" lon="142.480996"><ele>398.1</ele></trkpt>
    <trkpt lat="-37.456278" lon="142.480978"><ele>402.3</ele></trkpt>
    <trkpt lat="-37.456629" lon="142.480748"><ele>406.6</ele></trkpt>
    <trkpt lat="-37.457000" lon="142.480638"><ele>410.7</ele></trkpt>
    <trkpt lat="-37.457315" lon="142.480404"><ele>413.6</ele></trkpt>
    <trkpt lat="-37.457651" lon="142.480241"><ele>415.9</ele></trkpt>
    <trkpt lat="-37.457890" lon="142.480219"><ele>417.7</ele></trkpt>
    <trkpt lat="-37.458220" lon="142.480058"><ele>419.7</ele></trkpt>
    <trkpt lat="-37.458420" lon="142.479814"><ele>422.0</ele></trkpt>
    <trkpt lat="-37.458646" lon="142.479688"><ele>424.8</ele></trkpt>
    <trkpt lat="-37.458807" lon="142.479509"><ele>427.6</ele></trkpt>
    <trkpt lat="-37.459050" lon="142.479281"><ele>431.4</ele></trkpt>
    <trkpt lat="-37.459246" lon="142.478894"><ele>435.2</ele></trkpt>
    <trkpt lat="-37.459589" lon="142.478653"><ele>438.3</ele></trkpt>
    <trkpt lat="-37.459753" lon="142.478379"><ele>439.2</ele></trkpt>
    <trkpt lat="-37.459885" lon="142.478291"><ele>439.5</ele></trkpt>
    <trkpt lat="-37.460062" lon="142.478269"><ele>440.2</ele></trkpt>
    <trkpt lat="-37.460187" lon="142.478146"><ele>441.3</ele></trkpt>
    <trkpt lat="-37.460487" lon="142.477945"><ele>445.1</ele></trkpt>
    <trkpt lat="-37.460566" lon="142.477811"><ele>447.4</ele></trkpt>
    <trkpt lat="-37.460685" lon="142.477770"><ele>450.0</ele></trkpt>
    <trkpt lat="-37.460760" lon="142.477663"><ele>452.9</ele></trkpt>
    <trkpt lat="-37.460894" lon="142.477596"><ele>456.9</ele></trkpt>
    <trkpt lat="-37.461169" lon="142.477551"><ele>466.2</ele></trkpt>
    <trkpt lat="-37.461324" lon="142.477419"><ele>473.1</ele></trkpt>
    <trkpt lat="-37.461382" lon="142.477250"><ele>478.2</ele></trkpt>
    <trkpt lat="-37.461505" lon="142.477060"><ele>484.5</ele></trkpt>
    <trkpt lat="-37.461620" lon="142.476998"><ele>487.7</ele></trkpt>
    <trkpt lat="-37.461722" lon="142.476883"><ele>490.9</ele></trkpt>
    <trkpt lat="-37.461833" lon="142.476834"><ele>492.9</ele></trkpt>
    <trkpt lat="-37.462018" lon="142.476604"><ele>496.2</ele></trkpt>
    <trkpt lat="-37.462259" lon="142.476545"><ele>497.4</ele></trkpt>
    <trkpt lat="-37.462359" lon="142.476456"><ele>497.5</ele></trkpt>
    <trkpt lat="-37.462723" lon="142.476397"><ele>497.2</ele></trkpt>
    <trkpt lat="-37.463044" lon="142.476393"><ele>497.1</ele></trkpt>
    <trkpt lat="-37.463336" lon="142.476359"><ele>496.3</ele></trkpt>
    <trkpt lat="-37.463530" lon="142.476215"><ele>494.9</ele></trkpt>
    <trkpt lat="-37.463667" lon="142.476136"><ele>493.7</ele></trkpt>
    <trkpt lat="-37.463908" lon="142.476070"><ele>490.9</ele></trkpt>
    <trkpt lat="-37.464044" lon="142.475966"><ele>488.8</ele></trkpt>
    <trkpt lat="-37.464317" lon="142.475755"><ele>484.3</ele></trkpt>
    <trkpt lat="-37.464483" lon="142.475748"><ele>481.9</ele></trkpt>
    <trkpt lat="-37.464650" lon="142.475648"><ele>479.6</ele></trkpt>
    <trkpt lat="-37.464803" lon="142.475656"><ele>478.4</ele></trkpt>
    <trkpt lat="-37.464990" lon="142.475570"><ele>477.3</ele></trkpt>
    <trkpt lat="-37.465153" lon="142.475472"><ele>477.3</ele></trkpt>
    <trkpt lat="-37.465249" lon="142.475396"><ele>477.7</ele></trkpt>
    <trkpt lat="-37.465352" lon="142.475206"><ele>478.9</ele></trkpt>
    <trkpt lat="-37.465417" lon="142.475133"><ele>479.9</ele></trkpt>
    <trkpt lat="-37.465598" lon="142.475011"><ele>482.5</ele></trkpt>
    <trkpt lat="-37.465728" lon="142.474986"><ele>484.9</ele></trkpt>
    <trkpt lat="-37.465798" lon="142.474940"><ele>486.3</ele></trkpt>
    <trkpt lat="-37.465851" lon="142.474795"><ele>488.7</ele></trkpt>
    <trkpt lat="-37.465865" lon="142.474647"><ele>490.9</ele></trkpt>
    <trkpt lat="-37.465894" lon="142.474482"><ele>493.1</ele></trkpt>
    <trkpt lat="-37.465983" lon="142.474355"><ele>494.8</ele></trkpt>
    <trkpt lat="-37.466053" lon="142.474344"><ele>495.7</ele></trkpt>
    <trkpt lat="-37.466204" lon="142.474453"><ele>496.6</ele></trkpt>
    <trkpt lat="-37.466351" lon="142.474599"><ele>496.8</ele></trkpt>
    <trkpt lat="-37.466435" lon="142.474618"><ele>496.6</ele></trkpt>
    <trkpt lat="-37.466575" lon="142.474595"><ele>496.0</ele></trkpt>
    <trkpt lat="-37.466679" lon="142.474485"><ele>495.1</ele></trkpt>
    <trkpt lat="-37.466775" lon="142.474449"><ele>494.4</ele></trkpt>
    <trkpt lat="-37.466869" lon="142.474325"><ele>493.2</ele></trkpt>
    <trkpt lat="-37.466937" lon="142.474292"><ele>492.6</ele></trkpt>
    <trkpt lat="-37.467009" lon="142.474264"><ele>492.0</ele></trkpt>
    <trkpt lat="-37.467096" lon="142.474138"><ele>490.9</ele></trkpt>
    <trkpt lat="-37.467222" lon="142.473979"><ele>489.6</ele></trkpt>
    <trkpt lat="-37.467372" lon="142.473831"><ele>488.4</ele></trkpt>
    <trkpt lat="-37.467471" lon="142.473770"><ele>488.2</ele></trkpt>
    <trkpt lat="-37.467593" lon="142.473709"><ele>488.0</ele></trkpt>
    <trkpt lat="-37.467648" lon="142.473603"><ele>488.1</ele></trkpt>
    <trkpt lat="-37.467798" lon="142.473408"><ele>488.7</ele></trkpt>
    <trkpt lat="-37.467942" lon="142.473323"><ele>489.8</ele></trkpt>
    <trkpt lat="-37.467940" lon="142.473178"><ele>490.6</ele></trkpt>
    <trkpt lat="-37.467993" lon="142.473085"><ele>491.7</ele></trkpt>
    <trkpt lat="-37.468084" lon="142.472981"><ele>493.1</ele></trkpt>
    <trkpt lat="-37.468210" lon="142.472865"><ele>495.0</ele></trkpt>
    <trkpt lat="-37.468371" lon="142.472813"><ele>497.2</ele></trkpt>
    <trkpt lat="-37.468600" lon="142.472668"><ele>499.0</ele></trkpt>
    <trkpt lat="-37.468815" lon="142.472524"><ele>498.9</ele></trkpt>
    <trkpt lat="-37.469074" lon="142.472406"><ele>496.6</ele></trkpt>
    <trkpt lat="-37.469229" lon="142.472375"><ele>494.0</ele></trkpt>
    <trkpt lat="-37.469297" lon="142.472319"><ele>492.4</ele></trkpt>
    <trkpt lat="-37.469421" lon="142.472142"><ele>488.2</ele></trkpt>
    <trkpt lat="-37.469594" lon="142.471967"><ele>482.8</ele></trkpt>
    <trkpt lat="-37.469725" lon="142.471847"><ele>478.9</ele></trkpt>
    <trkpt lat="-37.470002" lon="142.471744"><ele>472.1</ele></trkpt>
    <trkpt lat="-37.470196" lon="142.471689"><ele>467.7</ele></trkpt>
    <trkpt lat="-37.470317" lon="142.471608"><ele>464.9</ele></trkpt>
    <trkpt lat="-37.470593" lon="142.471319"><ele>459.1</ele></trkpt>
    <trkpt lat="-37.470722" lon="142.471173"><ele>457.1</ele></trkpt>
    <trkpt lat="-37.470822" lon="142.471061"><ele>456.2</ele></trkpt>
    <trkpt lat="-37.471004" lon="142.470890"><ele>454.9</ele></trkpt>
    <trkpt lat="-37.471198" lon="142.470705"><ele>454.4</ele></trkpt>
    <trkpt lat="-37.471434" lon="142.470490"><ele>454.8</ele></trkpt>
    <trkpt lat="-37.471616" lon="142.470403"><ele>455.5</ele></trkpt>
    <trkpt lat="-37.471724" lon="142.470254"><ele>456.1</ele></trkpt>
    <trkpt lat="-37.471829" lon="142.470183"><ele>456.6</ele></trkpt>
    <trkpt lat="-37.471971" lon="142.469935"><ele>457.6</ele></trkpt>
    <trkpt lat="-37.472034" lon="142.469884"><ele>458.0</ele></trkpt>
    <trkpt lat="-37.472355" lon="142.469590"><ele>460.3</ele></trkpt>
    <trkpt lat="-37.472613" lon="142.469189"><ele>464.0</ele></trkpt>
    <trkpt lat="-37.472697" lon="142.469163"><ele>465.1</ele></trkpt>
    <trkpt lat="-37.472806" lon="142.468967"><ele>467.9</ele></trkpt>
    <trkpt lat="-37.473036" lon="142.468687"><ele>473.4</ele></trkpt>
    <trkpt lat="-37.473200" lon="142.468589"><ele>476.8</ele></trkpt>
    <trkpt lat="-37.473397" lon="142.468380"><ele>481.6</ele></trkpt>
    <trkpt lat="-37.473437" lon="142.468305"><ele>482.9</ele></trkpt>
    <trkpt lat="-37.473486" lon="142.468213"><ele>484.6</ele></trkpt>
    <trkpt lat="-37.473731" lon="142.468043"><ele>489.1</ele></trkpt>
    <trkpt lat="-37.473745" lon="142.467957"><ele>490.1</ele></trkpt>
    <trkpt lat="-37.473832" lon="142.467793"><ele>492.0</ele></trkpt>
    <trkpt lat="-37.474103" lon="142.467518"><ele>495.7</ele></trkpt>
    <trkpt lat="-37.474318" lon="142.467187"><ele>498.7</ele></trkpt>
    <trkpt lat="-37.474526" lon="142.467006"><ele>500.4</ele></trkpt>
    <trkpt lat="-37.474910" lon="142.466650"><ele>503.9</ele></trkpt>
    <trkpt lat="-37.475007" lon="142.466465"><ele>504.7</ele></trkpt>
    <trkpt lat="-37.475254" lon="142.466290"><ele>505.1</ele></trkpt>
    <trkpt lat="-37.475477" lon="142.466156"><ele>504.4</ele></trkpt>
    <trkpt lat="-37.475632" lon="142.465742"><ele>501.1</ele></trkpt>
    <trkpt lat="-37.475855" lon="142.465329"><ele>495.7</ele></trkpt>
    <trkpt lat="-37.475989" lon="142.465075"><ele>491.9</ele></trkpt>
    <trkpt lat="-37.476010" lon="142.464997"><ele>490.9</ele></trkpt>
    <trkpt lat="-37.476089" lon="142.465058"><ele>489.4</ele></trkpt>
    <trkpt lat="-37.476170" lon="142.465051"><ele>488.1</ele></trkpt>
    <trkpt lat="-37.476294" lon="142.465033"><ele>486.2</ele></trkpt>
    <trkpt lat="-37.476342" lon="142.465009"><ele>485.4</ele></trkpt>
    <trkpt lat="-37.476385" lon="142.464936"><ele>484.4</ele></trkpt>
    <trkpt lat="-37.476685" lon="142.464848"><ele>480.6</ele></trkpt>
    <trkpt lat="-37.476946" lon="142.464583"><ele>477.0</ele></trkpt>
    <trkpt lat="-37.477102" lon="142.464260"><ele>475.0</ele></trkpt>
    <trkpt lat="-37.477132" lon="142.464134"><ele>474.6</ele></trkpt>
    <trkpt lat="-37.477289" lon="142.463921"><ele>474.9</ele></trkpt>
    <trkpt lat="-37.477494" lon="142.463695"><ele>476.8</ele></trkpt>
    <trkpt lat="-37.477518" lon="142.463552"><ele>477.9</ele></trkpt>
    <trkpt lat="-37.477579" lon="142.463440"><ele>479.2</ele></trkpt>
    <trkpt lat="-37.477573" lon="142.463292"><ele>480.5</ele></trkpt>
    <trkpt lat="-37.477668" lon="142.463169"><ele>482.2</ele></trkpt>
    <trkpt lat="-37.477862" lon="142.463058"><ele>484.8</ele></trkpt>
    <trkpt lat="-37.478530" lon="142.462362"><ele>484.8</ele></trkpt>
    <trkpt lat="-37.478562" lon="142.462212"><ele>483.5</ele></trkpt>
    <trkpt lat="-37.478891" lon="142.461996"><ele>477.7</ele></trkpt>
    <trkpt lat="-37.479166" lon="142.461964"><ele>473.7</ele></trkpt>
    <trkpt lat="-37.479353" lon="142.461716"><ele>471.0</ele></trkpt>
    <trkpt lat="-37.479492" lon="142.461618"><ele>470.0</ele></trkpt>
    <trkpt lat="-37.479646" lon="142.461492"><ele>469.4</ele></trkpt>
    <trkpt lat="-37.479975" lon="142.461143"><ele>471.0</ele></trkpt>
    <trkpt lat="-37.480018" lon="142.461073"><ele>471.4</ele></trkpt>
    <trkpt lat="-37.480181" lon="142.461018"><ele>472.5</ele></trkpt>
    <trkpt lat="-37.480300" lon="142.460834"><ele>473.6</ele></trkpt>
    <trkpt lat="-37.480705" lon="142.460606"><ele>474.1</ele></trkpt>
    <trkpt lat="-37.480895" lon="142.460472"><ele>473.2</ele></trkpt>
    <trkpt lat="-37.481211" lon="142.460106"><ele>469.1</ele></trkpt>
    <trkpt lat="-37.481337" lon="142.459822"><ele>465.8</ele></trkpt>
    <trkpt lat="-37.481498" lon="142.459696"><ele>463.3</ele></trkpt>
    <trkpt lat="-37.481664" lon="142.459497"><ele>460.6</ele></trkpt>
    <trkpt lat="-37.481741" lon="142.459293"><ele>458.6</ele></trkpt>
    <trkpt lat="-37.481853" lon="142.459285"><ele>457.3</ele></trkpt>
    <trkpt lat="-37.481943" lon="142.459151"><ele>455.8</ele></trkpt>
    <trkpt lat="-37.482108" lon="142.458724"><ele>453.1</ele></trkpt>
    <trkpt lat="-37.482395" lon="142.458167"><ele>451.3</ele></trkpt>
    <trkpt lat="-37.482669" lon="142.457821"><ele>451.1</ele></trkpt>
    <trkpt lat="-37.482836" lon="142.457704"><ele>450.6</ele></trkpt>
    <trkpt lat="-37.483005" lon="142.457264"><ele>448.2</ele></trkpt>
    <trkpt lat="-37.483173" lon="142.456967"><ele>444.8</ele></trkpt>
    <trkpt lat="-37.483356" lon="142.456569"><ele>438.5</ele></trkpt>
    <trkpt lat="-37.483408" lon="142.456289"><ele>434.1</ele></trkpt>
    <trkpt lat="-37.483444" lon="142.455987"><ele>429.3</ele></trkpt>
    <trkpt lat="-37.483526" lon="142.455908"><ele>427.2</ele></trkpt>
    <trkpt lat="-37.483503" lon="142.455766"><ele>424.8</ele></trkpt>
    <trkpt lat="-37.483566" lon="142.455715"><ele>423.4</ele></trkpt>
    <trkpt lat="-37.483594" lon="142.455608"><ele>421.7</ele></trkpt>
    <trkpt lat="-37.483763" lon="142.455382"><ele>417.1</ele></trkpt>
    <trkpt lat="-37.483862" lon="142.455234"><ele>414.5</ele></trkpt>
    <trkpt lat="-37.484108" lon="142.455118"><ele>410.5</ele></trkpt>
    <trkpt lat="-37.484260" lon="142.454959"><ele>407.6</ele></trkpt>
    <trkpt lat="-37.484536" lon="142.454796"><ele>402.7</ele></trkpt>
    <trkpt lat="-37.484667" lon="142.454496"><ele>398.1</ele></trkpt>
    <trkpt lat="-37.484505" lon="142.453935"><ele>389.3</ele></trkpt>
    <trkpt lat="-37.484434" lon="142.453475"><ele>382.4</ele></trkpt>
    <trkpt lat="-37.484186" lon="142.453053"><ele>376.7</ele></trkpt>
    <trkpt lat="-37.483914" lon="142.452963"><ele>373.8</ele></trkpt>
    <trkpt lat="-37.483476" lon="142.453048"><ele>369.8</ele></trkpt>
    <trkpt lat="-37.483002" lon="142.452740"><ele>364.9</ele></trkpt>
    <trkpt lat="-37.482577" lon="142.452632"><ele>360.2</ele></trkpt>
    <trkpt lat="-37.482363" lon="142.452571"><ele>357.6</ele></trkpt>
    <trkpt lat="-37.482069" lon="142.452231"><ele>352.1</ele></trkpt>
    <trkpt lat="-37.481898" lon="142.451414"><ele>344.0</ele></trkpt>
    <trkpt lat="-37.481796" lon="142.451300"><ele>342.6</ele></trkpt>
    <trkpt lat="-37.481694" lon="142.451340"><ele>341.6</ele></trkpt>
    <trkpt lat="-37.481536" lon="142.451231"><ele>340.0</ele></trkpt>
    <trkpt lat="-37.481491" lon="142.450902"><ele>338.0</ele></trkpt>
    <trkpt lat="-37.481651" lon="142.450469"><ele>335.2</ele></trkpt>
    <trkpt lat="-37.481581" lon="142.449962"><ele>330.6</ele></trkpt>
    <trkpt lat="-37.481831" lon="142.449585"><ele>326.4</ele></trkpt>
    <trkpt lat="-37.481986" lon="142.448908"><ele>318.9</ele></trkpt>
    <trkpt lat="-37.482290" lon="142.448591"><ele>314.3</ele></trkpt>
    <trkpt lat="-37.482639" lon="142.448184"><ele>309.0</ele></trkpt>
    <trkpt lat="-37.482713" lon="142.447964"><ele>307.3</ele></trkpt>
    <trkpt lat="-37.482815" lon="142.447806"><ele>305.9</ele></trkpt>
    <trkpt lat="-37.483097" lon="142.447562"><ele>303.9</ele></trkpt>
    <trkpt lat="-37.483406" lon="142.447242"><ele>304.0</ele></trkpt>
    <trkpt lat="-37.483545" lon="142.447141"><ele>304.5</ele></trkpt>
    <trkpt lat="-37.483885" lon="142.447062"><ele>305.9</ele></trkpt>
    <trkpt lat="-37.484052" lon="142.446802"><ele>307.8</ele></trkpt>
    <trkpt lat="-37.484279" lon="142.446708"><ele>310.1</ele></trkpt>
    <trkpt lat="-37.484433" lon="142.446681"><ele>311.9</ele></trkpt>
    <trkpt lat="-37.484575" lon="142.446701"><ele>313.6</ele></trkpt>
    <trkpt lat="-37.484660" lon="142.446675"><ele>314.8</ele></trkpt>
    <trkpt lat="-37.484777" lon="142.446710"><ele>316.6</ele></trkpt>
    <trkpt lat="-37.485253" lon="142.446636"><ele>324.3</ele></trkpt>
    <trkpt lat="-37.485396" lon="142.446617"><ele>326.3</ele></trkpt>
    <trkpt lat="-37.485834" lon="142.446654"><ele>329.4</ele></trkpt>
    <trkpt lat="-37.486075" lon="142.446534"><ele>330.3</ele></trkpt>
    <trkpt lat="-37.486258" lon="142.446466"><ele>330.9</ele></trkpt>
    <trkpt lat="-37.486461" lon="142.446231"><ele>332.1</ele></trkpt>
    <trkpt lat="-37.486481" lon="142.446153"><ele>332.7</ele></trkpt>
    <trkpt lat="-37.486457" lon="142.446053"><ele>333.4</ele></trkpt>
    <trkpt lat="-37.486561" lon="142.446012"><ele>334.5</ele></trkpt>
    <trkpt lat="-37.486539" lon="142.445924"><ele>335.5</ele></trkpt>
    <trkpt lat="-37.486477" lon="142.445724"><ele>337.7</ele></trkpt>
    <trkpt lat="-37.486479" lon="142.445692"><ele>338.1</ele></trkpt>
    <trkpt lat="-37.486578" lon="142.445656"><ele>339.7</ele></trkpt>
    <trkpt lat="-37.486648" lon="142.445616"><ele>340.8</ele></trkpt>
    <trkpt lat="-37.486663" lon="142.445556"><ele>341.5</ele></trkpt>
    <trkpt lat="-37.486666" lon="142.445436"><ele>342.8</ele></trkpt>
    <trkpt lat="-37.486648" lon="142.445404"><ele>343.2</ele></trkpt>
    <trkpt lat="-37.486632" lon="142.445290"><ele>344.4</ele></trkpt>
    <trkpt lat="-37.486683" lon="142.445257"><ele>345.2</ele></trkpt>
    <trkpt lat="-37.486795" lon="142.445258"><ele>346.4</ele></trkpt>
    <trkpt lat="-37.486805" lon="142.445198"><ele>346.9</ele></trkpt>
    <trkpt lat="-37.486795" lon="142.445092"><ele>347.8</ele></trkpt>
    <trkpt lat="-37.486769" lon="142.445017"><ele>348.3</ele></trkpt>
    <trkpt lat="-37.486901" lon="142.444844"><ele>349.5</ele></trkpt>
    <trkpt lat="-37.486952" lon="142.444742"><ele>350.0</ele></trkpt>
    <trkpt lat="-37.487027" lon="142.444637"><ele>350.5</ele></trkpt>
    <trkpt lat="-37.487073" lon="142.444523"><ele>351.0</ele></trkpt>
    <trkpt lat="-37.487149" lon="142.444336"><ele>351.9</ele></trkpt>
    <trkpt lat="-37.487251" lon="142.444161"><ele>352.9</ele></trkpt>
    <trkpt lat="-37.487343" lon="142.444033"><ele>353.9</ele></trkpt>
    <trkpt lat="-37.487396" lon="142.443975"><ele>354.4</ele></trkpt>
    <trkpt lat="-37.487486" lon="142.443925"><ele>355.2</ele></trkpt>
    <trkpt lat="-37.487541" lon="142.443908"><ele>355.7</ele></trkpt>
    <trkpt lat="-37.487591" lon="142.443876"><ele>356.2</ele></trkpt>
    <trkpt lat="-37.487654" lon="142.443880"><ele>356.8</ele></trkpt>
    <trkpt lat="-37.487681" lon="142.443854"><ele>357.1</ele></trkpt>
    <trkpt lat="-37.487706" lon="142.443781"><ele>357.8</ele></trkpt>
    <trkpt lat="-37.487769" lon="142.443656"><ele>359.1</ele></trkpt>
    <trkpt lat="-37.487853" lon="142.443538"><ele>360.3</ele></trkpt>
    <trkpt lat="-37.487990" lon="142.443461"><ele>361.6</ele></trkpt>
    <trkpt lat="-37.488046" lon="142.443387"><ele>362.3</ele></trkpt>
    <trkpt lat="-37.488083" lon="142.443358"><ele>362.5</ele></trkpt>
    <trkpt lat="-37.488188" lon="142.443280"><ele>363.2</ele></trkpt>
    <trkpt lat="-37.488269" lon="142.443202"><ele>363.8</ele></trkpt>
    <trkpt lat="-37.488315" lon="142.443104"><ele>364.1</ele></trkpt>
    <trkpt lat="-37.488378" lon="142.443064"><ele>364.4</ele></trkpt>
    <trkpt lat="-37.488448" lon="142.442979"><ele>364.7</ele></trkpt>
    <trkpt lat="-37.488459" lon="142.442918"><ele>364.7</ele></trkpt>
    <trkpt lat="-37.488506" lon="142.442841"><ele>364.7</ele></trkpt>
    <trkpt lat="-37.488552" lon="142.442819"><ele>364.6</ele></trkpt>
    <trkpt lat="-37.488609" lon="142.442735"><ele>364.6</ele></trkpt>
    <trkpt lat="-37.488665" lon="142.442653"><ele>364.6</ele></trkpt>
    <trkpt lat="-37.488766" lon="142.442617"><ele>364.6</ele></trkpt>
    <trkpt lat="-37.488819" lon="142.442527"><ele>364.6</ele></trkpt>
    <trkpt lat="-37.488859" lon="142.442386"><ele>364.5</ele></trkpt>
    <trkpt lat="-37.488926" lon="142.442274"><ele>364.3</ele></trkpt>
    <trkpt lat="-37.489040" lon="142.442145"><ele>364.2</ele></trkpt>
    <trkpt lat="-37.489142" lon="142.442021"><ele>364.1</ele></trkpt>
    <trkpt lat="-37.489213" lon="142.441834"><ele>363.5</ele></trkpt>
    <trkpt lat="-37.489295" lon="142.441647"><ele>362.8</ele></trkpt>
    <trkpt lat="-37.489390" lon="142.441534"><ele>362.3</ele></trkpt>
    <trkpt lat="-37.489406" lon="142.441446"><ele>362.0</ele></trkpt>
    <trkpt lat="-37.489465" lon="142.441194"><ele>360.6</ele></trkpt>
    <trkpt lat="-37.489506" lon="142.441061"><ele>359.7</ele></trkpt>
    <trkpt lat="-37.489597" lon="142.440959"><ele>358.7</ele></trkpt>
    <trkpt lat="-37.489665" lon="142.440708"><ele>356.7</ele></trkpt>
    <trkpt lat="-37.489759" lon="142.440535"><ele>355.0</ele></trkpt>
    <trkpt lat="-37.489873" lon="142.440431"><ele>353.5</ele></trkpt>
    <trkpt lat="-37.489942" lon="142.440255"><ele>351.6</ele></trkpt>
    <trkpt lat="-37.489954" lon="142.440038"><ele>349.4</ele></trkpt>
    <trkpt lat="-37.490012" lon="142.439946"><ele>348.1</ele></trkpt>
    <trkpt lat="-37.490245" lon="142.439739"><ele>343.7</ele></trkpt>
    <trkpt lat="-37.490358" lon="142.439582"><ele>341.2</ele></trkpt>
    <trkpt lat="-37.490553" lon="142.439286"><ele>336.4</ele></trkpt>
    <trkpt lat="-37.490678" lon="142.439064"><ele>333.5</ele></trkpt>
    <trkpt lat="-37.490656" lon="142.438862"><ele>331.4</ele></trkpt>
    <trkpt lat="-37.490658" lon="142.438494"><ele>327.9</ele></trkpt>
    <trkpt lat="-37.490778" lon="142.438242"><ele>325.4</ele></trkpt>
    <trkpt lat="-37.490784" lon="142.438058"><ele>323.9</ele></trkpt>
    <trkpt lat="-37.490864" lon="142.437879"><ele>322.4</ele></trkpt>
    <trkpt lat="-37.490848" lon="142.437769"><ele>321.6</ele></trkpt>
    <trkpt lat="-37.490941" lon="142.437403"><ele>319.0</ele></trkpt>
    <trkpt lat="-37.490929" lon="142.437106"><ele>317.3</ele></trkpt>
    <trkpt lat="-37.490830" lon="142.436885"><ele>315.8</ele></trkpt>
    <trkpt lat="-37.490599" lon="142.436665"><ele>313.6</ele></trkpt>
    <trkpt lat="-37.490470" lon="142.436394"><ele>311.8</ele></trkpt>
    <trkpt lat="-37.490316" lon="142.436242"><ele>310.3</ele></trkpt>
    <trkpt lat="-37.489852" lon="142.436232"><ele>306.7</ele></trkpt>
    <trkpt lat="-37.489424" lon="142.436084"><ele>303.3</ele></trkpt>
    <trkpt lat="-37.489263" lon="142.436147"><ele>301.7</ele></trkpt>
    <trkpt lat="-37.488551" lon="142.436150"><ele>294.3</ele></trkpt>
    <trkpt lat="-37.488290" lon="142.436209"><ele>291.0</ele></trkpt>
    <trkpt lat="-37.488079" lon="142.436193"><ele>288.2</ele></trkpt>
    <trkpt lat="-37.487886" lon="142.436025"><ele>284.5</ele></trkpt>
    <trkpt lat="-37.487667" lon="142.435960"><ele>280.5</ele></trkpt>
    <trkpt lat="-37.487487" lon="142.435759"><ele>276.5</ele></trkpt>
    <trkpt lat="-37.487351" lon="142.435647"><ele>274.2</ele></trkpt>
    <trkpt lat="-37.487266" lon="142.435573"><ele>273.2</ele></trkpt>
    <trkpt lat="-37.487066" lon="142.435570"><ele>271.8</ele></trkpt>
    <trkpt lat="-37.486950" lon="142.435493"><ele>271.4</ele></trkpt>
    <trkpt lat="-37.486803" lon="142.435133"><ele>271.9</ele></trkpt>
    <trkpt lat="-37.486732" lon="142.435064"><ele>272.4</ele></trkpt>
    <trkpt lat="-37.486471" lon="142.435069"><ele>274.8</ele></trkpt>
    <trkpt lat="-37.486233" lon="142.434875"><ele>277.0</ele></trkpt>
    <trkpt lat="-37.485928" lon="142.434755"><ele>278.0</ele></trkpt>
    <trkpt lat="-37.485722" lon="142.434698"><ele>279.0</ele></trkpt>
    <trkpt lat="-37.485696" lon="142.434660"><ele>279.1</ele></trkpt>
    <trkpt lat="-37.485656" lon="142.434600"><ele>279.2</ele></trkpt>
    <trkpt lat="-37.485539" lon="142.434434"><ele>279.6</ele></trkpt>
    <trkpt lat="-37.485315" lon="142.434225"><ele>278.8</ele></trkpt>
    <trkpt lat="-37.485156" lon="142.433962"><ele>277.7</ele></trkpt>
    <trkpt lat="-37.485114" lon="142.433884"><ele>277.5</ele></trkpt>
    <trkpt lat="-37.484991" lon="142.433659"><ele>276.7</ele></trkpt>
    <trkpt lat="-37.484934" lon="142.433617"><ele>276.3</ele></trkpt>
    <trkpt lat="-37.484834" lon="142.433542"><ele>275.4</ele></trkpt>
    <trkpt lat="-37.484607" lon="142.433201"><ele>273.5</ele></trkpt>
    <trkpt lat="-37.484519" lon="142.433155"><ele>273.3</ele></trkpt>
    <trkpt lat="-37.484494" lon="142.433094"><ele>273.2</ele></trkpt>
    <trkpt lat="-37.484355" lon="142.432898"><ele>273.0</ele></trkpt>
    <trkpt lat="-37.484296" lon="142.432826"><ele>273.0</ele></trkpt>
    <trkpt lat="-37.484100" lon="142.432391"><ele>273.1</ele></trkpt>
    <trkpt lat="-37.484017" lon="142.432164"><ele>273.2</ele></trkpt>
    <trkpt lat="-37.484022" lon="142.431966"><ele>273.3</ele></trkpt>
    <trkpt lat="-37.484128" lon="142.431762"><ele>273.3</ele></trkpt>
    <trkpt lat="-37.484142" lon="142.431648"><ele>273.4</ele></trkpt>
    <trkpt lat="-37.484147" lon="142.431610"><ele>273.4</ele></trkpt>
    <trkpt lat="-37.484175" lon="142.431457"><ele>273.4</ele></trkpt>
    <trkpt lat="-37.484224" lon="142.431243"><ele>273.6</ele></trkpt>
    <trkpt lat="-37.484245" lon="142.431155"><ele>273.7</ele></trkpt>
    <trkpt lat="-37.484273" lon="142.430943"><ele>274.1</ele></trkpt>
    <trkpt lat="-37.484401" lon="142.430620"><ele>274.8</ele></trkpt>
    <trkpt lat="-37.484398" lon="142.430417"><ele>275.2</ele></trkpt>
    <trkpt lat="-37.484455" lon="142.430311"><ele>275.4</ele></trkpt>
    <trkpt lat="-37.484558" lon="142.430226"><ele>275.5</ele></trkpt>
    <trkpt lat="-37.484588" lon="142.430140"><ele>275.5</ele></trkpt>
    <trkpt lat="-37.484647" lon="142.429896"><ele>275.4</ele></trkpt>
    <trkpt lat="-37.484762" lon="142.429802"><ele>275.4</ele></trkpt>
    <trkpt lat="-37.484813" lon="142.429657"><ele>275.4</ele></trkpt>
    <trkpt lat="-37.484912" lon="142.429538"><ele>275.5</ele></trkpt>
    <trkpt lat="-37.484957" lon="142.429483"><ele>275.5</ele></trkpt>
    <trkpt lat="-37.485058" lon="142.429279"><ele>275.5</ele></trkpt>
    <trkpt lat="-37.485171" lon="142.429190"><ele>275.6</ele></trkpt>
    <trkpt lat="-37.485201" lon="142.429066"><ele>276.0</ele></trkpt>
    <trkpt lat="-37.485258" lon="142.429016"><ele>276.2</ele></trkpt>
    <trkpt lat="-37.485315" lon="142.428967"><ele>276.5</ele></trkpt>
    <trkpt lat="-37.485387" lon="142.428820"><ele>277.5</ele></trkpt>
    <trkpt lat="-37.485524" lon="142.428813"><ele>278.5</ele></trkpt>
    <trkpt lat="-37.485576" lon="142.428798"><ele>279.0</ele></trkpt>
    <trkpt lat="-37.485593" lon="142.428703"><ele>279.8</ele></trkpt>
    <trkpt lat="-37.485677" lon="142.428590"><ele>280.9</ele></trkpt>
    <trkpt lat="-37.485713" lon="142.428450"><ele>282.0</ele></trkpt>
    <trkpt lat="-37.485848" lon="142.428265"><ele>284.0</ele></trkpt>
    <trkpt lat="-37.485851" lon="142.427941"><ele>286.6</ele></trkpt>
    <trkpt lat="-37.485932" lon="142.427778"><ele>288.1</ele></trkpt>
    <trkpt lat="-37.485959" lon="142.427574"><ele>289.7</ele></trkpt>
    <trkpt lat="-37.486016" lon="142.427370"><ele>291.3</ele></trkpt>
    <trkpt lat="-37.485945" lon="142.427193"><ele>292.6</ele></trkpt>
    <trkpt lat="-37.485927" lon="142.426946"><ele>294.2</ele></trkpt>
    <trkpt lat="-37.486013" lon="142.426517"><ele>297.3</ele></trkpt>
    <trkpt lat="-37.486052" lon="142.426182"><ele>299.9</ele></trkpt>
    <trkpt lat="-37.486072" lon="142.425805"><ele>302.9</ele></trkpt>
    <trkpt lat="-37.485991" lon="142.425384"><ele>306.6</ele></trkpt>
    <trkpt lat="-37.485993" lon="142.424817"><ele>311.3</ele></trkpt>
    <trkpt lat="-37.485968" lon="142.424652"><ele>312.7</ele></trkpt>
    <trkpt lat="-37.485948" lon="142.424460"><ele>314.2</ele></trkpt>
    <trkpt lat="-37.486020" lon="142.424214"><ele>316.2</ele></trkpt>
    <trkpt lat="-37.486032" lon="142.424056"><ele>317.4</ele></trkpt>
    <trkpt lat="-37.486084" lon="142.423810"><ele>319.1</ele></trkpt>
    <trkpt lat="-37.486072" lon="142.423467"><ele>321.3</ele></trkpt>
    <trkpt lat="-37.486125" lon="142.423298"><ele>322.4</ele></trkpt>
    <trkpt lat="-37.486100" lon="142.423158"><ele>323.3</ele></trkpt>
    <trkpt lat="-37.486199" lon="142.422969"><ele>324.5</ele></trkpt>
    <trkpt lat="-37.486220" lon="142.422812"><ele>325.3</ele></trkpt>
    <trkpt lat="-37.486261" lon="142.422697"><ele>325.8</ele></trkpt>
    <trkpt lat="-37.486438" lon="142.422543"><ele>326.9</ele></trkpt>
    <trkpt lat="-37.486517" lon="142.422351"><ele>327.9</ele></trkpt>
    <trkpt lat="-37.486549" lon="142.421999"><ele>329.5</ele></trkpt>
    <trkpt lat="-37.486644" lon="142.421807"><ele>330.5</ele></trkpt>
    <trkpt lat="-37.486638" lon="142.421621"><ele>331.4</ele></trkpt>
    <trkpt lat="-37.486697" lon="142.421433"><ele>332.2</ele></trkpt>
    <trkpt lat="-37.486620" lon="142.421218"><ele>333.1</ele></trkpt>
    <trkpt lat="-37.486703" lon="142.420817"><ele>334.0</ele></trkpt>
    <trkpt lat="-37.486819" lon="142.420623"><ele>334.2</ele></trkpt>
    <trkpt lat="-37.487015" lon="142.420437"><ele>334.3</ele></trkpt>
    <trkpt lat="-37.487248" lon="142.420277"><ele>334.3</ele></trkpt>
    <trkpt lat="-37.487362" lon="142.420108"><ele>334.5</ele></trkpt>
    <trkpt lat="-37.487521" lon="142.419736"><ele>334.7</ele></trkpt>
    <trkpt lat="-37.487621" lon="142.419579"><ele>334.8</ele></trkpt>
    <trkpt lat="-37.487741" lon="142.419353"><ele>334.8</ele></trkpt>
    <trkpt lat="-37.488123" lon="142.419095"><ele>334.2</ele></trkpt>
    <trkpt lat="-37.488193" lon="142.418969"><ele>334.0</ele></trkpt>
    <trkpt lat="-37.488352" lon="142.418875"><ele>333.4</ele></trkpt>
    <trkpt lat="-37.488570" lon="142.418674"><ele>332.8</ele></trkpt>
    <trkpt lat="-37.488847" lon="142.418540"><ele>332.2</ele></trkpt>
    <trkpt lat="-37.489092" lon="142.418303"><ele>331.5</ele></trkpt>
    <trkpt lat="-37.489242" lon="142.418251"><ele>330.8</ele></trkpt>
    <trkpt lat="-37.489576" lon="142.418076"><ele>329.7</ele></trkpt>
    <trkpt lat="-37.489798" lon="142.418071"><ele>329.1</ele></trkpt>
    <trkpt lat="-37.490152" lon="142.417813"><ele>328.0</ele></trkpt>
    <trkpt lat="-37.490309" lon="142.417770"><ele>327.5</ele></trkpt>
    <trkpt lat="-37.490672" lon="142.417524"><ele>326.3</ele></trkpt>
    <trkpt lat="-37.490938" lon="142.417433"><ele>325.4</ele></trkpt>
    <trkpt lat="-37.491144" lon="142.417264"><ele>324.4</ele></trkpt>
    <trkpt lat="-37.491426" lon="142.417144"><ele>323.4</ele></trkpt>
    <trkpt lat="-37.491589" lon="142.417106"><ele>323.1</ele></trkpt>
    <trkpt lat="-37.491905" lon="142.416880"><ele>322.7</ele></trkpt>
    <trkpt lat="-37.492011" lon="142.416734"><ele>322.6</ele></trkpt>
    <trkpt lat="-37.492247" lon="142.416620"><ele>322.5</ele></trkpt>
    <trkpt lat="-37.492420" lon="142.416340"><ele>322.5</ele></trkpt>
    <trkpt lat="-37.492702" lon="142.416131"><ele>322.0</ele></trkpt>
    <trkpt lat="-37.492894" lon="142.415865"><ele>321.7</ele></trkpt>
    <trkpt lat="-37.493022" lon="142.415813"><ele>321.4</ele></trkpt>
    <trkpt lat="-37.493267" lon="142.415656"><ele>320.9</ele></trkpt>
    <trkpt lat="-37.493328" lon="142.415513"><ele>320.6</ele></trkpt>
    <trkpt lat="-37.493480" lon="142.415479"><ele>320.3</ele></trkpt>
    <trkpt lat="-37.493575" lon="142.415358"><ele>320.0</ele></trkpt>
    <trkpt lat="-37.493771" lon="142.415293"><ele>319.6</ele></trkpt>
    <trkpt lat="-37.493919" lon="142.415141"><ele>319.2</ele></trkpt>
    <trkpt lat="-37.494139" lon="142.414885"><ele>318.5</ele></trkpt>
    <trkpt lat="-37.494301" lon="142.414751"><ele>317.8</ele></trkpt>
    <trkpt lat="-37.494518" lon="142.414499"><ele>316.6</ele></trkpt>
    <trkpt lat="-37.494717" lon="142.414261"><ele>315.5</ele></trkpt>
    <trkpt lat="-37.494982" lon="142.414092"><ele>314.2</ele></trkpt>
    <trkpt lat="-37.495357" lon="142.413667"><ele>312.1</ele></trkpt>
    <trkpt lat="-37.495574" lon="142.413372"><ele>311.4</ele></trkpt>
    <trkpt lat="-37.495798" lon="142.413116"><ele>311.0</ele></trkpt>
    <trkpt lat="-37.495887" lon="142.412851"><ele>311.0</ele></trkpt>
    <trkpt lat="-37.496014" lon="142.412643"><ele>311.3</ele></trkpt>
    <trkpt lat="-37.496035" lon="142.412444"><ele>311.7</ele></trkpt>
    <trkpt lat="-37.496145" lon="142.412075"><ele>312.5</ele></trkpt>
    <trkpt lat="-37.496283" lon="142.411745"><ele>313.3</ele></trkpt>
    <trkpt lat="-37.496462" lon="142.411503"><ele>313.8</ele></trkpt>
    <trkpt lat="-37.496475" lon="142.411294"><ele>314.1</ele></trkpt>
    <trkpt lat="-37.496585" lon="142.411005"><ele>314.7</ele></trkpt>
    <trkpt lat="-37.496757" lon="142.410736"><ele>315.4</ele></trkpt>
    <trkpt lat="-37.496752" lon="142.410230"><ele>315.5</ele></trkpt>
    <trkpt lat="-37.496908" lon="142.410026"><ele>315.1</ele></trkpt>
    <trkpt lat="-37.496950" lon="142.409612"><ele>313.9</ele></trkpt>
    <trkpt lat="-37.497211" lon="142.409381"><ele>312.2</ele></trkpt>
    <trkpt lat="-37.497326" lon="142.409073"><ele>310.3</ele></trkpt>
    <trkpt lat="-37.497425" lon="142.408981"><ele>309.6</ele></trkpt>
    <trkpt lat="-37.497498" lon="142.408770"><ele>308.6</ele></trkpt>
    <trkpt lat="-37.497706" lon="142.408586"><ele>307.6</ele></trkpt>
    <trkpt lat="-37.497842" lon="142.408310"><ele>306.7</ele></trkpt>
    <trkpt lat="-37.498024" lon="142.407804"><ele>305.2</ele></trkpt>
    <trkpt lat="-37.498170" lon="142.407659"><ele>304.7</ele></trkpt>
    <trkpt lat="-37.498415" lon="142.407040"><ele>303.3</ele></trkpt>
    <trkpt lat="-37.498492" lon="142.406781"><ele>303.2</ele></trkpt>
    <trkpt lat="-37.498371" lon="142.406531"><ele>303.6</ele></trkpt>
    <trkpt lat="-37.498401" lon="142.406237"><ele>304.2</ele></trkpt>
    <trkpt lat="-37.498318" lon="142.405841"><ele>305.3</ele></trkpt>
    <trkpt lat="-37.498312" lon="142.405161"><ele>306.9</ele></trkpt>
    <trkpt lat="-37.498389" lon="142.404549"><ele>307.9</ele></trkpt>
    <trkpt lat="-37.498389" lon="142.404045"><ele>309.0</ele></trkpt>
    <trkpt lat="-37.498244" lon="142.403423"><ele>311.4</ele></trkpt>
    <trkpt lat="-37.498244" lon="142.402586"><ele>315.0</ele></trkpt>
    <trkpt lat="-37.498065" lon="142.401931"><ele>317.8</ele></trkpt>
    <trkpt lat="-37.497955" lon="142.401298"><ele>320.8</ele></trkpt>
    <trkpt lat="-37.497914" lon="142.400855"><ele>323.2</ele></trkpt>
    <trkpt lat="-37.497921" lon="142.400429"><ele>325.8</ele></trkpt>
    <trkpt lat="-37.497912" lon="142.399743"><ele>330.7</ele></trkpt>
    <trkpt lat="-37.497767" lon="142.399346"><ele>333.9</ele></trkpt>
    <trkpt lat="-37.497938" lon="142.399034"><ele>336.9</ele></trkpt>
    <trkpt lat="-37.497980" lon="142.398595"><ele>340.0</ele></trkpt>
    <trkpt lat="-37.497938" lon="142.397972"><ele>343.9</ele></trkpt>
    <trkpt lat="-37.498040" lon="142.397586"><ele>346.5</ele></trkpt>
    <trkpt lat="-37.498006" lon="142.397264"><ele>348.4</ele></trkpt>
    <trkpt lat="-37.498074" lon="142.396857"><ele>351.0</ele></trkpt>
    <trkpt lat="-37.498057" lon="142.396148"><ele>355.3</ele></trkpt>
    <trkpt lat="-37.498253" lon="142.395902"><ele>357.3</ele></trkpt>
    <trkpt lat="-37.498491" lon="142.395719"><ele>359.1</ele></trkpt>
    <trkpt lat="-37.498729" lon="142.395408"><ele>361.4</ele></trkpt>
    <trkpt lat="-37.498968" lon="142.395108"><ele>365.0</ele></trkpt>
    <trkpt lat="-37.499036" lon="142.394797"><ele>368.7</ele></trkpt>
    <trkpt lat="-37.498985" lon="142.394457"><ele>373.2</ele></trkpt>
    <trkpt lat="-37.498986" lon="142.394032"><ele>379.2</ele></trkpt>
    <trkpt lat="-37.498987" lon="142.393578"><ele>386.0</ele></trkpt>
    <trkpt lat="-37.498874" lon="142.393144"><ele>393.0</ele></trkpt>
    <trkpt lat="-37.498576" lon="142.392136"><ele>409.6</ele></trkpt>
    <trkpt lat="-37.498397" lon="142.391471"><ele>417.0</ele></trkpt>
    <trkpt lat="-37.498369" lon="142.390996"><ele>418.9</ele></trkpt>
    <trkpt lat="-37.498496" lon="142.390816"><ele>420.0</ele></trkpt>
    <trkpt lat="-37.498661" lon="142.390870"><ele>421.3</ele></trkpt>
    <trkpt lat="-37.498993" lon="142.390773"><ele>423.7</ele></trkpt>
    <trkpt lat="-37.499307" lon="142.390722"><ele>425.8</ele></trkpt>
    <trkpt lat="-37.499678" lon="142.390786"><ele>429.0</ele></trkpt>
    <trkpt lat="-37.499814" lon="142.390936"><ele>430.2</ele></trkpt>
    <trkpt lat="-37.499999" lon="142.390906"><ele>431.3</ele></trkpt>
    <trkpt lat="-37.500197" lon="142.390813"><ele>432.2</ele></trkpt>
    <trkpt lat="-37.500466" lon="142.390462"><ele>435.3</ele></trkpt>
    <trkpt lat="-37.500737" lon="142.390421"><ele>438.6</ele></trkpt>
    <trkpt lat="-37.500942" lon="142.390301"><ele>441.8</ele></trkpt>
    <trkpt lat="-37.501215" lon="142.390054"><ele>447.2</ele></trkpt>
    <trkpt lat="-37.501393" lon="142.389765"><ele>452.6</ele></trkpt>
    <trkpt lat="-37.501357" lon="142.389651"><ele>454.4</ele></trkpt>
    <trkpt lat="-37.501141" lon="142.389675"><ele>458.0</ele></trkpt>
    <trkpt lat="-37.500997" lon="142.389791"><ele>460.6</ele></trkpt>
    <trkpt lat="-37.500983" lon="142.389720"><ele>461.5</ele></trkpt>
    <trkpt lat="-37.501041" lon="142.389542"><ele>463.8</ele></trkpt>
    <trkpt lat="-37.501207" lon="142.389341"><ele>466.8</ele></trkpt>
    <trkpt lat="-37.501342" lon="142.389282"><ele>468.6</ele></trkpt>
    <trkpt lat="-37.501870" lon="142.388810"><ele>476.4</ele></trkpt>
    <trkpt lat="-37.502347" lon="142.388166"><ele>483.9</ele></trkpt>
    <trkpt lat="-37.502679" lon="142.387919"><ele>487.5</ele></trkpt>
    <trkpt lat="-37.503104" lon="142.387598"><ele>492.5</ele></trkpt>
    <trkpt lat="-37.503547" lon="142.387265"><ele>498.7</ele></trkpt>
    <trkpt lat="-37.503947" lon="142.386911"><ele>504.0</ele></trkpt>
    <trkpt lat="-37.504364" lon="142.386557"><ele>509.5</ele></trkpt>
    <trkpt lat="-37.504585" lon="142.386213"><ele>513.3</ele></trkpt>
    <trkpt lat="-37.504781" lon="142.386149"><ele>515.7</ele></trkpt>
    <trkpt lat="-37.505019" lon="142.385999"><ele>519.2</ele></trkpt>
    <trkpt lat="-37.505709" lon="142.385323"><ele>533.7</ele></trkpt>
    <trkpt lat="-37.506458" lon="142.384347"><ele>557.2</ele></trkpt>
    <trkpt lat="-37.506866" lon="142.383735"><ele>565.0</ele></trkpt>
    <trkpt lat="-37.507215" lon="142.383553"><ele>568.9</ele></trkpt>
    <trkpt lat="-37.507539" lon="142.383070"><ele>571.4</ele></trkpt>
    <trkpt lat="-37.507802" lon="142.382952"><ele>573.0</ele></trkpt>
    <trkpt lat="-37.508330" lon="142.382770"><ele>576.0</ele></trkpt>
    <trkpt lat="-37.508722" lon="142.382426"><ele>585.0</ele></trkpt>
    <trkpt lat="-37.509011" lon="142.381697"><ele>597.9</ele></trkpt>
    <trkpt lat="-37.509343" lon="142.381579"><ele>605.3</ele></trkpt>
    <trkpt lat="-37.509556" lon="142.381214"><ele>612.6</ele></trkpt>
    <trkpt lat="-37.509632" lon="142.380796"><ele>619.6</ele></trkpt>
    <trkpt lat="-37.509939" lon="142.380270"><ele>628.3</ele></trkpt>
    <trkpt lat="-37.510092" lon="142.380079"><ele>630.0</ele></trkpt>
    <trkpt lat="-37.510458" lon="142.379878"><ele>631.4</ele></trkpt>
    <trkpt lat="-37.510484" lon="142.379634"><ele>631.5</ele></trkpt>
    <trkpt lat="-37.510745" lon="142.379326"><ele>632.1</ele></trkpt>
    <trkpt lat="-37.510920" lon="142.379327"><ele>632.9</ele></trkpt>
    <trkpt lat="-37.511256" lon="142.379199"><ele>632.8</ele></trkpt>
    <trkpt lat="-37.511436" lon="142.378998"><ele>632.9</ele></trkpt>
    <trkpt lat="-37.511547" lon="142.378639"><ele>633.8</ele></trkpt>
    <trkpt lat="-37.511854" lon="142.377984"><ele>633.3</ele></trkpt>
    <trkpt lat="-37.512328" lon="142.377405"><ele>629.9</ele></trkpt>
    <trkpt lat="-37.512747" lon="142.377062"><ele>629.0</ele></trkpt>
    <trkpt lat="-37.513198" lon="142.376708"><ele>631.4</ele></trkpt>
    <trkpt lat="-37.513496" lon="142.376536"><ele>633.5</ele></trkpt>
    <trkpt lat="-37.513947" lon="142.376375"><ele>634.9</ele></trkpt>
    <trkpt lat="-37.514224" lon="142.376139"><ele>634.3</ele></trkpt>
    <trkpt lat="-37.514329" lon="142.375842"><ele>633.1</ele></trkpt>
    <trkpt lat="-37.514300" lon="142.375615"><ele>632.4</ele></trkpt>
    <trkpt lat="-37.514152" lon="142.375235"><ele>631.6</ele></trkpt>
    <trkpt lat="-37.514173" lon="142.374935"><ele>631.5</ele></trkpt>
    <trkpt lat="-37.514122" lon="142.374709"><ele>631.7</ele></trkpt>
    <trkpt lat="-37.514398" lon="142.374433"><ele>632.6</ele></trkpt>
    <trkpt lat="-37.514943" lon="142.374498"><ele>633.7</ele></trkpt>
    <trkpt lat="-37.515572" lon="142.374895"><ele>635.7</ele></trkpt>
    <trkpt lat="-37.516070" lon="142.375054"><ele>636.5</ele></trkpt>
    <trkpt lat="-37.516198" lon="142.375052"><ele>636.8</ele></trkpt>
    <trkpt lat="-37.516439" lon="142.375096"><ele>637.2</ele></trkpt>
    <trkpt lat="-37.516535" lon="142.375157"><ele>637.3</ele></trkpt>
    <trkpt lat="-37.516575" lon="142.375252"><ele>637.4</ele></trkpt>
    <trkpt lat="-37.516736" lon="142.375557"><ele>637.6</ele></trkpt>
    <trkpt lat="-37.516930" lon="142.375625"><ele>638.1</ele></trkpt>
    <trkpt lat="-37.516986" lon="142.375723"><ele>638.4</ele></trkpt>
    <trkpt lat="-37.517119" lon="142.375792"><ele>638.8</ele></trkpt>
    <trkpt lat="-37.517240" lon="142.375966"><ele>638.7</ele></trkpt>
    <trkpt lat="-37.517415" lon="142.376048"><ele>638.2</ele></trkpt>
    <trkpt lat="-37.517532" lon="142.376152"><ele>637.4</ele></trkpt>
    <trkpt lat="-37.517641" lon="142.376310"><ele>636.4</ele></trkpt>
    <trkpt lat="-37.517735" lon="142.376357"><ele>635.9</ele></trkpt>
    <trkpt lat="-37.517828" lon="142.376529"><ele>635.2</ele></trkpt>
    <trkpt lat="-37.517849" lon="142.376677"><ele>634.8</ele></trkpt>
    <trkpt lat="-37.517888" lon="142.376714"><ele>634.7</ele></trkpt>
    <trkpt lat="-37.517976" lon="142.376707"><ele>634.5</ele></trkpt>
    <trkpt lat="-37.518082" lon="142.376650"><ele>634.4</ele></trkpt>
    <trkpt lat="-37.518329" lon="142.376269"><ele>634.9</ele></trkpt>
    <trkpt lat="-37.518348" lon="142.376059"><ele>635.9</ele></trkpt>
    <trkpt lat="-37.518420" lon="142.375796"><ele>637.4</ele></trkpt>
    <trkpt lat="-37.518625" lon="142.375437"><ele>639.1</ele></trkpt>
    <trkpt lat="-37.518871" lon="142.375048"><ele>640.4</ele></trkpt>
    <trkpt lat="-37.519131" lon="142.374739"><ele>641.6</ele></trkpt>
    <trkpt lat="-37.519314" lon="142.374538"><ele>642.9</ele></trkpt>
    <trkpt lat="-37.519396" lon="142.374408"><ele>643.7</ele></trkpt>
    <trkpt lat="-37.519577" lon="142.374261"><ele>645.0</ele></trkpt>
    <trkpt lat="-37.519827" lon="142.374154"><ele>646.6</ele></trkpt>
    <trkpt lat="-37.520075" lon="142.374093"><ele>648.5</ele></trkpt>
    <trkpt lat="-37.520337" lon="142.374095"><ele>650.5</ele></trkpt>
    <trkpt lat="-37.520687" lon="142.374147"><ele>652.7</ele></trkpt>
    <trkpt lat="-37.521325" lon="142.374250"><ele>654.0</ele></trkpt>
    <trkpt lat="-37.521487" lon="142.374294"><ele>653.7</ele></trkpt>
    <trkpt lat="-37.521625" lon="142.374315"><ele>653.1</ele></trkpt>
    <trkpt lat="-37.521872" lon="142.374366"><ele>651.7</ele></trkpt>
    <trkpt lat="-37.522041" lon="142.374350"><ele>650.6</ele></trkpt>
    <trkpt lat="-37.522313" lon="142.374290"><ele>648.7</ele></trkpt>
    <trkpt lat="-37.522633" lon="142.374237"><ele>646.7</ele></trkpt>
    <trkpt lat="-37.522927" lon="142.374130"><ele>645.9</ele></trkpt>
    <trkpt lat="-37.523101" lon="142.374050"><ele>645.9</ele></trkpt>
    <trkpt lat="-37.523268" lon="142.374009"><ele>646.1</ele></trkpt>
    <trkpt lat="-37.523422" lon="142.373950"><ele>646.6</ele></trkpt>
    <trkpt lat="-37.523957" lon="142.373642"><ele>649.0</ele></trkpt>
    <trkpt lat="-37.524208" lon="142.373430"><ele>649.5</ele></trkpt>
    <trkpt lat="-37.524536" lon="142.373337"><ele>649.9</ele></trkpt>
    <trkpt lat="-37.524943" lon="142.373328"><ele>651.4</ele></trkpt>
    <trkpt lat="-37.525150" lon="142.373383"><ele>651.5</ele></trkpt>
    <trkpt lat="-37.525337" lon="142.373319"><ele>650.8</ele></trkpt>
    <trkpt lat="-37.525542" lon="142.373309"><ele>648.1</ele></trkpt>
    <trkpt lat="-37.525677" lon="142.373267"><ele>645.9</ele></trkpt>
    <trkpt lat="-37.526142" lon="142.373262"><ele>637.3</ele></trkpt>
    <trkpt lat="-37.526457" lon="142.373155"><ele>634.3</ele></trkpt>
    <trkpt lat="-37.526818" lon="142.373139"><ele>637.0</ele></trkpt>
    <trkpt lat="-37.527065" lon="142.373047"><ele>641.9</ele></trkpt>
    <trkpt lat="-37.527265" lon="142.373036"><ele>646.6</ele></trkpt>
    <trkpt lat="-37.527434" lon="142.372973"><ele>651.1</ele></trkpt>
    <trkpt lat="-37.528039" lon="142.372706"><ele>663.3</ele></trkpt>
    <trkpt lat="-37.528359" lon="142.372546"><ele>665.7</ele></trkpt>
    <trkpt lat="-37.528655" lon="142.372469"><ele>667.5</ele></trkpt>
    <trkpt lat="-37.528878" lon="142.372497"><ele>669.2</ele></trkpt>
    <trkpt lat="-37.529067" lon="142.372385"><ele>670.4</ele></trkpt>
    <trkpt lat="-37.529098" lon="142.372291"><ele>670.6</ele></trkpt>
    <trkpt lat="-37.529071" lon="142.372091"><ele>670.9</ele></trkpt>
    <trkpt lat="-37.529139" lon="142.372025"><ele>671.0</ele></trkpt>
    <trkpt lat="-37.529165" lon="142.371898"><ele>671.1</ele></trkpt>
    <trkpt lat="-37.529259" lon="142.371831"><ele>671.5</ele></trkpt>
    <trkpt lat="-37.529331" lon="142.371824"><ele>671.8</ele></trkpt>
    <trkpt lat="-37.529408" lon="142.371851"><ele>672.2</ele></trkpt>
    <trkpt lat="-37.529511" lon="142.371828"><ele>671.8</ele></trkpt>
    <trkpt lat="-37.529617" lon="142.371862"><ele>671.0</ele></trkpt>
    <trkpt lat="-37.529707" lon="142.371852"><ele>670.3</ele></trkpt>
    <trkpt lat="-37.529778" lon="142.371770"><ele>668.7</ele></trkpt>
    <trkpt lat="-37.529906" lon="142.371742"><ele>666.7</ele></trkpt>
    <trkpt lat="-37.530077" lon="142.371524"><ele>662.8</ele></trkpt>
    <trkpt lat="-37.530338" lon="142.371259"><ele>657.4</ele></trkpt>
    <trkpt lat="-37.530579" lon="142.371131"><ele>651.4</ele></trkpt>
    <trkpt lat="-37.530646" lon="142.371031"><ele>649.0</ele></trkpt>
    <trkpt lat="-37.530693" lon="142.371038"><ele>647.9</ele></trkpt>
    <trkpt lat="-37.530754" lon="142.371124"><ele>645.7</ele></trkpt>
    <trkpt lat="-37.530823" lon="142.371264"><ele>643.1</ele></trkpt>
    <trkpt lat="-37.530891" lon="142.371305"><ele>641.7</ele></trkpt>
    <trkpt lat="-37.531061" lon="142.371249"><ele>638.7</ele></trkpt>
    <trkpt lat="-37.531167" lon="142.371274"><ele>637.1</ele></trkpt>
    <trkpt lat="-37.531307" lon="142.371338"><ele>635.1</ele></trkpt>
    <trkpt lat="-37.531455" lon="142.371379"><ele>633.4</ele></trkpt>
    <trkpt lat="-37.531694" lon="142.371350"><ele>631.9</ele></trkpt>
    <trkpt lat="-37.531931" lon="142.371414"><ele>631.0</ele></trkpt>
    <trkpt lat="-37.532229" lon="142.371411"><ele>630.2</ele></trkpt>
    <trkpt lat="-37.532704" lon="142.371312"><ele>627.4</ele></trkpt>
    <trkpt lat="-37.532817" lon="142.371249"><ele>626.5</ele></trkpt>
    <trkpt lat="-37.532960" lon="142.371231"><ele>625.0</ele></trkpt>
    <trkpt lat="-37.533081" lon="142.371257"><ele>623.7</ele></trkpt>
    <trkpt lat="-37.533128" lon="142.371310"><ele>622.9</ele></trkpt>
    <trkpt lat="-37.533098" lon="142.371394"><ele>621.8</ele></trkpt>
    <trkpt lat="-37.532948" lon="142.371530"><ele>619.2</ele></trkpt>
    <trkpt lat="-37.532660" lon="142.371691"><ele>615.5</ele></trkpt>
    <trkpt lat="-37.532668" lon="142.371753"><ele>615.0</ele></trkpt>
    <trkpt lat="-37.532804" lon="142.371776"><ele>613.6</ele></trkpt>
    <trkpt lat="-37.532898" lon="142.371723"><ele>612.6</ele></trkpt>
    <trkpt lat="-37.533092" lon="142.371687"><ele>610.7</ele></trkpt>
    <trkpt lat="-37.533203" lon="142.371637"><ele>609.5</ele></trkpt>
    <trkpt lat="-37.533390" lon="142.371644"><ele>608.0</ele></trkpt>
    <trkpt lat="-37.533966" lon="142.371754"><ele>604.9</ele></trkpt>
    <trkpt lat="-37.534192" lon="142.371695"><ele>603.6</ele></trkpt>
    <trkpt lat="-37.534425" lon="142.371683"><ele>602.9</ele></trkpt>
    <trkpt lat="-37.534755" lon="142.371618"><ele>600.6</ele></trkpt>
    <trkpt lat="-37.534976" lon="142.371518"><ele>598.6</ele></trkpt>
    <trkpt lat="-37.535051" lon="142.371526"><ele>598.1</ele></trkpt>
    <trkpt lat="-37.535238" lon="142.371643"><ele>596.0</ele></trkpt>
    <trkpt lat="-37.535326" lon="142.371652"><ele>594.4</ele></trkpt>
    <trkpt lat="-37.535378" lon="142.371625"><ele>593.5</ele></trkpt>
    <trkpt lat="-37.535526" lon="142.371451"><ele>589.5</ele></trkpt>
    <trkpt lat="-37.535603" lon="142.371408"><ele>587.8</ele></trkpt>
    <trkpt lat="-37.535693" lon="142.371427"><ele>586.2</ele></trkpt>
    <trkpt lat="-37.535908" lon="142.371536"><ele>582.7</ele></trkpt>
    <trkpt lat="-37.536100" lon="142.371514"><ele>580.9</ele></trkpt>
    <trkpt lat="-37.536169" lon="142.371462"><ele>580.0</ele></trkpt>
    <trkpt lat="-37.536284" lon="142.371476"><ele>578.2</ele></trkpt>
    <trkpt lat="-37.536385" lon="142.371399"><ele>576.4</ele></trkpt>
    <trkpt lat="-37.536462" lon="142.371398"><ele>575.8</ele></trkpt>
    <trkpt lat="-37.536689" lon="142.371259"><ele>574.4</ele></trkpt>
    <trkpt lat="-37.536968" lon="142.371221"><ele>571.1</ele></trkpt>
    <trkpt lat="-37.537210" lon="142.371098"><ele>566.7</ele></trkpt>
    <trkpt lat="-37.537406" lon="142.371146"><ele>562.4</ele></trkpt>
    <trkpt lat="-37.537552" lon="142.371160"><ele>560.2</ele></trkpt>
    <trkpt lat="-37.537650" lon="142.371085"><ele>558.7</ele></trkpt>
    <trkpt lat="-37.537807" lon="142.371028"><ele>557.1</ele></trkpt>
    <trkpt lat="-37.537901" lon="142.370874"><ele>555.6</ele></trkpt>
    <trkpt lat="-37.537962" lon="142.370700"><ele>554.9</ele></trkpt>
    <trkpt lat="-37.537959" lon="142.370503"><ele>554.5</ele></trkpt>
    <trkpt lat="-37.537996" lon="142.370366"><ele>554.8</ele></trkpt>
    <trkpt lat="-37.538131" lon="142.370148"><ele>555.8</ele></trkpt>
    <trkpt lat="-37.538217" lon="142.370050"><ele>556.5</ele></trkpt>
    <trkpt lat="-37.538227" lon="142.369796"><ele>556.0</ele></trkpt>
    <trkpt lat="-37.538326" lon="142.369542"><ele>554.4</ele></trkpt>
    <trkpt lat="-37.538408" lon="142.369386"><ele>553.1</ele></trkpt>
    <trkpt lat="-37.538597" lon="142.369273"><ele>551.5</ele></trkpt>
    <trkpt lat="-37.538868" lon="142.369146"><ele>548.3</ele></trkpt>
    <trkpt lat="-37.539071" lon="142.369123"><ele>546.2</ele></trkpt>
    <trkpt lat="-37.539457" lon="142.369320"><ele>543.3</ele></trkpt>
    <trkpt lat="-37.539713" lon="142.369331"><ele>541.3</ele></trkpt>
    <trkpt lat="-37.540258" lon="142.369335"><ele>538.9</ele></trkpt>
    <trkpt lat="-37.540754" lon="142.369140"><ele>534.0</ele></trkpt>
    <trkpt lat="-37.540957" lon="142.369189"><ele>532.2</ele></trkpt>
    <trkpt lat="-37.541065" lon="142.369150"><ele>531.2</ele></trkpt>
    <trkpt lat="-37.541574" lon="142.369131"><ele>526.8</ele></trkpt>
    <trkpt lat="-37.541938" lon="142.368964"><ele>523.8</ele></trkpt>
    <trkpt lat="-37.542211" lon="142.368935"><ele>521.2</ele></trkpt>
    <trkpt lat="-37.542488" lon="142.368940"><ele>518.5</ele></trkpt>
    <trkpt lat="-37.542721" lon="142.369003"><ele>515.9</ele></trkpt>
    <trkpt lat="-37.543013" lon="142.368978"><ele>512.2</ele></trkpt>
    <trkpt lat="-37.543247" lon="142.369027"><ele>508.6</ele></trkpt>
    <trkpt lat="-37.543548" lon="142.369208"><ele>503.1</ele></trkpt>
    <trkpt lat="-37.543740" lon="142.369309"><ele>499.5</ele></trkpt>
    <trkpt lat="-37.544277" lon="142.369713"><ele>486.5</ele></trkpt>
    <trkpt lat="-37.544432" lon="142.369919"><ele>482.2</ele></trkpt>
    <trkpt lat="-37.544581" lon="142.370039"><ele>479.1</ele></trkpt>
    <trkpt lat="-37.545251" lon="142.370056"><ele>469.3</ele></trkpt>
    <trkpt lat="-37.545601" lon="142.369972"><ele>465.0</ele></trkpt>
    <trkpt lat="-37.546141" lon="142.370053"><ele>463.6</ele></trkpt>
    <trkpt lat="-37.546247" lon="142.369931"><ele>463.4</ele></trkpt>
    <trkpt lat="-37.546398" lon="142.369476"><ele>462.2</ele></trkpt>
    <trkpt lat="-37.546516" lon="142.369135"><ele>461.5</ele></trkpt>
    <trkpt lat="-37.546674" lon="142.368818"><ele>458.3</ele></trkpt>
    <trkpt lat="-37.546707" lon="142.368654"><ele>456.6</ele></trkpt>
    <trkpt lat="-37.546920" lon="142.368199"><ele>451.5</ele></trkpt>
    <trkpt lat="-37.547022" lon="142.367833"><ele>447.7</ele></trkpt>
    <trkpt lat="-37.547230" lon="142.367673"><ele>444.6</ele></trkpt>
    <trkpt lat="-37.547438" lon="142.367677"><ele>442.1</ele></trkpt>
    <trkpt lat="-37.547853" lon="142.367561"><ele>437.3</ele></trkpt>
    <trkpt lat="-37.548328" lon="142.367544"><ele>431.6</ele></trkpt>
    <trkpt lat="-37.548664" lon="142.367374"><ele>427.5</ele></trkpt>
    <trkpt lat="-37.549137" lon="142.367168"><ele>422.9</ele></trkpt>
    <trkpt lat="-37.549695" lon="142.366692"><ele>418.1</ele></trkpt>
    <trkpt lat="-37.549918" lon="142.366667"><ele>416.6</ele></trkpt>
    <trkpt lat="-37.550145" lon="142.366471"><ele>414.4</ele></trkpt>
    <trkpt lat="-37.550316" lon="142.366416"><ele>413.0</ele></trkpt>
    <trkpt lat="-37.550458" lon="142.366306"><ele>411.9</ele></trkpt>
    <trkpt lat="-37.550651" lon="142.366277"><ele>411.2</ele></trkpt>
    <trkpt lat="-37.550798" lon="142.366202"><ele>411.1</ele></trkpt>
    <trkpt lat="-37.551057" lon="142.366192"><ele>411.3</ele></trkpt>
    <trkpt lat="-37.551194" lon="142.366167"><ele>411.6</ele></trkpt>
    <trkpt lat="-37.551421" lon="142.366215"><ele>412.2</ele></trkpt>
    <trkpt lat="-37.552264" lon="142.366632"><ele>414.1</ele></trkpt>
    <trkpt lat="-37.552412" lon="142.366748"><ele>414.3</ele></trkpt>
    <trkpt lat="-37.552657" lon="142.366890"><ele>414.7</ele></trkpt>
    <trkpt lat="-37.552810" lon="142.366793"><ele>414.9</ele></trkpt>
    <trkpt lat="-37.552915" lon="142.366625"><ele>415.1</ele></trkpt>
    <trkpt lat="-37.553075" lon="142.366528"><ele>415.2</ele></trkpt>
    <trkpt lat="-37.553275" lon="142.366526"><ele>415.2</ele></trkpt>
    <trkpt lat="-37.553440" lon="142.366271"><ele>415.1</ele></trkpt>
    <trkpt lat="-37.553621" lon="142.365924"><ele>415.0</ele></trkpt>
    <trkpt lat="-37.553823" lon="142.365792"><ele>415.3</ele></trkpt>
    <trkpt lat="-37.554017" lon="142.365837"><ele>415.9</ele></trkpt>
    <trkpt lat="-37.554134" lon="142.365821"><ele>416.3</ele></trkpt>
    <trkpt lat="-37.554309" lon="142.365836"><ele>417.2</ele></trkpt>
    <trkpt lat="-37.554500" lon="142.365821"><ele>418.4</ele></trkpt>
    <trkpt lat="-37.554750" lon="142.365972"><ele>420.1</ele></trkpt>
    <trkpt lat="-37.554937" lon="142.366031"><ele>421.2</ele></trkpt>
    <trkpt lat="-37.555246" lon="142.366114"><ele>422.6</ele></trkpt>
    <trkpt lat="-37.555505" lon="142.366291"><ele>423.9</ele></trkpt>
    <trkpt lat="-37.555648" lon="142.366457"><ele>424.7</ele></trkpt>
    <trkpt lat="-37.555963" lon="142.366532"><ele>426.1</ele></trkpt>
    <trkpt lat="-37.556112" lon="142.366623"><ele>426.8</ele></trkpt>
    <trkpt lat="-37.556168" lon="142.366839"><ele>427.6</ele></trkpt>
    <trkpt lat="-37.556177" lon="142.367284"><ele>429.1</ele></trkpt>
    <trkpt lat="-37.556254" lon="142.367392"><ele>429.5</ele></trkpt>
    <trkpt lat="-37.556391" lon="142.367492"><ele>430.2</ele></trkpt>
    <trkpt lat="-37.556658" lon="142.367689"><ele>431.6</ele></trkpt>
    <trkpt lat="-37.556740" lon="142.367830"><ele>432.1</ele></trkpt>
    <trkpt lat="-37.556861" lon="142.367936"><ele>432.5</ele></trkpt>
    <trkpt lat="-37.557155" lon="142.367950"><ele>432.9</ele></trkpt>
    <trkpt lat="-37.557420" lon="142.367814"><ele>432.7</ele></trkpt>
    <trkpt lat="-37.557641" lon="142.367637"><ele>432.0</ele></trkpt>
    <trkpt lat="-37.557841" lon="142.367565"><ele>431.0</ele></trkpt>
    <trkpt lat="-37.557925" lon="142.367496"><ele>430.5</ele></trkpt>
    <trkpt lat="-37.558115" lon="142.367385"><ele>429.3</ele></trkpt>
    <trkpt lat="-37.558376" lon="142.367346"><ele>427.8</ele></trkpt>
    <trkpt lat="-37.558615" lon="142.367193"><ele>427.1</ele></trkpt>
    <trkpt lat="-37.558809" lon="142.367176"><ele>427.0</ele></trkpt>
    <trkpt lat="-37.558863" lon="142.367133"><ele>427.1</ele></trkpt>
    <trkpt lat="-37.558890" lon="142.367037"><ele>427.1</ele></trkpt>
    <trkpt lat="-37.558910" lon="142.366569"><ele>428.1</ele></trkpt>
    <trkpt lat="-37.559075" lon="142.366421"><ele>428.8</ele></trkpt>
    <trkpt lat="-37.559233" lon="142.366411"><ele>429.4</ele></trkpt>
    <trkpt lat="-37.559360" lon="142.366457"><ele>429.6</ele></trkpt>
    <trkpt lat="-37.559678" lon="142.366729"><ele>429.0</ele></trkpt>
    <trkpt lat="-37.559756" lon="142.366922"><ele>428.3</ele></trkpt>
    <trkpt lat="-37.559934" lon="142.367164"><ele>426.8</ele></trkpt>
    <trkpt lat="-37.560294" lon="142.367592"><ele>424.4</ele></trkpt>
    <trkpt lat="-37.560362" lon="142.367741"><ele>424.0</ele></trkpt>
    <trkpt lat="-37.560494" lon="142.367755"><ele>423.8</ele></trkpt>
    <trkpt lat="-37.560601" lon="142.367802"><ele>423.7</ele></trkpt>
    <trkpt lat="-37.560976" lon="142.367839"><ele>424.0</ele></trkpt>
    <trkpt lat="-37.561095" lon="142.367966"><ele>424.5</ele></trkpt>
    <trkpt lat="-37.561223" lon="142.368307"><ele>425.3</ele></trkpt>
    <trkpt lat="-37.561469" lon="142.368530"><ele>426.1</ele></trkpt>
    <trkpt lat="-37.561505" lon="142.368635"><ele>426.4</ele></trkpt>
    <trkpt lat="-37.561519" lon="142.368799"><ele>426.9</ele></trkpt>
    <trkpt lat="-37.561537" lon="142.368998"><ele>427.5</ele></trkpt>
    <trkpt lat="-37.561562" lon="142.369036"><ele>427.7</ele></trkpt>
    <trkpt lat="-37.561626" lon="142.369096"><ele>428.0</ele></trkpt>
    <trkpt lat="-37.561854" lon="142.369237"><ele>429.1</ele></trkpt>
    <trkpt lat="-37.562085" lon="142.369288"><ele>429.9</ele></trkpt>
    <trkpt lat="-37.562235" lon="142.369297"><ele>430.4</ele></trkpt>
    <trkpt lat="-37.562369" lon="142.369252"><ele>430.4</ele></trkpt>
    <trkpt lat="-37.562689" lon="142.369296"><ele>429.5</ele></trkpt>
    <trkpt lat="-37.562793" lon="142.369353"><ele>428.8</ele></trkpt>
    <trkpt lat="-37.562885" lon="142.369348"><ele>427.9</ele></trkpt>
    <trkpt lat="-37.562980" lon="142.369252"><ele>426.8</ele></trkpt>
    <trkpt lat="-37.563141" lon="142.369226"><ele>424.7</ele></trkpt>
    <trkpt lat="-37.563195" lon="142.369128"><ele>423.4</ele></trkpt>
    <trkpt lat="-37.563293" lon="142.369052"><ele>421.6</ele></trkpt>
    <trkpt lat="-37.563524" lon="142.369026"><ele>417.7</ele></trkpt>
    <trkpt lat="-37.563561" lon="142.368880"><ele>415.7</ele></trkpt>
    <trkpt lat="-37.563840" lon="142.368684"><ele>410.7</ele></trkpt>
    <trkpt lat="-37.563869" lon="142.368358"><ele>407.1</ele></trkpt>
    <trkpt lat="-37.563966" lon="142.368231"><ele>405.3</ele></trkpt>
    <trkpt lat="-37.564416" lon="142.368218"><ele>401.0</ele></trkpt>
    <trkpt lat="-37.564521" lon="142.368158"><ele>400.2</ele></trkpt>
    <trkpt lat="-37.564640" lon="142.367850"><ele>398.5</ele></trkpt>
    <trkpt lat="-37.564929" lon="142.367627"><ele>397.2</ele></trkpt>
    <trkpt lat="-37.565142" lon="142.367666"><ele>396.7</ele></trkpt>
    <trkpt lat="-37.565314" lon="142.367620"><ele>396.3</ele></trkpt>
    <trkpt lat="-37.565427" lon="142.367586"><ele>395.9</ele></trkpt>
    <trkpt lat="-37.566012" lon="142.367678"><ele>393.2</ele></trkpt>
    <trkpt lat="-37.566272" lon="142.367593"><ele>391.2</ele></trkpt>
    <trkpt lat="-37.566496" lon="142.367615"><ele>389.3</ele></trkpt>
    <trkpt lat="-37.566760" lon="142.367783"><ele>387.0</ele></trkpt>
    <trkpt lat="-37.566923" lon="142.367980"><ele>385.7</ele></trkpt>
    <trkpt lat="-37.567031" lon="142.368050"><ele>385.1</ele></trkpt>
    <trkpt lat="-37.567154" lon="142.368013"><ele>384.8</ele></trkpt>
    <trkpt lat="-37.567257" lon="142.367845"><ele>384.6</ele></trkpt>
    <trkpt lat="-37.567521" lon="142.367813"><ele>384.8</ele></trkpt>
    <trkpt lat="-37.567639" lon="142.367762"><ele>385.0</ele></trkpt>
    <trkpt lat="-37.567774" lon="142.367618"><ele>385.3</ele></trkpt>
    <trkpt lat="-37.568044" lon="142.367470"><ele>386.0</ele></trkpt>
    <trkpt lat="-37.568252" lon="142.367331"><ele>386.8</ele></trkpt>
    <trkpt lat="-37.568409" lon="142.367250"><ele>387.3</ele></trkpt>
    <trkpt lat="-37.568656" lon="142.367170"><ele>388.2</ele></trkpt>
    <trkpt lat="-37.568851" lon="142.367146"><ele>389.2</ele></trkpt>
    <trkpt lat="-37.568898" lon="142.367211"><ele>389.6</ele></trkpt>
    <trkpt lat="-37.569346" lon="142.367183"><ele>393.0</ele></trkpt>
    <trkpt lat="-37.569590" lon="142.367117"><ele>395.0</ele></trkpt>
    <trkpt lat="-37.569673" lon="142.367181"><ele>395.6</ele></trkpt>
    <trkpt lat="-37.569785" lon="142.367166"><ele>396.4</ele></trkpt>
    <trkpt lat="-37.569888" lon="142.367092"><ele>397.0</ele></trkpt>
    <trkpt lat="-37.570027" lon="142.366962"><ele>397.8</ele></trkpt>
    <trkpt lat="-37.570187" lon="142.366850"><ele>398.9</ele></trkpt>
    <trkpt lat="-37.570240" lon="142.366717"><ele>399.5</ele></trkpt>
    <trkpt lat="-37.570277" lon="142.366502"><ele>400.3</ele></trkpt>
    <trkpt lat="-37.570274" lon="142.366321"><ele>401.0</ele></trkpt>
    <trkpt lat="-37.570317" lon="142.366200"><ele>401.4</ele></trkpt>
    <trkpt lat="-37.570315" lon="142.366059"><ele>402.0</ele></trkpt>
    <trkpt lat="-37.570202" lon="142.365642"><ele>404.1</ele></trkpt>
    <trkpt lat="-37.570062" lon="142.365103"><ele>407.4</ele></trkpt>
    <trkpt lat="-37.570011" lon="142.364869"><ele>408.9</ele></trkpt>
    <trkpt lat="-37.570029" lon="142.364658"><ele>410.4</ele></trkpt>
    <trkpt lat="-37.570004" lon="142.364415"><ele>412.2</ele></trkpt>
    <trkpt lat="-37.569974" lon="142.364230"><ele>413.7</ele></trkpt>
    <trkpt lat="-37.569907" lon="142.364010"><ele>415.4</ele></trkpt>
    <trkpt lat="-37.569936" lon="142.363885"><ele>416.3</ele></trkpt>
    <trkpt lat="-37.569700" lon="142.363497"><ele>419.1</ele></trkpt>
    <trkpt lat="-37.569483" lon="142.363251"><ele>420.6</ele></trkpt>
    <trkpt lat="-37.569368" lon="142.363088"><ele>421.4</ele></trkpt>
    <trkpt lat="-37.569132" lon="142.362779"><ele>422.8</ele></trkpt>
    <trkpt lat="-37.569006" lon="142.362445"><ele>424.3</ele></trkpt>
    <trkpt lat="-37.568860" lon="142.362080"><ele>427.8</ele></trkpt>
    <trkpt lat="-37.568758" lon="142.361741"><ele>432.8</ele></trkpt>
    <trkpt lat="-37.568799" lon="142.361714"><ele>433.6</ele></trkpt>
    <trkpt lat="-37.568953" lon="142.361874"><ele>438.4</ele></trkpt>
    <trkpt lat="-37.569088" lon="142.361946"><ele>442.3</ele></trkpt>
    <trkpt lat="-37.569321" lon="142.362125"><ele>451.1</ele></trkpt>
    <trkpt lat="-37.569449" lon="142.362092"><ele>455.3</ele></trkpt>
    <trkpt lat="-37.569670" lon="142.362212"><ele>462.7</ele></trkpt>
    <trkpt lat="-37.569751" lon="142.362245"><ele>465.1</ele></trkpt>
    <trkpt lat="-37.569811" lon="142.362279"><ele>467.0</ele></trkpt>
    <trkpt lat="-37.569840" lon="142.362250"><ele>468.0</ele></trkpt>
    <trkpt lat="-37.569823" lon="142.362206"><ele>468.9</ele></trkpt>
    <trkpt lat="-37.569767" lon="142.362154"><ele>470.5</ele></trkpt>
    <trkpt lat="-37.569708" lon="142.362095"><ele>472.3</ele></trkpt>
    <trkpt lat="-37.569717" lon="142.362017"><ele>473.7</ele></trkpt>
    <trkpt lat="-37.569756" lon="142.361991"><ele>474.6</ele></trkpt>
    <trkpt lat="-37.569847" lon="142.362113"><ele>477.3</ele></trkpt>
    <trkpt lat="-37.569950" lon="142.362178"><ele>479.6</ele></trkpt>
    <trkpt lat="-37.569986" lon="142.362275"><ele>481.3</ele></trkpt>
    <trkpt lat="-37.570036" lon="142.362330"><ele>482.6</ele></trkpt>
    <trkpt lat="-37.570193" lon="142.362377"><ele>485.7</ele></trkpt>
    <trkpt lat="-37.570365" lon="142.362406"><ele>488.8</ele></trkpt>
    <trkpt lat="-37.570516" lon="142.362444"><ele>492.3</ele></trkpt>
    <trkpt lat="-37.570739" lon="142.362428"><ele>498.0</ele></trkpt>
    <trkpt lat="-37.570809" lon="142.362484"><ele>500.5</ele></trkpt>
    <trkpt lat="-37.570924" lon="142.362545"><ele>504.1</ele></trkpt>
    <trkpt lat="-37.571236" lon="142.362562"><ele>512.7</ele></trkpt>
    <trkpt lat="-37.571294" lon="142.362604"><ele>514.0</ele></trkpt>
    <trkpt lat="-37.571335" lon="142.362712"><ele>515.9</ele></trkpt>
    <trkpt lat="-37.571469" lon="142.362738"><ele>519.0</ele></trkpt>
    <trkpt lat="-37.571515" lon="142.362766"><ele>520.2</ele></trkpt>
    <trkpt lat="-37.571566" lon="142.362916"><ele>523.3</ele></trkpt>
    <trkpt lat="-37.571580" lon="142.363095"><ele>525.8</ele></trkpt>
    <trkpt lat="-37.571648" lon="142.363211"><ele>527.8</ele></trkpt>
    <trkpt lat="-37.571722" lon="142.363306"><ele>529.5</ele></trkpt>
    <trkpt lat="-37.571836" lon="142.363348"><ele>531.3</ele></trkpt>
    <trkpt lat="-37.571931" lon="142.363490"><ele>533.5</ele></trkpt>
    <trkpt lat="-37.572007" lon="142.363598"><ele>535.2</ele></trkpt>
    <trkpt lat="-37.572089" lon="142.363678"><ele>537.0</ele></trkpt>
    <trkpt lat="-37.572133" lon="142.363759"><ele>538.7</ele></trkpt>
    <trkpt lat="-37.572313" lon="142.363837"><ele>542.9</ele></trkpt>
    <trkpt lat="-37.572496" lon="142.363916"><ele>547.4</ele></trkpt>
    <trkpt lat="-37.572682" lon="142.363968"><ele>552.9</ele></trkpt>
    <trkpt lat="-37.572811" lon="142.363990"><ele>557.0</ele></trkpt>
    <trkpt lat="-37.572866" lon="142.363962"><ele>558.9</ele></trkpt>
    <trkpt lat="-37.572926" lon="142.363971"><ele>560.8</ele></trkpt>
    <trkpt lat="-37.572999" lon="142.363938"><ele>563.3</ele></trkpt>
    <trkpt lat="-37.572974" lon="142.363801"><ele>566.7</ele></trkpt>
    <trkpt lat="-37.572901" lon="142.363712"><ele>569.6</ele></trkpt>
    <trkpt lat="-37.572827" lon="142.363621"><ele>572.7</ele></trkpt>
    <trkpt lat="-37.572757" lon="142.363495"><ele>576.3</ele></trkpt>
    <trkpt lat="-37.572755" lon="142.363388"><ele>578.9</ele></trkpt>
    <trkpt lat="-37.572803" lon="142.363356"><ele>580.5</ele></trkpt>
    <trkpt lat="-37.572899" lon="142.363369"><ele>583.3</ele></trkpt>
    <trkpt lat="-37.573010" lon="142.363444"><ele>586.8</ele></trkpt>
    <trkpt lat="-37.573161" lon="142.363530"><ele>590.8</ele></trkpt>
    <trkpt lat="-37.573316" lon="142.363584"><ele>594.2</ele></trkpt>
    <trkpt lat="-37.573344" lon="142.363530"><ele>595.2</ele></trkpt>
    <trkpt lat="-37.573344" lon="142.363385"><ele>597.6</ele></trkpt>
    <trkpt lat="-37.573333" lon="142.363130"><ele>601.9</ele></trkpt>
    <trkpt lat="-37.573363" lon="142.363066"><ele>603.3</ele></trkpt>
    <trkpt lat="-37.573409" lon="142.362980"><ele>605.2</ele></trkpt>
    <trkpt lat="-37.573456" lon="142.362897"><ele>607.0</ele></trkpt>
    <trkpt lat="-37.573445" lon="142.362739"><ele>609.7</ele></trkpt>
    <trkpt lat="-37.573445" lon="142.362597"><ele>612.2</ele></trkpt>
    <trkpt lat="-37.573513" lon="142.362599"><ele>613.2</ele></trkpt>
    <trkpt lat="-37.573622" lon="142.362618"><ele>614.7</ele></trkpt>
    <trkpt lat="-37.573686" lon="142.362688"><ele>615.9</ele></trkpt>
    <trkpt lat="-37.573752" lon="142.362793"><ele>617.2</ele></trkpt>
    <trkpt lat="-37.573834" lon="142.362924"><ele>618.8</ele></trkpt>
    <trkpt lat="-37.573905" lon="142.363101"><ele>620.7</ele></trkpt>
    <trkpt lat="-37.573977" lon="142.363160"><ele>621.7</ele></trkpt>
    <trkpt lat="-37.574083" lon="142.363299"><ele>623.3</ele></trkpt>
    <trkpt lat="-37.574166" lon="142.363334"><ele>624.1</ele></trkpt>
    <trkpt lat="-37.574266" lon="142.363297"><ele>625.1</ele></trkpt>
    <trkpt lat="-37.574368" lon="142.363318"><ele>626.0</ele></trkpt>
    <trkpt lat="-37.574413" lon="142.363281"><ele>626.5</ele></trkpt>
    <trkpt lat="-37.574521" lon="142.363321"><ele>627.5</ele></trkpt>
    <trkpt lat="-37.574623" lon="142.363273"><ele>628.6</ele></trkpt>
    <trkpt lat="-37.574672" lon="142.363310"><ele>629.2</ele></trkpt>
    <trkpt lat="-37.574747" lon="142.363318"><ele>629.9</ele></trkpt>
    <trkpt lat="-37.574927" lon="142.363297"><ele>634.3</ele></trkpt>
    <trkpt lat="-37.575008" lon="142.363334"><ele>636.5</ele></trkpt>
    <trkpt lat="-37.575116" lon="142.363439"><ele>640.3</ele></trkpt>
    <trkpt lat="-37.575204" lon="142.363447"><ele>642.8</ele></trkpt>
    <trkpt lat="-37.575244" lon="142.363396"><ele>644.5</ele></trkpt>
    <trkpt lat="-37.575276" lon="142.363224"><ele>648.6</ele></trkpt>
    <trkpt lat="-37.575310" lon="142.363114"><ele>651.3</ele></trkpt>
    <trkpt lat="-37.575440" lon="142.362962"><ele>656.3</ele></trkpt>
    <trkpt lat="-37.575518" lon="142.362972"><ele>658.4</ele></trkpt>
    <trkpt lat="-37.575669" lon="142.362921"><ele>661.6</ele></trkpt>
    <trkpt lat="-37.575824" lon="142.362868"><ele>664.1</ele></trkpt>
    <trkpt lat="-37.575901" lon="142.362827"><ele>665.1</ele></trkpt>
    <trkpt lat="-37.576003" lon="142.362865"><ele>666.3</ele></trkpt>
    <trkpt lat="-37.576111" lon="142.362881"><ele>667.6</ele></trkpt>
    <trkpt lat="-37.576198" lon="142.362964"><ele>669.2</ele></trkpt>
    <trkpt lat="-37.576288" lon="142.363058"><ele>670.9</ele></trkpt>
    <trkpt lat="-37.576358" lon="142.363096"><ele>672.3</ele></trkpt>
    <trkpt lat="-37.576381" lon="142.363026"><ele>673.7</ele></trkpt>
    <trkpt lat="-37.576362" lon="142.362927"><ele>675.5</ele></trkpt>
    <trkpt lat="-37.576339" lon="142.362878"><ele>676.5</ele></trkpt>
    <trkpt lat="-37.576335" lon="142.362790"><ele>678.4</ele></trkpt>
    <trkpt lat="-37.576373" lon="142.362707"><ele>680.6</ele></trkpt>
    <trkpt lat="-37.576453" lon="142.362728"><ele>683.1</ele></trkpt>
    <trkpt lat="-37.576528" lon="142.362680"><ele>685.6</ele></trkpt>
    <trkpt lat="-37.576579" lon="142.362610"><ele>689.1</ele></trkpt>
    <trkpt lat="-37.576604" lon="142.362455"><ele>694.8</ele></trkpt>
    <trkpt lat="-37.576485" lon="142.362406"><ele>699.9</ele></trkpt>
    <trkpt lat="-37.576398" lon="142.362216"><ele>705.9</ele></trkpt>
    <trkpt lat="-37.576322" lon="142.362044"><ele>711.0</ele></trkpt>
    <trkpt lat="-37.576313" lon="142.361921"><ele>714.1</ele></trkpt>
    <trkpt lat="-37.576254" lon="142.361800"><ele>716.6</ele></trkpt>
    <trkpt lat="-37.576179" lon="142.361666"><ele>718.6</ele></trkpt>
    <trkpt lat="-37.576260" lon="142.361695"><ele>719.8</ele></trkpt>
    <trkpt lat="-37.576432" lon="142.361677"><ele>721.0</ele></trkpt>
    <trkpt lat="-37.576456" lon="142.361547"><ele>721.6</ele></trkpt>
    <trkpt lat="-37.576445" lon="142.361439"><ele>721.4</ele></trkpt>
    <trkpt lat="-37.576429" lon="142.361379"><ele>721.3</ele></trkpt>
    <trkpt lat="-37.576426" lon="142.361288"><ele>721.2</ele></trkpt>
    <trkpt lat="-37.576420" lon="142.361138"><ele>720.9</ele></trkpt>
    <trkpt lat="-37.576447" lon="142.361046"><ele>720.7</ele></trkpt>
    <trkpt lat="-37.576558" lon="142.360995"><ele>720.3</ele></trkpt>
    <trkpt lat="-37.576785" lon="142.360698"><ele>716.9</ele></trkpt>
    <trkpt lat="-37.576889" lon="142.360694"><ele>716.0</ele></trkpt>
    <trkpt lat="-37.576947" lon="142.360643"><ele>715.3</ele></trkpt>
    <trkpt lat="-37.576996" lon="142.360655"><ele>714.8</ele></trkpt>
    <trkpt lat="-37.577125" lon="142.360585"><ele>713.1</ele></trkpt>
    <trkpt lat="-37.577271" lon="142.360470"><ele>711.1</ele></trkpt>
    <trkpt lat="-37.577529" lon="142.360320"><ele>707.5</ele></trkpt>
    <trkpt lat="-37.577563" lon="142.360239"><ele>706.4</ele></trkpt>
    <trkpt lat="-37.577657" lon="142.360161"><ele>704.7</ele></trkpt>
    <trkpt lat="-37.577835" lon="142.360071"><ele>701.4</ele></trkpt>
    <trkpt lat="-37.578265" lon="142.360030"><ele>694.4</ele></trkpt>
    <trkpt lat="-37.578345" lon="142.359973"><ele>693.2</ele></trkpt>
    <trkpt lat="-37.578573" lon="142.360032"><ele>690.4</ele></trkpt>
    <trkpt lat="-37.578807" lon="142.360070"><ele>687.9</ele></trkpt>
    <trkpt lat="-37.578926" lon="142.360067"><ele>686.7</ele></trkpt>
    <trkpt lat="-37.579062" lon="142.360134"><ele>685.4</ele></trkpt>
    <trkpt lat="-37.579147" lon="142.360125"><ele>684.6</ele></trkpt>
    <trkpt lat="-37.579296" lon="142.360167"><ele>683.2</ele></trkpt>
    <trkpt lat="-37.579605" lon="142.360329"><ele>680.1</ele></trkpt>
    <trkpt lat="-37.579746" lon="142.360437"><ele>678.6</ele></trkpt>
    <trkpt lat="-37.579797" lon="142.360424"><ele>678.2</ele></trkpt>
    <trkpt lat="-37.579918" lon="142.360263"><ele>676.8</ele></trkpt>
    <trkpt lat="-37.580008" lon="142.360188"><ele>675.8</ele></trkpt>
    <trkpt lat="-37.580101" lon="142.360046"><ele>674.5</ele></trkpt>
    <trkpt lat="-37.580288" lon="142.359956"><ele>673.0</ele></trkpt>
    <trkpt lat="-37.580441" lon="142.359856"><ele>671.8</ele></trkpt>
    <trkpt lat="-37.580482" lon="142.359700"><ele>670.9</ele></trkpt>
    <trkpt lat="-37.580539" lon="142.359622"><ele>670.3</ele></trkpt>
    <trkpt lat="-37.580526" lon="142.359566"><ele>670.0</ele></trkpt>
    <trkpt lat="-37.580562" lon="142.359504"><ele>669.5</ele></trkpt>
    <trkpt lat="-37.580616" lon="142.359472"><ele>669.0</ele></trkpt>
    <trkpt lat="-37.580645" lon="142.359399"><ele>668.5</ele></trkpt>
    <trkpt lat="-37.580607" lon="142.359308"><ele>667.8</ele></trkpt>
    <trkpt lat="-37.580643" lon="142.359153"><ele>666.6</ele></trkpt>
    <trkpt lat="-37.580628" lon="142.359061"><ele>666.0</ele></trkpt>
    <trkpt lat="-37.580667" lon="142.358812"><ele>664.2</ele></trkpt>
    <trkpt lat="-37.580715" lon="142.358678"><ele>663.2</ele></trkpt>
    <trkpt lat="-37.580786" lon="142.358606"><ele>662.5</ele></trkpt>
    <trkpt lat="-37.580852" lon="142.358496"><ele>661.7</ele></trkpt>
    <trkpt lat="-37.581022" lon="142.358474"><ele>660.7</ele></trkpt>
    <trkpt lat="-37.581073" lon="142.358420"><ele>660.3</ele></trkpt>
    <trkpt lat="-37.581177" lon="142.358370"><ele>659.7</ele></trkpt>
    <trkpt lat="-37.581275" lon="142.358364"><ele>659.3</ele></trkpt>
    <trkpt lat="-37.581347" lon="142.358423"><ele>658.9</ele></trkpt>
    <trkpt lat="-37.581406" lon="142.358417"><ele>658.6</ele></trkpt>
    <trkpt lat="-37.581464" lon="142.358442"><ele>658.0</ele></trkpt>
    <trkpt lat="-37.581578" lon="142.358447"><ele>656.8</ele></trkpt>
    <trkpt lat="-37.581664" lon="142.358479"><ele>655.9</ele></trkpt>
    <trkpt lat="-37.581795" lon="142.358459"><ele>654.4</ele></trkpt>
    <trkpt lat="-37.581989" lon="142.358581"><ele>652.0</ele></trkpt>
    <trkpt lat="-37.582076" lon="142.358579"><ele>650.9</ele></trkpt>
    <trkpt lat="-37.582161" lon="142.358567"><ele>649.8</ele></trkpt>
    <trkpt lat="-37.582136" lon="142.358494"><ele>648.9</ele></trkpt>
    <trkpt lat="-37.582127" lon="142.358372"><ele>647.4</ele></trkpt>
    <trkpt lat="-37.582021" lon="142.358072"><ele>643.4</ele></trkpt>
    <trkpt lat="-37.581934" lon="142.357962"><ele>641.4</ele></trkpt>
    <trkpt lat="-37.581830" lon="142.357873"><ele>640.1</ele></trkpt>
    <trkpt lat="-37.581739" lon="142.357843"><ele>639.2</ele></trkpt>
    <trkpt lat="-37.581693" lon="142.357791"><ele>638.6</ele></trkpt>
    <trkpt lat="-37.581536" lon="142.357690"><ele>636.6</ele></trkpt>
    <trkpt lat="-37.581464" lon="142.357598"><ele>635.5</ele></trkpt>
    <trkpt lat="-37.581331" lon="142.357502"><ele>633.6</ele></trkpt>
    <trkpt lat="-37.581185" lon="142.357416"><ele>631.6</ele></trkpt>
    <trkpt lat="-37.581083" lon="142.357304"><ele>629.9</ele></trkpt>
    <trkpt lat="-37.581019" lon="142.357182"><ele>628.3</ele></trkpt>
    <trkpt lat="-37.580951" lon="142.357163"><ele>627.4</ele></trkpt>
    <trkpt lat="-37.580913" lon="142.357097"><ele>626.5</ele></trkpt>
    <trkpt lat="-37.580813" lon="142.357004"><ele>624.8</ele></trkpt>
    <trkpt lat="-37.580767" lon="142.356977"><ele>624.1</ele></trkpt>
    <trkpt lat="-37.580643" lon="142.356897"><ele>622.2</ele></trkpt>
    <trkpt lat="-37.580550" lon="142.356812"><ele>620.8</ele></trkpt>
    <trkpt lat="-37.580507" lon="142.356787"><ele>620.2</ele></trkpt>
    <trkpt lat="-37.580495" lon="142.356745"><ele>619.8</ele></trkpt>
    <trkpt lat="-37.580510" lon="142.356711"><ele>619.4</ele></trkpt>
    <trkpt lat="-37.580643" lon="142.356711"><ele>617.8</ele></trkpt>
    <trkpt lat="-37.580768" lon="142.356725"><ele>616.3</ele></trkpt>
    <trkpt lat="-37.580865" lon="142.356700"><ele>615.2</ele></trkpt>
    <trkpt lat="-37.581067" lon="142.356706"><ele>613.0</ele></trkpt>
    <trkpt lat="-37.581309" lon="142.356768"><ele>610.3</ele></trkpt>
    <trkpt lat="-37.581519" lon="142.356752"><ele>607.8</ele></trkpt>
    <trkpt lat="-37.581727" lon="142.356808"><ele>605.0</ele></trkpt>
    <trkpt lat="-37.581891" lon="142.356792"><ele>602.5</ele></trkpt>
    <trkpt lat="-37.582025" lon="142.356808"><ele>600.5</ele></trkpt>
    <trkpt lat="-37.582066" lon="142.356788"><ele>599.9</ele></trkpt>
    <trkpt lat="-37.582106" lon="142.356803"><ele>599.3</ele></trkpt>
    <trkpt lat="-37.582235" lon="142.356910"><ele>597.0</ele></trkpt>
    <trkpt lat="-37.582286" lon="142.356908"><ele>596.3</ele></trkpt>
    <trkpt lat="-37.582378" lon="142.356986"><ele>594.8</ele></trkpt>
    <trkpt lat="-37.582491" lon="142.357016"><ele>593.3</ele></trkpt>
    <trkpt lat="-37.582580" lon="142.357063"><ele>592.0</ele></trkpt>
    <trkpt lat="-37.582644" lon="142.357168"><ele>590.7</ele></trkpt>
    <trkpt lat="-37.582709" lon="142.357259"><ele>589.6</ele></trkpt>
    <trkpt lat="-37.582801" lon="142.357334"><ele>588.4</ele></trkpt>
    <trkpt lat="-37.582837" lon="142.357490"><ele>587.2</ele></trkpt>
    <trkpt lat="-37.583022" lon="142.357651"><ele>585.2</ele></trkpt>
    <trkpt lat="-37.583120" lon="142.357672"><ele>584.3</ele></trkpt>
    <trkpt lat="-37.583173" lon="142.357732"><ele>583.7</ele></trkpt>
    <trkpt lat="-37.583207" lon="142.357842"><ele>582.9</ele></trkpt>
    <trkpt lat="-37.583252" lon="142.357901"><ele>582.3</ele></trkpt>
    <trkpt lat="-37.583313" lon="142.357968"><ele>581.5</ele></trkpt>
    <trkpt lat="-37.583368" lon="142.357887"><ele>580.7</ele></trkpt>
    <trkpt lat="-37.583391" lon="142.357770"><ele>580.0</ele></trkpt>
    <trkpt lat="-37.583395" lon="142.357636"><ele>579.4</ele></trkpt>
    <trkpt lat="-37.583453" lon="142.357543"><ele>578.8</ele></trkpt>
    <trkpt lat="-37.583470" lon="142.357428"><ele>578.4</ele></trkpt>
    <trkpt lat="-37.583600" lon="142.357364"><ele>577.7</ele></trkpt>
    <trkpt lat="-37.583927" lon="142.357329"><ele>576.5</ele></trkpt>
    <trkpt lat="-37.584032" lon="142.357267"><ele>576.2</ele></trkpt>
    <trkpt lat="-37.584118" lon="142.357270"><ele>576.0</ele></trkpt>
    <trkpt lat="-37.584170" lon="142.357254"><ele>575.8</ele></trkpt>
    <trkpt lat="-37.584235" lon="142.357214"><ele>575.9</ele></trkpt>
    <trkpt lat="-37.584372" lon="142.357214"><ele>575.9</ele></trkpt>
    <trkpt lat="-37.584498" lon="142.357153"><ele>576.0</ele></trkpt>
    <trkpt lat="-37.584722" lon="142.357069"><ele>576.0</ele></trkpt>
    <trkpt lat="-37.584932" lon="142.357076"><ele>576.5</ele></trkpt>
    <trkpt lat="-37.584985" lon="142.357047"><ele>576.7</ele></trkpt>
    <trkpt lat="-37.585021" lon="142.357052"><ele>576.9</ele></trkpt>
    <trkpt lat="-37.585052" lon="142.357026"><ele>577.0</ele></trkpt>
    <trkpt lat="-37.585141" lon="142.357053"><ele>577.4</ele></trkpt>
    <trkpt lat="-37.585257" lon="142.357032"><ele>578.0</ele></trkpt>
    <trkpt lat="-37.585351" lon="142.357036"><ele>578.7</ele></trkpt>
    <trkpt lat="-37.585600" lon="142.356968"><ele>580.6</ele></trkpt>
    <trkpt lat="-37.585832" lon="142.356818"><ele>583.1</ele></trkpt>
    <trkpt lat="-37.585901" lon="142.356831"><ele>583.8</ele></trkpt>
    <trkpt lat="-37.585998" lon="142.356763"><ele>585.1</ele></trkpt>
    <trkpt lat="-37.586069" lon="142.356715"><ele>586.2</ele></trkpt>
    <trkpt lat="-37.586139" lon="142.356714"><ele>587.2</ele></trkpt>
    <trkpt lat="-37.586296" lon="142.356677"><ele>589.6</ele></trkpt>
    <trkpt lat="-37.586406" lon="142.356634"><ele>591.6</ele></trkpt>
    <trkpt lat="-37.586649" lon="142.356583"><ele>596.2</ele></trkpt>
    <trkpt lat="-37.586687" lon="142.356556"><ele>597.1</ele></trkpt>
    <trkpt lat="-37.586793" lon="142.356556"><ele>599.2</ele></trkpt>
    <trkpt lat="-37.586857" lon="142.356561"><ele>600.4</ele></trkpt>
    <trkpt lat="-37.586955" lon="142.356513"><ele>602.3</ele></trkpt>
    <trkpt lat="-37.587055" lon="142.356454"><ele>604.2</ele></trkpt>
    <trkpt lat="-37.587210" lon="142.356146"><ele>608.2</ele></trkpt>
    <trkpt lat="-37.587342" lon="142.355952"><ele>611.0</ele></trkpt>
    <trkpt lat="-37.587562" lon="142.355799"><ele>614.3</ele></trkpt>
    <trkpt lat="-37.587848" lon="142.355501"><ele>617.3</ele></trkpt>
    <trkpt lat="-37.587906" lon="142.355414"><ele>617.9</ele></trkpt>
    <trkpt lat="-37.588102" lon="142.355384"><ele>619.4</ele></trkpt>
    <trkpt lat="-37.588378" lon="142.355404"><ele>620.9</ele></trkpt>
    <trkpt lat="-37.588490" lon="142.355402"><ele>620.9</ele></trkpt>
    <trkpt lat="-37.588613" lon="142.355435"><ele>620.7</ele></trkpt>
    <trkpt lat="-37.588797" lon="142.355538"><ele>620.1</ele></trkpt>
    <trkpt lat="-37.588903" lon="142.355681"><ele>619.3</ele></trkpt>
    <trkpt lat="-37.589222" lon="142.355877"><ele>617.6</ele></trkpt>
    <trkpt lat="-37.589325" lon="142.355908"><ele>617.1</ele></trkpt>
    <trkpt lat="-37.589383" lon="142.356017"><ele>616.7</ele></trkpt>
    <trkpt lat="-37.589522" lon="142.356096"><ele>616.6</ele></trkpt>
    <trkpt lat="-37.589746" lon="142.356238"><ele>617.5</ele></trkpt>
    <trkpt lat="-37.589835" lon="142.356224"><ele>618.3</ele></trkpt>
    <trkpt lat="-37.590418" lon="142.356436"><ele>625.4</ele></trkpt>
    <trkpt lat="-37.590519" lon="142.356413"><ele>626.0</ele></trkpt>
    <trkpt lat="-37.590617" lon="142.356366"><ele>626.0</ele></trkpt>
    <trkpt lat="-37.590772" lon="142.356407"><ele>626.3</ele></trkpt>
    <trkpt lat="-37.590926" lon="142.356470"><ele>627.6</ele></trkpt>
    <trkpt lat="-37.591073" lon="142.356596"><ele>629.6</ele></trkpt>
    <trkpt lat="-37.591203" lon="142.356628"><ele>631.5</ele></trkpt>
    <trkpt lat="-37.591368" lon="142.356638"><ele>633.7</ele></trkpt>
    <trkpt lat="-37.591568" lon="142.356562"><ele>637.0</ele></trkpt>
    <trkpt lat="-37.591820" lon="142.356534"><ele>643.2</ele></trkpt>
    <trkpt lat="-37.592078" lon="142.356565"><ele>651.3</ele></trkpt>
    <trkpt lat="-37.592188" lon="142.356514"><ele>654.3</ele></trkpt>
    <trkpt lat="-37.592362" lon="142.356587"><ele>658.2</ele></trkpt>
    <trkpt lat="-37.592442" lon="142.356583"><ele>659.4</ele></trkpt>
    <trkpt lat="-37.592534" lon="142.356511"><ele>661.0</ele></trkpt>
    <trkpt lat="-37.592726" lon="142.356462"><ele>665.9</ele></trkpt>
    <trkpt lat="-37.592988" lon="142.356527"><ele>674.0</ele></trkpt>
    <trkpt lat="-37.593202" lon="142.356454"><ele>681.3</ele></trkpt>
    <trkpt lat="-37.593395" lon="142.356229"><ele>690.0</ele></trkpt>
    <trkpt lat="-37.593569" lon="142.356119"><ele>696.3</ele></trkpt>
    <trkpt lat="-37.593869" lon="142.356082"><ele>704.8</ele></trkpt>
    <trkpt lat="-37.594123" lon="142.356021"><ele>708.8</ele></trkpt>
    <trkpt lat="-37.594300" lon="142.355928"><ele>710.8</ele></trkpt>
    <trkpt lat="-37.594411" lon="142.355857"><ele>711.5</ele></trkpt>
    <trkpt lat="-37.594590" lon="142.355714"><ele>712.6</ele></trkpt>
    <trkpt lat="-37.594669" lon="142.355535"><ele>713.0</ele></trkpt>
    <trkpt lat="-37.594827" lon="142.355130"><ele>714.0</ele></trkpt>
    <trkpt lat="-37.595011" lon="142.354928"><ele>715.1</ele></trkpt>
    <trkpt lat="-37.595129" lon="142.354893"><ele>715.8</ele></trkpt>
    <trkpt lat="-37.595298" lon="142.354869"><ele>717.0</ele></trkpt>
    <trkpt lat="-37.595523" lon="142.354895"><ele>718.7</ele></trkpt>
    <trkpt lat="-37.595712" lon="142.354952"><ele>720.8</ele></trkpt>
    <trkpt lat="-37.595816" lon="142.354951"><ele>722.1</ele></trkpt>
    <trkpt lat="-37.595957" lon="142.354832"><ele>724.8</ele></trkpt>
    <trkpt lat="-37.596038" lon="142.354673"><ele>727.6</ele></trkpt>
    <trkpt lat="-37.596152" lon="142.354389"><ele>733.0</ele></trkpt>
    <trkpt lat="-37.596165" lon="142.354183"><ele>736.9</ele></trkpt>
    <trkpt lat="-37.596133" lon="142.353681"><ele>747.4</ele></trkpt>
    <trkpt lat="-37.596065" lon="142.353433"><ele>753.0</ele></trkpt>
    <trkpt lat="-37.596018" lon="142.353349"><ele>755.2</ele></trkpt>
    <trkpt lat="-37.595970" lon="142.352919"><ele>764.3</ele></trkpt>
    <trkpt lat="-37.595983" lon="142.352803"><ele>766.7</ele></trkpt>
    <trkpt lat="-37.596069" lon="142.352686"><ele>769.9</ele></trkpt>
    <trkpt lat="-37.596184" lon="142.352638"><ele>773.0</ele></trkpt>
    <trkpt lat="-37.596253" lon="142.352636"><ele>774.9</ele></trkpt>
    <trkpt lat="-37.596331" lon="142.352705"><ele>777.6</ele></trkpt>
    <trkpt lat="-37.596386" lon="142.352756"><ele>779.6</ele></trkpt>
    <trkpt lat="-37.596521" lon="142.352765"><ele>783.5</ele></trkpt>
    <trkpt lat="-37.596707" lon="142.352898"><ele>789.8</ele></trkpt>
    <trkpt lat="-37.596849" lon="142.352900"><ele>793.8</ele></trkpt>
    <trkpt lat="-37.596960" lon="142.352936"><ele>797.0</ele></trkpt>
    <trkpt lat="-37.597241" lon="142.353148"><ele>804.3</ele></trkpt>
    <trkpt lat="-37.597365" lon="142.353188"><ele>806.6</ele></trkpt>
    <trkpt lat="-37.597490" lon="142.353175"><ele>808.5</ele></trkpt>
    <trkpt lat="-37.597608" lon="142.353266"><ele>809.5</ele></trkpt>
    <trkpt lat="-37.597600" lon="142.353173"><ele>810.0</ele></trkpt>
    <trkpt lat="-37.597525" lon="142.352836"><ele>809.3</ele></trkpt>
    <trkpt lat="-37.597485" lon="142.352753"><ele>808.5</ele></trkpt>
    <trkpt lat="-37.597469" lon="142.352607"><ele>807.2</ele></trkpt>
    <trkpt lat="-37.597505" lon="142.352426"><ele>805.0</ele></trkpt>
    <trkpt lat="-37.597546" lon="142.352037"><ele>798.2</ele></trkpt>
    <trkpt lat="-37.597663" lon="142.351999"><ele>795.1</ele></trkpt>
    <trkpt lat="-37.597706" lon="142.351943"><ele>793.4</ele></trkpt>
    <trkpt lat="-37.597730" lon="142.351855"><ele>791.3</ele></trkpt>
    <trkpt lat="-37.597721" lon="142.351693"><ele>787.7</ele></trkpt>
    <trkpt lat="-37.597746" lon="142.351588"><ele>785.3</ele></trkpt>
    <trkpt lat="-37.597749" lon="142.351458"><ele>782.6</ele></trkpt>
    <trkpt lat="-37.597770" lon="142.351325"><ele>779.7</ele></trkpt>
    <trkpt lat="-37.597827" lon="142.351141"><ele>775.7</ele></trkpt>
    <trkpt lat="-37.598006" lon="142.350707"><ele>766.9</ele></trkpt>
    <trkpt lat="-37.598210" lon="142.350427"><ele>761.4</ele></trkpt>
    <trkpt lat="-37.598356" lon="142.350305"><ele>758.4</ele></trkpt>
    <trkpt lat="-37.598448" lon="142.350257"><ele>756.6</ele></trkpt>
    <trkpt lat="-37.598707" lon="142.350159"><ele>751.2</ele></trkpt>
    <trkpt lat="-37.598942" lon="142.350167"><ele>745.5</ele></trkpt>
    <trkpt lat="-37.599014" lon="142.350217"><ele>743.3</ele></trkpt>
    <trkpt lat="-37.599130" lon="142.350152"><ele>739.9</ele></trkpt>
    <trkpt lat="-37.599395" lon="142.350185"><ele>731.5</ele></trkpt>
    <trkpt lat="-37.599712" lon="142.350216"><ele>720.2</ele></trkpt>
    <trkpt lat="-37.599936" lon="142.350298"><ele>711.4</ele></trkpt>
    <trkpt lat="-37.600036" lon="142.350385"><ele>706.9</ele></trkpt>
    <trkpt lat="-37.600188" lon="142.350513"><ele>700.2</ele></trkpt>
    <trkpt lat="-37.600321" lon="142.350591"><ele>695.0</ele></trkpt>
    <trkpt lat="-37.600453" lon="142.350555"><ele>690.2</ele></trkpt>
    <trkpt lat="-37.600649" lon="142.350569"><ele>683.4</ele></trkpt>
    <trkpt lat="-37.600836" lon="142.350492"><ele>677.0</ele></trkpt>
    <trkpt lat="-37.601049" lon="142.350417"><ele>670.4</ele></trkpt>
    <trkpt lat="-37.601123" lon="142.350355"><ele>668.1</ele></trkpt>
    <trkpt lat="-37.601178" lon="142.350249"><ele>665.4</ele></trkpt>
    <trkpt lat="-37.601258" lon="142.350128"><ele>662.0</ele></trkpt>
    <trkpt lat="-37.601268" lon="142.349976"><ele>658.6</ele></trkpt>
    <trkpt lat="-37.601303" lon="142.349873"><ele>656.0</ele></trkpt>
    <trkpt lat="-37.601304" lon="142.349717"><ele>652.2</ele></trkpt>
    <trkpt lat="-37.601273" lon="142.349578"><ele>648.6</ele></trkpt>
    <trkpt lat="-37.601305" lon="142.349492"><ele>646.2</ele></trkpt>
    <trkpt lat="-37.601257" lon="142.349338"><ele>641.9</ele></trkpt>
    <trkpt lat="-37.601325" lon="142.349253"><ele>638.7</ele></trkpt>
    <trkpt lat="-37.601338" lon="142.349175"><ele>636.3</ele></trkpt>
    <trkpt lat="-37.601305" lon="142.349054"><ele>632.6</ele></trkpt>
    <trkpt lat="-37.601361" lon="142.348971"><ele>629.3</ele></trkpt>
    <trkpt lat="-37.601337" lon="142.348846"><ele>624.9</ele></trkpt>
    <trkpt lat="-37.601347" lon="142.348694"><ele>619.7</ele></trkpt>
    <trkpt lat="-37.601394" lon="142.348575"><ele>615.0</ele></trkpt>
    <trkpt lat="-37.601364" lon="142.348418"><ele>609.3</ele></trkpt>
    <trkpt lat="-37.601382" lon="142.348322"><ele>605.8</ele></trkpt>
    <trkpt lat="-37.601375" lon="142.348259"><ele>603.4</ele></trkpt>
    <trkpt lat="-37.601364" lon="142.348165"><ele>599.9</ele></trkpt>
    <trkpt lat="-37.601416" lon="142.348072"><ele>595.7</ele></trkpt>
    <trkpt lat="-37.601424" lon="142.347989"><ele>592.5</ele></trkpt>
    <trkpt lat="-37.601507" lon="142.347947"><ele>588.0</ele></trkpt>
    <trkpt lat="-37.601483" lon="142.347831"><ele>583.3</ele></trkpt>
    <trkpt lat="-37.601537" lon="142.347720"><ele>578.2</ele></trkpt>
    <trkpt lat="-37.601542" lon="142.347565"><ele>572.2</ele></trkpt>
    <trkpt lat="-37.601599" lon="142.347378"><ele>564.8</ele></trkpt>
    <trkpt lat="-37.601661" lon="142.347321"><ele>561.6</ele></trkpt>
    <trkpt lat="-37.601672" lon="142.347008"><ele>551.9</ele></trkpt>
    <trkpt lat="-37.601725" lon="142.346952"><ele>549.5</ele></trkpt>
    <trkpt lat="-37.601763" lon="142.346959"><ele>548.1</ele></trkpt>
    <trkpt lat="-37.601802" lon="142.347035"><ele>545.8</ele></trkpt>
    <trkpt lat="-37.601934" lon="142.347182"><ele>541.5</ele></trkpt>
    <trkpt lat="-37.602033" lon="142.347289"><ele>539.3</ele></trkpt>
    <trkpt lat="-37.602052" lon="142.347385"><ele>538.7</ele></trkpt>
    <trkpt lat="-37.602128" lon="142.347515"><ele>537.6</ele></trkpt>
    <trkpt lat="-37.602196" lon="142.347649"><ele>537.7</ele></trkpt>
    <trkpt lat="-37.602237" lon="142.347742"><ele>537.7</ele></trkpt>
    <trkpt lat="-37.602238" lon="142.347883"><ele>537.8</ele></trkpt>
    <trkpt lat="-37.602238" lon="142.348122"><ele>537.9</ele></trkpt>
    <trkpt lat="-37.602235" lon="142.348185"><ele>538.0</ele></trkpt>
    <trkpt lat="-37.602233" lon="142.348220"><ele>538.0</ele></trkpt>
    <trkpt lat="-37.602233" lon="142.348224"><ele>538.0</ele></trkpt>
    <trkpt lat="-37.602225" lon="142.348371"><ele>538.1</ele></trkpt>
    <trkpt lat="-37.602268" lon="142.348405"><ele>538.1</ele></trkpt>
    <trkpt lat="-37.602295" lon="142.348261"><ele>538.1</ele></trkpt>
    <trkpt lat="-37.602322" lon="142.348264"><ele>538.1</ele></trkpt>
    <trkpt lat="-37.602377" lon="142.348441"><ele>538.1</ele></trkpt>
    <trkpt lat="-37.602444" lon="142.348706"><ele>537.1</ele></trkpt>
    <trkpt lat="-37.602539" lon="142.349110"><ele>533.6</ele></trkpt>
    <trkpt lat="-37.602593" lon="142.349263"><ele>531.7</ele></trkpt>
    <trkpt lat="-37.602663" lon="142.349318"><ele>530.4</ele></trkpt>
    <trkpt lat="-37.602731" lon="142.349334"><ele>529.3</ele></trkpt>
    <trkpt lat="-37.602803" lon="142.349320"><ele>528.1</ele></trkpt>
    <trkpt lat="-37.602933" lon="142.349197"><ele>525.2</ele></trkpt>
    <trkpt lat="-37.603037" lon="142.349108"><ele>523.1</ele></trkpt>
    <trkpt lat="-37.603172" lon="142.349022"><ele>520.5</ele></trkpt>
    <trkpt lat="-37.603335" lon="142.348888"><ele>517.4</ele></trkpt>
    <trkpt lat="-37.603463" lon="142.348797"><ele>515.4</ele></trkpt>
    <trkpt lat="-37.603515" lon="142.348739"><ele>514.9</ele></trkpt>
    <trkpt lat="-37.603545" lon="142.348652"><ele>514.2</ele></trkpt>
    <trkpt lat="-37.603593" lon="142.348484"><ele>513.5</ele></trkpt>
    <trkpt lat="-37.603606" lon="142.348423"><ele>513.4</ele></trkpt>
    <trkpt lat="-37.603591" lon="142.348361"><ele>513.3</ele></trkpt>
    <trkpt lat="-37.603493" lon="142.348190"><ele>513.4</ele></trkpt>
    <trkpt lat="-37.603473" lon="142.347935"><ele>514.2</ele></trkpt>
    <trkpt lat="-37.603486" lon="142.347435"><ele>514.5</ele></trkpt>
    <trkpt lat="-37.603505" lon="142.347337"><ele>514.1</ele></trkpt>
    <trkpt lat="-37.603613" lon="142.347077"><ele>512.2</ele></trkpt>
    <trkpt lat="-37.603644" lon="142.346879"><ele>510.5</ele></trkpt>
    <trkpt lat="-37.603676" lon="142.346756"><ele>509.3</ele></trkpt>
    <trkpt lat="-37.603645" lon="142.346538"><ele>506.8</ele></trkpt>
    <trkpt lat="-37.603580" lon="142.346326"><ele>503.5</ele></trkpt>
    <trkpt lat="-37.603536" lon="142.346282"><ele>502.4</ele></trkpt>
    <trkpt lat="-37.603428" lon="142.346300"><ele>500.1</ele></trkpt>
    <trkpt lat="-37.603368" lon="142.346243"><ele>498.5</ele></trkpt>
    <trkpt lat="-37.603356" lon="142.346098"><ele>496.2</ele></trkpt>
    <trkpt lat="-37.603388" lon="142.345972"><ele>494.2</ele></trkpt>
    <trkpt lat="-37.603357" lon="142.345726"><ele>490.5</ele></trkpt>
    <trkpt lat="-37.603311" lon="142.345599"><ele>488.3</ele></trkpt>
    <trkpt lat="-37.603246" lon="142.345540"><ele>486.7</ele></trkpt>
    <trkpt lat="-37.603179" lon="142.345554"><ele>485.3</ele></trkpt>
    <trkpt lat="-37.603153" lon="142.345584"><ele>484.5</ele></trkpt>
    <trkpt lat="-37.603093" lon="142.345573"><ele>483.3</ele></trkpt>
    <trkpt lat="-37.603004" lon="142.345444"><ele>480.5</ele></trkpt>
    <trkpt lat="-37.603000" lon="142.345298"><ele>478.5</ele></trkpt>
    <trkpt lat="-37.602961" lon="142.345067"><ele>475.3</ele></trkpt>
    <trkpt lat="-37.602981" lon="142.344988"><ele>474.2</ele></trkpt>
    <trkpt lat="-37.602992" lon="142.344887"><ele>472.9</ele></trkpt>
    <trkpt lat="-37.602959" lon="142.344807"><ele>471.7</ele></trkpt>
    <trkpt lat="-37.602966" lon="142.344668"><ele>469.7</ele></trkpt>
    <trkpt lat="-37.603004" lon="142.344457"><ele>466.6</ele></trkpt>
    <trkpt lat="-37.602915" lon="142.344234"><ele>463.3</ele></trkpt>
    <trkpt lat="-37.602914" lon="142.344028"><ele>460.4</ele></trkpt>
    <trkpt lat="-37.602855" lon="142.343863"><ele>457.7</ele></trkpt>
    <trkpt lat="-37.602966" lon="142.343711"><ele>454.7</ele></trkpt>
    <trkpt lat="-37.602919" lon="142.343282"><ele>449.3</ele></trkpt>
    <trkpt lat="-37.602906" lon="142.343204"><ele>448.4</ele></trkpt>
    <trkpt lat="-37.602948" lon="142.343062"><ele>447.3</ele></trkpt>
    <trkpt lat="-37.602931" lon="142.342821"><ele>445.5</ele></trkpt>
    <trkpt lat="-37.602889" lon="142.342644"><ele>444.3</ele></trkpt>
    <trkpt lat="-37.602978" lon="142.342520"><ele>443.5</ele></trkpt>
    <trkpt lat="-37.602957" lon="142.342327"><ele>442.7</ele></trkpt>
    <trkpt lat="-37.602906" lon="142.342198"><ele>442.1</ele></trkpt>
    <trkpt lat="-37.602936" lon="142.341995"><ele>441.2</ele></trkpt>
    <trkpt lat="-37.602876" lon="142.341705"><ele>438.8</ele></trkpt>
    <trkpt lat="-37.602829" lon="142.341598"><ele>437.5</ele></trkpt>
    <trkpt lat="-37.602842" lon="142.341270"><ele>432.8</ele></trkpt>
    <trkpt lat="-37.602761" lon="142.341115"><ele>429.6</ele></trkpt>
    <trkpt lat="-37.602702" lon="142.340949"><ele>426.4</ele></trkpt>
    <trkpt lat="-37.602643" lon="142.340831"><ele>423.8</ele></trkpt>
    <trkpt lat="-37.602575" lon="142.340777"><ele>421.9</ele></trkpt>
    <trkpt lat="-37.602558" lon="142.340595"><ele>418.1</ele></trkpt>
    <trkpt lat="-37.602451" lon="142.340530"><ele>414.8</ele></trkpt>
    <trkpt lat="-37.602409" lon="142.340375"><ele>411.7</ele></trkpt>
    <trkpt lat="-37.602294" lon="142.340181"><ele>407.3</ele></trkpt>
    <trkpt lat="-37.602226" lon="142.340047"><ele>404.9</ele></trkpt>
    <trkpt lat="-37.602137" lon="142.339956"><ele>402.7</ele></trkpt>
    <trkpt lat="-37.602145" lon="142.339801"><ele>400.7</ele></trkpt>
    <trkpt lat="-37.602175" lon="142.339672"><ele>399.1</ele></trkpt>
    <trkpt lat="-37.602286" lon="142.339543"><ele>397.0</ele></trkpt>
    <trkpt lat="-37.602370" lon="142.339404"><ele>395.1</ele></trkpt>
    <trkpt lat="-37.602532" lon="142.339259"><ele>392.7</ele></trkpt>
    <trkpt lat="-37.602812" lon="142.339109"><ele>388.8</ele></trkpt>
    <trkpt lat="-37.602953" lon="142.339012"><ele>386.7</ele></trkpt>
    <trkpt lat="-37.603085" lon="142.338905"><ele>384.6</ele></trkpt>
    <trkpt lat="-37.603229" lon="142.338856"><ele>382.7</ele></trkpt>
    <trkpt lat="-37.603373" lon="142.338878"><ele>380.8</ele></trkpt>
    <trkpt lat="-37.603484" lon="142.338781"><ele>379.1</ele></trkpt>
    <trkpt lat="-37.603507" lon="142.338639"><ele>377.6</ele></trkpt>
    <trkpt lat="-37.603488" lon="142.338422"><ele>375.8</ele></trkpt>
    <trkpt lat="-37.603504" lon="142.338282"><ele>374.7</ele></trkpt>
    <trkpt lat="-37.603348" lon="142.337868"><ele>371.1</ele></trkpt>
    <trkpt lat="-37.603335" lon="142.337639"><ele>369.1</ele></trkpt>
    <trkpt lat="-37.603325" lon="142.337553"><ele>368.3</ele></trkpt>
    <trkpt lat="-37.603339" lon="142.337467"><ele>367.5</ele></trkpt>
    <trkpt lat="-37.603463" lon="142.337279"><ele>365.1</ele></trkpt>
    <trkpt lat="-37.603726" lon="142.337011"><ele>360.8</ele></trkpt>
    <trkpt lat="-37.603837" lon="142.336936"><ele>359.1</ele></trkpt>
    <trkpt lat="-37.603952" lon="142.336829"><ele>356.9</ele></trkpt>
    <trkpt lat="-37.604130" lon="142.336786"><ele>354.0</ele></trkpt>
    <trkpt lat="-37.604487" lon="142.336609"><ele>348.2</ele></trkpt>
    <trkpt lat="-37.604678" lon="142.336534"><ele>345.3</ele></trkpt>
    <trkpt lat="-37.604776" lon="142.336501"><ele>343.9</ele></trkpt>
    <trkpt lat="-37.604912" lon="142.336399"><ele>341.8</ele></trkpt>
    <trkpt lat="-37.605044" lon="142.336394"><ele>340.1</ele></trkpt>
    <trkpt lat="-37.605422" lon="142.336453"><ele>336.0</ele></trkpt>
    <trkpt lat="-37.605715" lon="142.336501"><ele>333.3</ele></trkpt>
    <trkpt lat="-37.605890" lon="142.336577"><ele>331.8</ele></trkpt>
    <trkpt lat="-37.606115" lon="142.336614"><ele>329.9</ele></trkpt>
    <trkpt lat="-37.606442" lon="142.336759"><ele>327.2</ele></trkpt>
    <trkpt lat="-37.606595" lon="142.336893"><ele>325.7</ele></trkpt>
    <trkpt lat="-37.606721" lon="142.336950"><ele>324.7</ele></trkpt>
    <trkpt lat="-37.606799" lon="142.337081"><ele>323.8</ele></trkpt>
    <trkpt lat="-37.606926" lon="142.337140"><ele>322.9</ele></trkpt>
    <trkpt lat="-37.607011" lon="142.337226"><ele>322.2</ele></trkpt>
    <trkpt lat="-37.607407" lon="142.337649"><ele>318.6</ele></trkpt>
    <trkpt lat="-37.607534" lon="142.337859"><ele>317.2</ele></trkpt>
    <trkpt lat="-37.607674" lon="142.337998"><ele>316.0</ele></trkpt>
    <trkpt lat="-37.607810" lon="142.338245"><ele>314.5</ele></trkpt>
    <trkpt lat="-37.608087" lon="142.338502"><ele>312.5</ele></trkpt>
    <trkpt lat="-37.608261" lon="142.338867"><ele>310.8</ele></trkpt>
    <trkpt lat="-37.608410" lon="142.339200"><ele>309.6</ele></trkpt>
    <trkpt lat="-37.608596" lon="142.339581"><ele>308.3</ele></trkpt>
    <trkpt lat="-37.608682" lon="142.339811"><ele>307.6</ele></trkpt>
    <trkpt lat="-37.608852" lon="142.340342"><ele>305.9</ele></trkpt>
    <trkpt lat="-37.608913" lon="142.340947"><ele>304.2</ele></trkpt>
    <trkpt lat="-37.608966" lon="142.341201"><ele>303.3</ele></trkpt>
    <trkpt lat="-37.609107" lon="142.341694"><ele>301.4</ele></trkpt>
    <trkpt lat="-37.609217" lon="142.341893"><ele>300.5</ele></trkpt>
    <trkpt lat="-37.609268" lon="142.342064"><ele>299.8</ele></trkpt>
    <trkpt lat="-37.609289" lon="142.342502"><ele>298.2</ele></trkpt>
    <trkpt lat="-37.609446" lon="142.342869"><ele>296.9</ele></trkpt>
    <trkpt lat="-37.609623" lon="142.343169"><ele>295.5</ele></trkpt>
    <trkpt lat="-37.609822" lon="142.343222"><ele>294.4</ele></trkpt>
    <trkpt lat="-37.610107" lon="142.343105"><ele>292.2</ele></trkpt>
    <trkpt lat="-37.610254" lon="142.342917"><ele>290.5</ele></trkpt>
    <trkpt lat="-37.610407" lon="142.342740"><ele>288.4</ele></trkpt>
    <trkpt lat="-37.610483" lon="142.342542"><ele>286.7</ele></trkpt>
    <trkpt lat="-37.610615" lon="142.342392"><ele>285.0</ele></trkpt>
    <trkpt lat="-37.610972" lon="142.342252"><ele>283.1</ele></trkpt>
    <trkpt lat="-37.610990" lon="142.342248"><ele>283.1</ele></trkpt>
    <trkpt lat="-37.611100" lon="142.342220"><ele>282.9</ele></trkpt>
    <trkpt lat="-37.611161" lon="142.342278"><ele>282.8</ele></trkpt>
    <trkpt lat="-37.611219" lon="142.342617"><ele>283.3</ele></trkpt>
    <trkpt lat="-37.611410" lon="142.342676"><ele>284.4</ele></trkpt>
    <trkpt lat="-37.611720" lon="142.342703"><ele>286.7</ele></trkpt>
    <trkpt lat="-37.611894" lon="142.342810"><ele>288.1</ele></trkpt>
    <trkpt lat="-37.612223" lon="142.342777"><ele>290.0</ele></trkpt>
    <trkpt lat="-37.612447" lon="142.342789"><ele>291.1</ele></trkpt>
    <trkpt lat="-37.612676" lon="142.342778"><ele>292.0</ele></trkpt>
    <trkpt lat="-37.612774" lon="142.342789"><ele>292.3</ele></trkpt>
    <trkpt lat="-37.612931" lon="142.342703"><ele>292.8</ele></trkpt>
    <trkpt lat="-37.613258" lon="142.342483"><ele>293.8</ele></trkpt>
    <trkpt lat="-37.613535" lon="142.342397"><ele>294.5</ele></trkpt>
    <trkpt lat="-37.613810" lon="142.342391"><ele>295.1</ele></trkpt>
    <trkpt lat="-37.614032" lon="142.342418"><ele>295.6</ele></trkpt>
    <trkpt lat="-37.614350" lon="142.342381"><ele>295.8</ele></trkpt>
    <trkpt lat="-37.614495" lon="142.342392"><ele>295.6</ele></trkpt>
    <trkpt lat="-37.614984" lon="142.342231"><ele>294.1</ele></trkpt>
    <trkpt lat="-37.615098" lon="142.342070"><ele>293.4</ele></trkpt>
    <trkpt lat="-37.615115" lon="142.341984"><ele>293.1</ele></trkpt>
    <trkpt lat="-37.615328" lon="142.341919"><ele>292.1</ele></trkpt>
    <trkpt lat="-37.615519" lon="142.341818"><ele>291.1</ele></trkpt>
    <trkpt lat="-37.615659" lon="142.341705"><ele>290.4</ele></trkpt>
    <trkpt lat="-37.615719" lon="142.341657"><ele>290.0</ele></trkpt>
    <trkpt lat="-37.615863" lon="142.341662"><ele>289.4</ele></trkpt>
    <trkpt lat="-37.616008" lon="142.341539"><ele>288.7</ele></trkpt>
    <trkpt lat="-37.616169" lon="142.341388"><ele>287.9</ele></trkpt>
    <trkpt lat="-37.616289" lon="142.341261"><ele>287.4</ele></trkpt>
    <trkpt lat="-37.616356" lon="142.341205"><ele>287.1</ele></trkpt>
    <trkpt lat="-37.616551" lon="142.341109"><ele>286.5</ele></trkpt>
    <trkpt lat="-37.616849" lon="142.341147"><ele>285.9</ele></trkpt>
    <trkpt lat="-37.617023" lon="142.341201"><ele>285.9</ele></trkpt>
    <trkpt lat="-37.617214" lon="142.341308"><ele>286.1</ele></trkpt>
    <trkpt lat="-37.617401" lon="142.341297"><ele>286.3</ele></trkpt>
    <trkpt lat="-37.617669" lon="142.341296"><ele>286.8</ele></trkpt>
    <trkpt lat="-37.617819" lon="142.341063"><ele>287.5</ele></trkpt>
    <trkpt lat="-37.617982" lon="142.340399"><ele>289.1</ele></trkpt>
    <trkpt lat="-37.618147" lon="142.340379"><ele>289.7</ele></trkpt>
    <trkpt lat="-37.618316" lon="142.340699"><ele>291.2</ele></trkpt>
    <trkpt lat="-37.618592" lon="142.340780"><ele>292.6</ele></trkpt>
    <trkpt lat="-37.618939" lon="142.341162"><ele>294.7</ele></trkpt>
    <trkpt lat="-37.618959" lon="142.340853"><ele>295.9</ele></trkpt>
    <trkpt lat="-37.618973" lon="142.340501"><ele>297.3</ele></trkpt>
    <trkpt lat="-37.619007" lon="142.340329"><ele>298.2</ele></trkpt>
    <trkpt lat="-37.619122" lon="142.340089"><ele>300.0</ele></trkpt>
    <trkpt lat="-37.619204" lon="142.339840"><ele>302.2</ele></trkpt>
    <trkpt lat="-37.619200" lon="142.339589"><ele>304.6</ele></trkpt>
    <trkpt lat="-37.619178" lon="142.339216"><ele>308.8</ele></trkpt>
    <trkpt lat="-37.619138" lon="142.338962"><ele>312.1</ele></trkpt>
    <trkpt lat="-37.619002" lon="142.338646"><ele>316.8</ele></trkpt>
    <trkpt lat="-37.618836" lon="142.338340"><ele>321.5</ele></trkpt>
    <trkpt lat="-37.618670" lon="142.338073"><ele>325.9</ele></trkpt>
    <trkpt lat="-37.618475" lon="142.337824"><ele>330.4</ele></trkpt>
    <trkpt lat="-37.618367" lon="142.337724"><ele>332.5</ele></trkpt>
    <trkpt lat="-37.618272" lon="142.337578"><ele>335.0</ele></trkpt>
    <trkpt lat="-37.618116" lon="142.337384"><ele>338.8</ele></trkpt>
    <trkpt lat="-37.618023" lon="142.337234"><ele>341.4</ele></trkpt>
    <trkpt lat="-37.617801" lon="142.336872"><ele>347.4</ele></trkpt>
    <trkpt lat="-37.617609" lon="142.336645"><ele>351.5</ele></trkpt>
    <trkpt lat="-37.617432" lon="142.336498"><ele>354.7</ele></trkpt>
    <trkpt lat="-37.617212" lon="142.336345"><ele>358.2</ele></trkpt>
    <trkpt lat="-37.617056" lon="142.336189"><ele>360.9</ele></trkpt>
    <trkpt lat="-37.616968" lon="142.336043"><ele>362.8</ele></trkpt>
    <trkpt lat="-37.616879" lon="142.335823"><ele>365.4</ele></trkpt>
    <trkpt lat="-37.616845" lon="142.335574"><ele>367.8</ele></trkpt>
    <trkpt lat="-37.616872" lon="142.335351"><ele>369.3</ele></trkpt>
    <trkpt lat="-37.616906" lon="142.335154"><ele>369.7</ele></trkpt>
    <trkpt lat="-37.617021" lon="142.334982"><ele>369.6</ele></trkpt>
    <trkpt lat="-37.616994" lon="142.334939"><ele>369.2</ele></trkpt>
    <trkpt lat="-37.617008" lon="142.334836"><ele>368.5</ele></trkpt>
    <trkpt lat="-37.616994" lon="142.334544"><ele>366.0</ele></trkpt>
    <trkpt lat="-37.617027" lon="142.334087"><ele>359.5</ele></trkpt>
    <trkpt lat="-37.617125" lon="142.333846"><ele>355.1</ele></trkpt>
    <trkpt lat="-37.617314" lon="142.333612"><ele>350.1</ele></trkpt>
    <trkpt lat="-37.617455" lon="142.333378"><ele>346.3</ele></trkpt>
    <trkpt lat="-37.617668" lon="142.333221"><ele>342.3</ele></trkpt>
    <trkpt lat="-37.617920" lon="142.333151"><ele>338.0</ele></trkpt>
    <trkpt lat="-37.617917" lon="142.332943"><ele>335.2</ele></trkpt>
    <trkpt lat="-37.617869" lon="142.332585"><ele>330.6</ele></trkpt>
    <trkpt lat="-37.617852" lon="142.332371"><ele>327.8</ele></trkpt>
    <trkpt lat="-37.617878" lon="142.331663"><ele>319.4</ele></trkpt>
    <trkpt lat="-37.617962" lon="142.331212"><ele>315.4</ele></trkpt>
    <trkpt lat="-37.618043" lon="142.330960"><ele>313.6</ele></trkpt>
    <trkpt lat="-37.618107" lon="142.330767"><ele>312.4</ele></trkpt>
    <trkpt lat="-37.618180" lon="142.330626"><ele>311.5</ele></trkpt>
    <trkpt lat="-37.618386" lon="142.330385"><ele>309.8</ele></trkpt>
    <trkpt lat="-37.618569" lon="142.330131"><ele>308.0</ele></trkpt>
    <trkpt lat="-37.618781" lon="142.329975"><ele>306.1</ele></trkpt>
    <trkpt lat="-37.618954" lon="142.329765"><ele>303.7</ele></trkpt>
    <trkpt lat="-37.619051" lon="142.329634"><ele>302.1</ele></trkpt>
    <trkpt lat="-37.619220" lon="142.329377"><ele>298.9</ele></trkpt>
    <trkpt lat="-37.619376" lon="142.328825"><ele>293.1</ele></trkpt>
    <trkpt lat="-37.619611" lon="142.328712"><ele>289.9</ele></trkpt>
    <trkpt lat="-37.619804" lon="142.328734"><ele>287.4</ele></trkpt>
    <trkpt lat="-37.620298" lon="142.328884"><ele>280.8</ele></trkpt>
    <trkpt lat="-37.620562" lon="142.329045"><ele>276.8</ele></trkpt>
    <trkpt lat="-37.620957" lon="142.329193"><ele>271.5</ele></trkpt>
    <trkpt lat="-37.621143" lon="142.329187"><ele>269.6</ele></trkpt>
    <trkpt lat="-37.621262" lon="142.329163"><ele>268.5</ele></trkpt>
    <trkpt lat="-37.621366" lon="142.329184"><ele>267.8</ele></trkpt>
    <trkpt lat="-37.621475" lon="142.329171"><ele>267.0</ele></trkpt>
    <trkpt lat="-37.621600" lon="142.329124"><ele>266.5</ele></trkpt>
    <trkpt lat="-37.621714" lon="142.329111"><ele>266.1</ele></trkpt>
    <trkpt lat="-37.621824" lon="142.328984"><ele>265.9</ele></trkpt>
    <trkpt lat="-37.621795" lon="142.328808"><ele>265.7</ele></trkpt>
    <trkpt lat="-37.621957" lon="142.328495"><ele>265.8</ele></trkpt>
    <trkpt lat="-37.622023" lon="142.327958"><ele>265.8</ele></trkpt>
    <trkpt lat="-37.621799" lon="142.327106"><ele>266.1</ele></trkpt>
    <trkpt lat="-37.621736" lon="142.326792"><ele>267.1</ele></trkpt>
    <trkpt lat="-37.621772" lon="142.326710"><ele>267.5</ele></trkpt>
    <trkpt lat="-37.622009" lon="142.326544"><ele>269.1</ele></trkpt>
    <trkpt lat="-37.622152" lon="142.326598"><ele>270.0</ele></trkpt>
    <trkpt lat="-37.622265" lon="142.326538"><ele>270.8</ele></trkpt>
    <trkpt lat="-37.622319" lon="142.326499"><ele>271.2</ele></trkpt>
    <trkpt lat="-37.622366" lon="142.326397"><ele>271.8</ele></trkpt>
    <trkpt lat="-37.622310" lon="142.326300"><ele>272.4</ele></trkpt>
    <trkpt lat="-37.622260" lon="142.326140"><ele>273.3</ele></trkpt>
    <trkpt lat="-37.622207" lon="142.326010"><ele>273.9</ele></trkpt>
    <trkpt lat="-37.622217" lon="142.325893"><ele>274.4</ele></trkpt>
    <trkpt lat="-37.622185" lon="142.325808"><ele>274.8</ele></trkpt>
    <trkpt lat="-37.622155" lon="142.325704"><ele>275.1</ele></trkpt>
    <trkpt lat="-37.622150" lon="142.325610"><ele>275.4</ele></trkpt>
    <trkpt lat="-37.622143" lon="142.325538"><ele>275.6</ele></trkpt>
    <trkpt lat="-37.622155" lon="142.325435"><ele>276.0</ele></trkpt>
    <trkpt lat="-37.622134" lon="142.325344"><ele>276.4</ele></trkpt>
    <trkpt lat="-37.622093" lon="142.325257"><ele>276.8</ele></trkpt>
    <trkpt lat="-37.622042" lon="142.325149"><ele>277.5</ele></trkpt>
    <trkpt lat="-37.621995" lon="142.325035"><ele>278.3</ele></trkpt>
    <trkpt lat="-37.621979" lon="142.324943"><ele>278.9</ele></trkpt>
    <trkpt lat="-37.621999" lon="142.324866"><ele>279.4</ele></trkpt>
    <trkpt lat="-37.622018" lon="142.324780"><ele>280.1</ele></trkpt>
    <trkpt lat="-37.622013" lon="142.324655"><ele>281.1</ele></trkpt>
    <trkpt lat="-37.622002" lon="142.324545"><ele>281.9</ele></trkpt>
    <trkpt lat="-37.622000" lon="142.324411"><ele>283.2</ele></trkpt>
    <trkpt lat="-37.621991" lon="142.324291"><ele>284.3</ele></trkpt>
    <trkpt lat="-37.621988" lon="142.324207"><ele>285.1</ele></trkpt>
    <trkpt lat="-37.621983" lon="142.324060"><ele>286.5</ele></trkpt>
    <trkpt lat="-37.621974" lon="142.323852"><ele>288.6</ele></trkpt>
    <trkpt lat="-37.621970" lon="142.323734"><ele>289.8</ele></trkpt>
    <trkpt lat="-37.621966" lon="142.323563"><ele>291.5</ele></trkpt>
    <trkpt lat="-37.621962" lon="142.323501"><ele>292.1</ele></trkpt>
    <trkpt lat="-37.621936" lon="142.323344"><ele>293.6</ele></trkpt>
    <trkpt lat="-37.621913" lon="142.323215"><ele>294.8</ele></trkpt>
    <trkpt lat="-37.621897" lon="142.323109"><ele>295.8</ele></trkpt>
    <trkpt lat="-37.621895" lon="142.323011"><ele>296.8</ele></trkpt>
    <trkpt lat="-37.621931" lon="142.322952"><ele>297.5</ele></trkpt>
    <trkpt lat="-37.621961" lon="142.322891"><ele>298.1</ele></trkpt>
    <trkpt lat="-37.621996" lon="142.322833"><ele>298.8</ele></trkpt>
    <trkpt lat="-37.622013" lon="142.322773"><ele>299.4</ele></trkpt>
    <trkpt lat="-37.622015" lon="142.322672"><ele>300.3</ele></trkpt>
    <trkpt lat="-37.622017" lon="142.322528"><ele>301.6</ele></trkpt>
    <trkpt lat="-37.622025" lon="142.322441"><ele>302.5</ele></trkpt>
    <trkpt lat="-37.622065" lon="142.322339"><ele>303.7</ele></trkpt>
    <trkpt lat="-37.622106" lon="142.322269"><ele>304.5</ele></trkpt>
    <trkpt lat="-37.622144" lon="142.322179"><ele>305.7</ele></trkpt>
    <trkpt lat="-37.622178" lon="142.322079"><ele>307.0</ele></trkpt>
    <trkpt lat="-37.622198" lon="142.322011"><ele>307.9</ele></trkpt>
    <trkpt lat="-37.622213" lon="142.321930"><ele>308.9</ele></trkpt>
    <trkpt lat="-37.622218" lon="142.321839"><ele>310.2</ele></trkpt>
    <trkpt lat="-37.622240" lon="142.321758"><ele>311.3</ele></trkpt>
    <trkpt lat="-37.622284" lon="142.321690"><ele>312.5</ele></trkpt>
    <trkpt lat="-37.622338" lon="142.321642"><ele>313.7</ele></trkpt>
    <trkpt lat="-37.622390" lon="142.321602"><ele>315.0</ele></trkpt>
    <trkpt lat="-37.622450" lon="142.321555"><ele>316.5</ele></trkpt>
    <trkpt lat="-37.622492" lon="142.321517"><ele>317.7</ele></trkpt>
    <trkpt lat="-37.622532" lon="142.321466"><ele>318.9</ele></trkpt>
    <trkpt lat="-37.622577" lon="142.321399"><ele>320.6</ele></trkpt>
    <trkpt lat="-37.622627" lon="142.321285"><ele>323.3</ele></trkpt>
    <trkpt lat="-37.622668" lon="142.321231"><ele>324.8</ele></trkpt>
    <trkpt lat="-37.622703" lon="142.321218"><ele>325.7</ele></trkpt>
    <trkpt lat="-37.622737" lon="142.321237"><ele>326.8</ele></trkpt>
    <trkpt lat="-37.622769" lon="142.321298"><ele>328.4</ele></trkpt>
    <trkpt lat="-37.622804" lon="142.321362"><ele>330.2</ele></trkpt>
    <trkpt lat="-37.622843" lon="142.321455"><ele>332.7</ele></trkpt>
    <trkpt lat="-37.622877" lon="142.321526"><ele>334.6</ele></trkpt>
    <trkpt lat="-37.622895" lon="142.321563"><ele>335.5</ele></trkpt>
    <trkpt lat="-37.622948" lon="142.321692"><ele>338.7</ele></trkpt>
    <trkpt lat="-37.623046" lon="142.321895"><ele>344.0</ele></trkpt>
    <trkpt lat="-37.623111" lon="142.322009"><ele>347.2</ele></trkpt>
    <trkpt lat="-37.623167" lon="142.322112"><ele>350.0</ele></trkpt>
    <trkpt lat="-37.623202" lon="142.322187"><ele>352.0</ele></trkpt>
    <trkpt lat="-37.623218" lon="142.322235"><ele>353.1</ele></trkpt>
    <trkpt lat="-37.623223" lon="142.322329"><ele>355.2</ele></trkpt>
    <trkpt lat="-37.623236" lon="142.322389"><ele>356.5</ele></trkpt>
    <trkpt lat="-37.623271" lon="142.322421"><ele>357.7</ele></trkpt>
    <trkpt lat="-37.623370" lon="142.322506"><ele>360.9</ele></trkpt>
    <trkpt lat="-37.623423" lon="142.322573"><ele>363.0</ele></trkpt>
    <trkpt lat="-37.623466" lon="142.322630"><ele>364.7</ele></trkpt>
    <trkpt lat="-37.623529" lon="142.322665"><ele>366.5</ele></trkpt>
    <trkpt lat="-37.623590" lon="142.322702"><ele>368.3</ele></trkpt>
    <trkpt lat="-37.623655" lon="142.322749"><ele>370.3</ele></trkpt>
    <trkpt lat="-37.623709" lon="142.322787"><ele>372.0</ele></trkpt>
    <trkpt lat="-37.623817" lon="142.322871"><ele>375.5</ele></trkpt>
    <trkpt lat="-37.623888" lon="142.322903"><ele>377.6</ele></trkpt>
    <trkpt lat="-37.623946" lon="142.322924"><ele>379.2</ele></trkpt>
    <trkpt lat="-37.623998" lon="142.322938"><ele>380.6</ele></trkpt>
    <trkpt lat="-37.624083" lon="142.322974"><ele>383.0</ele></trkpt>
    <trkpt lat="-37.624151" lon="142.323039"><ele>385.2</ele></trkpt>
    <trkpt lat="-37.624213" lon="142.323109"><ele>387.5</ele></trkpt>
    <trkpt lat="-37.624293" lon="142.323171"><ele>390.0</ele></trkpt>
    <trkpt lat="-37.624365" lon="142.323198"><ele>392.1</ele></trkpt>
    <trkpt lat="-37.624429" lon="142.323264"><ele>394.4</ele></trkpt>
    <trkpt lat="-37.624471" lon="142.323318"><ele>396.2</ele></trkpt>
    <trkpt lat="-37.624513" lon="142.323345"><ele>397.6</ele></trkpt>
    <trkpt lat="-37.624613" lon="142.323403"><ele>400.9</ele></trkpt>
    <trkpt lat="-37.624684" lon="142.323434"><ele>403.1</ele></trkpt>
    <trkpt lat="-37.624765" lon="142.323471"><ele>405.7</ele></trkpt>
    <trkpt lat="-37.624813" lon="142.323490"><ele>407.2</ele></trkpt>
    <trkpt lat="-37.624853" lon="142.323485"><ele>408.4</ele></trkpt>
    <trkpt lat="-37.624896" lon="142.323428"><ele>410.2</ele></trkpt>
    <trkpt lat="-37.624929" lon="142.323352"><ele>412.2</ele></trkpt>
    <trkpt lat="-37.624985" lon="142.323315"><ele>414.0</ele></trkpt>
    <trkpt lat="-37.625063" lon="142.323296"><ele>416.3</ele></trkpt>
    <trkpt lat="-37.625122" lon="142.323293"><ele>417.9</ele></trkpt>
    <trkpt lat="-37.625157" lon="142.323290"><ele>419.0</ele></trkpt>
    <trkpt lat="-37.625202" lon="142.323264"><ele>420.4</ele></trkpt>
    <trkpt lat="-37.625226" lon="142.323223"><ele>421.5</ele></trkpt>
    <trkpt lat="-37.625239" lon="142.323161"><ele>423.0</ele></trkpt>
    <trkpt lat="-37.625262" lon="142.323014"><ele>426.3</ele></trkpt>
    <trkpt lat="-37.625276" lon="142.322931"><ele>428.0</ele></trkpt>
    <trkpt lat="-37.625290" lon="142.322850"><ele>429.8</ele></trkpt>
    <trkpt lat="-37.625312" lon="142.322774"><ele>431.5</ele></trkpt>
    <trkpt lat="-37.625344" lon="142.322732"><ele>432.6</ele></trkpt>
    <trkpt lat="-37.625389" lon="142.322709"><ele>433.7</ele></trkpt>
    <trkpt lat="-37.625432" lon="142.322709"><ele>434.6</ele></trkpt>
    <trkpt lat="-37.625509" lon="142.322731"><ele>436.3</ele></trkpt>
    <trkpt lat="-37.625585" lon="142.322744"><ele>438.0</ele></trkpt>
    <trkpt lat="-37.625709" lon="142.322732"><ele>440.4</ele></trkpt>
    <trkpt lat="-37.625756" lon="142.322694"><ele>441.4</ele></trkpt>
    <trkpt lat="-37.625796" lon="142.322669"><ele>442.3</ele></trkpt>
    <trkpt lat="-37.625837" lon="142.322674"><ele>443.1</ele></trkpt>
    <trkpt lat="-37.625913" lon="142.322690"><ele>444.5</ele></trkpt>
    <trkpt lat="-37.626028" lon="142.322711"><ele>446.5</ele></trkpt>
    <trkpt lat="-37.626121" lon="142.322725"><ele>448.1</ele></trkpt>
    <trkpt lat="-37.626192" lon="142.322738"><ele>449.1</ele></trkpt>
    <trkpt lat="-37.626338" lon="142.322727"><ele>451.3</ele></trkpt>
    <trkpt lat="-37.626413" lon="142.322747"><ele>452.3</ele></trkpt>
    <trkpt lat="-37.626483" lon="142.322764"><ele>453.2</ele></trkpt>
    <trkpt lat="-37.626537" lon="142.322800"><ele>454.0</ele></trkpt>
    <trkpt lat="-37.626626" lon="142.322919"><ele>455.7</ele></trkpt>
    <trkpt lat="-37.626685" lon="142.322977"><ele>456.6</ele></trkpt>
    <trkpt lat="-37.626736" lon="142.323018"><ele>457.4</ele></trkpt>
    <trkpt lat="-37.626809" lon="142.323045"><ele>458.4</ele></trkpt>
    <trkpt lat="-37.626883" lon="142.323076"><ele>459.5</ele></trkpt>
    <trkpt lat="-37.626964" lon="142.323115"><ele>460.7</ele></trkpt>
    <trkpt lat="-37.627039" lon="142.323127"><ele>461.8</ele></trkpt>
    <trkpt lat="-37.627116" lon="142.323132"><ele>462.9</ele></trkpt>
    <trkpt lat="-37.627203" lon="142.323132"><ele>464.4</ele></trkpt>
    <trkpt lat="-37.627270" lon="142.323155"><ele>465.6</ele></trkpt>
    <trkpt lat="-37.627329" lon="142.323183"><ele>466.6</ele></trkpt>
    <trkpt lat="-37.627431" lon="142.323235"><ele>468.7</ele></trkpt>
    <trkpt lat="-37.627550" lon="142.323306"><ele>471.4</ele></trkpt>
    <trkpt lat="-37.627648" lon="142.323358"><ele>473.6</ele></trkpt>
    <trkpt lat="-37.627748" lon="142.323421"><ele>476.0</ele></trkpt>
    <trkpt lat="-37.627812" lon="142.323457"><ele>477.5</ele></trkpt>
    <trkpt lat="-37.627926" lon="142.323528"><ele>480.2</ele></trkpt>
    <trkpt lat="-37.628027" lon="142.323577"><ele>482.5</ele></trkpt>
    <trkpt lat="-37.628106" lon="142.323649"><ele>484.5</ele></trkpt>
    <trkpt lat="-37.628184" lon="142.323685"><ele>486.1</ele></trkpt>
    <trkpt lat="-37.628226" lon="142.323697"><ele>487.0</ele></trkpt>
    <trkpt lat="-37.628283" lon="142.323674"><ele>488.1</ele></trkpt>
    <trkpt lat="-37.628361" lon="142.323676"><ele>489.7</ele></trkpt>
    <trkpt lat="-37.628427" lon="142.323703"><ele>490.9</ele></trkpt>
    <trkpt lat="-37.628488" lon="142.323741"><ele>492.1</ele></trkpt>
    <trkpt lat="-37.628538" lon="142.323824"><ele>493.6</ele></trkpt>
    <trkpt lat="-37.628574" lon="142.323894"><ele>494.7</ele></trkpt>
    <trkpt lat="-37.628644" lon="142.323951"><ele>496.0</ele></trkpt>
    <trkpt lat="-37.628662" lon="142.323986"><ele>496.5</ele></trkpt>
    <trkpt lat="-37.628700" lon="142.324003"><ele>497.1</ele></trkpt>
    <trkpt lat="-37.628780" lon="142.324031"><ele>498.4</ele></trkpt>
    <trkpt lat="-37.628853" lon="142.324072"><ele>499.4</ele></trkpt>
    <trkpt lat="-37.628909" lon="142.324105"><ele>500.2</ele></trkpt>
    <trkpt lat="-37.628985" lon="142.324146"><ele>501.3</ele></trkpt>
    <trkpt lat="-37.629039" lon="142.324163"><ele>502.0</ele></trkpt>
    <trkpt lat="-37.629072" lon="142.324185"><ele>502.4</ele></trkpt>
    <trkpt lat="-37.629115" lon="142.324231"><ele>503.1</ele></trkpt>
    <trkpt lat="-37.629150" lon="142.324245"><ele>503.5</ele></trkpt>
    <trkpt lat="-37.629174" lon="142.324242"><ele>503.8</ele></trkpt>
    <trkpt lat="-37.629206" lon="142.324230"><ele>504.2</ele></trkpt>
    <trkpt lat="-37.629241" lon="142.324210"><ele>504.7</ele></trkpt>
    <trkpt lat="-37.629291" lon="142.324177"><ele>505.4</ele></trkpt>
    <trkpt lat="-37.629340" lon="142.324150"><ele>506.0</ele></trkpt>
    <trkpt lat="-37.629392" lon="142.324127"><ele>506.7</ele></trkpt>
    <trkpt lat="-37.629450" lon="142.324072"><ele>507.5</ele></trkpt>
    <trkpt lat="-37.629500" lon="142.324023"><ele>508.3</ele></trkpt>
    <trkpt lat="-37.629555" lon="142.324004"><ele>509.0</ele></trkpt>
    <trkpt lat="-37.629655" lon="142.323979"><ele>510.3</ele></trkpt>
    <trkpt lat="-37.629726" lon="142.323967"><ele>511.2</ele></trkpt>
    <trkpt lat="-37.629808" lon="142.323931"><ele>512.4</ele></trkpt>
    <trkpt lat="-37.629844" lon="142.323897"><ele>513.1</ele></trkpt>
    <trkpt lat="-37.629881" lon="142.323867"><ele>513.8</ele></trkpt>
    <trkpt lat="-37.629925" lon="142.323845"><ele>514.6</ele></trkpt>
    <trkpt lat="-37.629969" lon="142.323847"><ele>515.3</ele></trkpt>
    <trkpt lat="-37.630016" lon="142.323841"><ele>516.0</ele></trkpt>
    <trkpt lat="-37.630046" lon="142.323831"><ele>516.6</ele></trkpt>
    <trkpt lat="-37.630079" lon="142.323796"><ele>517.5</ele></trkpt>
    <trkpt lat="-37.630119" lon="142.323735"><ele>518.8</ele></trkpt>
    <trkpt lat="-37.630149" lon="142.323680"><ele>519.8</ele></trkpt>
    <trkpt lat="-37.630174" lon="142.323642"><ele>520.6</ele></trkpt>
    <trkpt lat="-37.630221" lon="142.323609"><ele>521.7</ele></trkpt>
    <trkpt lat="-37.630278" lon="142.323609"><ele>522.9</ele></trkpt>
    <trkpt lat="-37.630394" lon="142.323615"><ele>525.4</ele></trkpt>
    <trkpt lat="-37.630491" lon="142.323597"><ele>527.5</ele></trkpt>
    <trkpt lat="-37.630550" lon="142.323581"><ele>528.9</ele></trkpt>
    <trkpt lat="-37.630613" lon="142.323581"><ele>530.3</ele></trkpt>
    <trkpt lat="-37.630707" lon="142.323599"><ele>532.4</ele></trkpt>
    <trkpt lat="-37.630766" lon="142.323628"><ele>533.8</ele></trkpt>
    <trkpt lat="-37.630836" lon="142.323650"><ele>535.3</ele></trkpt>
    <trkpt lat="-37.630888" lon="142.323667"><ele>536.3</ele></trkpt>
    <trkpt lat="-37.630982" lon="142.323710"><ele>538.4</ele></trkpt>
    <trkpt lat="-37.631047" lon="142.323727"><ele>539.3</ele></trkpt>
    <trkpt lat="-37.631084" lon="142.323726"><ele>539.8</ele></trkpt>
    <trkpt lat="-37.631173" lon="142.323741"><ele>541.0</ele></trkpt>
    <trkpt lat="-37.631242" lon="142.323770"><ele>541.9</ele></trkpt>
    <trkpt lat="-37.631300" lon="142.323793"><ele>542.3</ele></trkpt>
    <trkpt lat="-37.631341" lon="142.323797"><ele>542.4</ele></trkpt>
    <trkpt lat="-37.631385" lon="142.323797"><ele>542.5</ele></trkpt>
    <trkpt lat="-37.631431" lon="142.323790"><ele>542.6</ele></trkpt>
    <trkpt lat="-37.631479" lon="142.323760"><ele>542.7</ele></trkpt>
    <trkpt lat="-37.631535" lon="142.323743"><ele>542.8</ele></trkpt>
    <trkpt lat="-37.631554" lon="142.323737"><ele>542.7</ele></trkpt>
    <trkpt lat="-37.631611" lon="142.323722"><ele>542.5</ele></trkpt>
    <trkpt lat="-37.631658" lon="142.323690"><ele>542.4</ele></trkpt>
    <trkpt lat="-37.631731" lon="142.323625"><ele>542.1</ele></trkpt>
    <trkpt lat="-37.631780" lon="142.323545"><ele>541.7</ele></trkpt>
    <trkpt lat="-37.631831" lon="142.323479"><ele>541.2</ele></trkpt>
    <trkpt lat="-37.631897" lon="142.323418"><ele>540.7</ele></trkpt>
    <trkpt lat="-37.631940" lon="142.323399"><ele>540.4</ele></trkpt>
    <trkpt lat="-37.632023" lon="142.323327"><ele>539.6</ele></trkpt>
    <trkpt lat="-37.632089" lon="142.323277"><ele>539.1</ele></trkpt>
    <trkpt lat="-37.632185" lon="142.323209"><ele>538.3</ele></trkpt>
    <trkpt lat="-37.632271" lon="142.323183"><ele>538.1</ele></trkpt>
    <trkpt lat="-37.632339" lon="142.323159"><ele>538.0</ele></trkpt>
    <trkpt lat="-37.632436" lon="142.323114"><ele>537.9</ele></trkpt>
    <trkpt lat="-37.632506" lon="142.323092"><ele>538.2</ele></trkpt>
    <trkpt lat="-37.632578" lon="142.323061"><ele>538.6</ele></trkpt>
    <trkpt lat="-37.632660" lon="142.323046"><ele>539.1</ele></trkpt>
    <trkpt lat="-37.632741" lon="142.323044"><ele>539.7</ele></trkpt>
    <trkpt lat="-37.632797" lon="142.323049"><ele>540.4</ele></trkpt>
    <trkpt lat="-37.632901" lon="142.323071"><ele>541.7</ele></trkpt>
    <trkpt lat="-37.632982" lon="142.323130"><ele>542.9</ele></trkpt>
    <trkpt lat="-37.633054" lon="142.323198"><ele>544.6</ele></trkpt>
    <trkpt lat="-37.633109" lon="142.323260"><ele>546.0</ele></trkpt>
    <trkpt lat="-37.633158" lon="142.323296"><ele>547.0</ele></trkpt>
    <trkpt lat="-37.633235" lon="142.323314"><ele>548.7</ele></trkpt>
    <trkpt lat="-37.633336" lon="142.323289"><ele>551.1</ele></trkpt>
    <trkpt lat="-37.633424" lon="142.323257"><ele>553.2</ele></trkpt>
    <trkpt lat="-37.633520" lon="142.323209"><ele>555.4</ele></trkpt>
    <trkpt lat="-37.633598" lon="142.323195"><ele>557.0</ele></trkpt>
    <trkpt lat="-37.633676" lon="142.323214"><ele>558.7</ele></trkpt>
    <trkpt lat="-37.633789" lon="142.323275"><ele>559.9</ele></trkpt>
    <trkpt lat="-37.633872" lon="142.323341"><ele>560.3</ele></trkpt>
    <trkpt lat="-37.633938" lon="142.323387"><ele>560.6</ele></trkpt>
    <trkpt lat="-37.634041" lon="142.323460"><ele>562.2</ele></trkpt>
    <trkpt lat="-37.634140" lon="142.323553"><ele>564.1</ele></trkpt>
    <trkpt lat="-37.634219" lon="142.323624"><ele>565.3</ele></trkpt>
    <trkpt lat="-37.634307" lon="142.323721"><ele>566.6</ele></trkpt>
    <trkpt lat="-37.634375" lon="142.323784"><ele>567.5</ele></trkpt>
    <trkpt lat="-37.634420" lon="142.323823"><ele>567.8</ele></trkpt>
    <trkpt lat="-37.634439" lon="142.323832"><ele>567.9</ele></trkpt>
    <trkpt lat="-37.634431" lon="142.323600"><ele>568.4</ele></trkpt>
    <trkpt lat="-37.634470" lon="142.323368"><ele>569.2</ele></trkpt>
    <trkpt lat="-37.634765" lon="142.323388"><ele>571.6</ele></trkpt>
    <trkpt lat="-37.634595" lon="142.322644"><ele>567.7</ele></trkpt>
    <trkpt lat="-37.633383" lon="142.322070"><ele>550.6</ele></trkpt>
    <trkpt lat="-37.633454" lon="142.321670"><ele>546.5</ele></trkpt>
    <trkpt lat="-37.633110" lon="142.321593"><ele>542.2</ele></trkpt>
    <trkpt lat="-37.632167" lon="142.320881"><ele>530.4</ele></trkpt>
    <trkpt lat="-37.631807" lon="142.320359"><ele>524.7</ele></trkpt>
    <trkpt lat="-37.631648" lon="142.319613"><ele>517.8</ele></trkpt>
    <trkpt lat="-37.631307" lon="142.318977"><ele>509.1</ele></trkpt>
    <trkpt lat="-37.631307" lon="142.318410"><ele>502.6</ele></trkpt>
    <trkpt lat="-37.631504" lon="142.317993"><ele>498.6</ele></trkpt>
    <trkpt lat="-37.632284" lon="142.317144"><ele>484.1</ele></trkpt>
    <trkpt lat="-37.632361" lon="142.316747"><ele>476.4</ele></trkpt>
    <trkpt lat="-37.632991" lon="142.316486"><ele>459.0</ele></trkpt>
    <trkpt lat="-37.633338" lon="142.317144"><ele>449.4</ele></trkpt>
    <trkpt lat="-37.633406" lon="142.317648"><ele>447.6</ele></trkpt>
    <trkpt lat="-37.633708" lon="142.318799"><ele>442.7</ele></trkpt>
    <trkpt lat="-37.633766" lon="142.319091"><ele>439.4</ele></trkpt>
    <trkpt lat="-37.634038" lon="142.319230"><ele>435.8</ele></trkpt>
    <trkpt lat="-37.634424" lon="142.319472"><ele>432.3</ele></trkpt>
    <trkpt lat="-37.634632" lon="142.319740"><ele>431.1</ele></trkpt>
    <trkpt lat="-37.634605" lon="142.319882"><ele>431.2</ele></trkpt>
    <trkpt lat="-37.634745" lon="142.320365"><ele>432.0</ele></trkpt>
    <trkpt lat="-37.634789" lon="142.320622"><ele>431.6</ele></trkpt>
    <trkpt lat="-37.634939" lon="142.320764"><ele>430.3</ele></trkpt>
    <trkpt lat="-37.635391" lon="142.320498"><ele>426.2</ele></trkpt>
    <trkpt lat="-37.636249" lon="142.321359"><ele>414.3</ele></trkpt>
    <trkpt lat="-37.636881" lon="142.322513"><ele>402.7</ele></trkpt>
    <trkpt lat="-37.637047" lon="142.323748"><ele>400.9</ele></trkpt>
    <trkpt lat="-37.637000" lon="142.325425"><ele>380.2</ele></trkpt>
    <trkpt lat="-37.636975" lon="142.326018"><ele>368.2</ele></trkpt>
    <trkpt lat="-37.636895" lon="142.326655"><ele>357.6</ele></trkpt>
    <trkpt lat="-37.636122" lon="142.328314"><ele>329.7</ele></trkpt>
    <trkpt lat="-37.635539" lon="142.328750"><ele>318.7</ele></trkpt>
    <trkpt lat="-37.635282" lon="142.329442"><ele>309.6</ele></trkpt>
    <trkpt lat="-37.634826" lon="142.330155"><ele>298.0</ele></trkpt>
    <trkpt lat="-37.635068" lon="142.330301"><ele>294.0</ele></trkpt>
    <trkpt lat="-37.635632" lon="142.330394"><ele>285.9</ele></trkpt>
    <trkpt lat="-37.637118" lon="142.330971"><ele>268.5</ele></trkpt>
    <trkpt lat="-37.637373" lon="142.330919"><ele>265.7</ele></trkpt>
    <trkpt lat="-37.637412" lon="142.330855"><ele>265.0</ele></trkpt>
    <trkpt lat="-37.637480" lon="142.330818"><ele>264.1</ele></trkpt>
    <trkpt lat="-37.637595" lon="142.330831"><ele>262.8</ele></trkpt>
    <trkpt lat="-37.637665" lon="142.330847"><ele>262.2</ele></trkpt>
    <trkpt lat="-37.637729" lon="142.330855"><ele>261.6</ele></trkpt>
    <trkpt lat="-37.637805" lon="142.330831"><ele>260.9</ele></trkpt>
    <trkpt lat="-37.637924" lon="142.330874"><ele>259.8</ele></trkpt>
    <trkpt lat="-37.638018" lon="142.330899"><ele>258.9</ele></trkpt>
    <trkpt lat="-37.638436" lon="142.331011"><ele>254.7</ele></trkpt>
    <trkpt lat="-37.638561" lon="142.330995"><ele>253.8</ele></trkpt>
    <trkpt lat="-37.638702" lon="142.330992"><ele>253.0</ele></trkpt>
    <trkpt lat="-37.638821" lon="142.331032"><ele>252.6</ele></trkpt>
    <trkpt lat="-37.638895" lon="142.331094"><ele>252.2</ele></trkpt>
    <trkpt lat="-37.639264" lon="142.331195"><ele>249.7</ele></trkpt>
    <trkpt lat="-37.639714" lon="142.331463"><ele>246.1</ele></trkpt>
    <trkpt lat="-37.640113" lon="142.331860"><ele>240.9</ele></trkpt>
    <trkpt lat="-37.640174" lon="142.332060"><ele>239.4</ele></trkpt>
    <trkpt lat="-37.640224" lon="142.332258"><ele>238.1</ele></trkpt>
    <trkpt lat="-37.640334" lon="142.332353"><ele>237.2</ele></trkpt>
    <trkpt lat="-37.640594" lon="142.332618"><ele>234.8</ele></trkpt>
    <trkpt lat="-37.640624" lon="142.332805"><ele>233.7</ele></trkpt>
    <trkpt lat="-37.640746" lon="142.332976"><ele>232.6</ele></trkpt>
    <trkpt lat="-37.641010" lon="142.333171"><ele>231.3</ele></trkpt>
    <trkpt lat="-37.641281" lon="142.333092"><ele>230.2</ele></trkpt>
    <trkpt lat="-37.641408" lon="142.333031"><ele>229.5</ele></trkpt>
    <trkpt lat="-37.641630" lon="142.332907"><ele>228.6</ele></trkpt>
    <trkpt lat="-37.641781" lon="142.332737"><ele>228.1</ele></trkpt>
    <trkpt lat="-37.641881" lon="142.332650"><ele>227.7</ele></trkpt>
    <trkpt lat="-37.641922" lon="142.332451"><ele>226.9</ele></trkpt>
    <trkpt lat="-37.642002" lon="142.331909"><ele>224.8</ele></trkpt>
    <trkpt lat="-37.642061" lon="142.331729"><ele>224.0</ele></trkpt>
    <trkpt lat="-37.642114" lon="142.331518"><ele>223.4</ele></trkpt>
    <trkpt lat="-37.642274" lon="142.330877"><ele>222.0</ele></trkpt>
    <trkpt lat="-37.642500" lon="142.330476"><ele>221.4</ele></trkpt>
    <trkpt lat="-37.642904" lon="142.330212"><ele>221.3</ele></trkpt>
    <trkpt lat="-37.643153" lon="142.330118"><ele>221.2</ele></trkpt>
    <trkpt lat="-37.643268" lon="142.330086"><ele>221.1</ele></trkpt>
    <trkpt lat="-37.643638" lon="142.329761"><ele>222.4</ele></trkpt>
    <trkpt lat="-37.644038" lon="142.329606"><ele>225.2</ele></trkpt>
    <trkpt lat="-37.644352" lon="142.329403"><ele>228.6</ele></trkpt>
    <trkpt lat="-37.644473" lon="142.329288"><ele>230.0</ele></trkpt>
    <trkpt lat="-37.644556" lon="142.329210"><ele>230.5</ele></trkpt>
    <trkpt lat="-37.644629" lon="142.328896"><ele>231.4</ele></trkpt>
    <trkpt lat="-37.644663" lon="142.328569"><ele>231.7</ele></trkpt>
    <trkpt lat="-37.644735" lon="142.328191"><ele>231.4</ele></trkpt>
    <trkpt lat="-37.644727" lon="142.328010"><ele>230.8</ele></trkpt>
    <trkpt lat="-37.644705" lon="142.327799"><ele>229.6</ele></trkpt>
    <trkpt lat="-37.644770" lon="142.327527"><ele>228.5</ele></trkpt>
    <trkpt lat="-37.644944" lon="142.327295"><ele>227.7</ele></trkpt>
    <trkpt lat="-37.645175" lon="142.327226"><ele>226.8</ele></trkpt>
    <trkpt lat="-37.645293" lon="142.327026"><ele>225.9</ele></trkpt>
    <trkpt lat="-37.645472" lon="142.326887"><ele>225.6</ele></trkpt>
    <trkpt lat="-37.645542" lon="142.326866"><ele>225.6</ele></trkpt>
    <trkpt lat="-37.645648" lon="142.326933"><ele>225.7</ele></trkpt>
    <trkpt lat="-37.645708" lon="142.326942"><ele>225.8</ele></trkpt>
    <trkpt lat="-37.645923" lon="142.326814"><ele>226.3</ele></trkpt>
    <trkpt lat="-37.646291" lon="142.326540"><ele>226.6</ele></trkpt>
    <trkpt lat="-37.646452" lon="142.326406"><ele>226.1</ele></trkpt>
    <trkpt lat="-37.646587" lon="142.326249"><ele>225.6</ele></trkpt>
    <trkpt lat="-37.646735" lon="142.326060"><ele>225.1</ele></trkpt>
    <trkpt lat="-37.646806" lon="142.325991"><ele>224.8</ele></trkpt>
    <trkpt lat="-37.646908" lon="142.325989"><ele>224.5</ele></trkpt>
    <trkpt lat="-37.647011" lon="142.326023"><ele>224.2</ele></trkpt>
    <trkpt lat="-37.647109" lon="142.326056"><ele>223.8</ele></trkpt>
    <trkpt lat="-37.647215" lon="142.326120"><ele>223.4</ele></trkpt>
    <trkpt lat="-37.647309" lon="142.326183"><ele>223.0</ele></trkpt>
    <trkpt lat="-37.647399" lon="142.326202"><ele>222.8</ele></trkpt>
    <trkpt lat="-37.647559" lon="142.326184"><ele>222.9</ele></trkpt>
    <trkpt lat="-37.647661" lon="142.326295"><ele>223.1</ele></trkpt>
    <trkpt lat="-37.647717" lon="142.326483"><ele>223.3</ele></trkpt>
    <trkpt lat="-37.647764" lon="142.326677"><ele>223.6</ele></trkpt>
    <trkpt lat="-37.647808" lon="142.326921"><ele>223.9</ele></trkpt>
    <trkpt lat="-37.647821" lon="142.327030"><ele>224.2</ele></trkpt>
    <trkpt lat="-37.647794" lon="142.327299"><ele>224.9</ele></trkpt>
    <trkpt lat="-37.647807" lon="142.327409"><ele>225.3</ele></trkpt>
    <trkpt lat="-37.647875" lon="142.327732"><ele>226.3</ele></trkpt>
    <trkpt lat="-37.647892" lon="142.327918"><ele>226.9</ele></trkpt>
    <trkpt lat="-37.647916" lon="142.328099"><ele>227.2</ele></trkpt>
    <trkpt lat="-37.647848" lon="142.328443"><ele>227.8</ele></trkpt>
    <trkpt lat="-37.647885" lon="142.328723"><ele>228.1</ele></trkpt>
    <trkpt lat="-37.647880" lon="142.328914"><ele>228.2</ele></trkpt>
    <trkpt lat="-37.647867" lon="142.329052"><ele>228.1</ele></trkpt>
    <trkpt lat="-37.647885" lon="142.329205"><ele>228.0</ele></trkpt>
    <trkpt lat="-37.647858" lon="142.329480"><ele>227.7</ele></trkpt>
    <trkpt lat="-37.647870" lon="142.329710"><ele>227.6</ele></trkpt>
    <trkpt lat="-37.647931" lon="142.330348"><ele>227.4</ele></trkpt>
    <trkpt lat="-37.647963" lon="142.330658"><ele>227.3</ele></trkpt>
    <trkpt lat="-37.647989" lon="142.330819"><ele>227.3</ele></trkpt>
    <trkpt lat="-37.648016" lon="142.330960"><ele>227.2</ele></trkpt>
    <trkpt lat="-37.648084" lon="142.331194"><ele>227.3</ele></trkpt>
    <trkpt lat="-37.648118" lon="142.331244"><ele>227.3</ele></trkpt>
    <trkpt lat="-37.648330" lon="142.331341"><ele>227.2</ele></trkpt>
    <trkpt lat="-37.648669" lon="142.331798"><ele>227.4</ele></trkpt>
    <trkpt lat="-37.648701" lon="142.331874"><ele>227.5</ele></trkpt>
    <trkpt lat="-37.648705" lon="142.331962"><ele>227.6</ele></trkpt>
    <trkpt lat="-37.648693" lon="142.332355"><ele>228.2</ele></trkpt>
    <trkpt lat="-37.648625" lon="142.332654"><ele>228.7</ele></trkpt>
    <trkpt lat="-37.648475" lon="142.332899"><ele>229.1</ele></trkpt>
    <trkpt lat="-37.648253" lon="142.333082"><ele>229.4</ele></trkpt>
    <trkpt lat="-37.647912" lon="142.333385"><ele>230.3</ele></trkpt>
    <trkpt lat="-37.647822" lon="142.333504"><ele>230.7</ele></trkpt>
    <trkpt lat="-37.647783" lon="142.333548"><ele>230.8</ele></trkpt>
    <trkpt lat="-37.647744" lon="142.333555"><ele>230.9</ele></trkpt>
    <trkpt lat="-37.647659" lon="142.333529"><ele>231.2</ele></trkpt>
    <trkpt lat="-37.647554" lon="142.333499"><ele>231.5</ele></trkpt>
    <trkpt lat="-37.647361" lon="142.333549"><ele>231.9</ele></trkpt>
    <trkpt lat="-37.647314" lon="142.333591"><ele>232.1</ele></trkpt>
    <trkpt lat="-37.647279" lon="142.333671"><ele>232.3</ele></trkpt>
    <trkpt lat="-37.647263" lon="142.333850"><ele>232.7</ele></trkpt>
    <trkpt lat="-37.647215" lon="142.334328"><ele>233.3</ele></trkpt>
    <trkpt lat="-37.647208" lon="142.334471"><ele>233.3</ele></trkpt>
    <trkpt lat="-37.647216" lon="142.334603"><ele>233.4</ele></trkpt>
    <trkpt lat="-37.647280" lon="142.334909"><ele>233.6</ele></trkpt>
    <trkpt lat="-37.647396" lon="142.335323"><ele>234.2</ele></trkpt>
    <trkpt lat="-37.647464" lon="142.335502"><ele>234.6</ele></trkpt>
    <trkpt lat="-37.647530" lon="142.335634"><ele>234.8</ele></trkpt>
    <trkpt lat="-37.647576" lon="142.335710"><ele>234.9</ele></trkpt>
    <trkpt lat="-37.647618" lon="142.335767"><ele>235.0</ele></trkpt>
    <trkpt lat="-37.647663" lon="142.335815"><ele>235.0</ele></trkpt>
    <trkpt lat="-37.647679" lon="142.335864"><ele>235.0</ele></trkpt>
    <trkpt lat="-37.647684" lon="142.335919"><ele>234.9</ele></trkpt>
    <trkpt lat="-37.647710" lon="142.336005"><ele>234.9</ele></trkpt>
    <trkpt lat="-37.647730" lon="142.336040"><ele>234.9</ele></trkpt>
    <trkpt lat="-37.647759" lon="142.336057"><ele>235.0</ele></trkpt>
    <trkpt lat="-37.647797" lon="142.336054"><ele>235.0</ele></trkpt>
    <trkpt lat="-37.647849" lon="142.336067"><ele>235.1</ele></trkpt>
    <trkpt lat="-37.647888" lon="142.336106"><ele>235.2</ele></trkpt>
    <trkpt lat="-37.647901" lon="142.336158"><ele>235.3</ele></trkpt>
    <trkpt lat="-37.647895" lon="142.336271"><ele>235.4</ele></trkpt>
    <trkpt lat="-37.647854" lon="142.336436"><ele>235.3</ele></trkpt>
    <trkpt lat="-37.647740" lon="142.336699"><ele>235.0</ele></trkpt>
    <trkpt lat="-37.647681" lon="142.336831"><ele>234.8</ele></trkpt>
    <trkpt lat="-37.647653" lon="142.336896"><ele>234.7</ele></trkpt>
    <trkpt lat="-37.647751" lon="142.336887"><ele>234.7</ele></trkpt>
    <trkpt lat="-37.647788" lon="142.336878"><ele>234.7</ele></trkpt>
    <trkpt lat="-37.647799" lon="142.336887"><ele>234.7</ele></trkpt>
    <trkpt lat="-37.647809" lon="142.336908"><ele>234.7</ele></trkpt>
    <trkpt lat="-37.647804" lon="142.336930"><ele>234.7</ele></trkpt>
    <trkpt lat="-37.647740" lon="142.337175"><ele>234.8</ele></trkpt>
    <trkpt lat="-37.647733" lon="142.337319"><ele>234.8</ele></trkpt>
  </trkseg></trk>
  <trk><name>Side trip: Jimmy Creek Campground</name><trkseg>
    <trkpt lat="-37.372116" lon="142.515404"><ele>327.4</ele></trkpt>
    <trkpt lat="-37.372070" lon="142.515059"><ele>326.9</ele></trkpt>
    <trkpt lat="-37.372223" lon="142.514598"><ele>326.1</ele></trkpt>
    <trkpt lat="-37.372121" lon="142.514341"><ele>325.3</ele></trkpt>
    <trkpt lat="-37.372317" lon="142.513729"><ele>324.4</ele></trkpt>
    <trkpt lat="-37.372462" lon="142.513558"><ele>324.8</ele></trkpt>
    <trkpt lat="-37.372556" lon="142.513128"><ele>326.2</ele></trkpt>
    <trkpt lat="-37.372752" lon="142.512732"><ele>327.7</ele></trkpt>
    <trkpt lat="-37.372811" lon="142.512453"><ele>328.3</ele></trkpt>
    <trkpt lat="-37.372973" lon="142.512066"><ele>328.9</ele></trkpt>
    <trkpt lat="-37.373118" lon="142.511476"><ele>328.5</ele></trkpt>
    <trkpt lat="-37.373178" lon="142.510135"><ele>325.9</ele></trkpt>
    <trkpt lat="-37.373022" lon="142.509584"><ele>323.5</ele></trkpt>
    <trkpt lat="-37.373067" lon="142.509298"><ele>322.3</ele></trkpt>
    <trkpt lat="-37.373221" lon="142.508998"><ele>320.3</ele></trkpt>
    <trkpt lat="-37.373169" lon="142.508837"><ele>319.3</ele></trkpt>
    <trkpt lat="-37.373204" lon="142.508612"><ele>318.0</ele></trkpt>
    <trkpt lat="-37.373178" lon="142.508483"><ele>317.3</ele></trkpt>
    <trkpt lat="-37.373030" lon="142.508382"><ele>316.0</ele></trkpt>
    <trkpt lat="-37.372953" lon="142.508329"><ele>315.2</ele></trkpt>
    <trkpt lat="-37.372897" lon="142.508290"><ele>314.6</ele></trkpt>
    <trkpt lat="-37.372820" lon="142.508032"><ele>312.7</ele></trkpt>
    <trkpt lat="-37.372718" lon="142.507925"><ele>311.6</ele></trkpt>
    <trkpt lat="-37.372854" lon="142.507324"><ele>309.6</ele></trkpt>
    <trkpt lat="-37.372828" lon="142.507131"><ele>309.3</ele></trkpt>
    <trkpt lat="-37.372718" lon="142.507163"><ele>309.3</ele></trkpt>
    <trkpt lat="-37.372591" lon="142.507226"><ele>309.4</ele></trkpt>
    <trkpt lat="-37.372335" lon="142.507354"><ele>310.4</ele></trkpt>
    <trkpt lat="-37.372298" lon="142.507273"><ele>310.6</ele></trkpt>
    <trkpt lat="-37.372251" lon="142.507100"><ele>311.0</ele></trkpt>
    <trkpt lat="-37.372230" lon="142.507013"><ele>311.1</ele></trkpt>
    <trkpt lat="-37.372241" lon="142.506893"><ele>311.3</ele></trkpt>
    <trkpt lat="-37.372293" lon="142.506708"><ele>311.6</ele></trkpt>
    <trkpt lat="-37.372348" lon="142.506455"><ele>311.8</ele></trkpt>
    <trkpt lat="-37.372368" lon="142.506255"><ele>311.9</ele></trkpt>
    <trkpt lat="-37.372362" lon="142.506089"><ele>311.8</ele></trkpt>
    <trkpt lat="-37.372330" lon="142.505913"><ele>311.7</ele></trkpt>
    <trkpt lat="-37.372284" lon="142.505703"><ele>311.4</ele></trkpt>
    <trkpt lat="-37.372135" lon="142.505322"><ele>311.3</ele></trkpt>
    <trkpt lat="-37.372099" lon="142.505203"><ele>311.3</ele></trkpt>
    <trkpt lat="-37.371950" lon="142.505247"><ele>311.3</ele></trkpt>
  </trkseg></trk>
</gpx>
