<?xml version="1.0" encoding="UTF-8"?>
<gpx version="1.1" creator="trail-maps from OpenStreetMap (ODbL) route relation and waypoints; elevation Copernicus GLO-30" xmlns="http://www.topografix.com/GPX/1/1">
  <metadata><name>Six Foot Track</name></metadata>
  <wpt lat="-33.757639" lon="150.139380"><ele>573.9</ele><name>Alum Creek Campground</name><type>campsite</type></wpt>
  <wpt lat="-33.755118" lon="150.047944"><ele>1195.5</ele><name>Black Range Camp Ground</name><type>campsite</type></wpt>
  <wpt lat="-33.742828" lon="150.178779"><ele>276.9</ele><name>Coxs River Camp Area</name><type>campsite</type></wpt>
  <wpt lat="-33.814838" lon="150.028266"><ele>1039.5</ele><name>Mount George</name><type>mountain</type></wpt>
  <wpt lat="-33.702528" lon="150.289362"><ele>1083.9</ele><name>Pulpit Hill</name><type>mountain</type></wpt>
  <wpt lat="-33.709975" lon="150.289258"><ele>958.4</ele><name>Norths Lookout</name><type>poi</type></wpt>
  <wpt lat="-33.703950" lon="150.288416"><ele>1064.2</ele><name>Six Foot Track Information Shelter</name><type>poi</type></wpt>
  <wpt lat="-33.711296" lon="150.291036"><ele>965.8</ele><name>Therabulat Lookout</name><type>poi</type></wpt>
  <trk><name>Main route</name><trkseg>
    <trkpt lat="-33.703700" lon="150.288833"><ele>1063.9</ele></trkpt>
    <trkpt lat="-33.703770" lon="150.288647"><ele>1063.2</ele></trkpt>
    <trkpt lat="-33.703779" lon="150.288606"><ele>1063.0</ele></trkpt>
    <trkpt lat="-33.703944" lon="150.288278"><ele>1061.6</ele></trkpt>
    <trkpt lat="-33.703957" lon="150.288248"><ele>1061.4</ele></trkpt>
    <trkpt lat="-33.703985" lon="150.288184"><ele>1060.9</ele></trkpt>
    <trkpt lat="-33.704076" lon="150.287961"><ele>1059.1</ele></trkpt>
    <trkpt lat="-33.704156" lon="150.287850"><ele>1057.6</ele></trkpt>
    <trkpt lat="-33.704224" lon="150.287805"><ele>1056.7</ele></trkpt>
    <trkpt lat="-33.704333" lon="150.287807"><ele>1055.3</ele></trkpt>
    <trkpt lat="-33.704429" lon="150.287823"><ele>1053.8</ele></trkpt>
    <trkpt lat="-33.704538" lon="150.287874"><ele>1052.0</ele></trkpt>
    <trkpt lat="-33.704663" lon="150.287944"><ele>1049.6</ele></trkpt>
    <trkpt lat="-33.704834" lon="150.287977"><ele>1046.5</ele></trkpt>
    <trkpt lat="-33.705002" lon="150.287990"><ele>1043.3</ele></trkpt>
    <trkpt lat="-33.705231" lon="150.287993"><ele>1039.0</ele></trkpt>
    <trkpt lat="-33.705478" lon="150.287972"><ele>1034.8</ele></trkpt>
    <trkpt lat="-33.705641" lon="150.287975"><ele>1032.4</ele></trkpt>
    <trkpt lat="-33.705789" lon="150.287995"><ele>1030.4</ele></trkpt>
    <trkpt lat="-33.706041" lon="150.288100"><ele>1027.2</ele></trkpt>
    <trkpt lat="-33.706481" lon="150.288283"><ele>1023.0</ele></trkpt>
    <trkpt lat="-33.706612" lon="150.288357"><ele>1021.9</ele></trkpt>
    <trkpt lat="-33.706729" lon="150.288386"><ele>1020.6</ele></trkpt>
    <trkpt lat="-33.706883" lon="150.288413"><ele>1018.9</ele></trkpt>
    <trkpt lat="-33.707004" lon="150.288454"><ele>1017.5</ele></trkpt>
    <trkpt lat="-33.707064" lon="150.288522"><ele>1016.6</ele></trkpt>
    <trkpt lat="-33.707114" lon="150.288579"><ele>1015.9</ele></trkpt>
    <trkpt lat="-33.707217" lon="150.288633"><ele>1014.3</ele></trkpt>
    <trkpt lat="-33.707316" lon="150.288703"><ele>1012.7</ele></trkpt>
    <trkpt lat="-33.707610" lon="150.288861"><ele>1007.9</ele></trkpt>
    <trkpt lat="-33.707796" lon="150.288941"><ele>1005.3</ele></trkpt>
    <trkpt lat="-33.707968" lon="150.289001"><ele>1003.0</ele></trkpt>
    <trkpt lat="-33.708118" lon="150.289001"><ele>1001.2</ele></trkpt>
    <trkpt lat="-33.708034" lon="150.288438"><ele>999.1</ele></trkpt>
    <trkpt lat="-33.708049" lon="150.287934"><ele>997.8</ele></trkpt>
    <trkpt lat="-33.708207" lon="150.288026"><ele>996.5</ele></trkpt>
    <trkpt lat="-33.708526" lon="150.288225"><ele>993.3</ele></trkpt>
    <trkpt lat="-33.710329" lon="150.288728"><ele>934.6</ele></trkpt>
    <trkpt lat="-33.710533" lon="150.288824"><ele>922.7</ele></trkpt>
    <trkpt lat="-33.711143" lon="150.288973"><ele>897.5</ele></trkpt>
    <trkpt lat="-33.711241" lon="150.289207"><ele>891.4</ele></trkpt>
    <trkpt lat="-33.711292" lon="150.289327"><ele>888.6</ele></trkpt>
    <trkpt lat="-33.711327" lon="150.289411"><ele>886.6</ele></trkpt>
    <trkpt lat="-33.711353" lon="150.289474"><ele>885.2</ele></trkpt>
    <trkpt lat="-33.711477" lon="150.289506"><ele>881.7</ele></trkpt>
    <trkpt lat="-33.711726" lon="150.289509"><ele>872.9</ele></trkpt>
    <trkpt lat="-33.712108" lon="150.289375"><ele>850.5</ele></trkpt>
    <trkpt lat="-33.712449" lon="150.289047"><ele>825.4</ele></trkpt>
    <trkpt lat="-33.713209" lon="150.288836"><ele>793.7</ele></trkpt>
    <trkpt lat="-33.713423" lon="150.288417"><ele>783.6</ele></trkpt>
    <trkpt lat="-33.713650" lon="150.288162"><ele>775.5</ele></trkpt>
    <trkpt lat="-33.714073" lon="150.287661"><ele>765.1</ele></trkpt>
    <trkpt lat="-33.714208" lon="150.287323"><ele>759.4</ele></trkpt>
    <trkpt lat="-33.714398" lon="150.286995"><ele>753.4</ele></trkpt>
    <trkpt lat="-33.714643" lon="150.286426"><ele>745.5</ele></trkpt>
    <trkpt lat="-33.714728" lon="150.286016"><ele>741.4</ele></trkpt>
    <trkpt lat="-33.714749" lon="150.285184"><ele>734.5</ele></trkpt>
    <trkpt lat="-33.715135" lon="150.284017"><ele>719.6</ele></trkpt>
    <trkpt lat="-33.715410" lon="150.283253"><ele>708.9</ele></trkpt>
    <trkpt lat="-33.715106" lon="150.282369"><ele>697.0</ele></trkpt>
    <trkpt lat="-33.715120" lon="150.281854"><ele>692.8</ele></trkpt>
    <trkpt lat="-33.715159" lon="150.281616"><ele>691.4</ele></trkpt>
    <trkpt lat="-33.715428" lon="150.281391"><ele>689.3</ele></trkpt>
    <trkpt lat="-33.715342" lon="150.281231"><ele>688.4</ele></trkpt>
    <trkpt lat="-33.715300" lon="150.281091"><ele>687.9</ele></trkpt>
    <trkpt lat="-33.715410" lon="150.280920"><ele>687.3</ele></trkpt>
    <trkpt lat="-33.715788" lon="150.280929"><ele>685.3</ele></trkpt>
    <trkpt lat="-33.715938" lon="150.280934"><ele>684.6</ele></trkpt>
    <trkpt lat="-33.716099" lon="150.280824"><ele>683.3</ele></trkpt>
    <trkpt lat="-33.716598" lon="150.280197"><ele>677.6</ele></trkpt>
    <trkpt lat="-33.718405" lon="150.278673"><ele>669.8</ele></trkpt>
    <trkpt lat="-33.718612" lon="150.278454"><ele>667.2</ele></trkpt>
    <trkpt lat="-33.718844" lon="150.278104"><ele>663.8</ele></trkpt>
    <trkpt lat="-33.719016" lon="150.277774"><ele>660.8</ele></trkpt>
    <trkpt lat="-33.719022" lon="150.277680"><ele>660.1</ele></trkpt>
    <trkpt lat="-33.719017" lon="150.277579"><ele>659.4</ele></trkpt>
    <trkpt lat="-33.718892" lon="150.277015"><ele>654.9</ele></trkpt>
    <trkpt lat="-33.718890" lon="150.276489"><ele>649.8</ele></trkpt>
    <trkpt lat="-33.718916" lon="150.276319"><ele>647.9</ele></trkpt>
    <trkpt lat="-33.718950" lon="150.276206"><ele>646.7</ele></trkpt>
    <trkpt lat="-33.718979" lon="150.276124"><ele>645.8</ele></trkpt>
    <trkpt lat="-33.719056" lon="150.276003"><ele>644.3</ele></trkpt>
    <trkpt lat="-33.719170" lon="150.275929"><ele>642.7</ele></trkpt>
    <trkpt lat="-33.719279" lon="150.275896"><ele>641.3</ele></trkpt>
    <trkpt lat="-33.719383" lon="150.275883"><ele>640.1</ele></trkpt>
    <trkpt lat="-33.719579" lon="150.275899"><ele>638.0</ele></trkpt>
    <trkpt lat="-33.720708" lon="150.275787"><ele>628.6</ele></trkpt>
    <trkpt lat="-33.720994" lon="150.275705"><ele>626.1</ele></trkpt>
    <trkpt lat="-33.721248" lon="150.275575"><ele>624.0</ele></trkpt>
    <trkpt lat="-33.721902" lon="150.275050"><ele>617.0</ele></trkpt>
    <trkpt lat="-33.722245" lon="150.274850"><ele>614.4</ele></trkpt>
    <trkpt lat="-33.722438" lon="150.274789"><ele>613.2</ele></trkpt>
    <trkpt lat="-33.722930" lon="150.274657"><ele>611.4</ele></trkpt>
    <trkpt lat="-33.723581" lon="150.274413"><ele>609.2</ele></trkpt>
    <trkpt lat="-33.724291" lon="150.274020"><ele>604.9</ele></trkpt>
    <trkpt lat="-33.724587" lon="150.273942"><ele>604.0</ele></trkpt>
    <trkpt lat="-33.724664" lon="150.273923"><ele>603.8</ele></trkpt>
    <trkpt lat="-33.724837" lon="150.273891"><ele>603.6</ele></trkpt>
    <trkpt lat="-33.725057" lon="150.273844"><ele>603.6</ele></trkpt>
    <trkpt lat="-33.725151" lon="150.273809"><ele>603.6</ele></trkpt>
    <trkpt lat="-33.725279" lon="150.273718"><ele>603.6</ele></trkpt>
    <trkpt lat="-33.725421" lon="150.273574"><ele>603.3</ele></trkpt>
    <trkpt lat="-33.726541" lon="150.272196"><ele>598.9</ele></trkpt>
    <trkpt lat="-33.727754" lon="150.270528"><ele>595.4</ele></trkpt>
    <trkpt lat="-33.728521" lon="150.269731"><ele>591.0</ele></trkpt>
    <trkpt lat="-33.728716" lon="150.269524"><ele>590.2</ele></trkpt>
    <trkpt lat="-33.728815" lon="150.269372"><ele>589.9</ele></trkpt>
    <trkpt lat="-33.728990" lon="150.268993"><ele>590.4</ele></trkpt>
    <trkpt lat="-33.729955" lon="150.266589"><ele>590.6</ele></trkpt>
    <trkpt lat="-33.730154" lon="150.266132"><ele>590.5</ele></trkpt>
    <trkpt lat="-33.730309" lon="150.265809"><ele>590.1</ele></trkpt>
    <trkpt lat="-33.730452" lon="150.265550"><ele>589.6</ele></trkpt>
    <trkpt lat="-33.730529" lon="150.265386"><ele>589.0</ele></trkpt>
    <trkpt lat="-33.730568" lon="150.265226"><ele>588.5</ele></trkpt>
    <trkpt lat="-33.730582" lon="150.264989"><ele>587.8</ele></trkpt>
    <trkpt lat="-33.730605" lon="150.264805"><ele>587.2</ele></trkpt>
    <trkpt lat="-33.730646" lon="150.264622"><ele>586.6</ele></trkpt>
    <trkpt lat="-33.730709" lon="150.264355"><ele>585.8</ele></trkpt>
    <trkpt lat="-33.730742" lon="150.263967"><ele>585.2</ele></trkpt>
    <trkpt lat="-33.730727" lon="150.263659"><ele>584.9</ele></trkpt>
    <trkpt lat="-33.730710" lon="150.263455"><ele>584.7</ele></trkpt>
    <trkpt lat="-33.730698" lon="150.263133"><ele>584.2</ele></trkpt>
    <trkpt lat="-33.730634" lon="150.262577"><ele>583.4</ele></trkpt>
    <trkpt lat="-33.730610" lon="150.262427"><ele>583.2</ele></trkpt>
    <trkpt lat="-33.730531" lon="150.261932"><ele>582.0</ele></trkpt>
    <trkpt lat="-33.730493" lon="150.261546"><ele>581.1</ele></trkpt>
    <trkpt lat="-33.730469" lon="150.261227"><ele>580.3</ele></trkpt>
    <trkpt lat="-33.730451" lon="150.261104"><ele>580.0</ele></trkpt>
    <trkpt lat="-33.730412" lon="150.260984"><ele>579.5</ele></trkpt>
    <trkpt lat="-33.730262" lon="150.260614"><ele>578.3</ele></trkpt>
    <trkpt lat="-33.730250" lon="150.260518"><ele>578.1</ele></trkpt>
    <trkpt lat="-33.730261" lon="150.260448"><ele>578.0</ele></trkpt>
    <trkpt lat="-33.730299" lon="150.260384"><ele>577.9</ele></trkpt>
    <trkpt lat="-33.730379" lon="150.260308"><ele>577.7</ele></trkpt>
    <trkpt lat="-33.730454" lon="150.260252"><ele>577.7</ele></trkpt>
    <trkpt lat="-33.730519" lon="150.260183"><ele>577.7</ele></trkpt>
    <trkpt lat="-33.730566" lon="150.260087"><ele>577.6</ele></trkpt>
    <trkpt lat="-33.730584" lon="150.260030"><ele>577.6</ele></trkpt>
    <trkpt lat="-33.730596" lon="150.259947"><ele>577.5</ele></trkpt>
    <trkpt lat="-33.730601" lon="150.259844"><ele>577.4</ele></trkpt>
    <trkpt lat="-33.730577" lon="150.259161"><ele>577.8</ele></trkpt>
    <trkpt lat="-33.730575" lon="150.259078"><ele>577.9</ele></trkpt>
    <trkpt lat="-33.730584" lon="150.259009"><ele>577.9</ele></trkpt>
    <trkpt lat="-33.730611" lon="150.258942"><ele>577.9</ele></trkpt>
    <trkpt lat="-33.730663" lon="150.258836"><ele>578.0</ele></trkpt>
    <trkpt lat="-33.730752" lon="150.258637"><ele>577.6</ele></trkpt>
    <trkpt lat="-33.730814" lon="150.258509"><ele>577.4</ele></trkpt>
    <trkpt lat="-33.730882" lon="150.258440"><ele>577.2</ele></trkpt>
    <trkpt lat="-33.730917" lon="150.258421"><ele>577.1</ele></trkpt>
    <trkpt lat="-33.730969" lon="150.258422"><ele>577.0</ele></trkpt>
    <trkpt lat="-33.731128" lon="150.258394"><ele>576.5</ele></trkpt>
    <trkpt lat="-33.731318" lon="150.258297"><ele>575.9</ele></trkpt>
    <trkpt lat="-33.731341" lon="150.258267"><ele>575.8</ele></trkpt>
    <trkpt lat="-33.731527" lon="150.257888"><ele>574.8</ele></trkpt>
    <trkpt lat="-33.731646" lon="150.257469"><ele>574.4</ele></trkpt>
    <trkpt lat="-33.731650" lon="150.257395"><ele>574.5</ele></trkpt>
    <trkpt lat="-33.731650" lon="150.257316"><ele>574.6</ele></trkpt>
    <trkpt lat="-33.731597" lon="150.256817"><ele>575.3</ele></trkpt>
    <trkpt lat="-33.731583" lon="150.256680"><ele>575.3</ele></trkpt>
    <trkpt lat="-33.731570" lon="150.256545"><ele>575.2</ele></trkpt>
    <trkpt lat="-33.731554" lon="150.256388"><ele>575.1</ele></trkpt>
    <trkpt lat="-33.731463" lon="150.256058"><ele>574.8</ele></trkpt>
    <trkpt lat="-33.731395" lon="150.255901"><ele>574.6</ele></trkpt>
    <trkpt lat="-33.731313" lon="150.255745"><ele>574.4</ele></trkpt>
    <trkpt lat="-33.731293" lon="150.255667"><ele>574.3</ele></trkpt>
    <trkpt lat="-33.731290" lon="150.255594"><ele>574.2</ele></trkpt>
    <trkpt lat="-33.731301" lon="150.255513"><ele>574.0</ele></trkpt>
    <trkpt lat="-33.731338" lon="150.255366"><ele>573.8</ele></trkpt>
    <trkpt lat="-33.731366" lon="150.255208"><ele>573.4</ele></trkpt>
    <trkpt lat="-33.731373" lon="150.255129"><ele>573.2</ele></trkpt>
    <trkpt lat="-33.731373" lon="150.254968"><ele>572.7</ele></trkpt>
    <trkpt lat="-33.731339" lon="150.254280"><ele>569.9</ele></trkpt>
    <trkpt lat="-33.731330" lon="150.254161"><ele>569.2</ele></trkpt>
    <trkpt lat="-33.731291" lon="150.253919"><ele>568.0</ele></trkpt>
    <trkpt lat="-33.731285" lon="150.253826"><ele>567.7</ele></trkpt>
    <trkpt lat="-33.731291" lon="150.253728"><ele>567.3</ele></trkpt>
    <trkpt lat="-33.731301" lon="150.253570"><ele>567.0</ele></trkpt>
    <trkpt lat="-33.731291" lon="150.253444"><ele>566.9</ele></trkpt>
    <trkpt lat="-33.731273" lon="150.253348"><ele>566.8</ele></trkpt>
    <trkpt lat="-33.731234" lon="150.253226"><ele>567.2</ele></trkpt>
    <trkpt lat="-33.731031" lon="150.252763"><ele>568.4</ele></trkpt>
    <trkpt lat="-33.731003" lon="150.252709"><ele>568.6</ele></trkpt>
    <trkpt lat="-33.730926" lon="150.252628"><ele>568.8</ele></trkpt>
    <trkpt lat="-33.730562" lon="150.252432"><ele>569.4</ele></trkpt>
    <trkpt lat="-33.730455" lon="150.252355"><ele>569.4</ele></trkpt>
    <trkpt lat="-33.730176" lon="150.252079"><ele>568.7</ele></trkpt>
    <trkpt lat="-33.730091" lon="150.251983"><ele>568.4</ele></trkpt>
    <trkpt lat="-33.730025" lon="150.251853"><ele>568.1</ele></trkpt>
    <trkpt lat="-33.729945" lon="150.251639"><ele>567.7</ele></trkpt>
    <trkpt lat="-33.729926" lon="150.251516"><ele>567.5</ele></trkpt>
    <trkpt lat="-33.729936" lon="150.251428"><ele>567.3</ele></trkpt>
    <trkpt lat="-33.729970" lon="150.251324"><ele>567.0</ele></trkpt>
    <trkpt lat="-33.730125" lon="150.250947"><ele>566.0</ele></trkpt>
    <trkpt lat="-33.730310" lon="150.250622"><ele>565.1</ele></trkpt>
    <trkpt lat="-33.730644" lon="150.250077"><ele>564.2</ele></trkpt>
    <trkpt lat="-33.730717" lon="150.249898"><ele>564.5</ele></trkpt>
    <trkpt lat="-33.730876" lon="150.249358"><ele>565.6</ele></trkpt>
    <trkpt lat="-33.730904" lon="150.249213"><ele>565.8</ele></trkpt>
    <trkpt lat="-33.730930" lon="150.249034"><ele>566.0</ele></trkpt>
    <trkpt lat="-33.730938" lon="150.248687"><ele>566.1</ele></trkpt>
    <trkpt lat="-33.730899" lon="150.248163"><ele>565.6</ele></trkpt>
    <trkpt lat="-33.730841" lon="150.247833"><ele>565.7</ele></trkpt>
    <trkpt lat="-33.730576" lon="150.246751"><ele>568.5</ele></trkpt>
    <trkpt lat="-33.730509" lon="150.246451"><ele>567.5</ele></trkpt>
    <trkpt lat="-33.730508" lon="150.246273"><ele>566.3</ele></trkpt>
    <trkpt lat="-33.730540" lon="150.245991"><ele>563.6</ele></trkpt>
    <trkpt lat="-33.730756" lon="150.244667"><ele>558.5</ele></trkpt>
    <trkpt lat="-33.730814" lon="150.243836"><ele>560.1</ele></trkpt>
    <trkpt lat="-33.730874" lon="150.243519"><ele>560.1</ele></trkpt>
    <trkpt lat="-33.730889" lon="150.243450"><ele>560.0</ele></trkpt>
    <trkpt lat="-33.730890" lon="150.243442"><ele>560.1</ele></trkpt>
    <trkpt lat="-33.730894" lon="150.243328"><ele>560.1</ele></trkpt>
    <trkpt lat="-33.730878" lon="150.243213"><ele>560.2</ele></trkpt>
    <trkpt lat="-33.730910" lon="150.243007"><ele>560.5</ele></trkpt>
    <trkpt lat="-33.730955" lon="150.242906"><ele>560.8</ele></trkpt>
    <trkpt lat="-33.730997" lon="150.242878"><ele>560.9</ele></trkpt>
    <trkpt lat="-33.731138" lon="150.242854"><ele>561.3</ele></trkpt>
    <trkpt lat="-33.731197" lon="150.242844"><ele>561.5</ele></trkpt>
    <trkpt lat="-33.731350" lon="150.242809"><ele>561.6</ele></trkpt>
    <trkpt lat="-33.731442" lon="150.242829"><ele>561.4</ele></trkpt>
    <trkpt lat="-33.731770" lon="150.242685"><ele>560.2</ele></trkpt>
    <trkpt lat="-33.731881" lon="150.242636"><ele>559.7</ele></trkpt>
    <trkpt lat="-33.731969" lon="150.242576"><ele>559.2</ele></trkpt>
    <trkpt lat="-33.732093" lon="150.242503"><ele>558.6</ele></trkpt>
    <trkpt lat="-33.732200" lon="150.242430"><ele>558.1</ele></trkpt>
    <trkpt lat="-33.732353" lon="150.242331"><ele>557.9</ele></trkpt>
    <trkpt lat="-33.732612" lon="150.242186"><ele>558.6</ele></trkpt>
    <trkpt lat="-33.732762" lon="150.242106"><ele>559.5</ele></trkpt>
    <trkpt lat="-33.732900" lon="150.242064"><ele>560.8</ele></trkpt>
    <trkpt lat="-33.733128" lon="150.241904"><ele>563.8</ele></trkpt>
    <trkpt lat="-33.733318" lon="150.241735"><ele>566.9</ele></trkpt>
    <trkpt lat="-33.733488" lon="150.241664"><ele>569.2</ele></trkpt>
    <trkpt lat="-33.733729" lon="150.241510"><ele>571.0</ele></trkpt>
    <trkpt lat="-33.734233" lon="150.241060"><ele>574.9</ele></trkpt>
    <trkpt lat="-33.734381" lon="150.240672"><ele>575.7</ele></trkpt>
    <trkpt lat="-33.734416" lon="150.240354"><ele>576.7</ele></trkpt>
    <trkpt lat="-33.734552" lon="150.239908"><ele>577.0</ele></trkpt>
    <trkpt lat="-33.734728" lon="150.239511"><ele>575.0</ele></trkpt>
    <trkpt lat="-33.734801" lon="150.239310"><ele>573.8</ele></trkpt>
    <trkpt lat="-33.734924" lon="150.239165"><ele>572.5</ele></trkpt>
    <trkpt lat="-33.735063" lon="150.238994"><ele>571.2</ele></trkpt>
    <trkpt lat="-33.735171" lon="150.238791"><ele>570.2</ele></trkpt>
    <trkpt lat="-33.735302" lon="150.238599"><ele>569.5</ele></trkpt>
    <trkpt lat="-33.735476" lon="150.238435"><ele>569.2</ele></trkpt>
    <trkpt lat="-33.735486" lon="150.238376"><ele>569.3</ele></trkpt>
    <trkpt lat="-33.735516" lon="150.238253"><ele>569.5</ele></trkpt>
    <trkpt lat="-33.735552" lon="150.238043"><ele>570.0</ele></trkpt>
    <trkpt lat="-33.735626" lon="150.237880"><ele>570.6</ele></trkpt>
    <trkpt lat="-33.735667" lon="150.237679"><ele>571.4</ele></trkpt>
    <trkpt lat="-33.735702" lon="150.237611"><ele>571.6</ele></trkpt>
    <trkpt lat="-33.735735" lon="150.237557"><ele>571.9</ele></trkpt>
    <trkpt lat="-33.735791" lon="150.237337"><ele>572.5</ele></trkpt>
    <trkpt lat="-33.735822" lon="150.237173"><ele>572.9</ele></trkpt>
    <trkpt lat="-33.735823" lon="150.236931"><ele>573.1</ele></trkpt>
    <trkpt lat="-33.735811" lon="150.236725"><ele>573.3</ele></trkpt>
    <trkpt lat="-33.735829" lon="150.236554"><ele>573.5</ele></trkpt>
    <trkpt lat="-33.735814" lon="150.236368"><ele>573.7</ele></trkpt>
    <trkpt lat="-33.735766" lon="150.236031"><ele>574.3</ele></trkpt>
    <trkpt lat="-33.735735" lon="150.235704"><ele>575.3</ele></trkpt>
    <trkpt lat="-33.735615" lon="150.235308"><ele>577.0</ele></trkpt>
    <trkpt lat="-33.735604" lon="150.234820"><ele>578.1</ele></trkpt>
    <trkpt lat="-33.735515" lon="150.234578"><ele>578.4</ele></trkpt>
    <trkpt lat="-33.735533" lon="150.234427"><ele>578.3</ele></trkpt>
    <trkpt lat="-33.735480" lon="150.233952"><ele>577.6</ele></trkpt>
    <trkpt lat="-33.735432" lon="150.233642"><ele>576.8</ele></trkpt>
    <trkpt lat="-33.735386" lon="150.233489"><ele>576.0</ele></trkpt>
    <trkpt lat="-33.735366" lon="150.233025"><ele>572.6</ele></trkpt>
    <trkpt lat="-33.735358" lon="150.232845"><ele>570.7</ele></trkpt>
    <trkpt lat="-33.735328" lon="150.232628"><ele>568.3</ele></trkpt>
    <trkpt lat="-33.735318" lon="150.232461"><ele>566.2</ele></trkpt>
    <trkpt lat="-33.735340" lon="150.232287"><ele>563.9</ele></trkpt>
    <trkpt lat="-33.735354" lon="150.232162"><ele>562.3</ele></trkpt>
    <trkpt lat="-33.735354" lon="150.232094"><ele>561.4</ele></trkpt>
    <trkpt lat="-33.735327" lon="150.232034"><ele>560.6</ele></trkpt>
    <trkpt lat="-33.735256" lon="150.231922"><ele>558.8</ele></trkpt>
    <trkpt lat="-33.735208" lon="150.231867"><ele>557.9</ele></trkpt>
    <trkpt lat="-33.735168" lon="150.231783"><ele>556.7</ele></trkpt>
    <trkpt lat="-33.735148" lon="150.231709"><ele>555.9</ele></trkpt>
    <trkpt lat="-33.735138" lon="150.231647"><ele>555.2</ele></trkpt>
    <trkpt lat="-33.735141" lon="150.231582"><ele>554.5</ele></trkpt>
    <trkpt lat="-33.735159" lon="150.231439"><ele>553.0</ele></trkpt>
    <trkpt lat="-33.735180" lon="150.231305"><ele>551.6</ele></trkpt>
    <trkpt lat="-33.735206" lon="150.231211"><ele>550.7</ele></trkpt>
    <trkpt lat="-33.735402" lon="150.230746"><ele>546.5</ele></trkpt>
    <trkpt lat="-33.735402" lon="150.230654"><ele>545.8</ele></trkpt>
    <trkpt lat="-33.735408" lon="150.230583"><ele>545.2</ele></trkpt>
    <trkpt lat="-33.735418" lon="150.230522"><ele>544.9</ele></trkpt>
    <trkpt lat="-33.735446" lon="150.230422"><ele>544.3</ele></trkpt>
    <trkpt lat="-33.735488" lon="150.230300"><ele>543.5</ele></trkpt>
    <trkpt lat="-33.735508" lon="150.230211"><ele>543.3</ele></trkpt>
    <trkpt lat="-33.735517" lon="150.230094"><ele>543.0</ele></trkpt>
    <trkpt lat="-33.735519" lon="150.229933"><ele>542.6</ele></trkpt>
    <trkpt lat="-33.735490" lon="150.229587"><ele>542.6</ele></trkpt>
    <trkpt lat="-33.735474" lon="150.229496"><ele>542.7</ele></trkpt>
    <trkpt lat="-33.735445" lon="150.229418"><ele>542.8</ele></trkpt>
    <trkpt lat="-33.735380" lon="150.229298"><ele>542.8</ele></trkpt>
    <trkpt lat="-33.735271" lon="150.229144"><ele>542.9</ele></trkpt>
    <trkpt lat="-33.735116" lon="150.228997"><ele>542.7</ele></trkpt>
    <trkpt lat="-33.734977" lon="150.228900"><ele>542.5</ele></trkpt>
    <trkpt lat="-33.734895" lon="150.228840"><ele>542.2</ele></trkpt>
    <trkpt lat="-33.734822" lon="150.228774"><ele>541.9</ele></trkpt>
    <trkpt lat="-33.734770" lon="150.228712"><ele>541.7</ele></trkpt>
    <trkpt lat="-33.734628" lon="150.228568"><ele>541.1</ele></trkpt>
    <trkpt lat="-33.734546" lon="150.228486"><ele>540.9</ele></trkpt>
    <trkpt lat="-33.734489" lon="150.228423"><ele>540.7</ele></trkpt>
    <trkpt lat="-33.734429" lon="150.228337"><ele>540.6</ele></trkpt>
    <trkpt lat="-33.734368" lon="150.228206"><ele>540.6</ele></trkpt>
    <trkpt lat="-33.734332" lon="150.228093"><ele>540.8</ele></trkpt>
    <trkpt lat="-33.734299" lon="150.227955"><ele>541.1</ele></trkpt>
    <trkpt lat="-33.734251" lon="150.227752"><ele>541.9</ele></trkpt>
    <trkpt lat="-33.734194" lon="150.227562"><ele>542.8</ele></trkpt>
    <trkpt lat="-33.734130" lon="150.227397"><ele>543.6</ele></trkpt>
    <trkpt lat="-33.734082" lon="150.227259"><ele>544.3</ele></trkpt>
    <trkpt lat="-33.734054" lon="150.227164"><ele>544.8</ele></trkpt>
    <trkpt lat="-33.734027" lon="150.227058"><ele>545.2</ele></trkpt>
    <trkpt lat="-33.734024" lon="150.226951"><ele>545.7</ele></trkpt>
    <trkpt lat="-33.734033" lon="150.226873"><ele>546.0</ele></trkpt>
    <trkpt lat="-33.734058" lon="150.226785"><ele>546.3</ele></trkpt>
    <trkpt lat="-33.734094" lon="150.226711"><ele>546.5</ele></trkpt>
    <trkpt lat="-33.734140" lon="150.226651"><ele>546.7</ele></trkpt>
    <trkpt lat="-33.734188" lon="150.226608"><ele>546.7</ele></trkpt>
    <trkpt lat="-33.734303" lon="150.226512"><ele>547.0</ele></trkpt>
    <trkpt lat="-33.734430" lon="150.226426"><ele>547.3</ele></trkpt>
    <trkpt lat="-33.734465" lon="150.226408"><ele>547.4</ele></trkpt>
    <trkpt lat="-33.734484" lon="150.226395"><ele>547.5</ele></trkpt>
    <trkpt lat="-33.734486" lon="150.226341"><ele>547.7</ele></trkpt>
    <trkpt lat="-33.734502" lon="150.226219"><ele>548.3</ele></trkpt>
    <trkpt lat="-33.734457" lon="150.226084"><ele>549.1</ele></trkpt>
    <trkpt lat="-33.734437" lon="150.225988"><ele>549.7</ele></trkpt>
    <trkpt lat="-33.734412" lon="150.225911"><ele>550.2</ele></trkpt>
    <trkpt lat="-33.734416" lon="150.225818"><ele>550.9</ele></trkpt>
    <trkpt lat="-33.734358" lon="150.225705"><ele>551.8</ele></trkpt>
    <trkpt lat="-33.734337" lon="150.225665"><ele>552.1</ele></trkpt>
    <trkpt lat="-33.734335" lon="150.225616"><ele>552.4</ele></trkpt>
    <trkpt lat="-33.734214" lon="150.224809"><ele>557.5</ele></trkpt>
    <trkpt lat="-33.734217" lon="150.224645"><ele>556.9</ele></trkpt>
    <trkpt lat="-33.734248" lon="150.224369"><ele>555.2</ele></trkpt>
    <trkpt lat="-33.734128" lon="150.224034"><ele>552.1</ele></trkpt>
    <trkpt lat="-33.734124" lon="150.223748"><ele>549.9</ele></trkpt>
    <trkpt lat="-33.734075" lon="150.223518"><ele>547.9</ele></trkpt>
    <trkpt lat="-33.734026" lon="150.223178"><ele>545.1</ele></trkpt>
    <trkpt lat="-33.734001" lon="150.223165"><ele>544.9</ele></trkpt>
    <trkpt lat="-33.733929" lon="150.223113"><ele>544.2</ele></trkpt>
    <trkpt lat="-33.733809" lon="150.223077"><ele>543.3</ele></trkpt>
    <trkpt lat="-33.733692" lon="150.222993"><ele>542.4</ele></trkpt>
    <trkpt lat="-33.733610" lon="150.222871"><ele>541.6</ele></trkpt>
    <trkpt lat="-33.733387" lon="150.222443"><ele>540.0</ele></trkpt>
    <trkpt lat="-33.733373" lon="150.222285"><ele>540.1</ele></trkpt>
    <trkpt lat="-33.733379" lon="150.222240"><ele>540.3</ele></trkpt>
    <trkpt lat="-33.733386" lon="150.222190"><ele>540.5</ele></trkpt>
    <trkpt lat="-33.733303" lon="150.222084"><ele>541.1</ele></trkpt>
    <trkpt lat="-33.733235" lon="150.221857"><ele>543.1</ele></trkpt>
    <trkpt lat="-33.733205" lon="150.221704"><ele>544.6</ele></trkpt>
    <trkpt lat="-33.733224" lon="150.221600"><ele>546.0</ele></trkpt>
    <trkpt lat="-33.733219" lon="150.221479"><ele>547.6</ele></trkpt>
    <trkpt lat="-33.733201" lon="150.221282"><ele>550.2</ele></trkpt>
    <trkpt lat="-33.733156" lon="150.221128"><ele>552.3</ele></trkpt>
    <trkpt lat="-33.733090" lon="150.220985"><ele>554.1</ele></trkpt>
    <trkpt lat="-33.733056" lon="150.220720"><ele>556.9</ele></trkpt>
    <trkpt lat="-33.733029" lon="150.220574"><ele>558.4</ele></trkpt>
    <trkpt lat="-33.733033" lon="150.220459"><ele>559.6</ele></trkpt>
    <trkpt lat="-33.733010" lon="150.220347"><ele>560.7</ele></trkpt>
    <trkpt lat="-33.732990" lon="150.220040"><ele>563.6</ele></trkpt>
    <trkpt lat="-33.732974" lon="150.219886"><ele>564.9</ele></trkpt>
    <trkpt lat="-33.732985" lon="150.219783"><ele>565.7</ele></trkpt>
    <trkpt lat="-33.732961" lon="150.219719"><ele>566.3</ele></trkpt>
    <trkpt lat="-33.732989" lon="150.219650"><ele>566.9</ele></trkpt>
    <trkpt lat="-33.732991" lon="150.219606"><ele>567.2</ele></trkpt>
    <trkpt lat="-33.732977" lon="150.219557"><ele>567.6</ele></trkpt>
    <trkpt lat="-33.732942" lon="150.219313"><ele>569.3</ele></trkpt>
    <trkpt lat="-33.732983" lon="150.219214"><ele>570.0</ele></trkpt>
    <trkpt lat="-33.733071" lon="150.219029"><ele>570.2</ele></trkpt>
    <trkpt lat="-33.733161" lon="150.218626"><ele>568.8</ele></trkpt>
    <trkpt lat="-33.733400" lon="150.217603"><ele>555.3</ele></trkpt>
    <trkpt lat="-33.733441" lon="150.217473"><ele>553.6</ele></trkpt>
    <trkpt lat="-33.733449" lon="150.217390"><ele>552.5</ele></trkpt>
    <trkpt lat="-33.733505" lon="150.217224"><ele>550.9</ele></trkpt>
    <trkpt lat="-33.733544" lon="150.217061"><ele>549.6</ele></trkpt>
    <trkpt lat="-33.733574" lon="150.217005"><ele>549.3</ele></trkpt>
    <trkpt lat="-33.733582" lon="150.216891"><ele>548.9</ele></trkpt>
    <trkpt lat="-33.733646" lon="150.216731"><ele>548.3</ele></trkpt>
    <trkpt lat="-33.733708" lon="150.216653"><ele>547.9</ele></trkpt>
    <trkpt lat="-33.733758" lon="150.216600"><ele>547.6</ele></trkpt>
    <trkpt lat="-33.733774" lon="150.216574"><ele>547.4</ele></trkpt>
    <trkpt lat="-33.733839" lon="150.216520"><ele>547.1</ele></trkpt>
    <trkpt lat="-33.733958" lon="150.216465"><ele>546.8</ele></trkpt>
    <trkpt lat="-33.733988" lon="150.216438"><ele>546.7</ele></trkpt>
    <trkpt lat="-33.733993" lon="150.216346"><ele>546.6</ele></trkpt>
    <trkpt lat="-33.733968" lon="150.216288"><ele>546.5</ele></trkpt>
    <trkpt lat="-33.733932" lon="150.216226"><ele>546.4</ele></trkpt>
    <trkpt lat="-33.733825" lon="150.216188"><ele>546.3</ele></trkpt>
    <trkpt lat="-33.733565" lon="150.216004"><ele>545.6</ele></trkpt>
    <trkpt lat="-33.733480" lon="150.215923"><ele>545.3</ele></trkpt>
    <trkpt lat="-33.733434" lon="150.215919"><ele>545.1</ele></trkpt>
    <trkpt lat="-33.733365" lon="150.215872"><ele>544.8</ele></trkpt>
    <trkpt lat="-33.733325" lon="150.215800"><ele>544.5</ele></trkpt>
    <trkpt lat="-33.733307" lon="150.215730"><ele>544.6</ele></trkpt>
    <trkpt lat="-33.733299" lon="150.215644"><ele>544.6</ele></trkpt>
    <trkpt lat="-33.733297" lon="150.215425"><ele>544.8</ele></trkpt>
    <trkpt lat="-33.733338" lon="150.215048"><ele>545.0</ele></trkpt>
    <trkpt lat="-33.733365" lon="150.214843"><ele>544.9</ele></trkpt>
    <trkpt lat="-33.733372" lon="150.214707"><ele>544.8</ele></trkpt>
    <trkpt lat="-33.733349" lon="150.214573"><ele>544.7</ele></trkpt>
    <trkpt lat="-33.733200" lon="150.214383"><ele>544.6</ele></trkpt>
    <trkpt lat="-33.733124" lon="150.214168"><ele>544.2</ele></trkpt>
    <trkpt lat="-33.733067" lon="150.213901"><ele>543.1</ele></trkpt>
    <trkpt lat="-33.733111" lon="150.213788"><ele>542.1</ele></trkpt>
    <trkpt lat="-33.733240" lon="150.213624"><ele>540.1</ele></trkpt>
    <trkpt lat="-33.733326" lon="150.213313"><ele>536.2</ele></trkpt>
    <trkpt lat="-33.733281" lon="150.212966"><ele>531.8</ele></trkpt>
    <trkpt lat="-33.733222" lon="150.212773"><ele>529.3</ele></trkpt>
    <trkpt lat="-33.733050" lon="150.212571"><ele>526.5</ele></trkpt>
    <trkpt lat="-33.732875" lon="150.212437"><ele>525.1</ele></trkpt>
    <trkpt lat="-33.732903" lon="150.212376"><ele>524.8</ele></trkpt>
    <trkpt lat="-33.732845" lon="150.212222"><ele>524.2</ele></trkpt>
    <trkpt lat="-33.732633" lon="150.212079"><ele>523.3</ele></trkpt>
    <trkpt lat="-33.732446" lon="150.212068"><ele>522.8</ele></trkpt>
    <trkpt lat="-33.732335" lon="150.212022"><ele>522.6</ele></trkpt>
    <trkpt lat="-33.732140" lon="150.212051"><ele>522.2</ele></trkpt>
    <trkpt lat="-33.731912" lon="150.212068"><ele>521.4</ele></trkpt>
    <trkpt lat="-33.731699" lon="150.212040"><ele>520.3</ele></trkpt>
    <trkpt lat="-33.731352" lon="150.212026"><ele>519.1</ele></trkpt>
    <trkpt lat="-33.731032" lon="150.212065"><ele>517.7</ele></trkpt>
    <trkpt lat="-33.730158" lon="150.212000"><ele>512.3</ele></trkpt>
    <trkpt lat="-33.730067" lon="150.212001"><ele>512.1</ele></trkpt>
    <trkpt lat="-33.729998" lon="150.211936"><ele>511.8</ele></trkpt>
    <trkpt lat="-33.729849" lon="150.211827"><ele>511.1</ele></trkpt>
    <trkpt lat="-33.729754" lon="150.211689"><ele>510.7</ele></trkpt>
    <trkpt lat="-33.729773" lon="150.211533"><ele>510.4</ele></trkpt>
    <trkpt lat="-33.729705" lon="150.211387"><ele>510.1</ele></trkpt>
    <trkpt lat="-33.729664" lon="150.211293"><ele>509.8</ele></trkpt>
    <trkpt lat="-33.729653" lon="150.211138"><ele>509.3</ele></trkpt>
    <trkpt lat="-33.729609" lon="150.210938"><ele>508.3</ele></trkpt>
    <trkpt lat="-33.729511" lon="150.210814"><ele>507.4</ele></trkpt>
    <trkpt lat="-33.729431" lon="150.210646"><ele>506.3</ele></trkpt>
    <trkpt lat="-33.729393" lon="150.210398"><ele>504.7</ele></trkpt>
    <trkpt lat="-33.729323" lon="150.210170"><ele>503.3</ele></trkpt>
    <trkpt lat="-33.729318" lon="150.210047"><ele>502.6</ele></trkpt>
    <trkpt lat="-33.729247" lon="150.209842"><ele>501.3</ele></trkpt>
    <trkpt lat="-33.729185" lon="150.209717"><ele>500.4</ele></trkpt>
    <trkpt lat="-33.729189" lon="150.209528"><ele>499.5</ele></trkpt>
    <trkpt lat="-33.729190" lon="150.209312"><ele>498.3</ele></trkpt>
    <trkpt lat="-33.729166" lon="150.209152"><ele>497.2</ele></trkpt>
    <trkpt lat="-33.729246" lon="150.208794"><ele>495.2</ele></trkpt>
    <trkpt lat="-33.729267" lon="150.208609"><ele>494.2</ele></trkpt>
    <trkpt lat="-33.729247" lon="150.208489"><ele>493.6</ele></trkpt>
    <trkpt lat="-33.729267" lon="150.208133"><ele>492.0</ele></trkpt>
    <trkpt lat="-33.729252" lon="150.207994"><ele>491.4</ele></trkpt>
    <trkpt lat="-33.729269" lon="150.207959"><ele>491.2</ele></trkpt>
    <trkpt lat="-33.729335" lon="150.207924"><ele>490.8</ele></trkpt>
    <trkpt lat="-33.729481" lon="150.207923"><ele>490.2</ele></trkpt>
    <trkpt lat="-33.729824" lon="150.207899"><ele>489.0</ele></trkpt>
    <trkpt lat="-33.730069" lon="150.207594"><ele>488.4</ele></trkpt>
    <trkpt lat="-33.730112" lon="150.207248"><ele>487.8</ele></trkpt>
    <trkpt lat="-33.730281" lon="150.206991"><ele>486.8</ele></trkpt>
    <trkpt lat="-33.730361" lon="150.206804"><ele>486.1</ele></trkpt>
    <trkpt lat="-33.730477" lon="150.206558"><ele>485.4</ele></trkpt>
    <trkpt lat="-33.730857" lon="150.206299"><ele>484.3</ele></trkpt>
    <trkpt lat="-33.731061" lon="150.206167"><ele>484.1</ele></trkpt>
    <trkpt lat="-33.731252" lon="150.206028"><ele>484.0</ele></trkpt>
    <trkpt lat="-33.731307" lon="150.205752"><ele>483.1</ele></trkpt>
    <trkpt lat="-33.731412" lon="150.205647"><ele>482.1</ele></trkpt>
    <trkpt lat="-33.731399" lon="150.205523"><ele>481.0</ele></trkpt>
    <trkpt lat="-33.731378" lon="150.205405"><ele>479.9</ele></trkpt>
    <trkpt lat="-33.731376" lon="150.205280"><ele>478.9</ele></trkpt>
    <trkpt lat="-33.731356" lon="150.205205"><ele>478.2</ele></trkpt>
    <trkpt lat="-33.731234" lon="150.205139"><ele>476.9</ele></trkpt>
    <trkpt lat="-33.731163" lon="150.205078"><ele>475.8</ele></trkpt>
    <trkpt lat="-33.731116" lon="150.204944"><ele>474.3</ele></trkpt>
    <trkpt lat="-33.731126" lon="150.204702"><ele>471.6</ele></trkpt>
    <trkpt lat="-33.731112" lon="150.204461"><ele>469.2</ele></trkpt>
    <trkpt lat="-33.730815" lon="150.203998"><ele>464.9</ele></trkpt>
    <trkpt lat="-33.730709" lon="150.203853"><ele>463.1</ele></trkpt>
    <trkpt lat="-33.730676" lon="150.203723"><ele>461.9</ele></trkpt>
    <trkpt lat="-33.730495" lon="150.203540"><ele>460.3</ele></trkpt>
    <trkpt lat="-33.730415" lon="150.203427"><ele>459.6</ele></trkpt>
    <trkpt lat="-33.730416" lon="150.203386"><ele>459.5</ele></trkpt>
    <trkpt lat="-33.730317" lon="150.203256"><ele>458.7</ele></trkpt>
    <trkpt lat="-33.730315" lon="150.203223"><ele>458.5</ele></trkpt>
    <trkpt lat="-33.730365" lon="150.202984"><ele>457.2</ele></trkpt>
    <trkpt lat="-33.730395" lon="150.202787"><ele>456.7</ele></trkpt>
    <trkpt lat="-33.730406" lon="150.202578"><ele>456.2</ele></trkpt>
    <trkpt lat="-33.730455" lon="150.202341"><ele>456.0</ele></trkpt>
    <trkpt lat="-33.730601" lon="150.202153"><ele>454.9</ele></trkpt>
    <trkpt lat="-33.730663" lon="150.202036"><ele>454.2</ele></trkpt>
    <trkpt lat="-33.730754" lon="150.201942"><ele>453.2</ele></trkpt>
    <trkpt lat="-33.730863" lon="150.201928"><ele>452.3</ele></trkpt>
    <trkpt lat="-33.731003" lon="150.201843"><ele>450.9</ele></trkpt>
    <trkpt lat="-33.731145" lon="150.201809"><ele>449.6</ele></trkpt>
    <trkpt lat="-33.731218" lon="150.201746"><ele>448.7</ele></trkpt>
    <trkpt lat="-33.731319" lon="150.201413"><ele>445.0</ele></trkpt>
    <trkpt lat="-33.731398" lon="150.201317"><ele>443.4</ele></trkpt>
    <trkpt lat="-33.731484" lon="150.201269"><ele>441.8</ele></trkpt>
    <trkpt lat="-33.731598" lon="150.201153"><ele>439.5</ele></trkpt>
    <trkpt lat="-33.731732" lon="150.200890"><ele>436.3</ele></trkpt>
    <trkpt lat="-33.731930" lon="150.200683"><ele>433.4</ele></trkpt>
    <trkpt lat="-33.732055" lon="150.200619"><ele>431.8</ele></trkpt>
    <trkpt lat="-33.732208" lon="150.200588"><ele>430.0</ele></trkpt>
    <trkpt lat="-33.732371" lon="150.200463"><ele>428.7</ele></trkpt>
    <trkpt lat="-33.732471" lon="150.200426"><ele>428.1</ele></trkpt>
    <trkpt lat="-33.732666" lon="150.200249"><ele>427.4</ele></trkpt>
    <trkpt lat="-33.732751" lon="150.200271"><ele>427.2</ele></trkpt>
    <trkpt lat="-33.732866" lon="150.200307"><ele>426.8</ele></trkpt>
    <trkpt lat="-33.732936" lon="150.200209"><ele>426.5</ele></trkpt>
    <trkpt lat="-33.733021" lon="150.200171"><ele>426.2</ele></trkpt>
    <trkpt lat="-33.733235" lon="150.199818"><ele>426.3</ele></trkpt>
    <trkpt lat="-33.733341" lon="150.199756"><ele>426.5</ele></trkpt>
    <trkpt lat="-33.733433" lon="150.199748"><ele>426.6</ele></trkpt>
    <trkpt lat="-33.733510" lon="150.199838"><ele>426.7</ele></trkpt>
    <trkpt lat="-33.733578" lon="150.199997"><ele>426.3</ele></trkpt>
    <trkpt lat="-33.733622" lon="150.200143"><ele>425.9</ele></trkpt>
    <trkpt lat="-33.733659" lon="150.200226"><ele>425.2</ele></trkpt>
    <trkpt lat="-33.733736" lon="150.200242"><ele>424.4</ele></trkpt>
    <trkpt lat="-33.733798" lon="150.200352"><ele>423.3</ele></trkpt>
    <trkpt lat="-33.733908" lon="150.200328"><ele>421.8</ele></trkpt>
    <trkpt lat="-33.733998" lon="150.200346"><ele>420.6</ele></trkpt>
    <trkpt lat="-33.734149" lon="150.200306"><ele>418.3</ele></trkpt>
    <trkpt lat="-33.734262" lon="150.200311"><ele>416.4</ele></trkpt>
    <trkpt lat="-33.734270" lon="150.200142"><ele>413.9</ele></trkpt>
    <trkpt lat="-33.734339" lon="150.200045"><ele>411.7</ele></trkpt>
    <trkpt lat="-33.734391" lon="150.200044"><ele>410.7</ele></trkpt>
    <trkpt lat="-33.734403" lon="150.200087"><ele>409.9</ele></trkpt>
    <trkpt lat="-33.734407" lon="150.200161"><ele>408.7</ele></trkpt>
    <trkpt lat="-33.734495" lon="150.200172"><ele>406.9</ele></trkpt>
    <trkpt lat="-33.734580" lon="150.200149"><ele>405.2</ele></trkpt>
    <trkpt lat="-33.734644" lon="150.200071"><ele>403.6</ele></trkpt>
    <trkpt lat="-33.734703" lon="150.200052"><ele>402.8</ele></trkpt>
    <trkpt lat="-33.734778" lon="150.199973"><ele>401.4</ele></trkpt>
    <trkpt lat="-33.734766" lon="150.199800"><ele>399.5</ele></trkpt>
    <trkpt lat="-33.734758" lon="150.199545"><ele>396.9</ele></trkpt>
    <trkpt lat="-33.734884" lon="150.199461"><ele>394.3</ele></trkpt>
    <trkpt lat="-33.734917" lon="150.199409"><ele>393.4</ele></trkpt>
    <trkpt lat="-33.734924" lon="150.199355"><ele>392.5</ele></trkpt>
    <trkpt lat="-33.734950" lon="150.199303"><ele>391.5</ele></trkpt>
    <trkpt lat="-33.734887" lon="150.199207"><ele>389.4</ele></trkpt>
    <trkpt lat="-33.734606" lon="150.198898"><ele>382.1</ele></trkpt>
    <trkpt lat="-33.734366" lon="150.198564"><ele>376.0</ele></trkpt>
    <trkpt lat="-33.734404" lon="150.198439"><ele>374.3</ele></trkpt>
    <trkpt lat="-33.734408" lon="150.198332"><ele>372.9</ele></trkpt>
    <trkpt lat="-33.734452" lon="150.198255"><ele>372.2</ele></trkpt>
    <trkpt lat="-33.734532" lon="150.198099"><ele>370.8</ele></trkpt>
    <trkpt lat="-33.734590" lon="150.197861"><ele>370.1</ele></trkpt>
    <trkpt lat="-33.734680" lon="150.197703"><ele>369.8</ele></trkpt>
    <trkpt lat="-33.734893" lon="150.197555"><ele>369.6</ele></trkpt>
    <trkpt lat="-33.735015" lon="150.197487"><ele>369.5</ele></trkpt>
    <trkpt lat="-33.735124" lon="150.197393"><ele>369.3</ele></trkpt>
    <trkpt lat="-33.735340" lon="150.197255"><ele>368.3</ele></trkpt>
    <trkpt lat="-33.735484" lon="150.197160"><ele>366.8</ele></trkpt>
    <trkpt lat="-33.735590" lon="150.197085"><ele>365.7</ele></trkpt>
    <trkpt lat="-33.735573" lon="150.196946"><ele>364.4</ele></trkpt>
    <trkpt lat="-33.735412" lon="150.196800"><ele>362.1</ele></trkpt>
    <trkpt lat="-33.735186" lon="150.196558"><ele>358.6</ele></trkpt>
    <trkpt lat="-33.735080" lon="150.196383"><ele>356.9</ele></trkpt>
    <trkpt lat="-33.735028" lon="150.196223"><ele>356.8</ele></trkpt>
    <trkpt lat="-33.735057" lon="150.196155"><ele>356.8</ele></trkpt>
    <trkpt lat="-33.735207" lon="150.196031"><ele>356.9</ele></trkpt>
    <trkpt lat="-33.735348" lon="150.195903"><ele>357.2</ele></trkpt>
    <trkpt lat="-33.735459" lon="150.195816"><ele>357.3</ele></trkpt>
    <trkpt lat="-33.735533" lon="150.195715"><ele>357.4</ele></trkpt>
    <trkpt lat="-33.735541" lon="150.195587"><ele>357.3</ele></trkpt>
    <trkpt lat="-33.735431" lon="150.195476"><ele>357.2</ele></trkpt>
    <trkpt lat="-33.735348" lon="150.195323"><ele>357.1</ele></trkpt>
    <trkpt lat="-33.735184" lon="150.195259"><ele>356.9</ele></trkpt>
    <trkpt lat="-33.735010" lon="150.195153"><ele>356.2</ele></trkpt>
    <trkpt lat="-33.734937" lon="150.195050"><ele>356.2</ele></trkpt>
    <trkpt lat="-33.734975" lon="150.194937"><ele>356.3</ele></trkpt>
    <trkpt lat="-33.734994" lon="150.194825"><ele>356.3</ele></trkpt>
    <trkpt lat="-33.734942" lon="150.194731"><ele>356.2</ele></trkpt>
    <trkpt lat="-33.735088" lon="150.194500"><ele>355.7</ele></trkpt>
    <trkpt lat="-33.735179" lon="150.194296"><ele>354.8</ele></trkpt>
    <trkpt lat="-33.735159" lon="150.194191"><ele>354.1</ele></trkpt>
    <trkpt lat="-33.735087" lon="150.194127"><ele>353.3</ele></trkpt>
    <trkpt lat="-33.734876" lon="150.194005"><ele>350.9</ele></trkpt>
    <trkpt lat="-33.734754" lon="150.193892"><ele>349.1</ele></trkpt>
    <trkpt lat="-33.734689" lon="150.193780"><ele>347.3</ele></trkpt>
    <trkpt lat="-33.734630" lon="150.193665"><ele>345.6</ele></trkpt>
    <trkpt lat="-33.734577" lon="150.193482"><ele>343.8</ele></trkpt>
    <trkpt lat="-33.734440" lon="150.193399"><ele>342.4</ele></trkpt>
    <trkpt lat="-33.734403" lon="150.193245"><ele>342.2</ele></trkpt>
    <trkpt lat="-33.734348" lon="150.193135"><ele>342.0</ele></trkpt>
    <trkpt lat="-33.734353" lon="150.193053"><ele>341.6</ele></trkpt>
    <trkpt lat="-33.734253" lon="150.192857"><ele>340.5</ele></trkpt>
    <trkpt lat="-33.734270" lon="150.192737"><ele>340.0</ele></trkpt>
    <trkpt lat="-33.734352" lon="150.192656"><ele>339.4</ele></trkpt>
    <trkpt lat="-33.734362" lon="150.192601"><ele>339.2</ele></trkpt>
    <trkpt lat="-33.734235" lon="150.192481"><ele>338.5</ele></trkpt>
    <trkpt lat="-33.734107" lon="150.192321"><ele>337.8</ele></trkpt>
    <trkpt lat="-33.734105" lon="150.192020"><ele>336.7</ele></trkpt>
    <trkpt lat="-33.734215" lon="150.191795"><ele>334.6</ele></trkpt>
    <trkpt lat="-33.734348" lon="150.191574"><ele>333.3</ele></trkpt>
    <trkpt lat="-33.734445" lon="150.191498"><ele>332.6</ele></trkpt>
    <trkpt lat="-33.734517" lon="150.191391"><ele>332.0</ele></trkpt>
    <trkpt lat="-33.734610" lon="150.191144"><ele>330.9</ele></trkpt>
    <trkpt lat="-33.734754" lon="150.190985"><ele>329.9</ele></trkpt>
    <trkpt lat="-33.734819" lon="150.190881"><ele>329.3</ele></trkpt>
    <trkpt lat="-33.734855" lon="150.190767"><ele>328.7</ele></trkpt>
    <trkpt lat="-33.735052" lon="150.190582"><ele>327.6</ele></trkpt>
    <trkpt lat="-33.735189" lon="150.190459"><ele>326.9</ele></trkpt>
    <trkpt lat="-33.735427" lon="150.190292"><ele>325.9</ele></trkpt>
    <trkpt lat="-33.735650" lon="150.190190"><ele>325.1</ele></trkpt>
    <trkpt lat="-33.735763" lon="150.190087"><ele>324.5</ele></trkpt>
    <trkpt lat="-33.736119" lon="150.189826"><ele>323.7</ele></trkpt>
    <trkpt lat="-33.736343" lon="150.189680"><ele>323.4</ele></trkpt>
    <trkpt lat="-33.736528" lon="150.189553"><ele>323.1</ele></trkpt>
    <trkpt lat="-33.736709" lon="150.189457"><ele>322.6</ele></trkpt>
    <trkpt lat="-33.736843" lon="150.189311"><ele>321.9</ele></trkpt>
    <trkpt lat="-33.737046" lon="150.189165"><ele>320.9</ele></trkpt>
    <trkpt lat="-33.737191" lon="150.188958"><ele>319.9</ele></trkpt>
    <trkpt lat="-33.737446" lon="150.188712"><ele>318.4</ele></trkpt>
    <trkpt lat="-33.737488" lon="150.188655"><ele>318.2</ele></trkpt>
    <trkpt lat="-33.737565" lon="150.188631"><ele>317.9</ele></trkpt>
    <trkpt lat="-33.737598" lon="150.188489"><ele>317.3</ele></trkpt>
    <trkpt lat="-33.737663" lon="150.188321"><ele>316.5</ele></trkpt>
    <trkpt lat="-33.737761" lon="150.188203"><ele>315.9</ele></trkpt>
    <trkpt lat="-33.737895" lon="150.187843"><ele>314.7</ele></trkpt>
    <trkpt lat="-33.737930" lon="150.187576"><ele>314.2</ele></trkpt>
    <trkpt lat="-33.737991" lon="150.187436"><ele>313.9</ele></trkpt>
    <trkpt lat="-33.738076" lon="150.187160"><ele>313.2</ele></trkpt>
    <trkpt lat="-33.738138" lon="150.187034"><ele>312.3</ele></trkpt>
    <trkpt lat="-33.738141" lon="150.186910"><ele>311.6</ele></trkpt>
    <trkpt lat="-33.738195" lon="150.186761"><ele>310.0</ele></trkpt>
    <trkpt lat="-33.738266" lon="150.186631"><ele>308.4</ele></trkpt>
    <trkpt lat="-33.738254" lon="150.186531"><ele>307.3</ele></trkpt>
    <trkpt lat="-33.738278" lon="150.186419"><ele>305.9</ele></trkpt>
    <trkpt lat="-33.738213" lon="150.186348"><ele>304.7</ele></trkpt>
    <trkpt lat="-33.737376" lon="150.185971"><ele>308.1</ele></trkpt>
    <trkpt lat="-33.737345" lon="150.185897"><ele>309.6</ele></trkpt>
    <trkpt lat="-33.737214" lon="150.185817"><ele>312.7</ele></trkpt>
    <trkpt lat="-33.737164" lon="150.185311"><ele>321.6</ele></trkpt>
    <trkpt lat="-33.737206" lon="150.185092"><ele>324.2</ele></trkpt>
    <trkpt lat="-33.737359" lon="150.184909"><ele>325.4</ele></trkpt>
    <trkpt lat="-33.737511" lon="150.184759"><ele>325.8</ele></trkpt>
    <trkpt lat="-33.737721" lon="150.184595"><ele>325.9</ele></trkpt>
    <trkpt lat="-33.737865" lon="150.184563"><ele>325.8</ele></trkpt>
    <trkpt lat="-33.737962" lon="150.184475"><ele>325.8</ele></trkpt>
    <trkpt lat="-33.738369" lon="150.184434"><ele>324.7</ele></trkpt>
    <trkpt lat="-33.738524" lon="150.184368"><ele>324.6</ele></trkpt>
    <trkpt lat="-33.738685" lon="150.184238"><ele>324.1</ele></trkpt>
    <trkpt lat="-33.738874" lon="150.184021"><ele>323.4</ele></trkpt>
    <trkpt lat="-33.738909" lon="150.183819"><ele>323.1</ele></trkpt>
    <trkpt lat="-33.739106" lon="150.183732"><ele>322.1</ele></trkpt>
    <trkpt lat="-33.739272" lon="150.183513"><ele>320.7</ele></trkpt>
    <trkpt lat="-33.739496" lon="150.183379"><ele>318.5</ele></trkpt>
    <trkpt lat="-33.739829" lon="150.183209"><ele>314.3</ele></trkpt>
    <trkpt lat="-33.739931" lon="150.183089"><ele>311.7</ele></trkpt>
    <trkpt lat="-33.740140" lon="150.182978"><ele>307.7</ele></trkpt>
    <trkpt lat="-33.740476" lon="150.182874"><ele>302.3</ele></trkpt>
    <trkpt lat="-33.740540" lon="150.182772"><ele>300.8</ele></trkpt>
    <trkpt lat="-33.740575" lon="150.182547"><ele>298.0</ele></trkpt>
    <trkpt lat="-33.740680" lon="150.182363"><ele>296.1</ele></trkpt>
    <trkpt lat="-33.740619" lon="150.182167"><ele>294.7</ele></trkpt>
    <trkpt lat="-33.740724" lon="150.181718"><ele>293.0</ele></trkpt>
    <trkpt lat="-33.740675" lon="150.181661"><ele>292.7</ele></trkpt>
    <trkpt lat="-33.740729" lon="150.181602"><ele>292.4</ele></trkpt>
    <trkpt lat="-33.740805" lon="150.181486"><ele>292.1</ele></trkpt>
    <trkpt lat="-33.740793" lon="150.181141"><ele>291.7</ele></trkpt>
    <trkpt lat="-33.740666" lon="150.180834"><ele>291.1</ele></trkpt>
    <trkpt lat="-33.740631" lon="150.180658"><ele>291.0</ele></trkpt>
    <trkpt lat="-33.740609" lon="150.180379"><ele>291.4</ele></trkpt>
    <trkpt lat="-33.740679" lon="150.179913"><ele>292.3</ele></trkpt>
    <trkpt lat="-33.740703" lon="150.179852"><ele>292.4</ele></trkpt>
    <trkpt lat="-33.740684" lon="150.179703"><ele>292.6</ele></trkpt>
    <trkpt lat="-33.740712" lon="150.179475"><ele>292.8</ele></trkpt>
    <trkpt lat="-33.741052" lon="150.179219"><ele>292.4</ele></trkpt>
    <trkpt lat="-33.741149" lon="150.179121"><ele>292.3</ele></trkpt>
    <trkpt lat="-33.741401" lon="150.179059"><ele>290.6</ele></trkpt>
    <trkpt lat="-33.741754" lon="150.178899"><ele>286.7</ele></trkpt>
    <trkpt lat="-33.742034" lon="150.178832"><ele>283.4</ele></trkpt>
    <trkpt lat="-33.742247" lon="150.178884"><ele>281.2</ele></trkpt>
    <trkpt lat="-33.742342" lon="150.178864"><ele>280.3</ele></trkpt>
    <trkpt lat="-33.742418" lon="150.178829"><ele>279.5</ele></trkpt>
    <trkpt lat="-33.742519" lon="150.178821"><ele>278.8</ele></trkpt>
    <trkpt lat="-33.742813" lon="150.178979"><ele>278.7</ele></trkpt>
    <trkpt lat="-33.742992" lon="150.179054"><ele>279.5</ele></trkpt>
    <trkpt lat="-33.743109" lon="150.179082"><ele>280.2</ele></trkpt>
    <trkpt lat="-33.743150" lon="150.179081"><ele>280.4</ele></trkpt>
    <trkpt lat="-33.743183" lon="150.179066"><ele>280.6</ele></trkpt>
    <trkpt lat="-33.743209" lon="150.179043"><ele>280.8</ele></trkpt>
    <trkpt lat="-33.743227" lon="150.179019"><ele>280.9</ele></trkpt>
    <trkpt lat="-33.743297" lon="150.178813"><ele>281.7</ele></trkpt>
    <trkpt lat="-33.743286" lon="150.178718"><ele>282.1</ele></trkpt>
    <trkpt lat="-33.743271" lon="150.178629"><ele>282.6</ele></trkpt>
    <trkpt lat="-33.743233" lon="150.178545"><ele>283.1</ele></trkpt>
    <trkpt lat="-33.743043" lon="150.178256"><ele>285.1</ele></trkpt>
    <trkpt lat="-33.742993" lon="150.178135"><ele>285.9</ele></trkpt>
    <trkpt lat="-33.742960" lon="150.178043"><ele>286.3</ele></trkpt>
    <trkpt lat="-33.742946" lon="150.177945"><ele>286.7</ele></trkpt>
    <trkpt lat="-33.742907" lon="150.177772"><ele>287.5</ele></trkpt>
    <trkpt lat="-33.742845" lon="150.177600"><ele>288.4</ele></trkpt>
    <trkpt lat="-33.742771" lon="150.177457"><ele>289.7</ele></trkpt>
    <trkpt lat="-33.742682" lon="150.177327"><ele>291.2</ele></trkpt>
    <trkpt lat="-33.742653" lon="150.177209"><ele>292.0</ele></trkpt>
    <trkpt lat="-33.742646" lon="150.177135"><ele>292.4</ele></trkpt>
    <trkpt lat="-33.742611" lon="150.177009"><ele>293.2</ele></trkpt>
    <trkpt lat="-33.742587" lon="150.176907"><ele>293.6</ele></trkpt>
    <trkpt lat="-33.742538" lon="150.176813"><ele>294.1</ele></trkpt>
    <trkpt lat="-33.742492" lon="150.176746"><ele>294.5</ele></trkpt>
    <trkpt lat="-33.742333" lon="150.176606"><ele>295.8</ele></trkpt>
    <trkpt lat="-33.742294" lon="150.176553"><ele>296.2</ele></trkpt>
    <trkpt lat="-33.742250" lon="150.176462"><ele>296.8</ele></trkpt>
    <trkpt lat="-33.742230" lon="150.176373"><ele>297.2</ele></trkpt>
    <trkpt lat="-33.742234" lon="150.176242"><ele>297.9</ele></trkpt>
    <trkpt lat="-33.742258" lon="150.176089"><ele>298.7</ele></trkpt>
    <trkpt lat="-33.742297" lon="150.175906"><ele>299.6</ele></trkpt>
    <trkpt lat="-33.742391" lon="150.175513"><ele>303.3</ele></trkpt>
    <trkpt lat="-33.742395" lon="150.175432"><ele>304.1</ele></trkpt>
    <trkpt lat="-33.742390" lon="150.175367"><ele>304.8</ele></trkpt>
    <trkpt lat="-33.742361" lon="150.175289"><ele>305.7</ele></trkpt>
    <trkpt lat="-33.742274" lon="150.175158"><ele>307.2</ele></trkpt>
    <trkpt lat="-33.742158" lon="150.175029"><ele>308.7</ele></trkpt>
    <trkpt lat="-33.742106" lon="150.174961"><ele>309.5</ele></trkpt>
    <trkpt lat="-33.741998" lon="150.174850"><ele>311.1</ele></trkpt>
    <trkpt lat="-33.741867" lon="150.174777"><ele>312.4</ele></trkpt>
    <trkpt lat="-33.741760" lon="150.174705"><ele>313.4</ele></trkpt>
    <trkpt lat="-33.741664" lon="150.174611"><ele>314.3</ele></trkpt>
    <trkpt lat="-33.741622" lon="150.174556"><ele>314.8</ele></trkpt>
    <trkpt lat="-33.741569" lon="150.174458"><ele>315.4</ele></trkpt>
    <trkpt lat="-33.741520" lon="150.174305"><ele>316.2</ele></trkpt>
    <trkpt lat="-33.741490" lon="150.174174"><ele>316.8</ele></trkpt>
    <trkpt lat="-33.741480" lon="150.174050"><ele>317.3</ele></trkpt>
    <trkpt lat="-33.741496" lon="150.173939"><ele>317.9</ele></trkpt>
    <trkpt lat="-33.741535" lon="150.173844"><ele>318.4</ele></trkpt>
    <trkpt lat="-33.741552" lon="150.173820"><ele>318.6</ele></trkpt>
    <trkpt lat="-33.741644" lon="150.173683"><ele>319.6</ele></trkpt>
    <trkpt lat="-33.741807" lon="150.173471"><ele>321.5</ele></trkpt>
    <trkpt lat="-33.741934" lon="150.173192"><ele>323.9</ele></trkpt>
    <trkpt lat="-33.741976" lon="150.173107"><ele>324.6</ele></trkpt>
    <trkpt lat="-33.741993" lon="150.173024"><ele>325.2</ele></trkpt>
    <trkpt lat="-33.741983" lon="150.172947"><ele>325.8</ele></trkpt>
    <trkpt lat="-33.741902" lon="150.172639"><ele>328.3</ele></trkpt>
    <trkpt lat="-33.741892" lon="150.172600"><ele>328.6</ele></trkpt>
    <trkpt lat="-33.741819" lon="150.172358"><ele>330.9</ele></trkpt>
    <trkpt lat="-33.741754" lon="150.172200"><ele>332.7</ele></trkpt>
    <trkpt lat="-33.741480" lon="150.171808"><ele>338.9</ele></trkpt>
    <trkpt lat="-33.741320" lon="150.171553"><ele>343.3</ele></trkpt>
    <trkpt lat="-33.741300" lon="150.171467"><ele>344.5</ele></trkpt>
    <trkpt lat="-33.741295" lon="150.171394"><ele>345.5</ele></trkpt>
    <trkpt lat="-33.741325" lon="150.171226"><ele>348.0</ele></trkpt>
    <trkpt lat="-33.741346" lon="150.171030"><ele>351.0</ele></trkpt>
    <trkpt lat="-33.741336" lon="150.170822"><ele>353.7</ele></trkpt>
    <trkpt lat="-33.741338" lon="150.170716"><ele>354.9</ele></trkpt>
    <trkpt lat="-33.741360" lon="150.170623"><ele>356.1</ele></trkpt>
    <trkpt lat="-33.741389" lon="150.170562"><ele>356.9</ele></trkpt>
    <trkpt lat="-33.741408" lon="150.170490"><ele>357.8</ele></trkpt>
    <trkpt lat="-33.741407" lon="150.170394"><ele>359.0</ele></trkpt>
    <trkpt lat="-33.741309" lon="150.170030"><ele>363.8</ele></trkpt>
    <trkpt lat="-33.741309" lon="150.169941"><ele>364.9</ele></trkpt>
    <trkpt lat="-33.741330" lon="150.169863"><ele>365.9</ele></trkpt>
    <trkpt lat="-33.741376" lon="150.169761"><ele>367.4</ele></trkpt>
    <trkpt lat="-33.741443" lon="150.169662"><ele>368.9</ele></trkpt>
    <trkpt lat="-33.741500" lon="150.169602"><ele>369.8</ele></trkpt>
    <trkpt lat="-33.741568" lon="150.169563"><ele>370.8</ele></trkpt>
    <trkpt lat="-33.741655" lon="150.169540"><ele>372.1</ele></trkpt>
    <trkpt lat="-33.741714" lon="150.169480"><ele>373.6</ele></trkpt>
    <trkpt lat="-33.741754" lon="150.169440"><ele>374.6</ele></trkpt>
    <trkpt lat="-33.741784" lon="150.169378"><ele>375.7</ele></trkpt>
    <trkpt lat="-33.741793" lon="150.169301"><ele>376.9</ele></trkpt>
    <trkpt lat="-33.741789" lon="150.169217"><ele>378.1</ele></trkpt>
    <trkpt lat="-33.741788" lon="150.169128"><ele>379.3</ele></trkpt>
    <trkpt lat="-33.741820" lon="150.169075"><ele>380.2</ele></trkpt>
    <trkpt lat="-33.741867" lon="150.169036"><ele>381.1</ele></trkpt>
    <trkpt lat="-33.741944" lon="150.169016"><ele>381.9</ele></trkpt>
    <trkpt lat="-33.742331" lon="150.168984"><ele>384.9</ele></trkpt>
    <trkpt lat="-33.742408" lon="150.168958"><ele>385.4</ele></trkpt>
    <trkpt lat="-33.742498" lon="150.168874"><ele>386.5</ele></trkpt>
    <trkpt lat="-33.742607" lon="150.168768"><ele>387.7</ele></trkpt>
    <trkpt lat="-33.742660" lon="150.168651"><ele>388.7</ele></trkpt>
    <trkpt lat="-33.742680" lon="150.168510"><ele>389.7</ele></trkpt>
    <trkpt lat="-33.742706" lon="150.168097"><ele>392.1</ele></trkpt>
    <trkpt lat="-33.742729" lon="150.167975"><ele>393.1</ele></trkpt>
    <trkpt lat="-33.742739" lon="150.167808"><ele>394.6</ele></trkpt>
    <trkpt lat="-33.742731" lon="150.167687"><ele>396.1</ele></trkpt>
    <trkpt lat="-33.742699" lon="150.167587"><ele>397.4</ele></trkpt>
    <trkpt lat="-33.742684" lon="150.167510"><ele>398.3</ele></trkpt>
    <trkpt lat="-33.742695" lon="150.167433"><ele>399.1</ele></trkpt>
    <trkpt lat="-33.742712" lon="150.167372"><ele>399.8</ele></trkpt>
    <trkpt lat="-33.742754" lon="150.167302"><ele>400.7</ele></trkpt>
    <trkpt lat="-33.742793" lon="150.167256"><ele>401.4</ele></trkpt>
    <trkpt lat="-33.742811" lon="150.167184"><ele>402.1</ele></trkpt>
    <trkpt lat="-33.742810" lon="150.166957"><ele>404.1</ele></trkpt>
    <trkpt lat="-33.742780" lon="150.166743"><ele>405.9</ele></trkpt>
    <trkpt lat="-33.742711" lon="150.166350"><ele>408.6</ele></trkpt>
    <trkpt lat="-33.742692" lon="150.166257"><ele>409.2</ele></trkpt>
    <trkpt lat="-33.742661" lon="150.166198"><ele>409.7</ele></trkpt>
    <trkpt lat="-33.742614" lon="150.166155"><ele>410.3</ele></trkpt>
    <trkpt lat="-33.742567" lon="150.166157"><ele>410.7</ele></trkpt>
    <trkpt lat="-33.742502" lon="150.166187"><ele>411.3</ele></trkpt>
    <trkpt lat="-33.742407" lon="150.166229"><ele>412.3</ele></trkpt>
    <trkpt lat="-33.742328" lon="150.166253"><ele>413.0</ele></trkpt>
    <trkpt lat="-33.742233" lon="150.166257"><ele>414.0</ele></trkpt>
    <trkpt lat="-33.742159" lon="150.166218"><ele>414.7</ele></trkpt>
    <trkpt lat="-33.741973" lon="150.166093"><ele>416.8</ele></trkpt>
    <trkpt lat="-33.741819" lon="150.166071"><ele>418.6</ele></trkpt>
    <trkpt lat="-33.741714" lon="150.166037"><ele>419.9</ele></trkpt>
    <trkpt lat="-33.741425" lon="150.165888"><ele>425.4</ele></trkpt>
    <trkpt lat="-33.741265" lon="150.165776"><ele>428.7</ele></trkpt>
    <trkpt lat="-33.741229" lon="150.165729"><ele>429.6</ele></trkpt>
    <trkpt lat="-33.741218" lon="150.165668"><ele>430.6</ele></trkpt>
    <trkpt lat="-33.741236" lon="150.165568"><ele>432.3</ele></trkpt>
    <trkpt lat="-33.741310" lon="150.165334"><ele>436.4</ele></trkpt>
    <trkpt lat="-33.741363" lon="150.165207"><ele>438.7</ele></trkpt>
    <trkpt lat="-33.741432" lon="150.165077"><ele>441.4</ele></trkpt>
    <trkpt lat="-33.741514" lon="150.164982"><ele>444.1</ele></trkpt>
    <trkpt lat="-33.741580" lon="150.164950"><ele>445.7</ele></trkpt>
    <trkpt lat="-33.741675" lon="150.164928"><ele>447.6</ele></trkpt>
    <trkpt lat="-33.741939" lon="150.164832"><ele>452.3</ele></trkpt>
    <trkpt lat="-33.742115" lon="150.164744"><ele>455.1</ele></trkpt>
    <trkpt lat="-33.742238" lon="150.164652"><ele>456.7</ele></trkpt>
    <trkpt lat="-33.742593" lon="150.164380"><ele>461.0</ele></trkpt>
    <trkpt lat="-33.742654" lon="150.164331"><ele>461.8</ele></trkpt>
    <trkpt lat="-33.742667" lon="150.164254"><ele>462.4</ele></trkpt>
    <trkpt lat="-33.742662" lon="150.164132"><ele>463.5</ele></trkpt>
    <trkpt lat="-33.742656" lon="150.163971"><ele>465.2</ele></trkpt>
    <trkpt lat="-33.742695" lon="150.163837"><ele>466.8</ele></trkpt>
    <trkpt lat="-33.742763" lon="150.163725"><ele>468.4</ele></trkpt>
    <trkpt lat="-33.742835" lon="150.163685"><ele>469.6</ele></trkpt>
    <trkpt lat="-33.742925" lon="150.163682"><ele>471.0</ele></trkpt>
    <trkpt lat="-33.743017" lon="150.163651"><ele>472.3</ele></trkpt>
    <trkpt lat="-33.743083" lon="150.163608"><ele>473.4</ele></trkpt>
    <trkpt lat="-33.743121" lon="150.163552"><ele>474.2</ele></trkpt>
    <trkpt lat="-33.743128" lon="150.163460"><ele>475.3</ele></trkpt>
    <trkpt lat="-33.743110" lon="150.163385"><ele>476.0</ele></trkpt>
    <trkpt lat="-33.743062" lon="150.163301"><ele>476.9</ele></trkpt>
    <trkpt lat="-33.743009" lon="150.163244"><ele>477.7</ele></trkpt>
    <trkpt lat="-33.742939" lon="150.163183"><ele>478.7</ele></trkpt>
    <trkpt lat="-33.742850" lon="150.163135"><ele>479.8</ele></trkpt>
    <trkpt lat="-33.742722" lon="150.163085"><ele>481.3</ele></trkpt>
    <trkpt lat="-33.742665" lon="150.163024"><ele>482.0</ele></trkpt>
    <trkpt lat="-33.742626" lon="150.162950"><ele>482.7</ele></trkpt>
    <trkpt lat="-33.742603" lon="150.162851"><ele>483.5</ele></trkpt>
    <trkpt lat="-33.742587" lon="150.162747"><ele>484.0</ele></trkpt>
    <trkpt lat="-33.742603" lon="150.162672"><ele>484.4</ele></trkpt>
    <trkpt lat="-33.742675" lon="150.162518"><ele>485.2</ele></trkpt>
    <trkpt lat="-33.742721" lon="150.162347"><ele>486.5</ele></trkpt>
    <trkpt lat="-33.742719" lon="150.162267"><ele>487.1</ele></trkpt>
    <trkpt lat="-33.742692" lon="150.162172"><ele>488.0</ele></trkpt>
    <trkpt lat="-33.742683" lon="150.162063"><ele>489.0</ele></trkpt>
    <trkpt lat="-33.742691" lon="150.161983"><ele>489.8</ele></trkpt>
    <trkpt lat="-33.742781" lon="150.161844"><ele>490.9</ele></trkpt>
    <trkpt lat="-33.742807" lon="150.161822"><ele>491.0</ele></trkpt>
    <trkpt lat="-33.742843" lon="150.161817"><ele>491.2</ele></trkpt>
    <trkpt lat="-33.743044" lon="150.161844"><ele>492.1</ele></trkpt>
    <trkpt lat="-33.743104" lon="150.161843"><ele>492.3</ele></trkpt>
    <trkpt lat="-33.743140" lon="150.161809"><ele>492.5</ele></trkpt>
    <trkpt lat="-33.743156" lon="150.161767"><ele>492.7</ele></trkpt>
    <trkpt lat="-33.743148" lon="150.161704"><ele>492.9</ele></trkpt>
    <trkpt lat="-33.743147" lon="150.161532"><ele>493.9</ele></trkpt>
    <trkpt lat="-33.743214" lon="150.161393"><ele>494.7</ele></trkpt>
    <trkpt lat="-33.743342" lon="150.161221"><ele>495.6</ele></trkpt>
    <trkpt lat="-33.743461" lon="150.161084"><ele>496.6</ele></trkpt>
    <trkpt lat="-33.743693" lon="150.160894"><ele>499.4</ele></trkpt>
    <trkpt lat="-33.743834" lon="150.160666"><ele>502.8</ele></trkpt>
    <trkpt lat="-33.743964" lon="150.160535"><ele>505.5</ele></trkpt>
    <trkpt lat="-33.744068" lon="150.160430"><ele>507.6</ele></trkpt>
    <trkpt lat="-33.744200" lon="150.160376"><ele>509.7</ele></trkpt>
    <trkpt lat="-33.744347" lon="150.160363"><ele>511.8</ele></trkpt>
    <trkpt lat="-33.744510" lon="150.160301"><ele>514.1</ele></trkpt>
    <trkpt lat="-33.744589" lon="150.160218"><ele>514.8</ele></trkpt>
    <trkpt lat="-33.744593" lon="150.160114"><ele>515.4</ele></trkpt>
    <trkpt lat="-33.744539" lon="150.160033"><ele>516.0</ele></trkpt>
    <trkpt lat="-33.744428" lon="150.159953"><ele>516.6</ele></trkpt>
    <trkpt lat="-33.744325" lon="150.159929"><ele>517.2</ele></trkpt>
    <trkpt lat="-33.744125" lon="150.159877"><ele>518.4</ele></trkpt>
    <trkpt lat="-33.743977" lon="150.159800"><ele>519.6</ele></trkpt>
    <trkpt lat="-33.743862" lon="150.159719"><ele>520.9</ele></trkpt>
    <trkpt lat="-33.743768" lon="150.159599"><ele>522.3</ele></trkpt>
    <trkpt lat="-33.743693" lon="150.159475"><ele>523.6</ele></trkpt>
    <trkpt lat="-33.743544" lon="150.159054"><ele>530.3</ele></trkpt>
    <trkpt lat="-33.743476" lon="150.158877"><ele>533.8</ele></trkpt>
    <trkpt lat="-33.743445" lon="150.158719"><ele>536.2</ele></trkpt>
    <trkpt lat="-33.743455" lon="150.158547"><ele>538.5</ele></trkpt>
    <trkpt lat="-33.743487" lon="150.158359"><ele>540.8</ele></trkpt>
    <trkpt lat="-33.743459" lon="150.158207"><ele>542.6</ele></trkpt>
    <trkpt lat="-33.743371" lon="150.158150"><ele>544.0</ele></trkpt>
    <trkpt lat="-33.743259" lon="150.158115"><ele>545.7</ele></trkpt>
    <trkpt lat="-33.743124" lon="150.158113"><ele>547.2</ele></trkpt>
    <trkpt lat="-33.743022" lon="150.158158"><ele>548.2</ele></trkpt>
    <trkpt lat="-33.742921" lon="150.158150"><ele>549.0</ele></trkpt>
    <trkpt lat="-33.742837" lon="150.158096"><ele>549.3</ele></trkpt>
    <trkpt lat="-33.742790" lon="150.158035"><ele>549.5</ele></trkpt>
    <trkpt lat="-33.742822" lon="150.157928"><ele>549.9</ele></trkpt>
    <trkpt lat="-33.742887" lon="150.157852"><ele>550.6</ele></trkpt>
    <trkpt lat="-33.743020" lon="150.157802"><ele>551.7</ele></trkpt>
    <trkpt lat="-33.743254" lon="150.157783"><ele>554.1</ele></trkpt>
    <trkpt lat="-33.743874" lon="150.157697"><ele>561.3</ele></trkpt>
    <trkpt lat="-33.744615" lon="150.157606"><ele>569.6</ele></trkpt>
    <trkpt lat="-33.744958" lon="150.157418"><ele>572.5</ele></trkpt>
    <trkpt lat="-33.745284" lon="150.157327"><ele>573.8</ele></trkpt>
    <trkpt lat="-33.745324" lon="150.157187"><ele>573.9</ele></trkpt>
    <trkpt lat="-33.745300" lon="150.156989"><ele>573.8</ele></trkpt>
    <trkpt lat="-33.745239" lon="150.156839"><ele>573.6</ele></trkpt>
    <trkpt lat="-33.745175" lon="150.156763"><ele>573.2</ele></trkpt>
    <trkpt lat="-33.745158" lon="150.156741"><ele>573.0</ele></trkpt>
    <trkpt lat="-33.745046" lon="150.156667"><ele>572.4</ele></trkpt>
    <trkpt lat="-33.744932" lon="150.156589"><ele>571.7</ele></trkpt>
    <trkpt lat="-33.744804" lon="150.156517"><ele>571.0</ele></trkpt>
    <trkpt lat="-33.744539" lon="150.156356"><ele>569.8</ele></trkpt>
    <trkpt lat="-33.744303" lon="150.156063"><ele>568.6</ele></trkpt>
    <trkpt lat="-33.744217" lon="150.155770"><ele>567.4</ele></trkpt>
    <trkpt lat="-33.744262" lon="150.155427"><ele>565.9</ele></trkpt>
    <trkpt lat="-33.744289" lon="150.154918"><ele>563.2</ele></trkpt>
    <trkpt lat="-33.744329" lon="150.154537"><ele>562.6</ele></trkpt>
    <trkpt lat="-33.744343" lon="150.154478"><ele>563.0</ele></trkpt>
    <trkpt lat="-33.744372" lon="150.154347"><ele>563.7</ele></trkpt>
    <trkpt lat="-33.744396" lon="150.154255"><ele>564.2</ele></trkpt>
    <trkpt lat="-33.744479" lon="150.154207"><ele>565.4</ele></trkpt>
    <trkpt lat="-33.745130" lon="150.154095"><ele>576.1</ele></trkpt>
    <trkpt lat="-33.745556" lon="150.154028"><ele>583.9</ele></trkpt>
    <trkpt lat="-33.746068" lon="150.153827"><ele>593.4</ele></trkpt>
    <trkpt lat="-33.746507" lon="150.153268"><ele>605.2</ele></trkpt>
    <trkpt lat="-33.747232" lon="150.152168"><ele>626.2</ele></trkpt>
    <trkpt lat="-33.748087" lon="150.151391"><ele>634.1</ele></trkpt>
    <trkpt lat="-33.748299" lon="150.151120"><ele>639.0</ele></trkpt>
    <trkpt lat="-33.748460" lon="150.150755"><ele>644.2</ele></trkpt>
    <trkpt lat="-33.749517" lon="150.149404"><ele>657.3</ele></trkpt>
    <trkpt lat="-33.749740" lon="150.149285"><ele>660.0</ele></trkpt>
    <trkpt lat="-33.750846" lon="150.148996"><ele>686.9</ele></trkpt>
    <trkpt lat="-33.751118" lon="150.148803"><ele>696.1</ele></trkpt>
    <trkpt lat="-33.751646" lon="150.148077"><ele>712.9</ele></trkpt>
    <trkpt lat="-33.751997" lon="150.147868"><ele>718.2</ele></trkpt>
    <trkpt lat="-33.752387" lon="150.147319"><ele>723.1</ele></trkpt>
    <trkpt lat="-33.752831" lon="150.146784"><ele>725.2</ele></trkpt>
    <trkpt lat="-33.753167" lon="150.146466"><ele>725.6</ele></trkpt>
    <trkpt lat="-33.753263" lon="150.145992"><ele>725.2</ele></trkpt>
    <trkpt lat="-33.753138" lon="150.145364"><ele>720.8</ele></trkpt>
    <trkpt lat="-33.753076" lon="150.144946"><ele>715.8</ele></trkpt>
    <trkpt lat="-33.753152" lon="150.144758"><ele>713.0</ele></trkpt>
    <trkpt lat="-33.753950" lon="150.144120"><ele>700.7</ele></trkpt>
    <trkpt lat="-33.754249" lon="150.144152"><ele>698.9</ele></trkpt>
    <trkpt lat="-33.754954" lon="150.144404"><ele>696.8</ele></trkpt>
    <trkpt lat="-33.755694" lon="150.144447"><ele>694.6</ele></trkpt>
    <trkpt lat="-33.756310" lon="150.144302"><ele>689.6</ele></trkpt>
    <trkpt lat="-33.756921" lon="150.144479"><ele>679.4</ele></trkpt>
    <trkpt lat="-33.757424" lon="150.144441"><ele>669.3</ele></trkpt>
    <trkpt lat="-33.757942" lon="150.144275"><ele>660.9</ele></trkpt>
    <trkpt lat="-33.758125" lon="150.143937"><ele>656.8</ele></trkpt>
    <trkpt lat="-33.758276" lon="150.143406"><ele>652.2</ele></trkpt>
    <trkpt lat="-33.758285" lon="150.143240"><ele>651.1</ele></trkpt>
    <trkpt lat="-33.758352" lon="150.143208"><ele>650.6</ele></trkpt>
    <trkpt lat="-33.758642" lon="150.143449"><ele>647.8</ele></trkpt>
    <trkpt lat="-33.759079" lon="150.143599"><ele>641.9</ele></trkpt>
    <trkpt lat="-33.759382" lon="150.143583"><ele>637.8</ele></trkpt>
    <trkpt lat="-33.759511" lon="150.143394"><ele>634.2</ele></trkpt>
    <trkpt lat="-33.759581" lon="150.143175"><ele>630.2</ele></trkpt>
    <trkpt lat="-33.759738" lon="150.143021"><ele>626.0</ele></trkpt>
    <trkpt lat="-33.759803" lon="150.142950"><ele>624.6</ele></trkpt>
    <trkpt lat="-33.759730" lon="150.142800"><ele>622.3</ele></trkpt>
    <trkpt lat="-33.759613" lon="150.142543"><ele>618.4</ele></trkpt>
    <trkpt lat="-33.759544" lon="150.142167"><ele>613.7</ele></trkpt>
    <trkpt lat="-33.759679" lon="150.141913"><ele>610.2</ele></trkpt>
    <trkpt lat="-33.759717" lon="150.141453"><ele>604.3</ele></trkpt>
    <trkpt lat="-33.759324" lon="150.140885"><ele>598.1</ele></trkpt>
    <trkpt lat="-33.758945" lon="150.140724"><ele>595.3</ele></trkpt>
    <trkpt lat="-33.758557" lon="150.140563"><ele>593.0</ele></trkpt>
    <trkpt lat="-33.758183" lon="150.140096"><ele>586.0</ele></trkpt>
    <trkpt lat="-33.758022" lon="150.139726"><ele>580.6</ele></trkpt>
    <trkpt lat="-33.757900" lon="150.139472"><ele>578.2</ele></trkpt>
    <trkpt lat="-33.757943" lon="150.139214"><ele>576.3</ele></trkpt>
    <trkpt lat="-33.758060" lon="150.138915"><ele>574.4</ele></trkpt>
    <trkpt lat="-33.758146" lon="150.138834"><ele>573.7</ele></trkpt>
    <trkpt lat="-33.758288" lon="150.138910"><ele>572.4</ele></trkpt>
    <trkpt lat="-33.758418" lon="150.139089"><ele>570.8</ele></trkpt>
    <trkpt lat="-33.758785" lon="150.139490"><ele>565.2</ele></trkpt>
    <trkpt lat="-33.759124" lon="150.139764"><ele>560.1</ele></trkpt>
    <trkpt lat="-33.759225" lon="150.139691"><ele>558.9</ele></trkpt>
    <trkpt lat="-33.759500" lon="150.139447"><ele>556.5</ele></trkpt>
    <trkpt lat="-33.759641" lon="150.139351"><ele>555.5</ele></trkpt>
    <trkpt lat="-33.759650" lon="150.139019"><ele>554.1</ele></trkpt>
    <trkpt lat="-33.759976" lon="150.138695"><ele>552.0</ele></trkpt>
    <trkpt lat="-33.760231" lon="150.138418"><ele>550.6</ele></trkpt>
    <trkpt lat="-33.760379" lon="150.138218"><ele>550.8</ele></trkpt>
    <trkpt lat="-33.760897" lon="150.138097"><ele>554.5</ele></trkpt>
    <trkpt lat="-33.761358" lon="150.137950"><ele>556.9</ele></trkpt>
    <trkpt lat="-33.762607" lon="150.137425"><ele>563.4</ele></trkpt>
    <trkpt lat="-33.763050" lon="150.137209"><ele>568.3</ele></trkpt>
    <trkpt lat="-33.763441" lon="150.137028"><ele>570.7</ele></trkpt>
    <trkpt lat="-33.763927" lon="150.136731"><ele>572.1</ele></trkpt>
    <trkpt lat="-33.764189" lon="150.136560"><ele>572.6</ele></trkpt>
    <trkpt lat="-33.764538" lon="150.136428"><ele>572.0</ele></trkpt>
    <trkpt lat="-33.764611" lon="150.136263"><ele>571.4</ele></trkpt>
    <trkpt lat="-33.764925" lon="150.136352"><ele>569.6</ele></trkpt>
    <trkpt lat="-33.765168" lon="150.136310"><ele>568.7</ele></trkpt>
    <trkpt lat="-33.765293" lon="150.136160"><ele>569.0</ele></trkpt>
    <trkpt lat="-33.765384" lon="150.135956"><ele>569.8</ele></trkpt>
    <trkpt lat="-33.765265" lon="150.135203"><ele>576.4</ele></trkpt>
    <trkpt lat="-33.765025" lon="150.134541"><ele>581.7</ele></trkpt>
    <trkpt lat="-33.764810" lon="150.134307"><ele>583.5</ele></trkpt>
    <trkpt lat="-33.764394" lon="150.134023"><ele>587.7</ele></trkpt>
    <trkpt lat="-33.764627" lon="150.133179"><ele>596.7</ele></trkpt>
    <trkpt lat="-33.764718" lon="150.132795"><ele>600.0</ele></trkpt>
    <trkpt lat="-33.764628" lon="150.132735"><ele>600.9</ele></trkpt>
    <trkpt lat="-33.764542" lon="150.132780"><ele>601.2</ele></trkpt>
    <trkpt lat="-33.764037" lon="150.133395"><ele>603.2</ele></trkpt>
    <trkpt lat="-33.763808" lon="150.133497"><ele>605.3</ele></trkpt>
    <trkpt lat="-33.763647" lon="150.133243"><ele>608.4</ele></trkpt>
    <trkpt lat="-33.763461" lon="150.132767"><ele>616.6</ele></trkpt>
    <trkpt lat="-33.763431" lon="150.132426"><ele>622.6</ele></trkpt>
    <trkpt lat="-33.763546" lon="150.132352"><ele>625.4</ele></trkpt>
    <trkpt lat="-33.763769" lon="150.132211"><ele>631.7</ele></trkpt>
    <trkpt lat="-33.763682" lon="150.131861"><ele>638.7</ele></trkpt>
    <trkpt lat="-33.763570" lon="150.131493"><ele>645.1</ele></trkpt>
    <trkpt lat="-33.763469" lon="150.131412"><ele>647.5</ele></trkpt>
    <trkpt lat="-33.763073" lon="150.131510"><ele>655.2</ele></trkpt>
    <trkpt lat="-33.762944" lon="150.131450"><ele>657.8</ele></trkpt>
    <trkpt lat="-33.762805" lon="150.131316"><ele>661.4</ele></trkpt>
    <trkpt lat="-33.762631" lon="150.130788"><ele>672.5</ele></trkpt>
    <trkpt lat="-33.762251" lon="150.130329"><ele>683.8</ele></trkpt>
    <trkpt lat="-33.761718" lon="150.129808"><ele>689.9</ele></trkpt>
    <trkpt lat="-33.761692" lon="150.129687"><ele>690.7</ele></trkpt>
    <trkpt lat="-33.761766" lon="150.129598"><ele>691.7</ele></trkpt>
    <trkpt lat="-33.762227" lon="150.129431"><ele>697.4</ele></trkpt>
    <trkpt lat="-33.762703" lon="150.129363"><ele>704.4</ele></trkpt>
    <trkpt lat="-33.763166" lon="150.129466"><ele>709.0</ele></trkpt>
    <trkpt lat="-33.763928" lon="150.129071"><ele>715.9</ele></trkpt>
    <trkpt lat="-33.764607" lon="150.128320"><ele>727.1</ele></trkpt>
    <trkpt lat="-33.765504" lon="150.127187"><ele>748.1</ele></trkpt>
    <trkpt lat="-33.765444" lon="150.126878"><ele>752.1</ele></trkpt>
    <trkpt lat="-33.765458" lon="150.126659"><ele>755.0</ele></trkpt>
    <trkpt lat="-33.765633" lon="150.126439"><ele>758.9</ele></trkpt>
    <trkpt lat="-33.765931" lon="150.126235"><ele>765.0</ele></trkpt>
    <trkpt lat="-33.766265" lon="150.125667"><ele>774.9</ele></trkpt>
    <trkpt lat="-33.766179" lon="150.125075"><ele>781.2</ele></trkpt>
    <trkpt lat="-33.766145" lon="150.124884"><ele>783.4</ele></trkpt>
    <trkpt lat="-33.766187" lon="150.124644"><ele>786.5</ele></trkpt>
    <trkpt lat="-33.766601" lon="150.124372"><ele>795.3</ele></trkpt>
    <trkpt lat="-33.766972" lon="150.124033"><ele>804.5</ele></trkpt>
    <trkpt lat="-33.767159" lon="150.123773"><ele>807.7</ele></trkpt>
    <trkpt lat="-33.767048" lon="150.123480"><ele>810.2</ele></trkpt>
    <trkpt lat="-33.766976" lon="150.123239"><ele>812.4</ele></trkpt>
    <trkpt lat="-33.767165" lon="150.123130"><ele>814.7</ele></trkpt>
    <trkpt lat="-33.768110" lon="150.123105"><ele>833.1</ele></trkpt>
    <trkpt lat="-33.768620" lon="150.123090"><ele>842.1</ele></trkpt>
    <trkpt lat="-33.769181" lon="150.123179"><ele>850.0</ele></trkpt>
    <trkpt lat="-33.769632" lon="150.123161"><ele>856.4</ele></trkpt>
    <trkpt lat="-33.769886" lon="150.123019"><ele>860.0</ele></trkpt>
    <trkpt lat="-33.770064" lon="150.122889"><ele>862.6</ele></trkpt>
    <trkpt lat="-33.770210" lon="150.122626"><ele>865.9</ele></trkpt>
    <trkpt lat="-33.770322" lon="150.122520"><ele>867.7</ele></trkpt>
    <trkpt lat="-33.770360" lon="150.122465"><ele>868.4</ele></trkpt>
    <trkpt lat="-33.770435" lon="150.122418"><ele>869.5</ele></trkpt>
    <trkpt lat="-33.770652" lon="150.122335"><ele>872.3</ele></trkpt>
    <trkpt lat="-33.770811" lon="150.122299"><ele>874.4</ele></trkpt>
    <trkpt lat="-33.770896" lon="150.122301"><ele>875.6</ele></trkpt>
    <trkpt lat="-33.770992" lon="150.122340"><ele>877.0</ele></trkpt>
    <trkpt lat="-33.771054" lon="150.122386"><ele>878.1</ele></trkpt>
    <trkpt lat="-33.771110" lon="150.122442"><ele>879.1</ele></trkpt>
    <trkpt lat="-33.771156" lon="150.122529"><ele>880.3</ele></trkpt>
    <trkpt lat="-33.771197" lon="150.122622"><ele>881.6</ele></trkpt>
    <trkpt lat="-33.771267" lon="150.122689"><ele>882.8</ele></trkpt>
    <trkpt lat="-33.771341" lon="150.122727"><ele>883.9</ele></trkpt>
    <trkpt lat="-33.771442" lon="150.122729"><ele>885.3</ele></trkpt>
    <trkpt lat="-33.771539" lon="150.122729"><ele>886.5</ele></trkpt>
    <trkpt lat="-33.771646" lon="150.122717"><ele>887.8</ele></trkpt>
    <trkpt lat="-33.771736" lon="150.122692"><ele>888.9</ele></trkpt>
    <trkpt lat="-33.772240" lon="150.122469"><ele>894.6</ele></trkpt>
    <trkpt lat="-33.772432" lon="150.122346"><ele>896.4</ele></trkpt>
    <trkpt lat="-33.772553" lon="150.122307"><ele>897.4</ele></trkpt>
    <trkpt lat="-33.772618" lon="150.122310"><ele>897.9</ele></trkpt>
    <trkpt lat="-33.772675" lon="150.122331"><ele>898.4</ele></trkpt>
    <trkpt lat="-33.772734" lon="150.122376"><ele>899.0</ele></trkpt>
    <trkpt lat="-33.772785" lon="150.122430"><ele>899.6</ele></trkpt>
    <trkpt lat="-33.772824" lon="150.122504"><ele>900.3</ele></trkpt>
    <trkpt lat="-33.772850" lon="150.122559"><ele>900.8</ele></trkpt>
    <trkpt lat="-33.772890" lon="150.122598"><ele>901.4</ele></trkpt>
    <trkpt lat="-33.772965" lon="150.122615"><ele>902.1</ele></trkpt>
    <trkpt lat="-33.773039" lon="150.122603"><ele>903.1</ele></trkpt>
    <trkpt lat="-33.773105" lon="150.122575"><ele>903.9</ele></trkpt>
    <trkpt lat="-33.773327" lon="150.122395"><ele>907.2</ele></trkpt>
    <trkpt lat="-33.773395" lon="150.122353"><ele>908.1</ele></trkpt>
    <trkpt lat="-33.773481" lon="150.122311"><ele>909.4</ele></trkpt>
    <trkpt lat="-33.773654" lon="150.122257"><ele>912.4</ele></trkpt>
    <trkpt lat="-33.773776" lon="150.122235"><ele>914.6</ele></trkpt>
    <trkpt lat="-33.773866" lon="150.122230"><ele>916.3</ele></trkpt>
    <trkpt lat="-33.774262" lon="150.122270"><ele>923.8</ele></trkpt>
    <trkpt lat="-33.774417" lon="150.122264"><ele>927.3</ele></trkpt>
    <trkpt lat="-33.774538" lon="150.122246"><ele>930.0</ele></trkpt>
    <trkpt lat="-33.774645" lon="150.122194"><ele>932.2</ele></trkpt>
    <trkpt lat="-33.774722" lon="150.122172"><ele>933.7</ele></trkpt>
    <trkpt lat="-33.774911" lon="150.122177"><ele>936.3</ele></trkpt>
    <trkpt lat="-33.775006" lon="150.122174"><ele>937.4</ele></trkpt>
    <trkpt lat="-33.775056" lon="150.122144"><ele>938.1</ele></trkpt>
    <trkpt lat="-33.775088" lon="150.122087"><ele>938.8</ele></trkpt>
    <trkpt lat="-33.775104" lon="150.122045"><ele>939.3</ele></trkpt>
    <trkpt lat="-33.775094" lon="150.121977"><ele>940.0</ele></trkpt>
    <trkpt lat="-33.775051" lon="150.121875"><ele>941.1</ele></trkpt>
    <trkpt lat="-33.775022" lon="150.121788"><ele>942.1</ele></trkpt>
    <trkpt lat="-33.775022" lon="150.121702"><ele>942.9</ele></trkpt>
    <trkpt lat="-33.775037" lon="150.121619"><ele>943.7</ele></trkpt>
    <trkpt lat="-33.775056" lon="150.121547"><ele>944.4</ele></trkpt>
    <trkpt lat="-33.775086" lon="150.121475"><ele>944.8</ele></trkpt>
    <trkpt lat="-33.775123" lon="150.121423"><ele>945.2</ele></trkpt>
    <trkpt lat="-33.775273" lon="150.121244"><ele>947.2</ele></trkpt>
    <trkpt lat="-33.775627" lon="150.120759"><ele>955.6</ele></trkpt>
    <trkpt lat="-33.775680" lon="150.120696"><ele>956.6</ele></trkpt>
    <trkpt lat="-33.775709" lon="150.120615"><ele>957.6</ele></trkpt>
    <trkpt lat="-33.775694" lon="150.120500"><ele>958.9</ele></trkpt>
    <trkpt lat="-33.775679" lon="150.120349"><ele>960.4</ele></trkpt>
    <trkpt lat="-33.775676" lon="150.120192"><ele>962.0</ele></trkpt>
    <trkpt lat="-33.775685" lon="150.120100"><ele>962.9</ele></trkpt>
    <trkpt lat="-33.775660" lon="150.119990"><ele>964.1</ele></trkpt>
    <trkpt lat="-33.775576" lon="150.119788"><ele>966.1</ele></trkpt>
    <trkpt lat="-33.775533" lon="150.119644"><ele>967.4</ele></trkpt>
    <trkpt lat="-33.775538" lon="150.119556"><ele>968.3</ele></trkpt>
    <trkpt lat="-33.775586" lon="150.119502"><ele>969.1</ele></trkpt>
    <trkpt lat="-33.775694" lon="150.119454"><ele>970.7</ele></trkpt>
    <trkpt lat="-33.775797" lon="150.119454"><ele>972.0</ele></trkpt>
    <trkpt lat="-33.775906" lon="150.119478"><ele>973.6</ele></trkpt>
    <trkpt lat="-33.776020" lon="150.119555"><ele>975.4</ele></trkpt>
    <trkpt lat="-33.776229" lon="150.119687"><ele>978.6</ele></trkpt>
    <trkpt lat="-33.776445" lon="150.119781"><ele>980.7</ele></trkpt>
    <trkpt lat="-33.776713" lon="150.119866"><ele>982.3</ele></trkpt>
    <trkpt lat="-33.776898" lon="150.119746"><ele>982.4</ele></trkpt>
    <trkpt lat="-33.777085" lon="150.119612"><ele>982.0</ele></trkpt>
    <trkpt lat="-33.777212" lon="150.119500"><ele>981.5</ele></trkpt>
    <trkpt lat="-33.777289" lon="150.119380"><ele>981.0</ele></trkpt>
    <trkpt lat="-33.777317" lon="150.119269"><ele>980.7</ele></trkpt>
    <trkpt lat="-33.777330" lon="150.119154"><ele>980.5</ele></trkpt>
    <trkpt lat="-33.777351" lon="150.119050"><ele>980.4</ele></trkpt>
    <trkpt lat="-33.777411" lon="150.118955"><ele>980.3</ele></trkpt>
    <trkpt lat="-33.777538" lon="150.118808"><ele>980.0</ele></trkpt>
    <trkpt lat="-33.777645" lon="150.118655"><ele>979.7</ele></trkpt>
    <trkpt lat="-33.777716" lon="150.118515"><ele>979.4</ele></trkpt>
    <trkpt lat="-33.777755" lon="150.118413"><ele>979.2</ele></trkpt>
    <trkpt lat="-33.777781" lon="150.118274"><ele>979.1</ele></trkpt>
    <trkpt lat="-33.777793" lon="150.118129"><ele>979.0</ele></trkpt>
    <trkpt lat="-33.777736" lon="150.117721"><ele>979.7</ele></trkpt>
    <trkpt lat="-33.777716" lon="150.117466"><ele>980.9</ele></trkpt>
    <trkpt lat="-33.777700" lon="150.117327"><ele>982.2</ele></trkpt>
    <trkpt lat="-33.777696" lon="150.117196"><ele>983.4</ele></trkpt>
    <trkpt lat="-33.777723" lon="150.117099"><ele>984.5</ele></trkpt>
    <trkpt lat="-33.777773" lon="150.117035"><ele>985.6</ele></trkpt>
    <trkpt lat="-33.777919" lon="150.116841"><ele>988.9</ele></trkpt>
    <trkpt lat="-33.777981" lon="150.116737"><ele>990.7</ele></trkpt>
    <trkpt lat="-33.778211" lon="150.116208"><ele>998.0</ele></trkpt>
    <trkpt lat="-33.778258" lon="150.115981"><ele>1000.3</ele></trkpt>
    <trkpt lat="-33.778269" lon="150.115761"><ele>1001.9</ele></trkpt>
    <trkpt lat="-33.778167" lon="150.114853"><ele>1007.3</ele></trkpt>
    <trkpt lat="-33.778044" lon="150.113982"><ele>1012.7</ele></trkpt>
    <trkpt lat="-33.777868" lon="150.113299"><ele>1017.7</ele></trkpt>
    <trkpt lat="-33.777836" lon="150.113140"><ele>1018.6</ele></trkpt>
    <trkpt lat="-33.777836" lon="150.112982"><ele>1019.3</ele></trkpt>
    <trkpt lat="-33.777871" lon="150.112739"><ele>1020.3</ele></trkpt>
    <trkpt lat="-33.777888" lon="150.112486"><ele>1021.2</ele></trkpt>
    <trkpt lat="-33.777893" lon="150.112217"><ele>1021.9</ele></trkpt>
    <trkpt lat="-33.777846" lon="150.111548"><ele>1023.5</ele></trkpt>
    <trkpt lat="-33.777856" lon="150.111348"><ele>1024.1</ele></trkpt>
    <trkpt lat="-33.777908" lon="150.110824"><ele>1025.8</ele></trkpt>
    <trkpt lat="-33.777949" lon="150.110286"><ele>1027.9</ele></trkpt>
    <trkpt lat="-33.777943" lon="150.110168"><ele>1028.3</ele></trkpt>
    <trkpt lat="-33.777921" lon="150.110061"><ele>1028.7</ele></trkpt>
    <trkpt lat="-33.777870" lon="150.109964"><ele>1029.1</ele></trkpt>
    <trkpt lat="-33.777761" lon="150.109747"><ele>1030.0</ele></trkpt>
    <trkpt lat="-33.777671" lon="150.109554"><ele>1030.7</ele></trkpt>
    <trkpt lat="-33.777656" lon="150.109447"><ele>1031.0</ele></trkpt>
    <trkpt lat="-33.777640" lon="150.109109"><ele>1031.6</ele></trkpt>
    <trkpt lat="-33.777622" lon="150.108991"><ele>1031.7</ele></trkpt>
    <trkpt lat="-33.777585" lon="150.108859"><ele>1031.9</ele></trkpt>
    <trkpt lat="-33.777272" lon="150.108151"><ele>1033.5</ele></trkpt>
    <trkpt lat="-33.777226" lon="150.108014"><ele>1033.8</ele></trkpt>
    <trkpt lat="-33.777195" lon="150.107845"><ele>1034.1</ele></trkpt>
    <trkpt lat="-33.777165" lon="150.107564"><ele>1034.6</ele></trkpt>
    <trkpt lat="-33.777144" lon="150.107070"><ele>1036.0</ele></trkpt>
    <trkpt lat="-33.777139" lon="150.106743"><ele>1037.1</ele></trkpt>
    <trkpt lat="-33.777163" lon="150.106528"><ele>1038.1</ele></trkpt>
    <trkpt lat="-33.777215" lon="150.106285"><ele>1039.8</ele></trkpt>
    <trkpt lat="-33.777297" lon="150.105932"><ele>1042.8</ele></trkpt>
    <trkpt lat="-33.777468" lon="150.105248"><ele>1049.2</ele></trkpt>
    <trkpt lat="-33.777729" lon="150.104325"><ele>1055.8</ele></trkpt>
    <trkpt lat="-33.777879" lon="150.103723"><ele>1056.6</ele></trkpt>
    <trkpt lat="-33.777903" lon="150.103567"><ele>1056.3</ele></trkpt>
    <trkpt lat="-33.777899" lon="150.103465"><ele>1056.1</ele></trkpt>
    <trkpt lat="-33.777888" lon="150.103363"><ele>1055.9</ele></trkpt>
    <trkpt lat="-33.777763" lon="150.103015"><ele>1055.1</ele></trkpt>
    <trkpt lat="-33.777709" lon="150.102759"><ele>1054.7</ele></trkpt>
    <trkpt lat="-33.777469" lon="150.101368"><ele>1054.0</ele></trkpt>
    <trkpt lat="-33.777469" lon="150.101218"><ele>1054.1</ele></trkpt>
    <trkpt lat="-33.777485" lon="150.101077"><ele>1054.2</ele></trkpt>
    <trkpt lat="-33.777564" lon="150.100719"><ele>1054.7</ele></trkpt>
    <trkpt lat="-33.777576" lon="150.100536"><ele>1055.2</ele></trkpt>
    <trkpt lat="-33.777561" lon="150.100366"><ele>1055.8</ele></trkpt>
    <trkpt lat="-33.777507" lon="150.099989"><ele>1057.4</ele></trkpt>
    <trkpt lat="-33.777444" lon="150.099772"><ele>1058.8</ele></trkpt>
    <trkpt lat="-33.777424" lon="150.099576"><ele>1060.0</ele></trkpt>
    <trkpt lat="-33.777428" lon="150.099331"><ele>1061.7</ele></trkpt>
    <trkpt lat="-33.777498" lon="150.098737"><ele>1064.6</ele></trkpt>
    <trkpt lat="-33.777471" lon="150.098562"><ele>1065.3</ele></trkpt>
    <trkpt lat="-33.777363" lon="150.097770"><ele>1067.4</ele></trkpt>
    <trkpt lat="-33.777261" lon="150.097378"><ele>1068.1</ele></trkpt>
    <trkpt lat="-33.777181" lon="150.097200"><ele>1068.6</ele></trkpt>
    <trkpt lat="-33.777087" lon="150.096999"><ele>1069.3</ele></trkpt>
    <trkpt lat="-33.776969" lon="150.096768"><ele>1070.1</ele></trkpt>
    <trkpt lat="-33.776835" lon="150.096559"><ele>1071.0</ele></trkpt>
    <trkpt lat="-33.776753" lon="150.096381"><ele>1071.7</ele></trkpt>
    <trkpt lat="-33.776675" lon="150.096133"><ele>1072.4</ele></trkpt>
    <trkpt lat="-33.776628" lon="150.095877"><ele>1073.0</ele></trkpt>
    <trkpt lat="-33.776604" lon="150.095660"><ele>1073.3</ele></trkpt>
    <trkpt lat="-33.776615" lon="150.095199"><ele>1072.9</ele></trkpt>
    <trkpt lat="-33.776677" lon="150.094904"><ele>1072.0</ele></trkpt>
    <trkpt lat="-33.776698" lon="150.094708"><ele>1071.3</ele></trkpt>
    <trkpt lat="-33.776595" lon="150.094078"><ele>1068.6</ele></trkpt>
    <trkpt lat="-33.776570" lon="150.093855"><ele>1067.6</ele></trkpt>
    <trkpt lat="-33.776561" lon="150.093664"><ele>1066.8</ele></trkpt>
    <trkpt lat="-33.776568" lon="150.093329"><ele>1065.6</ele></trkpt>
    <trkpt lat="-33.776557" lon="150.093120"><ele>1065.0</ele></trkpt>
    <trkpt lat="-33.776532" lon="150.092964"><ele>1064.7</ele></trkpt>
    <trkpt lat="-33.776470" lon="150.092837"><ele>1064.4</ele></trkpt>
    <trkpt lat="-33.776378" lon="150.092750"><ele>1064.2</ele></trkpt>
    <trkpt lat="-33.776120" lon="150.092610"><ele>1063.8</ele></trkpt>
    <trkpt lat="-33.776025" lon="150.092521"><ele>1063.7</ele></trkpt>
    <trkpt lat="-33.775534" lon="150.091824"><ele>1064.7</ele></trkpt>
    <trkpt lat="-33.775417" lon="150.091546"><ele>1065.2</ele></trkpt>
    <trkpt lat="-33.775307" lon="150.091198"><ele>1066.0</ele></trkpt>
    <trkpt lat="-33.775051" lon="150.090569"><ele>1068.4</ele></trkpt>
    <trkpt lat="-33.774870" lon="150.089934"><ele>1072.0</ele></trkpt>
    <trkpt lat="-33.774725" lon="150.089554"><ele>1074.4</ele></trkpt>
    <trkpt lat="-33.774688" lon="150.089440"><ele>1075.1</ele></trkpt>
    <trkpt lat="-33.774682" lon="150.089319"><ele>1075.8</ele></trkpt>
    <trkpt lat="-33.774733" lon="150.089134"><ele>1076.8</ele></trkpt>
    <trkpt lat="-33.774804" lon="150.088923"><ele>1077.9</ele></trkpt>
    <trkpt lat="-33.775121" lon="150.088323"><ele>1080.2</ele></trkpt>
    <trkpt lat="-33.775556" lon="150.087623"><ele>1078.1</ele></trkpt>
    <trkpt lat="-33.776153" lon="150.086991"><ele>1073.4</ele></trkpt>
    <trkpt lat="-33.776856" lon="150.086414"><ele>1071.7</ele></trkpt>
    <trkpt lat="-33.776942" lon="150.086288"><ele>1071.7</ele></trkpt>
    <trkpt lat="-33.777010" lon="150.086118"><ele>1071.7</ele></trkpt>
    <trkpt lat="-33.777119" lon="150.085670"><ele>1072.0</ele></trkpt>
    <trkpt lat="-33.777232" lon="150.085207"><ele>1072.5</ele></trkpt>
    <trkpt lat="-33.777342" lon="150.084749"><ele>1073.1</ele></trkpt>
    <trkpt lat="-33.777330" lon="150.084508"><ele>1073.3</ele></trkpt>
    <trkpt lat="-33.777302" lon="150.084322"><ele>1073.6</ele></trkpt>
    <trkpt lat="-33.777176" lon="150.083482"><ele>1074.2</ele></trkpt>
    <trkpt lat="-33.777081" lon="150.083207"><ele>1074.0</ele></trkpt>
    <trkpt lat="-33.777053" lon="150.083015"><ele>1073.9</ele></trkpt>
    <trkpt lat="-33.777110" lon="150.082651"><ele>1073.7</ele></trkpt>
    <trkpt lat="-33.777134" lon="150.082453"><ele>1073.7</ele></trkpt>
    <trkpt lat="-33.777127" lon="150.082338"><ele>1073.6</ele></trkpt>
    <trkpt lat="-33.777097" lon="150.082197"><ele>1073.4</ele></trkpt>
    <trkpt lat="-33.776880" lon="150.081637"><ele>1073.1</ele></trkpt>
    <trkpt lat="-33.776675" lon="150.081056"><ele>1072.1</ele></trkpt>
    <trkpt lat="-33.776143" lon="150.079744"><ele>1074.4</ele></trkpt>
    <trkpt lat="-33.775982" lon="150.079473"><ele>1076.5</ele></trkpt>
    <trkpt lat="-33.775888" lon="150.079277"><ele>1078.1</ele></trkpt>
    <trkpt lat="-33.775730" lon="150.078859"><ele>1081.2</ele></trkpt>
    <trkpt lat="-33.775684" lon="150.078352"><ele>1083.7</ele></trkpt>
    <trkpt lat="-33.775831" lon="150.077610"><ele>1084.8</ele></trkpt>
    <trkpt lat="-33.775937" lon="150.077301"><ele>1085.6</ele></trkpt>
    <trkpt lat="-33.776189" lon="150.076594"><ele>1090.5</ele></trkpt>
    <trkpt lat="-33.776294" lon="150.076289"><ele>1093.3</ele></trkpt>
    <trkpt lat="-33.776471" lon="150.075670"><ele>1098.3</ele></trkpt>
    <trkpt lat="-33.776523" lon="150.075442"><ele>1099.8</ele></trkpt>
    <trkpt lat="-33.776557" lon="150.075173"><ele>1101.1</ele></trkpt>
    <trkpt lat="-33.776600" lon="150.074578"><ele>1102.5</ele></trkpt>
    <trkpt lat="-33.776586" lon="150.074334"><ele>1102.7</ele></trkpt>
    <trkpt lat="-33.776559" lon="150.074138"><ele>1103.2</ele></trkpt>
    <trkpt lat="-33.776502" lon="150.073880"><ele>1104.1</ele></trkpt>
    <trkpt lat="-33.776266" lon="150.073175"><ele>1108.0</ele></trkpt>
    <trkpt lat="-33.775816" lon="150.071688"><ele>1117.9</ele></trkpt>
    <trkpt lat="-33.775750" lon="150.071493"><ele>1119.9</ele></trkpt>
    <trkpt lat="-33.775674" lon="150.071327"><ele>1122.1</ele></trkpt>
    <trkpt lat="-33.775478" lon="150.070995"><ele>1126.4</ele></trkpt>
    <trkpt lat="-33.775279" lon="150.070710"><ele>1129.6</ele></trkpt>
    <trkpt lat="-33.775161" lon="150.070525"><ele>1131.6</ele></trkpt>
    <trkpt lat="-33.775110" lon="150.070359"><ele>1133.1</ele></trkpt>
    <trkpt lat="-33.775101" lon="150.070222"><ele>1134.2</ele></trkpt>
    <trkpt lat="-33.775121" lon="150.070023"><ele>1135.8</ele></trkpt>
    <trkpt lat="-33.775211" lon="150.069426"><ele>1140.1</ele></trkpt>
    <trkpt lat="-33.775297" lon="150.069056"><ele>1142.4</ele></trkpt>
    <trkpt lat="-33.775299" lon="150.068747"><ele>1143.9</ele></trkpt>
    <trkpt lat="-33.775231" lon="150.068278"><ele>1145.8</ele></trkpt>
    <trkpt lat="-33.775112" lon="150.067760"><ele>1148.2</ele></trkpt>
    <trkpt lat="-33.774965" lon="150.067488"><ele>1149.4</ele></trkpt>
    <trkpt lat="-33.774830" lon="150.067184"><ele>1150.9</ele></trkpt>
    <trkpt lat="-33.774798" lon="150.067084"><ele>1151.3</ele></trkpt>
    <trkpt lat="-33.774780" lon="150.066963"><ele>1151.9</ele></trkpt>
    <trkpt lat="-33.774711" lon="150.066419"><ele>1154.6</ele></trkpt>
    <trkpt lat="-33.774657" lon="150.065678"><ele>1158.7</ele></trkpt>
    <trkpt lat="-33.774625" lon="150.065550"><ele>1159.4</ele></trkpt>
    <trkpt lat="-33.774563" lon="150.065416"><ele>1160.0</ele></trkpt>
    <trkpt lat="-33.774043" lon="150.064453"><ele>1161.9</ele></trkpt>
    <trkpt lat="-33.773651" lon="150.063560"><ele>1161.8</ele></trkpt>
    <trkpt lat="-33.773527" lon="150.063313"><ele>1162.3</ele></trkpt>
    <trkpt lat="-33.773337" lon="150.062960"><ele>1163.3</ele></trkpt>
    <trkpt lat="-33.773141" lon="150.062517"><ele>1165.1</ele></trkpt>
    <trkpt lat="-33.772904" lon="150.061976"><ele>1167.1</ele></trkpt>
    <trkpt lat="-33.772789" lon="150.061561"><ele>1168.2</ele></trkpt>
    <trkpt lat="-33.772737" lon="150.061408"><ele>1168.8</ele></trkpt>
    <trkpt lat="-33.772644" lon="150.061269"><ele>1169.4</ele></trkpt>
    <trkpt lat="-33.772471" lon="150.060967"><ele>1170.7</ele></trkpt>
    <trkpt lat="-33.772334" lon="150.060442"><ele>1172.7</ele></trkpt>
    <trkpt lat="-33.772211" lon="150.059967"><ele>1174.1</ele></trkpt>
    <trkpt lat="-33.772162" lon="150.059845"><ele>1174.4</ele></trkpt>
    <trkpt lat="-33.772072" lon="150.059731"><ele>1174.6</ele></trkpt>
    <trkpt lat="-33.771788" lon="150.059441"><ele>1175.4</ele></trkpt>
    <trkpt lat="-33.771068" lon="150.058685"><ele>1176.2</ele></trkpt>
    <trkpt lat="-33.770943" lon="150.058509"><ele>1176.1</ele></trkpt>
    <trkpt lat="-33.770840" lon="150.058316"><ele>1176.1</ele></trkpt>
    <trkpt lat="-33.770659" lon="150.057877"><ele>1176.2</ele></trkpt>
    <trkpt lat="-33.770557" lon="150.057739"><ele>1176.2</ele></trkpt>
    <trkpt lat="-33.770386" lon="150.057547"><ele>1176.3</ele></trkpt>
    <trkpt lat="-33.769959" lon="150.056849"><ele>1177.5</ele></trkpt>
    <trkpt lat="-33.769841" lon="150.056703"><ele>1177.9</ele></trkpt>
    <trkpt lat="-33.769589" lon="150.056345"><ele>1178.7</ele></trkpt>
    <trkpt lat="-33.769462" lon="150.056210"><ele>1178.9</ele></trkpt>
    <trkpt lat="-33.769333" lon="150.056095"><ele>1179.1</ele></trkpt>
    <trkpt lat="-33.769202" lon="150.056025"><ele>1179.3</ele></trkpt>
    <trkpt lat="-33.768763" lon="150.055900"><ele>1179.6</ele></trkpt>
    <trkpt lat="-33.768595" lon="150.055819"><ele>1179.6</ele></trkpt>
    <trkpt lat="-33.768467" lon="150.055735"><ele>1179.6</ele></trkpt>
    <trkpt lat="-33.768020" lon="150.055276"><ele>1180.4</ele></trkpt>
    <trkpt lat="-33.767759" lon="150.054907"><ele>1181.3</ele></trkpt>
    <trkpt lat="-33.767544" lon="150.054428"><ele>1182.2</ele></trkpt>
    <trkpt lat="-33.767163" lon="150.053772"><ele>1184.7</ele></trkpt>
    <trkpt lat="-33.766907" lon="150.053384"><ele>1187.1</ele></trkpt>
    <trkpt lat="-33.766680" lon="150.053077"><ele>1189.8</ele></trkpt>
    <trkpt lat="-33.766642" lon="150.052989"><ele>1190.3</ele></trkpt>
    <trkpt lat="-33.766240" lon="150.051862"><ele>1194.3</ele></trkpt>
    <trkpt lat="-33.766179" lon="150.051756"><ele>1194.5</ele></trkpt>
    <trkpt lat="-33.766098" lon="150.051669"><ele>1194.8</ele></trkpt>
    <trkpt lat="-33.765993" lon="150.051578"><ele>1195.2</ele></trkpt>
    <trkpt lat="-33.765859" lon="150.051476"><ele>1195.8</ele></trkpt>
    <trkpt lat="-33.765746" lon="150.051415"><ele>1196.2</ele></trkpt>
    <trkpt lat="-33.765045" lon="150.051172"><ele>1199.4</ele></trkpt>
    <trkpt lat="-33.764682" lon="150.051032"><ele>1201.0</ele></trkpt>
    <trkpt lat="-33.764376" lon="150.050889"><ele>1202.2</ele></trkpt>
    <trkpt lat="-33.764298" lon="150.050816"><ele>1202.6</ele></trkpt>
    <trkpt lat="-33.764155" lon="150.050663"><ele>1203.4</ele></trkpt>
    <trkpt lat="-33.764072" lon="150.050595"><ele>1203.9</ele></trkpt>
    <trkpt lat="-33.763950" lon="150.050519"><ele>1204.6</ele></trkpt>
    <trkpt lat="-33.763852" lon="150.050492"><ele>1205.1</ele></trkpt>
    <trkpt lat="-33.763754" lon="150.050505"><ele>1205.5</ele></trkpt>
    <trkpt lat="-33.763654" lon="150.050572"><ele>1206.1</ele></trkpt>
    <trkpt lat="-33.763580" lon="150.050645"><ele>1206.8</ele></trkpt>
    <trkpt lat="-33.763402" lon="150.050683"><ele>1208.0</ele></trkpt>
    <trkpt lat="-33.763234" lon="150.050692"><ele>1209.2</ele></trkpt>
    <trkpt lat="-33.763054" lon="150.050643"><ele>1210.3</ele></trkpt>
    <trkpt lat="-33.762859" lon="150.050632"><ele>1211.4</ele></trkpt>
    <trkpt lat="-33.762657" lon="150.050749"><ele>1212.5</ele></trkpt>
    <trkpt lat="-33.762011" lon="150.051130"><ele>1214.9</ele></trkpt>
    <trkpt lat="-33.761618" lon="150.051323"><ele>1215.6</ele></trkpt>
    <trkpt lat="-33.761101" lon="150.051494"><ele>1216.3</ele></trkpt>
    <trkpt lat="-33.760964" lon="150.051487"><ele>1216.3</ele></trkpt>
    <trkpt lat="-33.760815" lon="150.051468"><ele>1216.4</ele></trkpt>
    <trkpt lat="-33.760681" lon="150.051433"><ele>1216.5</ele></trkpt>
    <trkpt lat="-33.760581" lon="150.051452"><ele>1216.5</ele></trkpt>
    <trkpt lat="-33.760474" lon="150.051508"><ele>1216.5</ele></trkpt>
    <trkpt lat="-33.760391" lon="150.051614"><ele>1216.4</ele></trkpt>
    <trkpt lat="-33.760365" lon="150.051715"><ele>1216.3</ele></trkpt>
    <trkpt lat="-33.760340" lon="150.051801"><ele>1216.2</ele></trkpt>
    <trkpt lat="-33.760311" lon="150.051842"><ele>1216.2</ele></trkpt>
    <trkpt lat="-33.760269" lon="150.051862"><ele>1216.1</ele></trkpt>
    <trkpt lat="-33.760218" lon="150.051876"><ele>1215.9</ele></trkpt>
    <trkpt lat="-33.760173" lon="150.051871"><ele>1215.7</ele></trkpt>
    <trkpt lat="-33.759994" lon="150.051819"><ele>1215.0</ele></trkpt>
    <trkpt lat="-33.759559" lon="150.051656"><ele>1212.3</ele></trkpt>
    <trkpt lat="-33.759151" lon="150.051557"><ele>1209.8</ele></trkpt>
    <trkpt lat="-33.758175" lon="150.051321"><ele>1207.8</ele></trkpt>
    <trkpt lat="-33.757725" lon="150.051347"><ele>1207.5</ele></trkpt>
    <trkpt lat="-33.757376" lon="150.051337"><ele>1207.0</ele></trkpt>
    <trkpt lat="-33.757077" lon="150.051279"><ele>1206.7</ele></trkpt>
    <trkpt lat="-33.756769" lon="150.051149"><ele>1206.5</ele></trkpt>
    <trkpt lat="-33.756469" lon="150.050978"><ele>1207.0</ele></trkpt>
    <trkpt lat="-33.756171" lon="150.050973"><ele>1208.2</ele></trkpt>
    <trkpt lat="-33.755849" lon="150.051128"><ele>1209.1</ele></trkpt>
    <trkpt lat="-33.755706" lon="150.051184"><ele>1209.1</ele></trkpt>
    <trkpt lat="-33.755496" lon="150.050492"><ele>1207.0</ele></trkpt>
    <trkpt lat="-33.755428" lon="150.050217"><ele>1205.2</ele></trkpt>
    <trkpt lat="-33.755378" lon="150.050095"><ele>1204.3</ele></trkpt>
    <trkpt lat="-33.755288" lon="150.049937"><ele>1203.4</ele></trkpt>
    <trkpt lat="-33.755180" lon="150.049804"><ele>1202.5</ele></trkpt>
    <trkpt lat="-33.755006" lon="150.049633"><ele>1201.4</ele></trkpt>
    <trkpt lat="-33.754773" lon="150.049458"><ele>1199.8</ele></trkpt>
    <trkpt lat="-33.754595" lon="150.049287"><ele>1198.9</ele></trkpt>
    <trkpt lat="-33.754426" lon="150.049079"><ele>1198.2</ele></trkpt>
    <trkpt lat="-33.754511" lon="150.049033"><ele>1197.9</ele></trkpt>
    <trkpt lat="-33.754938" lon="150.048622"><ele>1196.2</ele></trkpt>
    <trkpt lat="-33.755121" lon="150.048262"><ele>1196.2</ele></trkpt>
    <trkpt lat="-33.755293" lon="150.048089"><ele>1196.0</ele></trkpt>
    <trkpt lat="-33.755324" lon="150.048058"><ele>1196.0</ele></trkpt>
    <trkpt lat="-33.755401" lon="150.047990"><ele>1195.9</ele></trkpt>
    <trkpt lat="-33.755653" lon="150.047660"><ele>1195.7</ele></trkpt>
    <trkpt lat="-33.755840" lon="150.047464"><ele>1195.5</ele></trkpt>
    <trkpt lat="-33.756036" lon="150.047161"><ele>1194.6</ele></trkpt>
    <trkpt lat="-33.756222" lon="150.046791"><ele>1192.3</ele></trkpt>
    <trkpt lat="-33.756311" lon="150.046446"><ele>1190.0</ele></trkpt>
    <trkpt lat="-33.756371" lon="150.045919"><ele>1185.8</ele></trkpt>
    <trkpt lat="-33.756383" lon="150.045463"><ele>1182.7</ele></trkpt>
    <trkpt lat="-33.756422" lon="150.045151"><ele>1181.0</ele></trkpt>
    <trkpt lat="-33.756481" lon="150.044849"><ele>1179.7</ele></trkpt>
    <trkpt lat="-33.756503" lon="150.044596"><ele>1179.3</ele></trkpt>
    <trkpt lat="-33.756586" lon="150.044382"><ele>1179.1</ele></trkpt>
    <trkpt lat="-33.756762" lon="150.044128"><ele>1179.0</ele></trkpt>
    <trkpt lat="-33.756938" lon="150.043821"><ele>1179.0</ele></trkpt>
    <trkpt lat="-33.757160" lon="150.043356"><ele>1179.5</ele></trkpt>
    <trkpt lat="-33.757305" lon="150.043059"><ele>1179.0</ele></trkpt>
    <trkpt lat="-33.757374" lon="150.042872"><ele>1178.4</ele></trkpt>
    <trkpt lat="-33.757394" lon="150.042702"><ele>1177.7</ele></trkpt>
    <trkpt lat="-33.757368" lon="150.042520"><ele>1177.0</ele></trkpt>
    <trkpt lat="-33.757314" lon="150.042331"><ele>1175.8</ele></trkpt>
    <trkpt lat="-33.757228" lon="150.042179"><ele>1174.5</ele></trkpt>
    <trkpt lat="-33.757078" lon="150.042084"><ele>1173.0</ele></trkpt>
    <trkpt lat="-33.756880" lon="150.042041"><ele>1171.1</ele></trkpt>
    <trkpt lat="-33.756190" lon="150.041933"><ele>1165.3</ele></trkpt>
    <trkpt lat="-33.755975" lon="150.041890"><ele>1164.3</ele></trkpt>
    <trkpt lat="-33.755863" lon="150.041834"><ele>1163.7</ele></trkpt>
    <trkpt lat="-33.755792" lon="150.041753"><ele>1163.3</ele></trkpt>
    <trkpt lat="-33.755711" lon="150.041483"><ele>1162.6</ele></trkpt>
    <trkpt lat="-33.755701" lon="150.041349"><ele>1162.4</ele></trkpt>
    <trkpt lat="-33.755719" lon="150.041239"><ele>1162.1</ele></trkpt>
    <trkpt lat="-33.755806" lon="150.041102"><ele>1161.6</ele></trkpt>
    <trkpt lat="-33.756001" lon="150.040864"><ele>1160.7</ele></trkpt>
    <trkpt lat="-33.756120" lon="150.040781"><ele>1160.5</ele></trkpt>
    <trkpt lat="-33.756225" lon="150.040692"><ele>1160.4</ele></trkpt>
    <trkpt lat="-33.756381" lon="150.040577"><ele>1160.7</ele></trkpt>
    <trkpt lat="-33.756469" lon="150.040465"><ele>1161.2</ele></trkpt>
    <trkpt lat="-33.756485" lon="150.040349"><ele>1161.7</ele></trkpt>
    <trkpt lat="-33.756456" lon="150.040162"><ele>1162.8</ele></trkpt>
    <trkpt lat="-33.756450" lon="150.040027"><ele>1163.8</ele></trkpt>
    <trkpt lat="-33.756480" lon="150.039906"><ele>1164.8</ele></trkpt>
    <trkpt lat="-33.756568" lon="150.039794"><ele>1166.3</ele></trkpt>
    <trkpt lat="-33.756679" lon="150.039738"><ele>1167.9</ele></trkpt>
    <trkpt lat="-33.756829" lon="150.039698"><ele>1169.9</ele></trkpt>
    <trkpt lat="-33.756979" lon="150.039689"><ele>1171.6</ele></trkpt>
    <trkpt lat="-33.757053" lon="150.039660"><ele>1172.5</ele></trkpt>
    <trkpt lat="-33.757112" lon="150.039610"><ele>1173.3</ele></trkpt>
    <trkpt lat="-33.757223" lon="150.039390"><ele>1175.5</ele></trkpt>
    <trkpt lat="-33.757359" lon="150.038994"><ele>1178.4</ele></trkpt>
    <trkpt lat="-33.757438" lon="150.038814"><ele>1179.7</ele></trkpt>
    <trkpt lat="-33.757515" lon="150.038731"><ele>1180.4</ele></trkpt>
    <trkpt lat="-33.757607" lon="150.038697"><ele>1181.0</ele></trkpt>
    <trkpt lat="-33.757737" lon="150.038699"><ele>1181.7</ele></trkpt>
    <trkpt lat="-33.757880" lon="150.038712"><ele>1182.4</ele></trkpt>
    <trkpt lat="-33.758074" lon="150.038672"><ele>1183.1</ele></trkpt>
    <trkpt lat="-33.758204" lon="150.038556"><ele>1183.5</ele></trkpt>
    <trkpt lat="-33.758262" lon="150.038421"><ele>1183.7</ele></trkpt>
    <trkpt lat="-33.758239" lon="150.038286"><ele>1183.9</ele></trkpt>
    <trkpt lat="-33.758186" lon="150.038165"><ele>1184.0</ele></trkpt>
    <trkpt lat="-33.758061" lon="150.038060"><ele>1184.2</ele></trkpt>
    <trkpt lat="-33.757798" lon="150.037870"><ele>1184.6</ele></trkpt>
    <trkpt lat="-33.757654" lon="150.037753"><ele>1185.0</ele></trkpt>
    <trkpt lat="-33.757496" lon="150.037570"><ele>1185.6</ele></trkpt>
    <trkpt lat="-33.757380" lon="150.037401"><ele>1186.2</ele></trkpt>
    <trkpt lat="-33.757321" lon="150.037173"><ele>1187.2</ele></trkpt>
    <trkpt lat="-33.757264" lon="150.036887"><ele>1188.2</ele></trkpt>
    <trkpt lat="-33.757207" lon="150.036526"><ele>1189.1</ele></trkpt>
    <trkpt lat="-33.757215" lon="150.036356"><ele>1188.9</ele></trkpt>
    <trkpt lat="-33.757266" lon="150.036191"><ele>1188.7</ele></trkpt>
    <trkpt lat="-33.757419" lon="150.036102"><ele>1188.3</ele></trkpt>
    <trkpt lat="-33.757685" lon="150.036045"><ele>1186.6</ele></trkpt>
    <trkpt lat="-33.757944" lon="150.036008"><ele>1184.2</ele></trkpt>
    <trkpt lat="-33.758245" lon="150.035974"><ele>1180.8</ele></trkpt>
    <trkpt lat="-33.758844" lon="150.035596"><ele>1172.2</ele></trkpt>
    <trkpt lat="-33.759344" lon="150.035272"><ele>1167.6</ele></trkpt>
    <trkpt lat="-33.759487" lon="150.035114"><ele>1167.8</ele></trkpt>
    <trkpt lat="-33.759631" lon="150.035090"><ele>1169.0</ele></trkpt>
    <trkpt lat="-33.759798" lon="150.035142"><ele>1171.1</ele></trkpt>
    <trkpt lat="-33.759965" lon="150.035151"><ele>1173.8</ele></trkpt>
    <trkpt lat="-33.760301" lon="150.035081"><ele>1181.0</ele></trkpt>
    <trkpt lat="-33.760592" lon="150.034906"><ele>1188.3</ele></trkpt>
    <trkpt lat="-33.760787" lon="150.034789"><ele>1192.5</ele></trkpt>
    <trkpt lat="-33.760992" lon="150.034733"><ele>1196.0</ele></trkpt>
    <trkpt lat="-33.761171" lon="150.034713"><ele>1198.6</ele></trkpt>
    <trkpt lat="-33.761336" lon="150.034706"><ele>1200.9</ele></trkpt>
    <trkpt lat="-33.761521" lon="150.034726"><ele>1203.2</ele></trkpt>
    <trkpt lat="-33.761669" lon="150.034730"><ele>1204.7</ele></trkpt>
    <trkpt lat="-33.761777" lon="150.034721"><ele>1205.8</ele></trkpt>
    <trkpt lat="-33.761931" lon="150.034613"><ele>1206.8</ele></trkpt>
    <trkpt lat="-33.762131" lon="150.034506"><ele>1207.4</ele></trkpt>
    <trkpt lat="-33.762281" lon="150.034431"><ele>1207.5</ele></trkpt>
    <trkpt lat="-33.762478" lon="150.034400"><ele>1207.2</ele></trkpt>
    <trkpt lat="-33.762614" lon="150.034327"><ele>1206.9</ele></trkpt>
    <trkpt lat="-33.762695" lon="150.034215"><ele>1206.6</ele></trkpt>
    <trkpt lat="-33.762720" lon="150.034079"><ele>1206.2</ele></trkpt>
    <trkpt lat="-33.762701" lon="150.033897"><ele>1205.7</ele></trkpt>
    <trkpt lat="-33.762611" lon="150.033659"><ele>1205.1</ele></trkpt>
    <trkpt lat="-33.762583" lon="150.033455"><ele>1204.9</ele></trkpt>
    <trkpt lat="-33.762706" lon="150.033340"><ele>1204.9</ele></trkpt>
    <trkpt lat="-33.762891" lon="150.033295"><ele>1204.7</ele></trkpt>
    <trkpt lat="-33.763127" lon="150.033174"><ele>1204.2</ele></trkpt>
    <trkpt lat="-33.763363" lon="150.032930"><ele>1202.9</ele></trkpt>
    <trkpt lat="-33.763409" lon="150.032812"><ele>1202.5</ele></trkpt>
    <trkpt lat="-33.763419" lon="150.032455"><ele>1201.2</ele></trkpt>
    <trkpt lat="-33.763469" lon="150.032247"><ele>1200.4</ele></trkpt>
    <trkpt lat="-33.763562" lon="150.032097"><ele>1199.7</ele></trkpt>
    <trkpt lat="-33.763691" lon="150.031997"><ele>1199.1</ele></trkpt>
    <trkpt lat="-33.763855" lon="150.031904"><ele>1198.9</ele></trkpt>
    <trkpt lat="-33.763992" lon="150.031781"><ele>1198.8</ele></trkpt>
    <trkpt lat="-33.764089" lon="150.031597"><ele>1198.9</ele></trkpt>
    <trkpt lat="-33.764158" lon="150.031426"><ele>1198.9</ele></trkpt>
    <trkpt lat="-33.764200" lon="150.031312"><ele>1199.0</ele></trkpt>
    <trkpt lat="-33.764225" lon="150.031170"><ele>1199.2</ele></trkpt>
    <trkpt lat="-33.764272" lon="150.031052"><ele>1199.6</ele></trkpt>
    <trkpt lat="-33.764355" lon="150.030981"><ele>1200.0</ele></trkpt>
    <trkpt lat="-33.764491" lon="150.030962"><ele>1200.7</ele></trkpt>
    <trkpt lat="-33.764648" lon="150.030942"><ele>1201.6</ele></trkpt>
    <trkpt lat="-33.764855" lon="150.030864"><ele>1202.9</ele></trkpt>
    <trkpt lat="-33.765028" lon="150.030827"><ele>1204.1</ele></trkpt>
    <trkpt lat="-33.765602" lon="150.030778"><ele>1208.7</ele></trkpt>
    <trkpt lat="-33.765901" lon="150.030761"><ele>1210.9</ele></trkpt>
    <trkpt lat="-33.766159" lon="150.030701"><ele>1212.4</ele></trkpt>
    <trkpt lat="-33.766222" lon="150.030615"><ele>1212.9</ele></trkpt>
    <trkpt lat="-33.766206" lon="150.030507"><ele>1213.3</ele></trkpt>
    <trkpt lat="-33.766135" lon="150.030410"><ele>1213.7</ele></trkpt>
    <trkpt lat="-33.765979" lon="150.030268"><ele>1214.2</ele></trkpt>
    <trkpt lat="-33.765774" lon="150.030100"><ele>1214.3</ele></trkpt>
    <trkpt lat="-33.765558" lon="150.029945"><ele>1213.9</ele></trkpt>
    <trkpt lat="-33.765462" lon="150.029860"><ele>1213.6</ele></trkpt>
    <trkpt lat="-33.765412" lon="150.029778"><ele>1213.3</ele></trkpt>
    <trkpt lat="-33.765380" lon="150.029687"><ele>1213.1</ele></trkpt>
    <trkpt lat="-33.765398" lon="150.029584"><ele>1212.8</ele></trkpt>
    <trkpt lat="-33.765492" lon="150.029506"><ele>1212.3</ele></trkpt>
    <trkpt lat="-33.765594" lon="150.029464"><ele>1211.7</ele></trkpt>
    <trkpt lat="-33.765748" lon="150.029465"><ele>1210.9</ele></trkpt>
    <trkpt lat="-33.765924" lon="150.029456"><ele>1209.9</ele></trkpt>
    <trkpt lat="-33.766116" lon="150.029362"><ele>1208.8</ele></trkpt>
    <trkpt lat="-33.766195" lon="150.029294"><ele>1208.4</ele></trkpt>
    <trkpt lat="-33.766211" lon="150.029248"><ele>1208.2</ele></trkpt>
    <trkpt lat="-33.766206" lon="150.029113"><ele>1207.6</ele></trkpt>
    <trkpt lat="-33.766233" lon="150.029043"><ele>1207.3</ele></trkpt>
    <trkpt lat="-33.766326" lon="150.028971"><ele>1206.8</ele></trkpt>
    <trkpt lat="-33.766392" lon="150.028935"><ele>1206.5</ele></trkpt>
    <trkpt lat="-33.766489" lon="150.028900"><ele>1206.0</ele></trkpt>
    <trkpt lat="-33.766930" lon="150.028765"><ele>1205.5</ele></trkpt>
    <trkpt lat="-33.767736" lon="150.028138"><ele>1205.3</ele></trkpt>
    <trkpt lat="-33.768060" lon="150.027679"><ele>1203.2</ele></trkpt>
    <trkpt lat="-33.768352" lon="150.027340"><ele>1200.8</ele></trkpt>
    <trkpt lat="-33.768757" lon="150.027287"><ele>1197.9</ele></trkpt>
    <trkpt lat="-33.769118" lon="150.027459"><ele>1194.7</ele></trkpt>
    <trkpt lat="-33.769525" lon="150.027775"><ele>1190.9</ele></trkpt>
    <trkpt lat="-33.769848" lon="150.027683"><ele>1188.5</ele></trkpt>
    <trkpt lat="-33.770319" lon="150.027220"><ele>1185.3</ele></trkpt>
    <trkpt lat="-33.770904" lon="150.026873"><ele>1181.7</ele></trkpt>
    <trkpt lat="-33.771818" lon="150.026802"><ele>1175.7</ele></trkpt>
    <trkpt lat="-33.772337" lon="150.026588"><ele>1172.1</ele></trkpt>
    <trkpt lat="-33.772631" lon="150.026576"><ele>1169.7</ele></trkpt>
    <trkpt lat="-33.772916" lon="150.026696"><ele>1167.3</ele></trkpt>
    <trkpt lat="-33.773812" lon="150.026494"><ele>1159.5</ele></trkpt>
    <trkpt lat="-33.774086" lon="150.026276"><ele>1156.4</ele></trkpt>
    <trkpt lat="-33.774800" lon="150.025778"><ele>1152.4</ele></trkpt>
    <trkpt lat="-33.776405" lon="150.025632"><ele>1153.3</ele></trkpt>
    <trkpt lat="-33.777853" lon="150.025409"><ele>1145.7</ele></trkpt>
    <trkpt lat="-33.779102" lon="150.025460"><ele>1158.3</ele></trkpt>
    <trkpt lat="-33.779687" lon="150.025074"><ele>1167.8</ele></trkpt>
    <trkpt lat="-33.780113" lon="150.024915"><ele>1173.9</ele></trkpt>
    <trkpt lat="-33.780282" lon="150.024832"><ele>1176.3</ele></trkpt>
    <trkpt lat="-33.780580" lon="150.024769"><ele>1180.5</ele></trkpt>
    <trkpt lat="-33.780836" lon="150.024757"><ele>1183.7</ele></trkpt>
    <trkpt lat="-33.781470" lon="150.024447"><ele>1191.1</ele></trkpt>
    <trkpt lat="-33.782348" lon="150.024276"><ele>1194.7</ele></trkpt>
    <trkpt lat="-33.783204" lon="150.024362"><ele>1186.1</ele></trkpt>
    <trkpt lat="-33.783705" lon="150.024365"><ele>1180.7</ele></trkpt>
    <trkpt lat="-33.784139" lon="150.024507"><ele>1180.5</ele></trkpt>
    <trkpt lat="-33.784177" lon="150.024520"><ele>1180.6</ele></trkpt>
    <trkpt lat="-33.786000" lon="150.025160"><ele>1187.9</ele></trkpt>
    <trkpt lat="-33.786298" lon="150.024969"><ele>1189.6</ele></trkpt>
    <trkpt lat="-33.786719" lon="150.024762"><ele>1192.3</ele></trkpt>
    <trkpt lat="-33.787002" lon="150.024689"><ele>1193.2</ele></trkpt>
    <trkpt lat="-33.787298" lon="150.024690"><ele>1194.0</ele></trkpt>
    <trkpt lat="-33.787562" lon="150.024649"><ele>1195.0</ele></trkpt>
    <trkpt lat="-33.787885" lon="150.024513"><ele>1195.4</ele></trkpt>
    <trkpt lat="-33.788059" lon="150.024477"><ele>1194.9</ele></trkpt>
    <trkpt lat="-33.788282" lon="150.024470"><ele>1193.9</ele></trkpt>
    <trkpt lat="-33.788418" lon="150.024450"><ele>1193.1</ele></trkpt>
    <trkpt lat="-33.788536" lon="150.024377"><ele>1192.3</ele></trkpt>
    <trkpt lat="-33.788701" lon="150.024198"><ele>1190.0</ele></trkpt>
    <trkpt lat="-33.788872" lon="150.023848"><ele>1186.6</ele></trkpt>
    <trkpt lat="-33.788977" lon="150.023665"><ele>1185.8</ele></trkpt>
    <trkpt lat="-33.789074" lon="150.023605"><ele>1185.4</ele></trkpt>
    <trkpt lat="-33.789180" lon="150.023615"><ele>1185.5</ele></trkpt>
    <trkpt lat="-33.789455" lon="150.023720"><ele>1186.6</ele></trkpt>
    <trkpt lat="-33.789778" lon="150.023788"><ele>1189.9</ele></trkpt>
    <trkpt lat="-33.790006" lon="150.023842"><ele>1192.9</ele></trkpt>
    <trkpt lat="-33.790296" lon="150.023837"><ele>1195.9</ele></trkpt>
    <trkpt lat="-33.790571" lon="150.023930"><ele>1197.7</ele></trkpt>
    <trkpt lat="-33.790908" lon="150.024104"><ele>1198.7</ele></trkpt>
    <trkpt lat="-33.791130" lon="150.024334"><ele>1198.1</ele></trkpt>
    <trkpt lat="-33.791334" lon="150.024596"><ele>1197.1</ele></trkpt>
    <trkpt lat="-33.791560" lon="150.024964"><ele>1195.6</ele></trkpt>
    <trkpt lat="-33.791723" lon="150.025278"><ele>1193.7</ele></trkpt>
    <trkpt lat="-33.791792" lon="150.025525"><ele>1192.1</ele></trkpt>
    <trkpt lat="-33.791796" lon="150.025640"><ele>1191.4</ele></trkpt>
    <trkpt lat="-33.791773" lon="150.025782"><ele>1190.1</ele></trkpt>
    <trkpt lat="-33.791777" lon="150.025897"><ele>1189.0</ele></trkpt>
    <trkpt lat="-33.791819" lon="150.026014"><ele>1187.8</ele></trkpt>
    <trkpt lat="-33.791925" lon="150.026115"><ele>1186.4</ele></trkpt>
    <trkpt lat="-33.792062" lon="150.026193"><ele>1184.9</ele></trkpt>
    <trkpt lat="-33.792164" lon="150.026297"><ele>1183.8</ele></trkpt>
    <trkpt lat="-33.792230" lon="150.026392"><ele>1183.0</ele></trkpt>
    <trkpt lat="-33.792278" lon="150.026477"><ele>1182.3</ele></trkpt>
    <trkpt lat="-33.792299" lon="150.026599"><ele>1181.5</ele></trkpt>
    <trkpt lat="-33.792383" lon="150.026664"><ele>1180.8</ele></trkpt>
    <trkpt lat="-33.792454" lon="150.026679"><ele>1180.3</ele></trkpt>
    <trkpt lat="-33.792656" lon="150.026634"><ele>1178.9</ele></trkpt>
    <trkpt lat="-33.792963" lon="150.026673"><ele>1177.3</ele></trkpt>
    <trkpt lat="-33.793179" lon="150.026719"><ele>1176.0</ele></trkpt>
    <trkpt lat="-33.793868" lon="150.026894"><ele>1169.9</ele></trkpt>
    <trkpt lat="-33.794635" lon="150.027029"><ele>1164.4</ele></trkpt>
    <trkpt lat="-33.794809" lon="150.027054"><ele>1163.6</ele></trkpt>
    <trkpt lat="-33.794982" lon="150.027036"><ele>1163.1</ele></trkpt>
    <trkpt lat="-33.795181" lon="150.026935"><ele>1162.6</ele></trkpt>
    <trkpt lat="-33.795446" lon="150.026852"><ele>1161.9</ele></trkpt>
    <trkpt lat="-33.795856" lon="150.026578"><ele>1160.7</ele></trkpt>
    <trkpt lat="-33.796579" lon="150.026267"><ele>1158.7</ele></trkpt>
    <trkpt lat="-33.797249" lon="150.025823"><ele>1161.8</ele></trkpt>
    <trkpt lat="-33.797937" lon="150.025521"><ele>1167.0</ele></trkpt>
    <trkpt lat="-33.798054" lon="150.025496"><ele>1167.4</ele></trkpt>
    <trkpt lat="-33.798164" lon="150.025495"><ele>1167.6</ele></trkpt>
    <trkpt lat="-33.798291" lon="150.025538"><ele>1167.7</ele></trkpt>
    <trkpt lat="-33.798645" lon="150.025648"><ele>1166.0</ele></trkpt>
    <trkpt lat="-33.798976" lon="150.025785"><ele>1163.4</ele></trkpt>
    <trkpt lat="-33.800005" lon="150.026336"><ele>1153.9</ele></trkpt>
    <trkpt lat="-33.800387" lon="150.026496"><ele>1151.6</ele></trkpt>
    <trkpt lat="-33.800779" lon="150.026601"><ele>1149.9</ele></trkpt>
    <trkpt lat="-33.801169" lon="150.026709"><ele>1149.3</ele></trkpt>
    <trkpt lat="-33.801392" lon="150.026746"><ele>1149.9</ele></trkpt>
    <trkpt lat="-33.801603" lon="150.026741"><ele>1150.9</ele></trkpt>
    <trkpt lat="-33.801998" lon="150.026641"><ele>1154.6</ele></trkpt>
    <trkpt lat="-33.802360" lon="150.026599"><ele>1159.1</ele></trkpt>
    <trkpt lat="-33.802568" lon="150.026579"><ele>1161.8</ele></trkpt>
    <trkpt lat="-33.802812" lon="150.026572"><ele>1164.4</ele></trkpt>
    <trkpt lat="-33.803038" lon="150.026564"><ele>1166.4</ele></trkpt>
    <trkpt lat="-33.803286" lon="150.026476"><ele>1168.1</ele></trkpt>
    <trkpt lat="-33.803554" lon="150.026363"><ele>1169.2</ele></trkpt>
    <trkpt lat="-33.803910" lon="150.026075"><ele>1168.8</ele></trkpt>
    <trkpt lat="-33.804150" lon="150.025895"><ele>1167.0</ele></trkpt>
    <trkpt lat="-33.804353" lon="150.025793"><ele>1165.0</ele></trkpt>
    <trkpt lat="-33.804558" lon="150.025765"><ele>1162.6</ele></trkpt>
    <trkpt lat="-33.804745" lon="150.025782"><ele>1159.9</ele></trkpt>
    <trkpt lat="-33.805001" lon="150.025853"><ele>1155.6</ele></trkpt>
    <trkpt lat="-33.805129" lon="150.025922"><ele>1153.0</ele></trkpt>
    <trkpt lat="-33.805207" lon="150.025937"><ele>1151.6</ele></trkpt>
    <trkpt lat="-33.805267" lon="150.025912"><ele>1150.5</ele></trkpt>
    <trkpt lat="-33.805337" lon="150.025843"><ele>1149.0</ele></trkpt>
    <trkpt lat="-33.805481" lon="150.025737"><ele>1146.0</ele></trkpt>
    <trkpt lat="-33.805601" lon="150.025709"><ele>1143.9</ele></trkpt>
    <trkpt lat="-33.805701" lon="150.025725"><ele>1142.2</ele></trkpt>
    <trkpt lat="-33.805955" lon="150.025821"><ele>1137.6</ele></trkpt>
    <trkpt lat="-33.806109" lon="150.025846"><ele>1134.9</ele></trkpt>
    <trkpt lat="-33.806227" lon="150.025786"><ele>1132.7</ele></trkpt>
    <trkpt lat="-33.806339" lon="150.025690"><ele>1130.5</ele></trkpt>
    <trkpt lat="-33.806469" lon="150.025552"><ele>1127.5</ele></trkpt>
    <trkpt lat="-33.806587" lon="150.025404"><ele>1124.6</ele></trkpt>
    <trkpt lat="-33.806760" lon="150.025305"><ele>1121.5</ele></trkpt>
    <trkpt lat="-33.806951" lon="150.025261"><ele>1118.6</ele></trkpt>
    <trkpt lat="-33.807148" lon="150.025261"><ele>1115.7</ele></trkpt>
    <trkpt lat="-33.807345" lon="150.025322"><ele>1112.8</ele></trkpt>
    <trkpt lat="-33.807590" lon="150.025407"><ele>1109.3</ele></trkpt>
    <trkpt lat="-33.807835" lon="150.025468"><ele>1105.6</ele></trkpt>
    <trkpt lat="-33.808297" lon="150.025580"><ele>1097.4</ele></trkpt>
    <trkpt lat="-33.808705" lon="150.025648"><ele>1089.5</ele></trkpt>
    <trkpt lat="-33.808939" lon="150.025735"><ele>1084.3</ele></trkpt>
    <trkpt lat="-33.809337" lon="150.026152"><ele>1071.9</ele></trkpt>
    <trkpt lat="-33.809561" lon="150.026310"><ele>1066.2</ele></trkpt>
    <trkpt lat="-33.809841" lon="150.026464"><ele>1059.1</ele></trkpt>
    <trkpt lat="-33.809962" lon="150.026429"><ele>1056.3</ele></trkpt>
    <trkpt lat="-33.810078" lon="150.026456"><ele>1053.6</ele></trkpt>
    <trkpt lat="-33.810554" lon="150.026694"><ele>1042.1</ele></trkpt>
    <trkpt lat="-33.810809" lon="150.026757"><ele>1036.7</ele></trkpt>
    <trkpt lat="-33.811001" lon="150.026737"><ele>1033.1</ele></trkpt>
    <trkpt lat="-33.811189" lon="150.026672"><ele>1029.5</ele></trkpt>
    <trkpt lat="-33.811286" lon="150.026640"><ele>1027.6</ele></trkpt>
    <trkpt lat="-33.811379" lon="150.026670"><ele>1025.7</ele></trkpt>
    <trkpt lat="-33.811650" lon="150.026919"><ele>1018.0</ele></trkpt>
    <trkpt lat="-33.812116" lon="150.027235"><ele>1005.2</ele></trkpt>
    <trkpt lat="-33.812244" lon="150.027271"><ele>1002.3</ele></trkpt>
    <trkpt lat="-33.812514" lon="150.027136"><ele>997.0</ele></trkpt>
    <trkpt lat="-33.812804" lon="150.027168"><ele>993.7</ele></trkpt>
    <trkpt lat="-33.812979" lon="150.027207"><ele>991.8</ele></trkpt>
    <trkpt lat="-33.813158" lon="150.027190"><ele>989.8</ele></trkpt>
    <trkpt lat="-33.813415" lon="150.027120"><ele>987.3</ele></trkpt>
    <trkpt lat="-33.813648" lon="150.027009"><ele>984.4</ele></trkpt>
    <trkpt lat="-33.813790" lon="150.027023"><ele>982.4</ele></trkpt>
    <trkpt lat="-33.813949" lon="150.027064"><ele>979.9</ele></trkpt>
    <trkpt lat="-33.814116" lon="150.027052"><ele>976.8</ele></trkpt>
    <trkpt lat="-33.814332" lon="150.026949"><ele>972.2</ele></trkpt>
    <trkpt lat="-33.814487" lon="150.026851"><ele>968.4</ele></trkpt>
    <trkpt lat="-33.814660" lon="150.026604"><ele>962.2</ele></trkpt>
    <trkpt lat="-33.814745" lon="150.026437"><ele>958.1</ele></trkpt>
    <trkpt lat="-33.814844" lon="150.026344"><ele>955.1</ele></trkpt>
    <trkpt lat="-33.814920" lon="150.026314"><ele>953.1</ele></trkpt>
    <trkpt lat="-33.815037" lon="150.026277"><ele>950.3</ele></trkpt>
    <trkpt lat="-33.815255" lon="150.026184"><ele>945.9</ele></trkpt>
    <trkpt lat="-33.815436" lon="150.026155"><ele>943.3</ele></trkpt>
    <trkpt lat="-33.815556" lon="150.026158"><ele>941.6</ele></trkpt>
    <trkpt lat="-33.815712" lon="150.026207"><ele>938.4</ele></trkpt>
    <trkpt lat="-33.815847" lon="150.026201"><ele>935.6</ele></trkpt>
    <trkpt lat="-33.816002" lon="150.026163"><ele>932.1</ele></trkpt>
    <trkpt lat="-33.816128" lon="150.026069"><ele>928.6</ele></trkpt>
    <trkpt lat="-33.816399" lon="150.025652"><ele>917.6</ele></trkpt>
    <trkpt lat="-33.816517" lon="150.025445"><ele>912.8</ele></trkpt>
    <trkpt lat="-33.816627" lon="150.025297"><ele>909.1</ele></trkpt>
    <trkpt lat="-33.816738" lon="150.025239"><ele>906.4</ele></trkpt>
    <trkpt lat="-33.816890" lon="150.025224"><ele>903.0</ele></trkpt>
    <trkpt lat="-33.817105" lon="150.025170"><ele>897.8</ele></trkpt>
    <trkpt lat="-33.817361" lon="150.025031"><ele>890.7</ele></trkpt>
    <trkpt lat="-33.817652" lon="150.024771"><ele>878.5</ele></trkpt>
    <trkpt lat="-33.817804" lon="150.024607"><ele>871.4</ele></trkpt>
    <trkpt lat="-33.817903" lon="150.024473"><ele>866.4</ele></trkpt>
    <trkpt lat="-33.817932" lon="150.024404"><ele>864.3</ele></trkpt>
    <trkpt lat="-33.817993" lon="150.024327"><ele>862.0</ele></trkpt>
    <trkpt lat="-33.818045" lon="150.024217"><ele>859.2</ele></trkpt>
    <trkpt lat="-33.818075" lon="150.024084"><ele>856.6</ele></trkpt>
    <trkpt lat="-33.818079" lon="150.023930"><ele>854.1</ele></trkpt>
    <trkpt lat="-33.818099" lon="150.023818"><ele>852.2</ele></trkpt>
    <trkpt lat="-33.818189" lon="150.023751"><ele>851.2</ele></trkpt>
    <trkpt lat="-33.818289" lon="150.023729"><ele>850.1</ele></trkpt>
    <trkpt lat="-33.818316" lon="150.023627"><ele>849.3</ele></trkpt>
    <trkpt lat="-33.818340" lon="150.023550"><ele>848.7</ele></trkpt>
    <trkpt lat="-33.818338" lon="150.023469"><ele>848.2</ele></trkpt>
    <trkpt lat="-33.818345" lon="150.023335"><ele>847.3</ele></trkpt>
    <trkpt lat="-33.818376" lon="150.023150"><ele>846.0</ele></trkpt>
    <trkpt lat="-33.818394" lon="150.023137"><ele>845.8</ele></trkpt>
    <trkpt lat="-33.818452" lon="150.023117"><ele>845.4</ele></trkpt>
    <trkpt lat="-33.818489" lon="150.023105"><ele>845.0</ele></trkpt>
    <trkpt lat="-33.818580" lon="150.023074"><ele>844.0</ele></trkpt>
    <trkpt lat="-33.818683" lon="150.023047"><ele>842.9</ele></trkpt>
    <trkpt lat="-33.818709" lon="150.022977"><ele>842.2</ele></trkpt>
    <trkpt lat="-33.818666" lon="150.022799"><ele>839.9</ele></trkpt>
    <trkpt lat="-33.818751" lon="150.022808"><ele>838.6</ele></trkpt>
    <trkpt lat="-33.818946" lon="150.022854"><ele>835.8</ele></trkpt>
    <trkpt lat="-33.818805" lon="150.022563"><ele>830.6</ele></trkpt>
    <trkpt lat="-33.819004" lon="150.022635"><ele>826.6</ele></trkpt>
    <trkpt lat="-33.819203" lon="150.022667"><ele>822.7</ele></trkpt>
    <trkpt lat="-33.819139" lon="150.022517"><ele>819.4</ele></trkpt>
    <trkpt lat="-33.818972" lon="150.022259"><ele>813.5</ele></trkpt>
    <trkpt lat="-33.818978" lon="150.022159"><ele>811.7</ele></trkpt>
    <trkpt lat="-33.819058" lon="150.022057"><ele>809.2</ele></trkpt>
    <trkpt lat="-33.819107" lon="150.021955"><ele>807.0</ele></trkpt>
    <trkpt lat="-33.819241" lon="150.021740"><ele>802.7</ele></trkpt>
    <trkpt lat="-33.819419" lon="150.021451"><ele>796.6</ele></trkpt>
    <trkpt lat="-33.819838" lon="150.021424"><ele>791.7</ele></trkpt>
    <trkpt lat="-33.820090" lon="150.021346"><ele>789.6</ele></trkpt>
    <trkpt lat="-33.820161" lon="150.021227"><ele>788.6</ele></trkpt>
    <trkpt lat="-33.820266" lon="150.020983"><ele>787.7</ele></trkpt>
    <trkpt lat="-33.820380" lon="150.020990"><ele>787.4</ele></trkpt>
  </trkseg></trk>
  <trk><name>Alternate: Six Foot Track alternate path</name><trkseg>
    <trkpt lat="-33.738213" lon="150.186348"><ele>311.5</ele></trkpt>
    <trkpt lat="-33.738291" lon="150.186365"><ele>311.5</ele></trkpt>
    <trkpt lat="-33.738368" lon="150.186329"><ele>311.5</ele></trkpt>
    <trkpt lat="-33.738476" lon="150.186344"><ele>311.5</ele></trkpt>
    <trkpt lat="-33.738591" lon="150.186266"><ele>311.8</ele></trkpt>
    <trkpt lat="-33.738734" lon="150.186241"><ele>312.2</ele></trkpt>
    <trkpt lat="-33.738939" lon="150.186136"><ele>313.5</ele></trkpt>
    <trkpt lat="-33.739082" lon="150.186119"><ele>313.4</ele></trkpt>
    <trkpt lat="-33.739143" lon="150.186145"><ele>313.3</ele></trkpt>
    <trkpt lat="-33.739240" lon="150.186145"><ele>313.0</ele></trkpt>
    <trkpt lat="-33.739392" lon="150.186078"><ele>312.7</ele></trkpt>
    <trkpt lat="-33.739526" lon="150.186099"><ele>312.5</ele></trkpt>
    <trkpt lat="-33.739700" lon="150.186106"><ele>313.0</ele></trkpt>
    <trkpt lat="-33.739762" lon="150.186094"><ele>313.2</ele></trkpt>
    <trkpt lat="-33.739863" lon="150.186162"><ele>312.9</ele></trkpt>
    <trkpt lat="-33.739942" lon="150.186155"><ele>312.6</ele></trkpt>
    <trkpt lat="-33.740007" lon="150.186071"><ele>312.3</ele></trkpt>
    <trkpt lat="-33.740189" lon="150.185941"><ele>311.8</ele></trkpt>
    <trkpt lat="-33.740302" lon="150.185815"><ele>311.6</ele></trkpt>
    <trkpt lat="-33.740413" lon="150.185753"><ele>311.4</ele></trkpt>
    <trkpt lat="-33.740530" lon="150.185754"><ele>311.2</ele></trkpt>
    <trkpt lat="-33.740629" lon="150.185771"><ele>310.9</ele></trkpt>
    <trkpt lat="-33.740739" lon="150.185750"><ele>310.6</ele></trkpt>
    <trkpt lat="-33.740782" lon="150.185598"><ele>309.7</ele></trkpt>
    <trkpt lat="-33.740864" lon="150.185429"><ele>308.8</ele></trkpt>
    <trkpt lat="-33.741056" lon="150.185353"><ele>308.3</ele></trkpt>
    <trkpt lat="-33.741166" lon="150.185235"><ele>307.8</ele></trkpt>
    <trkpt lat="-33.741198" lon="150.184902"><ele>306.8</ele></trkpt>
    <trkpt lat="-33.741266" lon="150.184548"><ele>305.6</ele></trkpt>
    <trkpt lat="-33.741328" lon="150.184354"><ele>304.9</ele></trkpt>
    <trkpt lat="-33.741456" lon="150.184242"><ele>304.2</ele></trkpt>
    <trkpt lat="-33.741573" lon="150.184220"><ele>303.9</ele></trkpt>
    <trkpt lat="-33.741683" lon="150.184186"><ele>303.6</ele></trkpt>
    <trkpt lat="-33.741664" lon="150.183949"><ele>303.2</ele></trkpt>
    <trkpt lat="-33.741659" lon="150.183827"><ele>303.1</ele></trkpt>
    <trkpt lat="-33.741785" lon="150.183652"><ele>302.8</ele></trkpt>
    <trkpt lat="-33.741917" lon="150.183595"><ele>302.6</ele></trkpt>
    <trkpt lat="-33.742012" lon="150.183582"><ele>302.6</ele></trkpt>
    <trkpt lat="-33.742065" lon="150.183538"><ele>302.5</ele></trkpt>
    <trkpt lat="-33.742066" lon="150.183427"><ele>302.5</ele></trkpt>
    <trkpt lat="-33.741997" lon="150.183301"><ele>302.7</ele></trkpt>
    <trkpt lat="-33.741998" lon="150.183156"><ele>302.9</ele></trkpt>
    <trkpt lat="-33.742052" lon="150.182966"><ele>302.8</ele></trkpt>
    <trkpt lat="-33.742223" lon="150.182650"><ele>302.2</ele></trkpt>
    <trkpt lat="-33.742320" lon="150.182568"><ele>301.9</ele></trkpt>
    <trkpt lat="-33.742389" lon="150.182466"><ele>301.8</ele></trkpt>
    <trkpt lat="-33.742402" lon="150.182308"><ele>301.6</ele></trkpt>
    <trkpt lat="-33.742388" lon="150.182063"><ele>301.3</ele></trkpt>
    <trkpt lat="-33.742465" lon="150.181949"><ele>301.0</ele></trkpt>
    <trkpt lat="-33.742568" lon="150.181659"><ele>300.0</ele></trkpt>
    <trkpt lat="-33.742670" lon="150.181517"><ele>299.4</ele></trkpt>
    <trkpt lat="-33.742850" lon="150.181431"><ele>298.4</ele></trkpt>
    <trkpt lat="-33.742992" lon="150.181244"><ele>296.5</ele></trkpt>
    <trkpt lat="-33.743048" lon="150.181258"><ele>295.6</ele></trkpt>
    <trkpt lat="-33.743322" lon="150.181217"><ele>291.1</ele></trkpt>
    <trkpt lat="-33.743450" lon="150.181173"><ele>288.8</ele></trkpt>
    <trkpt lat="-33.743576" lon="150.181044"><ele>286.1</ele></trkpt>
    <trkpt lat="-33.743482" lon="150.180699"><ele>281.5</ele></trkpt>
    <trkpt lat="-33.743434" lon="150.180544"><ele>279.7</ele></trkpt>
    <trkpt lat="-33.743444" lon="150.180214"><ele>277.6</ele></trkpt>
    <trkpt lat="-33.743473" lon="150.179844"><ele>277.5</ele></trkpt>
    <trkpt lat="-33.743423" lon="150.179722"><ele>277.8</ele></trkpt>
    <trkpt lat="-33.743232" lon="150.179247"><ele>278.4</ele></trkpt>
    <trkpt lat="-33.743183" lon="150.179066"><ele>278.7</ele></trkpt>
  </trkseg></trk>
</gpx>
