<?xml version="1.0" encoding="UTF-8"?>
<gpx version="1.1" creator="GPX Tools"
  xmlns="http://www.topografix.com/GPX/1/1"
  xmlns:tn="https://tracknotes.app/xmlschemas/gpx-waypoint/1"
  xmlns:xsi="http://www.w3.org/2001/XMLSchema-instance"
  xsi:schemaLocation="http://www.topografix.com/GPX/1/1 http://www.topografix.com/GPX/1/1/gpx.xsd">
  <wpt lat="34.159421" lon="134.502944">
    <name>No.1 Ryozenji</name>
    <type>poi</type>
    <desc>Temple 1 of the 88 (霊山寺).</desc>
  </wpt>
  <wpt lat="34.155657" lon="134.490359">
    <name>No.2 Gokurakuji</name>
    <type>poi</type>
    <desc>Temple 2 of the 88 (極楽寺).</desc>
  </wpt>
  <wpt lat="34.147453" lon="134.4685024">
    <name>No.3 Konsenji</name>
    <type>poi</type>
    <desc>Temple 3 of the 88 (金泉寺).
Position from OpenStreetMap.</desc>
  </wpt>
  <wpt lat="34.1515688" lon="134.4308846">
    <name>No.4 Dainichiji</name>
    <type>poi</type>
    <desc>Temple 4 of the 88 (大日寺).
Position from OpenStreetMap.</desc>
  </wpt>
  <wpt lat="34.1371936" lon="134.4319428">
    <name>No.5 Jizoji</name>
    <type>poi</type>
    <desc>Temple 5 of the 88 (地蔵寺).
Position from OpenStreetMap.</desc>
  </wpt>
  <wpt lat="34.1181096" lon="134.3884768">
    <name>No.6 Anrakuji</name>
    <type>poi</type>
    <desc>Temple 6 of the 88 (安楽寺).
Position from OpenStreetMap.</desc>
  </wpt>
  <wpt lat="34.1206876" lon="134.3780307">
    <name>No.7 Jurakuji</name>
    <type>poi</type>
    <desc>Temple 7 of the 88 (十楽寺).
Position from OpenStreetMap.</desc>
  </wpt>
  <wpt lat="34.1227308" lon="134.3400517">
    <name>No.8 Kumadaniji</name>
    <type>poi</type>
    <desc>Temple 8 of the 88 (熊谷寺).
Position from OpenStreetMap.</desc>
  </wpt>
  <wpt lat="34.1040985" lon="134.3336021">
    <name>No.9 Horinji</name>
    <type>poi</type>
    <desc>Temple 9 of the 88 (法輪寺).
Position from OpenStreetMap.</desc>
  </wpt>
  <wpt lat="34.107754" lon="134.304342">
    <name>No.10 Kirihataji</name>
    <type>poi</type>
    <desc>Temple 10 of the 88 (切幡寺).</desc>
  </wpt>
  <wpt lat="34.051735" lon="134.348502">
    <name>No.11 Fujiidera</name>
    <type>poi</type>
    <desc>Temple 11 of the 88 (藤井寺).</desc>
  </wpt>
  <wpt lat="33.985093" lon="134.310265">
    <name>No.12 Shosanji</name>
    <type>poi</type>
    <desc>Temple 12 of the 88 (焼山寺).
Water on the temple grounds. The temple lodging (shukubo) is closed, confirmed by phone in Sep 2026; camping on the grounds is not permitted. The car park below the temple is reachable by taxi from Kamiyama (about 8 km).</desc>
  </wpt>
  <wpt lat="34.038162" lon="134.462662">
    <name>No.13 Dainichiji</name>
    <type>poi</type>
    <desc>Temple 13 of the 88 (大日寺).</desc>
  </wpt>
  <wpt lat="34.050393" lon="134.47565">
    <name>No.14 Jorakuji</name>
    <type>poi</type>
    <desc>Temple 14 of the 88 (常楽寺).</desc>
  </wpt>
  <wpt lat="34.055613" lon="134.473614">
    <name>No.15 Kokubunji</name>
    <type>poi</type>
    <desc>Temple 15 of the 88 (国分寺).</desc>
  </wpt>
  <wpt lat="34.068505" lon="134.474349">
    <name>No.16 Kan-onji</name>
    <type>poi</type>
    <desc>Temple 16 of the 88 (観音寺).</desc>
  </wpt>
  <wpt lat="34.085241" lon="134.485488">
    <name>No.17 Idoji</name>
    <type>poi</type>
    <desc>Temple 17 of the 88 (井戸寺).</desc>
  </wpt>
  <wpt lat="33.985954" lon="134.578268">
    <name>No.18 Onzanji</name>
    <type>poi</type>
    <desc>Temple 18 of the 88 (恩山寺).</desc>
  </wpt>
  <wpt lat="33.967922" lon="134.605672">
    <name>No.19 Tatsueji</name>
    <type>poi</type>
    <desc>Temple 19 of the 88 (立江寺).</desc>
  </wpt>
  <wpt lat="33.913796" lon="134.505583">
    <name>No.20 Kakurinji</name>
    <type>poi</type>
    <desc>Temple 20 of the 88 (鶴林寺).</desc>
  </wpt>
  <wpt lat="33.882512" lon="134.521848">
    <name>No.21 Tairyuji</name>
    <type>poi</type>
    <desc>Temple 21 of the 88 (太龍寺).</desc>
  </wpt>
  <wpt lat="33.85192" lon="134.58282">
    <name>No.22 Byodoji</name>
    <type>poi</type>
    <desc>Temple 22 of the 88 (平等寺).</desc>
  </wpt>
  <wpt lat="33.731764" lon="134.527931">
    <name>No.23 Yakuoji</name>
    <type>poi</type>
    <desc>Temple 23 of the 88 (薬王寺).</desc>
  </wpt>
  <wpt lat="34.098908" lon="134.336202">
    <name>3980 Yen Tabi-no-yado</name>
    <type>accommodation</type>
    <desc>Inn 3980円 旅の宿 about 1 km south-east of Temple 9. Five rooms, no meals; check-in 15:00. Booked through Rakuten Travel. Tel: 080-3920-3826 https://travel.rakuten.co.jp/HOTEL/189411/189411.html</desc>
  </wpt>
  <wpt lat="34.07468" lon="134.548399">
    <name>Agnes Hotel Tokushima</name>
    <type>accommodation</type>
    <desc>Hotel アグネスホテル徳島 about 100 m from Tokushima Station. Check-in 15:00, check-out 11:00. Cards accepted. Tel: 088-655-1212 https://www.agneshotel.jp</desc>
  </wpt>
  <wpt lat="34.11804" lon="134.388312">
    <name>Anrakuji Shukubo</name>
    <type>accommodation</type>
    <desc>Temple lodging 安楽寺宿坊 at Temple 6, with an onsen bath; 57 rooms. From ¥6,000 room only, from ¥8,500 with dinner and breakfast (Oct 2026); vegetarian meals on request. Evening service for guests at 19:00 (or 17:30). Check-in 15:00-20:00, check-out 9:00. Cards accepted; English spoken. Tel: 088-694-2046 https://shikoku6.or.jp/shukubo/</desc>
  </wpt>
  <wpt lat="34.11808" lon="134.388518">
    <name>Anrakuji Tsuyado</name>
    <type>accommodation</type>
    <desc>FREE pilgrim lodging (tsuyado/zenkonyado). Ask permission, 1 night, walking pilgrims only.
安楽寺通夜堂
https://www.henro.org/place/anraku-ji-tsuyado
Tel: 0886942046</desc>
  </wpt>
  <wpt lat="33.734638" lon="134.53334">
    <name>B&amp;B m4</name>
    <type>accommodation</type>
    <desc>B&amp;B Ｂ＆Ｂ ｍ４ (エムの４乗) in an old house in Hiwasa&apos;s Shōwa-era streets. Two rooms, ¥4,000 room only, breakfast ¥500 (Oct 2026). Check-in 15:00. Cash or PayPay. Bookings by email to masakomatsumura@gmail.com. Tel: 0884-70-1642</desc>
  </wpt>
  <wpt lat="34.102736" lon="134.344869">
    <name>Business Hotel Access Awa</name>
    <type>accommodation</type>
    <desc>Business hotel アクセス阿波 about 1 km off the route between Temples 8 and 9. Listed by henroyado.com without details. Tel: 088-695-2200</desc>
  </wpt>
  <wpt lat="34.067518" lon="134.355622">
    <name>Business Hotel Access Kamojima</name>
    <type>accommodation</type>
    <desc>Business hotel アクセス鴨島 about 2 km from Temple 11. 35 rooms, ¥5,800 with breakfast (Oct 2026). Check-in 15:00. Cards accepted. Tel: 050-3161-9615 https://access-kamojima.com/</desc>
  </wpt>
  <wpt lat="33.728887" lon="134.531072">
    <name>Business Hotel Cairns</name>
    <type>accommodation</type>
    <desc>Business hotel ビジネスホテル ケアンズ in front of JR Hiwasa Station, 300 m from Temple 23. Check-in 16:00, check-out 10:00. Cash only. Tel: 0884-77-1211 https://hotel.travel.rakuten.co.jp/hinfo/30831/</desc>
  </wpt>
  <wpt lat="34.070897" lon="134.368452">
    <name>Business Hotel Road Side</name>
    <type>accommodation</type>
    <desc>Business hotel ロードサイド on National Route 192, about 3.5 km north-east of Temple 11. Sixteen rooms, ¥5,500 room only, breakfast ¥850 (Oct 2026). Check-in 15:00. Cards accepted. Tel: 0883-22-1088 https://www.hotelroadside.com/</desc>
  </wpt>
  <wpt lat="34.073069" lon="134.553734">
    <name>Business Ryokan Sakuraso</name>
    <type>accommodation</type>
    <desc>Business ryokan ビジネス旅館さくら荘 a 3-minute walk from Tokushima Station. Twelve rooms, ¥3,300 room only (Oct 2026). Free washer and dryer; luggage kept free for pilgrims during the walk. Check-in 16:00, check-out 9:00. Cash only. Bookings by phone. Tel: 088-652-9575</desc>
  </wpt>
  <wpt lat="34.073923" lon="134.357373">
    <name>Central Hotel Kamojima</name>
    <type>accommodation</type>
    <desc>Business hotel セントラルホテル鴨島 in Kamojima. No meals; cards accepted. Tel: 0883-24-8989 https://www.central-kamojima.jp/</desc>
  </wpt>
  <wpt lat="34.056309" lon="134.554494">
    <name>Century Plaza Hotel</name>
    <type>accommodation</type>
    <desc>Business hotel センチュリープラザホテル in southern Tokushima city. Check-in 15:00, check-out 10:00. English spoken. Tel: 088-655-3333 https://century-ph.com/</desc>
  </wpt>
  <wpt lat="33.96881" lon="134.36924">
    <name>Cotton Field Campground</name>
    <type>campsite</type>
    <desc>Campground コットンフィールド with log cottages and dormitories, a 7-minute walk from Kamiyama Onsen on the Kamiyama alternative, about 10 km from Temple 12. Dormitory ¥4,400, own tent ¥1,650 (Oct 2026). Shower, coin washer and dryer. Check-in 14:00. Cash only. A Henro House. Tel: 088-676-0803 https://henrohouse.jp/en/houses/79</desc>
  </wpt>
  <wpt lat="33.973319" lon="134.369564">
    <name>Cotton Inn Kamiyama-dori</name>
    <type>accommodation</type>
    <desc>Inn コットン・イン神山通り near Kamiyama Onsen on the Kamiyama alternative, run with Cotton Field. Private and shared rooms; breakfast available. Check-in 15:00, check-out 10:00. Cash only. Tel: 088-676-0803 https://travel.rakuten.co.jp/HOTEL/201832/201832.html</desc>
  </wpt>
  <wpt lat="34.073542" lon="134.551857">
    <name>Daiwa Roynet Hotel Tokushima Ekimae</name>
    <type>accommodation</type>
    <desc>Business hotel ダイワロイネットホテル徳島駅前, a minute from Tokushima Station. Check-in 14:00, check-out 11:00. Cards accepted. Tel: 088-611-8455 https://www.daiwaroynet.jp/tokushimaekimae/</desc>
  </wpt>
  <wpt lat="34.120834" lon="134.37508">
    <name>Donari Onsen Tabi-no-yado</name>
    <type>accommodation</type>
    <desc>Rental house 土成温泉 旅の宿 near Temple 7, for up to six; about ¥4,000 each for five (Oct 2026). No meals; check-in 15:00. Cash only. Booked through Rakuten Travel. Tel: 080-3920-3826 https://travel.rakuten.co.jp/HOTEL/189890/189890.html</desc>
  </wpt>
  <wpt lat="33.742121" lon="134.555647">
    <name>Ebisuhama Camp Village</name>
    <type>campsite</type>
    <desc>Campground (budget)
恵比須浜キャンプ村
https://www.henro.org/place/ebisuhama-camp-village-minami-tokushima
Features: Barbeque site, Bike parking ¥100, Cooking utensils ¥200, Parking ¥500, Pet-friendly, Shower ¥100, Toilet, Towels ¥200
Tel: 0884771016
ebisuhama.web.fc2.com</desc>
  </wpt>
  <wpt lat="33.74407" lon="134.556272">
    <name>Ebisuhama Ohenro Rest Hut</name>
    <type>campsite</type>
    <desc>Camp spot (Free)
恵比須浜おへんろ休憩所
Purpose-built pilgrim rest hut at Ebisuhama on the T22→T23 coast road, ~2.5km before Hiwasa. 2022 nojuku candidate. Sea-facing/windy. Paid Ebisuhama Camp Village ~200m south if you&apos;d rather pay.
Source: mititabi.com 2022; OSM (2022)</desc>
  </wpt>
  <wpt lat="33.987671" lon="134.327615">
    <name>Farm Guesthouse Morian Loft</name>
    <type>accommodation</type>
    <desc>Farm guesthouse 農園G.H.もりあんLoft at Nabeiwa, about 16 km past Temple 11. Three rooms; dinner and breakfast (6:00). Check-in 15:00 (flexible by arrangement), check-out 8:00. Cash only. Bookings by email to morian.loft2017@gmail.com. Tel: 088-668-4670</desc>
  </wpt>
  <wpt lat="34.071176" lon="134.545636">
    <name>Guest House Cycle &amp; Stay</name>
    <type>accommodation</type>
    <desc>Guesthouse CYCLE&amp;STAY, a 10-minute walk from Tokushima Station, with indoor bicycle storage and bike servicing. Eight rooms from ¥5,500 room only (Oct 2026). Check-in 15:30. English spoken; cards accepted. Tel: 090-6381-0763 cycleandstay.tokuhima@gmail.com</desc>
  </wpt>
  <wpt lat="34.157374" lon="134.50225">
    <name>Guest House Naruto Ohenro</name>
    <type>accommodation</type>
    <desc>Guesthouse ゲストハウス鳴門おへんろ 200 m from Temple 1. Private rooms, no meals; check-in 15:00. English spoken; cards accepted. Booked through Booking.com. Tel: 080-6390-2138</desc>
  </wpt>
  <wpt lat="34.080281" lon="134.532251">
    <name>Guest House OGaGa</name>
    <type>accommodation</type>
    <desc>Budget guesthouse
ゲストハウスオガガ
https://www.henro.org/place/guest-house-ogaga-tokushima-tokushima
Features: Air conditioning, Bike rental, Dryer, Parking, Refrigerator, Towels, Washer, WIFI
Tel: 09013264030
henroyado.com (Oct 2026): Shared rooms, no meals. Cash only. Tel: 090-1326-4030</desc>
  </wpt>
  <wpt lat="33.848369" lon="134.586401">
    <name>Guesthouse Green House</name>
    <type>accommodation</type>
    <desc>Guesthouse and cafe G.H. グリーンハウス with shared rooms in a green building about 500 m from Temple 22. English spoken; cash only. Tel: 0884-49-5099 https://www.ghcgreenhouse.com/</desc>
  </wpt>
  <wpt lat="34.065884" lon="134.548248">
    <name>GuestHouse017 Tokushima</name>
    <type>accommodation</type>
    <desc>Guesthouse with private and shared rooms in central Tokushima. No meals; cards accepted. Tel: 088-661-6699 https://guesthouse017.com/</desc>
  </wpt>
  <wpt lat="33.72887" lon="134.530409">
    <name>Hashimoto Drive-In</name>
    <type>accommodation</type>
    <desc>FREE pilgrim lodging (tsuyado/zenkonyado). Ask permission, 1 night, walking pilgrims only.
ドライブインはしもと
https://www.henro.org/place/hashimoto-drive-in
Features: Dryer, Shower, Washer
Tel: 0884770880</desc>
  </wpt>
  <wpt lat="33.961689" lon="134.586758">
    <name>Henro House Fun Farm</name>
    <type>accommodation</type>
    <desc>https://henrohouse.jp/en/houses/54
henroyado.com (Oct 2026): Room only; cash only. Tel: 0885-37-3022</desc>
  </wpt>
  <wpt lat="34.08002" lon="134.34938">
    <name>Henro House Guest House Channel-kan</name>
    <type>accommodation</type>
    <desc>https://henrohouse.jp/en/houses/37
henroyado.com (Oct 2026): Guesthouse チャンネルカン 2.5 km south-east of Temple 9 and 3.5 km north of Temple 11: men&apos;s and women&apos;s dormitories and Japanese-style private rooms, from ¥3,800 room only (Oct 2026). Convenience store a minute away; shuttle to the temples by arrangement. Check-in 15:30-21:00, check-out 9:30. Cards accepted; English spoken. Tel: 0883-24-7059 https://sites.google.com/site/guesthousechannelkan/</desc>
  </wpt>
  <wpt lat="33.923667" lon="134.557102">
    <name>Henro House Guest house RAKUFU</name>
    <type>accommodation</type>
    <desc>https://henrohouse.jp/en/houses/100
¥4,000 cash only (pilgrims)
Private room, cap 4. English-speaking owner. Self-catering, washer/dryer, Wi-Fi. 8km from T19 Tatsueji, 11km from T20 Kakurinji. Reserve by 13:00 same day; check-in 16:00.
henroyado.com (Oct 2026): Tel: 090-8168-9774</desc>
  </wpt>
  <wpt lat="33.73211" lon="134.53216">
    <name>Henro House Guest House Sakura-an</name>
    <type>accommodation</type>
    <desc>https://henrohouse.jp/en/houses/68
henroyado.com (Oct 2026): Guesthouse in a house over 100 years old in front of the gate of Temple 23. Six rooms from ¥3,800 room only (Oct 2026); breakfast available; a small bar. Check-in 16:00. English spoken; cash only. Tel: 080-7817-2258 http://guesthousesakura-an.com/</desc>
  </wpt>
  <wpt lat="34.132415" lon="134.426462">
    <name>Henro House HOTEL MORIMOTOYA</name>
    <type>accommodation</type>
    <desc>https://henrohouse.jp/en/houses/93
henroyado.com (Oct 2026): Business hotel HOTEL MORIMOTOYA 板野店: 19 rooms, no meals. Coin washer and dryer. Cards accepted. Tel: 088-694-8210 https://www.hotel-morimotoya.com/</desc>
  </wpt>
  <wpt lat="34.08888" lon="134.29868">
    <name>Henro House HS JAPAN AWA</name>
    <type>accommodation</type>
    <desc>https://henrohouse.jp/en/houses/35
henroyado.com (Oct 2026): HS Japan guesthouse. Room only. Check-in 16:00, check-out 9:00. Cards accepted. Tel: 090-2821-1307</desc>
  </wpt>
  <wpt lat="34.15669" lon="134.50205">
    <name>Henro House Ichiban-monzen-dori</name>
    <type>accommodation</type>
    <desc>https://henrohouse.jp/en/houses/20
henroyado.com (Oct 2026): Three private rooms, ¥3,000 room only (Oct 2026). Check-in 16:00, check-out 9:00. Shower, coin washer. English spoken; cash only. Tel: 090-5096-1859</desc>
  </wpt>
  <wpt lat="34.13569" lon="134.43204">
    <name>Henro House Morimotoya</name>
    <type>accommodation</type>
    <desc>https://henrohouse.jp/en/houses/38
henroyado.com (Oct 2026): Long-established pilgrim inn おんやど森本や near Temple 5. Private and shared rooms; dinner and breakfast available. Cash only. Tel: 088-672-3568</desc>
  </wpt>
  <wpt lat="33.9413" lon="134.57648">
    <name>Henro House NISHIMURA</name>
    <type>accommodation</type>
    <desc>https://henrohouse.jp/en/houses/72</desc>
  </wpt>
  <wpt lat="34.12122" lon="134.35851">
    <name>Henro House Okudaya</name>
    <type>accommodation</type>
    <desc>https://henrohouse.jp/en/houses/74
henroyado.com (Oct 2026): Minshuku 民宿 越久田屋, run by the priest of Aizen-in, the inner temple of Temple 3. Seven rooms, room only. Car pickup from a nearby convenience store and lifts to the Gosho no Sato hot spring. Check-in 16:00-19:00. English spoken; cash only. Tel: 088-660-4301</desc>
  </wpt>
  <wpt lat="34.053055" lon="134.35032">
    <name>Henro House Oyado Eleven</name>
    <type>accommodation</type>
    <desc>About 400 m from Temple 11. Tent pitches ¥1,000 with a coin shower, plus rooms (Oct 2026). Kitchen, luggage forwarding. https://henrohouse.jp/en/houses/86</desc>
  </wpt>
  <wpt lat="34.080466" lon="134.345292">
    <name>Henro House Pine house</name>
    <type>accommodation</type>
    <desc>https://henrohouse.jp/en/houses/91
henroyado.com (Oct 2026): Private lodging 民泊パインハウス. Room only. Check-in 15:00, check-out 10:00. Cash only. Tel: 090-5910-1952</desc>
  </wpt>
  <wpt lat="34.092484" lon="134.302789">
    <name>Henro House Sakuraya</name>
    <type>accommodation</type>
    <desc>https://henrohouse.jp/en/houses/92
henroyado.com (Oct 2026): Farmhouse inn 民宿 桜や near Temple 10. Room only; cash only. Bookings by phone. Tel: 080-8106-1544</desc>
  </wpt>
  <wpt lat="34.07867" lon="134.52989">
    <name>Henro House Yado Bizan</name>
    <type>accommodation</type>
    <desc>https://henrohouse.jp/en/houses/52
henroyado.com (Oct 2026): Inn 歩き遍路 宿びざん for walking pilgrims. Three rooms, ¥5,000 room only, ¥9,000 for two sharing (Oct 2026). Check-in 15:00-17:00, check-out 8:00. English spoken; cash only. Information on the Nankai ferry to Wakayama for Mt Koya. Tel: 088-635-1478</desc>
  </wpt>
  <wpt lat="33.928907" lon="134.51844">
    <name>Henroyado Sakura-no-yado</name>
    <type>accommodation</type>
    <desc>Pilgrim lodging 遍路宿桜の宿 at the foot of the climb to Temple 20. Room only; cash only. Bookings by email by the day before, to ksau8167@yahoo.ne.jp. Tel: 090-4419-0376</desc>
  </wpt>
  <wpt lat="33.930263" lon="134.521241">
    <name>Henroyado Sora</name>
    <type>accommodation</type>
    <desc>Pilgrim lodging へんろ宿 Sora in a 70-year-old house, reinforced and renovated, about 300 m from the start of the climb to Temple 20; run by a former walking pilgrim. Two rooms, ¥5,300 room only, ¥8,000 with dinner and breakfast (Oct 2026). Check-in 15:00, check-out 9:00. Cash only. henroyadosora@gmail.com https://sites.google.com/view/henroyadosora</desc>
  </wpt>
  <wpt lat="34.061165" lon="134.546454">
    <name>Hostel Coliberty</name>
    <type>accommodation</type>
    <desc>Hostel with shared rooms in Tokushima city. Shower. English spoken; cards accepted. Tel: 090-6118-2008 https://www.hostelcoliberty.com/</desc>
  </wpt>
  <wpt lat="34.072929" lon="134.356022">
    <name>Hostel OE</name>
    <type>accommodation</type>
    <desc>Hostel in front of JR Kamojima Station, above a yakiniku restaurant. Eight rooms, ¥4,500 room only (Oct 2026). Check-in 16:00-19:00. Coin washer. English spoken; cards accepted. Tel: 0883-26-0117 https://hosteloekamojima.com/hostel-oe</desc>
  </wpt>
  <wpt lat="34.070612" lon="134.55174">
    <name>Hostel PAQ Tokushima</name>
    <type>accommodation</type>
    <desc>Hostel with dormitories and private rooms, a 7-minute walk from Tokushima Station. Dormitory from ¥3,000 (Oct 2026); breakfast available. Check-in 15:00-22:00. Cards accepted; English spoken. Tel: 088-679-8990 https://www.hostelpaq.com</desc>
  </wpt>
  <wpt lat="34.072294" lon="134.552795">
    <name>Hotel Astoria Tokushima</name>
    <type>accommodation</type>
    <desc>Hotel ホテルアストリア徳島 about 200 m from Tokushima Station. Cards accepted. Tel: 088-653-6151 https://www.astoria-tokushima.com</desc>
  </wpt>
  <wpt lat="34.137198" lon="134.474165">
    <name>Hotel AZ Tokushima Itano</name>
    <type>accommodation</type>
    <desc>Business hotel ホテルAZ徳島板野店 about 1 km off the route between Temples 2 and 3. Breakfast included; cards accepted. Tel: 088-672-2611 https://www.az-hotel.com/itano/</desc>
  </wpt>
  <wpt lat="33.990365" lon="134.604292">
    <name>Hotel AZ Tokushima Komatsushima</name>
    <type>accommodation</type>
    <desc>Business hotel ホテルAZ徳島小松島店, about 2 km off the route near Temple 18. Breakfast included. Check-in 15:00, check-out 10:00. https://www.az-hotel.com/komatsushima/</desc>
  </wpt>
  <wpt lat="34.073303" lon="134.550768">
    <name>Hotel Sunroute Tokushima</name>
    <type>accommodation</type>
    <desc>Business hotel ホテルサンルート徳島 in front of Tokushima Station, with the Bizan-no-yu hot-spring bath on the top floor. Check-in 14:00, check-out 10:00. Cards accepted. https://www.sunroute-tokushima.com/</desc>
  </wpt>
  <wpt lat="34.077144" lon="134.544432">
    <name>Hotel Sunshine Tokushima</name>
    <type>accommodation</type>
    <desc>Business hotel ホテルサンシャイン徳島 on National Route 192, 500 m from Tokushima Station, with a large bath on the top floor. From ¥6,600 room only, from ¥9,730 with dinner and breakfast (Oct 2026). Check-in 15:00. Cards accepted. Tel: 088-622-2333 http://hotel-sunshine.co.jp/</desc>
  </wpt>
  <wpt lat="34.065063" lon="134.558044">
    <name>Hotel Taiyo Noen Tokushima Kenchomae</name>
    <type>accommodation</type>
    <desc>Farmer-run business hotel ホテルたいよう農園 徳島県庁前 in front of the prefectural office, known for its meals. From ¥6,500 room only, from ¥8,000 with dinner and breakfast (Oct 2026). Check-in 15:00, check-out 11:00. Cards accepted; English spoken. Tel: 088-655-5151 https://hotel.taiyo-noen.com/tokushima/</desc>
  </wpt>
  <wpt lat="34.068108" lon="134.550785">
    <name>Hyper inn Tokushima Ryogokubashi</name>
    <type>accommodation</type>
    <desc>Budget hotel
ハイパーイン 徳島 両国橋
https://www.henro.org/place/hyper-inn-tokushima-ryogokubashi-tokushima-city-tokushima
Features: Bike rental, Body wash, Breakfast buffet, Conditioner, Dryer, Hair dryer, Humidifier, Iron, Kettle, Microwave, Parking ¥700, Phone, Public computers, Razor, Refrigerator, Restaurant, Shampoo, Slippers, Tea set, Towels, TV, Vending machines, Washer, WIFI
Tel: 0886251288
hyper-inn.net</desc>
  </wpt>
  <wpt lat="33.73231" lon="134.532222">
    <name>Ichi The Hostel</name>
    <type>accommodation</type>
    <desc>Guesthouse 壱 THE HOSTEL in front of Temple 23, with shared rooms for 15. From ¥4,000 room only (Oct 2026). Check-in 15:00. English spoken; cards accepted. Tel: 070-4412-5317 https://ichithehostel.com/</desc>
  </wpt>
  <wpt lat="34.08509" lon="134.485524">
    <name>Ido-ji Temple Tsuyado</name>
    <type>accommodation</type>
    <desc>FREE pilgrim lodging (tsuyado/zenkonyado). Ask permission, 1 night, walking pilgrims only.
井戸寺通夜堂
https://www.henro.org/place/ido-ji-temple-tsuyado
Tel: 0886421324</desc>
  </wpt>
  <wpt lat="34.01364" lon="134.57456">
    <name>Inariyu</name>
    <type>poi</type>
    <desc>400Y</desc>
  </wpt>
  <wpt lat="33.806974" lon="134.586117">
    <name>Iyadani Kanon Rest Stop</name>
    <type>hut</type>
    <desc>Hut - sleeping ALLOWED
弥谷観音前休憩所
https://www.henro.org/place/iyadani-kanon-rest-stop-anan-tokushima
Features: Running water, Toilet</desc>
  </wpt>
  <wpt lat="33.863096" lon="134.501404">
    <name>Iyashitei Koku</name>
    <type>accommodation</type>
    <desc>Inn いやし亭 心空 at the foot of the Tairyuji ropeway, about 3 km off the walking path. Sixteen Japanese and Japanese-Western rooms, from ¥6,000 room only, from ¥10,000 with dinner and breakfast (Oct 2026); large bath. Check-in 14:00. Cards accepted; English spoken. Tel: 0884-63-0320 https://www.shirakuco.jp/</desc>
  </wpt>
  <wpt lat="34.059146" lon="134.503199">
    <name>Jizoin Ikerikuchi Rest Area</name>
    <type>hut</type>
    <desc>Hut - sleeping ALLOWED
地蔵院緑地休憩所
https://www.henro.org/place/jizoin-ikerikuchi-rest-area
Features: Running water, Toilet
~1.2km off route</desc>
  </wpt>
  <wpt lat="34.074641" lon="134.550877">
    <name>JR Hotel Clement Tokushima</name>
    <type>accommodation</type>
    <desc>City hotel JRホテルクレメント徳島 above Tokushima Station. From ¥8,100 room only, from ¥15,000 with dinner and breakfast (Oct 2026). Coin laundry. Check-in 14:00. Cards accepted. Tel: 088-656-3111 https://www.jrclement.co.jp/tokushima/</desc>
  </wpt>
  <wpt lat="34.120721" lon="134.378018">
    <name>Jurakuji Shukubo</name>
    <type>accommodation</type>
    <desc>Temple lodging 十楽寺宿坊 (Komyo Kaikan, a modern building) at Temple 7. Dinner and breakfast. Cards accepted. Tel: 088-695-2150 https://jyuurakuji.com/</desc>
  </wpt>
  <wpt lat="34.037973" lon="134.463297">
    <name>Kadoya Ryokan</name>
    <type>accommodation</type>
    <desc>Ryokan かどや旅館 beside Temple 13. ¥5,500 room only, ¥8,800 with dinner and breakfast (Oct 2026). Cash only; check-in 15:00-18:00. Tel: 088-644-0411</desc>
  </wpt>
  <wpt lat="33.97178" lon="134.36982">
    <name>Kamiyama hot spring</name>
    <type>poi</type>
    <desc>https://kamiyama-spa.com/
680Y</desc>
  </wpt>
  <wpt lat="33.971875" lon="134.369995">
    <name>Kamiyama Onsen Hotel Shiki-no-Sato</name>
    <type>accommodation</type>
    <desc>Hotel 神山温泉ホテル四季の里 at the Kamiyama Onsen bath and bus stop, about 2.5 km off the path. Pilgrim rate about ¥10,000 with dinner and breakfast (Oct 2026). Day bath ¥680, 10:00-20:00, closed 4th Tuesday. Tel: 088-676-1117 https://kamiyama-spa.com/</desc>
  </wpt>
  <wpt lat="33.974011" lon="134.370151">
    <name>Kamiyama Onsen-mae bus stop</name>
    <type>poi</type>
    <desc>Bus stop 神山温泉前 on Route 438 at Kamiyama Onsen, on the Kamiyama alternative. Tokushima Bus Kamiyama (56) and Sanagochi (62) lines to Tokushima Station: 15 departures on weekdays, 11 at weekends, first about 6:20, last 19:21 (Oct 2026).</desc>
  </wpt>
  <wpt lat="34.06949" lon="134.36377">
    <name>Kamojima Hot Spring</name>
    <type>poi</type>
  </wpt>
  <wpt lat="34.166212" lon="134.502136">
    <name>Kanbaien</name>
    <type>accommodation</type>
    <desc>Minshuku 観梅苑 on the approach to Ōasahiko Shrine (Awa Ichinomiya), 700 m from Temple 1. Seven rooms; dinner and breakfast (7:00) available. Pickup from JR Bando Station and the Naruto-nishi highway bus stop; luggage kept for pilgrims during the walk. Check-in 15:00-19:00, check-out 9:30. Cards accepted. Tel: 088-689-0697 https://travel.rakuten.co.jp/HOTEL/197880/197880.html</desc>
  </wpt>
  <wpt lat="34.03411" lon="134.40632">
    <name>Karuizawa Camp</name>
    <type>campsite</type>
    <desc>Campground 軽井沢キャンプ場 beside the Akui river, under 100 m from the path, 6.7 km before Temple 13. Own tent ¥1,000, shower ¥300, bath ¥500 (Oct 2026); kitchen and vending machines. Open March to November only; check-in from 13:00. Tel: 088-678-0981 https://www.karuizawa-camp.com/</desc>
  </wpt>
  <wpt lat="33.927841" lon="134.495557">
    <name>Katsuura Ebisu-no-sato</name>
    <type>accommodation</type>
    <desc>Lodging 勝浦 夷の里 in Katsuura, about 2 km off the route on the way to the bangai temple Jigenji. Room only. Bookings by Instagram message (katsuura_ebisunosato). Tel: 0885-42-4655</desc>
  </wpt>
  <wpt lat="34.067298" lon="134.318565">
    <name>Kawashima Bridge Pilgrim Rest Area</name>
    <type>hut</type>
    <desc>Hut - sleeping ALLOWED
川島橋休憩所
https://www.henro.org/place/kawashima-bridge-pilgrim-rest-area</desc>
  </wpt>
  <wpt lat="33.925307" lon="134.5152">
    <name>Kayabuki (Thatch Roof) Pilgrim Hut</name>
    <type>hut</type>
    <desc>Hut - sleeping ALLOWED
茅葺き遍路小屋
https://www.henro.org/place/kayabuki-thatch-roof-pilgrim-hut
Features: Toilet</desc>
  </wpt>
  <wpt lat="34.04294" lon="134.430071">
    <name>Keimusho-mae bus stop</name>
    <type>poi</type>
    <desc>Bus stop 刑務所前 (&quot;prison stop&quot;) beside Tokushima Prison, about 200 m off the path 3.6 km before Temple 13; buses start here. Tokushima Bus Ichinomiya (18) and Amanohara-nishi (17) lines to Tokushima Station: 13 departures on weekdays, 11 at weekends, first 6:45, last 19:25 on weekdays and 20:07 at weekends (Oct 2026).</desc>
  </wpt>
  <wpt lat="33.74741" lon="134.557386">
    <name>Kuni-Masuda Farm Minshuku</name>
    <type>accommodation</type>
    <desc>Farm minshuku 農家民宿 クニ舛田 at Ebisuhama, about 4 km before Temple 23. Four rooms; dinner and breakfast (from 6:30). Check-in 15:00, check-out 9:00. Cash only. Bookings by email to tomoioi707@gmail.com. Tel: 0884-77-2173 https://www.kuni-masuda.com/</desc>
  </wpt>
  <wpt lat="33.9245" lon="134.49647">
    <name>Maekama Campground</name>
    <type>campsite</type>
  </wpt>
  <wpt lat="33.929296" lon="134.518211">
    <name>Mikan no Yado</name>
    <type>accommodation</type>
    <desc>Minshuku みかんの宿 at the foot of the climb to Temple 20, 2.7 km below the temple. Three rooms, ¥5,500 room only, ¥8,800 with dinner and breakfast (Oct 2026). Check-in 15:00, check-out 9:00. Cash only. Bookings by phone. Tel: 090-1324-8952</desc>
  </wpt>
  <wpt lat="33.969264" lon="134.600903">
    <name>Minpaku Funanosato</name>
    <type>accommodation</type>
    <desc>Pilgrim lodging 民泊鮒の里 near Temple 19, modelled on an old henro inn with an irori hearth, keeping guest books from the late Edo period on. Seven rooms, no meals. Pickups by arrangement. Check-in 15:00. Cash only. Bookings by phone. Tel: 0885-37-1127</desc>
  </wpt>
  <wpt lat="33.850397" lon="134.586148">
    <name>Minpaku Hinomaru Shoten</name>
    <type>accommodation</type>
    <desc>Lodging 民泊日の丸商店 about 500 m from Temple 22. Three rooms, ¥4,500 room only (Oct 2026). Check-in 15:00. Cash only. Bookings by email by the day before, to hinomarubrand@gmail.com. Tel: 0884-36-2017</desc>
  </wpt>
  <wpt lat="33.847623" lon="134.578883">
    <name>Minpaku Pandaya</name>
    <type>accommodation</type>
    <desc>Minshuku 民泊パンダヤ near the shrine before Temple 22. Six rooms, ¥5,500 room only, ¥8,800 with dinner and breakfast (Oct 2026). Check-in 14:00-18:00, check-out 9:00. English and Chinese spoken; cash only. Bookings by email to pandaya.hide@docomo.ne.jp. Tel: 090-1573-6581</desc>
  </wpt>
  <wpt lat="33.838728" lon="134.587983">
    <name>Minpaku Tomako</name>
    <type>accommodation</type>
    <desc>Lodging 体験民宿とまこ on the path 1.6 km south of Temple 22. Two rooms, ¥5,000 room only, ¥8,000 with dinner and breakfast (Oct 2026). Check-in 15:30. Cash only. Bookings by email by the day before, to tomakominpaku@gmail.com. Tel: 080-3836-2028</desc>
  </wpt>
  <wpt lat="33.920111" lon="134.557678">
    <name>Minshuku Aoi</name>
    <type>accommodation</type>
    <desc>Minshuku 民宿 碧 on an orchard, about 3 km off the current route, on the old path to Temple 21 (Kamo-dō, a national historic site). Three rooms, room only; breakfast free. Free washer and dryer; shuttle to the current route at Asebi. Check-in 15:00-18:00, check-out 10:00. English spoken; cash only. Tel: 0884-25-0267 https://aoi-kajyu.com/</desc>
  </wpt>
  <wpt lat="34.065509" lon="134.319271">
    <name>Minshuku Awarakuya</name>
    <type>accommodation</type>
    <desc>Minshuku 民宿 あわらくや 6 km from Temple 10, a five-minute walk past the Kawashima submersible bridge. Three rooms; dinner and breakfast (6:00). Pickups by arrangement. Check-in from 16:00, check-out 9:00. Cards accepted; English spoken. Tel: 0883-25-3699</desc>
  </wpt>
  <wpt lat="33.988041" lon="134.581007">
    <name>Minshuku Chiba</name>
    <type>accommodation</type>
    <desc>Minshuku 民宿ちば at the Niomon gate of Temple 18, 500 m below the main hall. Six rooms; dinner and breakfast (6:00). Check-in 15:00-19:00, check-out 9:00. Cash only. Bookings by email to minshuku.chiba18@gmail.com. Tel: 0885-33-1508</desc>
  </wpt>
  <wpt lat="33.885922" lon="134.544127">
    <name>Minshuku Hotaru-no-yado</name>
    <type>accommodation</type>
    <desc>Minshuku 民宿ほたるの宿 below Temple 21, on the Shikoku-no-michi path. Dinner and breakfast. Check-in 12:00, check-out 10:00. Cash only. Bookings by email to toshi.haru.11111@gmail.com. Tel: 090-4506-4506</desc>
  </wpt>
  <wpt lat="33.768959" lon="134.577242">
    <name>Minshuku Juen</name>
    <type>accommodation</type>
    <desc>Minshuku 民宿 樹園 about 500 m from Tainohama beach and the foot of the Kaidani pass path; local seafood. Seven rooms, ¥5,000 room only, ¥8,000 with dinner and breakfast (Oct 2026). Free washer. Check-in 15:00. Cash only. Bookings by phone. Tel: 0884-78-1695</desc>
  </wpt>
  <wpt lat="34.123847" lon="134.404335">
    <name>Minshuku Kotobuki Shokudo</name>
    <type>accommodation</type>
    <desc>Minshuku 民宿 寿食堂 about 15 km from Temple 1, run by a family udon maker: handmade egg udon. Seven rooms; dinner and breakfast (6:30). Check-in 12:00-19:00. Cash only. Tel: 088-694-2024 https://www.minshuku-kotobuki.com/</desc>
  </wpt>
  <wpt lat="33.772752" lon="134.585775">
    <name>Minshuku Meizanso</name>
    <type>accommodation</type>
    <desc>Minshuku 明山荘 at Tainohama beach, where the Kaidani pass path comes down; local seafood and a large bath. Seven rooms; dinner and breakfast (7:00). Check-in 15:00, check-out 9:00. Cards accepted. Tel: 0884-78-1717 https://meizansou.com/</desc>
  </wpt>
  <wpt lat="33.851633" lon="134.582863">
    <name>Minshuku Sazanka</name>
    <type>accommodation</type>
    <desc>Pilgrim inn 民宿 山茶花 near the Niomon gate of Temple 22. Eight rooms, ¥5,500 room only, ¥8,800 with dinner and breakfast (Oct 2026). Free washer and dryer. Check-in 15:00-18:00, check-out 9:00. Cash only. Bookings by phone. Tel: 0884-36-3701</desc>
  </wpt>
  <wpt lat="33.769471" lon="134.590388">
    <name>Minshuku Yukiso</name>
    <type>accommodation</type>
    <desc>Minshuku ゆき荘 at Tainohama. Listed by henroyado.com without details; cash only. Tel: 0884-78-0513</desc>
  </wpt>
  <wpt lat="34.132254" lon="134.420597">
    <name>Mizobuchi Kogyo Zenkonyado</name>
    <type>accommodation</type>
    <desc>ZENKONYADO - Free/donation (~¥500)
溝渕工業善根宿
Small shed on Pref Rd 12, ~1.1km SW of T5 Jizoji toward T6. Sleeps 3-4; power, kettle, fan, blankets, toilet. No bath (Yoshinogawa Onsen ~2km). First-come, no reservation. On the road route - easy to miss if you take the old Buyo-kaido. Can ask about it at T5.
Source: pilgrim-shikoku.net/mizobuchiindustry-freelodging; yamap.com/moments/752614 (2023)</desc>
  </wpt>
  <wpt lat="33.989688" lon="134.361443">
    <name>Moja House</name>
    <type>accommodation</type>
    <desc>Guesthouse 神山くらしの宿 near the Ono bus stop on Prefectural Road 20, about 0.8 km off the path. Dorm ¥4,500; dinner ¥2,000, breakfast ¥1,000, cooked with the host (Oct 2026). English-speaking host, cash only. Tel: 050-6873-7990 https://moja-house.com</desc>
  </wpt>
  <wpt lat="34.07873" lon="134.5208">
    <name>Motomachiyu</name>
    <type>poi</type>
    <desc>400Y</desc>
  </wpt>
  <wpt lat="34.037767" lon="134.463249">
    <name>Myozai Ryokan Hana</name>
    <type>accommodation</type>
    <desc>Ryokan 名西旅館 花 beside Temple 13. ¥5,000 room only, ¥5,500 with breakfast, ¥7,500 with dinner and breakfast (Oct 2026). Tel: 088-644-0025</desc>
  </wpt>
  <wpt lat="34.1238" lon="134.35366">
    <name>Natural Hot Spring Goshonokyō</name>
    <type>poi</type>
    <desc>https://goshonosato.com/
700Y</desc>
  </wpt>
  <wpt lat="33.908096" lon="134.518354">
    <name>Oi Pilgrim Rest Area</name>
    <type>hut</type>
    <desc>Hut - sleepable (unofficial - be discreet, ask if possible)
四国のみち 大井休憩所
https://www.henro.org/place/oi-pilgrim-rest-area
--- research (2022): Free / Closed school opened to walking pilgrims by local residents&apos; assoc - the standard camp between T20 Kakurinji (~3km) and T21 Tairyuji (~4km). Sleep under gym eaves; water + toilets. Rules: do NOT enter classrooms, NO fires, pack out rubbish. No booking.
Source: mitizoi.exblog.jp/15376328; mititabi.com 2022</desc>
  </wpt>
  <wpt lat="33.908802" lon="134.518292">
    <name>Onyado Kiryu</name>
    <type>accommodation</type>
    <desc>Guesthouse 御宿亀龍 on the path between Temples 20 and 21. Three rooms; dinner and breakfast, vegetarian on request. Check-in 15:00, check-out 9:00. English spoken; cash only. Bookings by email by the day before, to onyado.kiryu@docomo.ne.jp. Tel: 090-3204-8821 https://kiryu-shikoku.jp/</desc>
  </wpt>
  <wpt lat="34.08455" lon="134.48547">
    <name>Onyado Matsumotoya</name>
    <type>accommodation</type>
    <desc>Pilgrim inn おんやど松本屋 beside the gate of Temple 17. Four rooms, ¥6,000 room only, ¥8,800 with dinner and breakfast (Oct 2026). Free washer and dryer; no Wi-Fi. Check-in 15:00-19:00, check-out 9:00. Cash only. Bookings by phone. Tel: 088-642-3772</desc>
  </wpt>
  <wpt lat="34.159722" lon="134.501924">
    <name>Otoriien Ryokan</name>
    <type>accommodation</type>
    <desc>Ryokan 旅館 大鳥居苑 beside Temple 1. Seven rooms; dinner and breakfast (7:00) available. Check-in 15:00 (earlier by arrangement), check-out 10:00. Cards accepted; washer and dryer free. Tel: 088-689-3523 https://ootoriien.com/</desc>
  </wpt>
  <wpt lat="34.065784" lon="134.550569">
    <name>Otsuru Ryokan</name>
    <type>accommodation</type>
    <desc>Ryokan 大鶴旅館 in Tokushima city, much used by walking pilgrims. Four rooms, ¥3,000 room only (Oct 2026). Free washer and dryer; no Wi-Fi. Check-in 15:00-19:00. Cash only. Bookings by phone. Tel: 088-653-0768</desc>
  </wpt>
  <wpt lat="33.733021" lon="134.534164">
    <name>Oyado Hiwasa</name>
    <type>accommodation</type>
    <desc>Inn お宿日和佐 in a restored old house in Hiwasa, about 600 m from Temple 23; guest kitchen. Room only. English and French spoken; cards accepted. Tel: 080-9830-3920 http://oyadohiwasa.com/</desc>
  </wpt>
  <wpt lat="33.932422" lon="134.522667">
    <name>Pilgrim Hut No.11 Katsuura</name>
    <type>hut</type>
    <desc>Hut - sleepable (unofficial - be discreet, ask if possible)
遍路小屋 第11号 勝浦
https://www.henro.org/place/pilgrim-hut-no-11
Features: Running water, Toilet</desc>
  </wpt>
  <wpt lat="34.07018" lon="134.545489">
    <name>Pilgrim Hut No.12 Bizan</name>
    <type>hut</type>
    <desc>Hut - sleepable (unofficial - be discreet, ask if possible)
遍路小屋 第12号 眉山
https://www.henro.org/place/pilgrim-hut-no-12-bizan
Features: Running water, Toilet</desc>
  </wpt>
  <wpt lat="33.869812" lon="134.556972">
    <name>Pilgrim Hut No.3 Asebi</name>
    <type>hut</type>
    <desc>Hut - sleepable (unofficial - be discreet, ask if possible)
遍路小屋 第3号 阿瀬比
https://www.henro.org/place/pilgrim-hut-no-3
Features: Running water, Toilet</desc>
  </wpt>
  <wpt lat="33.993373" lon="134.353391">
    <name>Pilgrim Hut No.36 Kamiyama</name>
    <type>hut</type>
    <desc>Hut - sleepable (unofficial - be discreet, ask if possible)
遍路小屋 第36号 神山
https://www.henro.org/place/pilgrim-hut-no-36
Features: Running water, Toilet</desc>
  </wpt>
  <wpt lat="33.809574" lon="134.591525">
    <name>Pilgrim Hut No.4 Kaneuchi</name>
    <type>hut</type>
    <desc>Hut - sleepable (unofficial - be discreet, ask if possible)
遍路小屋 第4号 鉦打
https://www.henro.org/place/pilgrim-hut-no-4</desc>
  </wpt>
  <wpt lat="34.133467" lon="134.414676">
    <name>Pilgrim Hut No.44 Kanyake</name>
    <type>hut</type>
    <desc>Hut - sleepable (unofficial - be discreet, ask if possible)
遍路小屋 第44号 神宅
https://www.henro.org/place/pilgrim-hut-no-44</desc>
  </wpt>
  <wpt lat="34.094105" lon="134.308092">
    <name>Pilgrim Hut No.45 Kukaian ⸱ Kirihata</name>
    <type>hut</type>
    <desc>Hut - sleepable (unofficial - be discreet, ask if possible)
遍路小屋 第45号 空海庵・切幡
https://www.henro.org/place/pilgrim-hut-no-45-kukaian-kirihata</desc>
  </wpt>
  <wpt lat="33.851922" lon="134.567683">
    <name>Pilgrim Hut No.47 Oone</name>
    <type>hut</type>
    <desc>Hut - sleepable (unofficial - be discreet, ask if possible)
遍路小屋 第47号 大根
https://www.henro.org/place/pilgrim-hut-no-47-oone</desc>
  </wpt>
  <wpt lat="33.970368" lon="134.598009">
    <name>Pilgrim Hut No.48 Kyotsukaan</name>
    <type>hut</type>
    <desc>Hut - sleepable (unofficial - be discreet, ask if possible)
遍路小屋 第48号 京塚庵
https://www.henro.org/place/pilgrim-hut-no-48-kyotsukaan
--- research (2022): Free / Open-sided shelter with pointed roof on the T18→T19 leg, ~1km before Tatsueji. Listed as nojuku candidate in 2022 survey. No walls - wind/rain exposed. Konbini in Tatsue. Bail-out option.
Source: pilgrim-shikoku.net/tatsueji-19; mititabi.com 2022</desc>
  </wpt>
  <wpt lat="33.752011" lon="134.532736">
    <name>Pilgrim Hut No.52 Hiwasa Kaizokubune</name>
    <type>hut</type>
    <desc>Hut - sleepable (unofficial - be discreet, ask if possible)
遍路小屋 第52号 日和佐海賊舟
https://www.henro.org/place/pilgrim-hut-no-52
Features: Running water, Toilet</desc>
  </wpt>
  <wpt lat="34.117731" lon="134.348104">
    <name>Pilgrim Hut No.57 Donari</name>
    <type>hut</type>
    <desc>Hut - sleepable (unofficial - be discreet, ask if possible)
遍路小屋 第57号 土成
https://www.henro.org/place/pilgrim-hut-no-57-donari
Features: Running water, Toilet</desc>
  </wpt>
  <wpt lat="33.944288" lon="134.549144">
    <name>Pilgrimage Lodge Otsuru</name>
    <type>accommodation</type>
    <desc>Inn きちん宿 お鶴 in an old Japanese house, about 7 km before Temple 20; open since February 2024. Four rooms, ¥5,500 room only, ¥8,800 with dinner and breakfast (Oct 2026). Check-in 15:00-19:00, check-out 9:00. Cards accepted. Tel: 090-3183-8155 jumbomami1507yo@yahoo.co.jp</desc>
  </wpt>
  <wpt lat="33.73029" lon="134.530247">
    <name>Roadside Station Hiwasa</name>
    <type>hut</type>
    <desc>Roadside Station - sleeping tolerated (roadside station etiquette: after close, leave early)
道の駅 日和佐
https://www.henro.org/place/road-station-hiwasa
Features: Running water, Toilet
--- research (2024): Free (unofficial) / Roadside station ~700m from T23 Yakuoji. Free pilgrim footbath, toilets, water. Informal overnight: discreet corner AFTER closing, no open tent, gone early. Not officially permitted - check for signs. Do NOT camp at nearby Ohama beach (loggerhead turtle nesting, light restrictions).
Source: mititabi.com 2022; michinoekihiwasa.com; ohenro.jp etiquette article 2024</desc>
  </wpt>
  <wpt lat="33.973568" lon="134.367684">
    <name>Roadside station Onsen-no-sato Kamiyama</name>
    <type>hut</type>
    <desc>Roadside Station - sleeping tolerated (roadside station etiquette: after close, leave early)
道の駅 温泉の里神山
https://www.henro.org/place/roadside-station-onsen-no-sato-kamiyama
Features: Running water, Toilet</desc>
  </wpt>
  <wpt lat="34.07212" lon="134.50145">
    <name>Route check (T17 to Tokushima)</name>
    <type>waypoint</type>
    <desc>Note on the source map: the henro-michi website and the base map disagree with this line after here. The source map also carries a separate 3.6 km &quot;Henro from T17&quot; line for this stretch.</desc>
  </wpt>
  <wpt lat="34.092721" lon="134.307997">
    <name>Ryokan Business Hotel Yawata</name>
    <type>accommodation</type>
    <desc>Ryokan and business hotel 手打ちうどん旅館ビジネスホテル八幡, 2 km from Temple 10, with an udon restaurant. 30 rooms, from ¥5,830 room only (Oct 2026). Check-in 16:00-19:00, check-out 10:00. Cash only. Tel: 0883-36-5327 https://www.u-yawata.com/</desc>
  </wpt>
  <wpt lat="33.9675" lon="134.346941">
    <name>Ryokan Sakuraya</name>
    <type>accommodation</type>
    <desc>Ryokan さくらや旅館 in central Kamiyama beside the Yorii-naka bus stop (buses to Tokushima Station, last 19:15). ¥6,000 room only, ¥8,500 with dinner and breakfast (Oct 2026). Cash only. Tel: 088-676-0036</desc>
  </wpt>
  <wpt lat="34.068965" lon="134.478398">
    <name>Ryokan Urokoro</name>
    <type>accommodation</type>
    <desc>Ryokan 鱗楼, about 120 years old and known for its dinners, near Temple 16. Five rooms, ¥5,500 room only, ¥9,350 with dinner and breakfast (Oct 2026). Pickups around Temple 13 and nearby. Check-in 15:00. Cards accepted; English spoken. Tel: 088-642-4337 https://urokorou.com/</desc>
  </wpt>
  <wpt lat="34.055767" lon="134.353997">
    <name>Ryokan Yoshino</name>
    <type>accommodation</type>
    <desc>Ryokan 旅館吉野, 10 minutes from Temple 11 - a last bed before the Shosanji climb. ¥5,500 room only, ¥8,000 with dinner and breakfast (Oct 2026). Breakfast from 6:00, rice balls for the trail, luggage forwarding. Tel: 0883-24-1263</desc>
  </wpt>
  <wpt lat="34.015431" lon="134.330376">
    <name>Ryusuian Rest Area</name>
    <type>hut</type>
    <desc>Rest hut at about 500 m on the Temple 11 → 12 climb, with a reliable spring (柳の水) and a toilet. A posted notice allows overnight stays in emergencies only; futon and power outlets inside (2022 report). The source map notes a possible tent spot further on at the Ipponsugi-an mountain hut (34.00759, 134.30514). 柳水庵休憩所 https://www.henro.org/place/ryusuian-rest-area-kamiyama-tokushima</desc>
  </wpt>
  <wpt lat="34.072183" lon="134.355807">
    <name>Sakura Ryokan</name>
    <type>accommodation</type>
    <desc>Shōwa-era ryokan さくら旅館 in front of JR Kamojima Station, about 2.5 km before Temple 11. Twelve rooms, ¥5,000 room only, ¥7,000 with dinner and breakfast (Oct 2026); rice balls for the next day. Check-in 15:00-19:00. Cash only; English spoken. Bookings by phone. Tel: 0883-24-2404</desc>
  </wpt>
  <wpt lat="34.071569" lon="134.550519">
    <name>Seifu Business Hotel</name>
    <type>accommodation</type>
    <desc>Budget hotel
ビジネスホテル 清風荘
https://www.henro.org/place/seifu-business-hotel
Features: Bidet, Bike rental, Body wash, Hair dryer, Iron, Kettle, Parking, Postal services, Shampoo, Towels, TV, WIFI, Yukata / bathrobe
Tel: 0886255708</desc>
  </wpt>
  <wpt lat="34.069618" lon="134.549469">
    <name>Self-inn Tokushima Higashisenba</name>
    <type>accommodation</type>
    <desc>Business hotel セルフイン徳島東船場, 15 minutes&apos; walk from Tokushima Station, close to the route. From ¥4,300 (Oct 2026); breakfast 7:00. Free washer and dryer. Check-in 16:00-21:00, check-out 10:00. Cards accepted. Tel: 088-626-0818</desc>
  </wpt>
  <wpt lat="34.078728" lon="134.51889">
    <name>Self-inn Tokushima Kuramoto-ekimae</name>
    <type>accommodation</type>
    <desc>Business hotel セルフイン徳島蔵本駅前 in front of JR Kuramoto Station, about 4 km past Temple 17. From ¥4,700 (Oct 2026); breakfast 6:30. Free washer and dryer. Check-in 16:00-21:00, check-out 10:00. Cards accepted. Tel: 088-676-2818</desc>
  </wpt>
  <wpt lat="34.06859" lon="134.5467">
    <name>Shinmachi Onsen</name>
    <type>poi</type>
  </wpt>
  <wpt lat="33.9820924" lon="134.3040326">
    <name>Shosanji Okunoin</name>
    <type>mountain</type>
    <desc>Inner shrine of Temple 12 (焼山寺 奥の院 蔵王大権現) beside the summit of Mt Shosanji (938 m). An out-and-back from the temple. Position from OpenStreetMap.</desc>
  </wpt>
  <wpt lat="34.073452" lon="134.548674">
    <name>Smile Hotel Tokushima</name>
    <type>accommodation</type>
    <desc>Business hotel スマイルホテル徳島 a 5-minute walk from Tokushima Station. From ¥5,500 room only (Oct 2026). Check-in 15:00. Cards accepted. Tel: 088-626-0889 https://smile-hotels.com/hotels/show/tokushima</desc>
  </wpt>
  <wpt lat="34.07321" lon="134.55062">
    <name>Spa Bizan no Yu</name>
    <type>poi</type>
    <desc>https://sunroute-tokushima.com/</desc>
  </wpt>
  <wpt lat="34.072896" lon="134.550781">
    <name>Subaruyado Yoshino</name>
    <type>accommodation</type>
    <desc>Japanese-style inn 阿波の国・昴宿よしの a 3-minute walk from Tokushima Station. No meals. Cards accepted. Tel: 088-654-2255 https://www.subaruyado-yoshino.com/</desc>
  </wpt>
  <wpt lat="33.987025" lon="134.326663">
    <name>Sudachi-an</name>
    <type>accommodation</type>
    <desc>Pilgrim inn お宿すだち庵 at Nabeiwa, on the route 2.7 km below Temple 12 - the only open lodging between Fujiidera and Kamiyama since the Shosanji shukubo and Nabeiwa-so closed. ¥4,900 room only, ¥5,900 with breakfast, ¥6,900 with dinner, ¥7,900 with both (Oct 2026); cash only. Six rooms, curry dinner, shuttle to the Kamiyama Onsen bath. Bookings by phone in Japanese (Tel: 090-2677-8000), or in English by email to null1903@gmail.com with name, dates, number of people, gender, the previous night&apos;s lodging and whether vegetarian. No fixed check-in time; arrivals before 14:00 phone ahead. Bags are carried free from Ryokan Yoshino, Guest House Channel-kan, Awarakuya and Hostel OE near Temple 11 to Sudachi-an, so the Shosanji climb can be walked light. https://sudachian.com/book/</desc>
  </wpt>
  <wpt lat="34.08702" lon="134.314314">
    <name>Sumi Fertilizer Warehouse Pilgrim Hut</name>
    <type>hut</type>
    <desc>Hut - sleepable (unofficial - be discreet, ask if possible)
須見肥料店遍路小屋
https://www.henro.org/place/sumi-fertilizer-warehouse-pilgrim-hut-awa-tokushima
Features: Toilet</desc>
  </wpt>
  <wpt lat="34.012962" lon="134.579514">
    <name>Super Hotel Tokushima Komatsushima</name>
    <type>accommodation</type>
    <desc>Chain business hotel スーパーホテル徳島・小松島天然温泉 with a natural hot-spring bath, about 1 km off the route before Temple 18. Check-in 15:00. Cards accepted. Tel: 0885-32-9001 https://www.superhotel.co.jp/s_hotels/komatsushima/</desc>
  </wpt>
  <wpt lat="34.152507" lon="134.465059">
    <name>Tabibito-no-yado Michishirube</name>
    <type>accommodation</type>
    <desc>Inn 旅人の宿 道しるべ near Temple 3. Dinner and breakfast available. Cash only. Bookings by email at least four days ahead to lamp-an@m5.dion.ne.jp. Tel: 088-672-6171</desc>
  </wpt>
  <wpt lat="33.770981" lon="134.580497">
    <name>Tai no Hama Pilgrim Rest Hut</name>
    <type>hut</type>
    <desc>Hut - sleeping ALLOWED
田井の浜休憩所
https://www.henro.org/place/tai-no-hama-pilgrim-rest-hut
Features: Running water, Toilet</desc>
  </wpt>
  <wpt lat="33.772771" lon="134.583838">
    <name>Tainohama Station Azumaya</name>
    <type>campsite</type>
    <desc>Camp spot (Free)
田井ノ浜駅前の東屋
Open pavilion at the seasonal JR Tainohama beach halt, T22→T23 leg. In the current Hagimori List (Feb 2026) as a free option; roof/water/toilet per 2022 survey. Beach toilets. Roof only, no walls.
Source: hagimorilist.com PDF 2026-02-18; mititabi.com 2022 (2026)</desc>
  </wpt>
  <wpt lat="33.986874" lon="134.342467">
    <name>Tamagatoge Rest Stop</name>
    <type>water</type>
    <desc>Rest hut on Tamagatoge pass (玉ヶ峠, about 450 m) between Temple 12 and Temple 13. Water tap (working Nov 2025); toilet closed. Signs on the hut forbid camping. https://www.henro.org/place/tamagatao-rest-stop-kamiyama-tokushima</desc>
  </wpt>
  <wpt lat="33.96814" lon="134.606461">
    <name>Tatsueji Shukubo</name>
    <type>accommodation</type>
    <desc>Temple lodging 立江寺宿坊 at Temple 19. ¥5,500 room only, ¥7,000 with dinner and breakfast (Oct 2026). Check-in by 16:30; prayers at 17:00; check-out 8:00. Free washer. Cash only. Tel: 0885-37-1019 https://www.tatsueji.com/stay</desc>
  </wpt>
  <wpt lat="34.065002" lon="134.561325">
    <name>Tokushima Grandvrio Hotel</name>
    <type>accommodation</type>
    <desc>Hotel 徳島グランヴィリオホテル in Tokushima city. Check-in 15:00, check-out 11:00. English spoken. Tel: 088-624-1111 https://www.grandvrio-hotelresort.com/tokushima/</desc>
  </wpt>
  <wpt lat="34.06696" lon="134.547138">
    <name>Tokushima Washington Hotel Plaza</name>
    <type>accommodation</type>
    <desc>Hotel 徳島ワシントンホテルプラザ in central Tokushima. Check-in 14:00, check-out 10:00. Cards accepted. Tel: 088-653-7111 https://www.washingtonhotel.co.jp/whp/tokushima/</desc>
  </wpt>
  <wpt lat="34.071384" lon="134.552868">
    <name>Toyoko Inn Tokushima Ekimae</name>
    <type>accommodation</type>
    <desc>Chain business hotel 東横INN徳島駅前 by Tokushima Station. Breakfast included. Check-in 15:00, check-out 10:00. Cards accepted. https://www.toyoko-inn.com/search/detail/00192/</desc>
  </wpt>
  <wpt lat="34.068996" lon="134.546953">
    <name>Toyoko Inn Tokushima-eki Bizan-guchi</name>
    <type>accommodation</type>
    <desc>Chain business hotel 東横INN徳島駅眉山口 near Tokushima Station. Check-in 14:00, check-out 10:00. Cards accepted. https://www.toyoko-inn.com/search/detail/00116/</desc>
  </wpt>
  <wpt lat="34.069878" lon="134.551103">
    <name>Tsurugisan Hotel</name>
    <type>accommodation</type>
    <desc>Business hotel 剣山ホテル near Tokushima Station. No meals; cards accepted. Tel: 088-654-3331 https://travel.rakuten.co.jp/HOTEL/8722/8722.html</desc>
  </wpt>
  <wpt lat="34.008519" lon="134.374847">
    <name>Uemura Ryokan</name>
    <type>accommodation</type>
    <desc>Ryokan 植村旅館 on the route 9.6 km past Temple 12, 11.9 km before Temple 13. From ¥5,300 room only, from ¥8,800 with dinner and breakfast (Oct 2026). Large home-cooked meals; arrival by 18:00. Pickups and luggage transfer by arrangement. Tel: 088-678-0859 https://r.goope.jp/uemura-inn</desc>
  </wpt>
  <wpt lat="33.968773" lon="134.338321">
    <name>WEEK Kamiyama</name>
    <type>accommodation</type>
    <desc>Inn at Shimobun, about 1.7 km off the path. ¥11,000 with breakfast, ¥14,300 with dinner and breakfast (Oct 2026). Tel: 088-677-0313 https://week-kamiyama.jp</desc>
  </wpt>
  <wpt lat="34.071778" lon="134.545078">
    <name>Yadoya Hiwasa Tokushima</name>
    <type>accommodation</type>
    <desc>Business hotel Yadoya Hiwasa 徳島 at the foot of Mt Bizan. 35 rooms, ¥4,500 room only (Oct 2026). Check-in 16:00. Cards accepted. Tel: 088-661-1381 https://yadoyahiwasa.com/</desc>
  </wpt>
  <wpt lat="33.73148" lon="134.52847">
    <name>Yakuoji Onsen</name>
    <type>poi</type>
    <desc>https://yakuouji.net/
open 1300-2100, closed Fridays</desc>
  </wpt>
  <wpt lat="34.11942" lon="134.43199">
    <name>Yoshinogawa Super Public Bath</name>
    <type>poi</type>
  </wpt>
  <wpt lat="33.932046" lon="134.522549">
    <name>Yottene Market</name>
    <type>hut</type>
    <desc>Roadside Station - sleeping tolerated (roadside station etiquette: after close, leave early)
東とくしま農協 よってネ市
https://www.henro.org/place/yottene-market</desc>
  </wpt>
  <trk>
    <name>Shikoku Henro: Temples 1-23</name>
    <trkseg>
      <trkpt lat="34.159578" lon="134.503212">
        <ele>23</ele>
      </trkpt>
      <trkpt lat="34.159306" lon="134.5031">
        <ele>23</ele>
      </trkpt>
      <trkpt lat="34.159066" lon="134.502996">
        <ele>23</ele>
      </trkpt>
      <trkpt lat="34.158917" lon="134.502949">
        <ele>23</ele>
      </trkpt>
      <trkpt lat="34.158885" lon="134.502448">
        <ele>22</ele>
      </trkpt>
      <trkpt lat="34.158835" lon="134.502186">
        <ele>22</ele>
      </trkpt>
      <trkpt lat="34.15875" lon="134.501749">
        <ele>20</ele>
      </trkpt>
      <trkpt lat="34.158471" lon="134.50109">
        <ele>20</ele>
      </trkpt>
      <trkpt lat="34.158274" lon="134.500692">
        <ele>19</ele>
      </trkpt>
      <trkpt lat="34.158035" lon="134.500064">
        <ele>20</ele>
      </trkpt>
      <trkpt lat="34.15779" lon="134.498645">
        <ele>19</ele>
      </trkpt>
      <trkpt lat="34.157376" lon="134.496386">
        <ele>16</ele>
      </trkpt>
      <trkpt lat="34.157124" lon="134.49525">
        <ele>15</ele>
      </trkpt>
      <trkpt lat="34.156711" lon="134.494117">
        <ele>14</ele>
      </trkpt>
      <trkpt lat="34.156124" lon="134.492776">
        <ele>12</ele>
      </trkpt>
      <trkpt lat="34.155663" lon="134.492116">
        <ele>11</ele>
      </trkpt>
      <trkpt lat="34.155415" lon="134.491873">
        <ele>10</ele>
      </trkpt>
      <trkpt lat="34.155377" lon="134.491793">
        <ele>10</ele>
      </trkpt>
      <trkpt lat="34.155384" lon="134.491432">
        <ele>12</ele>
      </trkpt>
      <trkpt lat="34.155379" lon="134.491256">
        <ele>13</ele>
      </trkpt>
      <trkpt lat="34.155342" lon="134.491182">
        <ele>13</ele>
      </trkpt>
      <trkpt lat="34.155568" lon="134.490952">
        <ele>15</ele>
      </trkpt>
      <trkpt lat="34.155811" lon="134.49085">
        <ele>15</ele>
      </trkpt>
      <trkpt lat="34.155277" lon="134.491017">
        <ele>14</ele>
      </trkpt>
      <trkpt lat="34.155286" lon="134.491184">
        <ele>13</ele>
      </trkpt>
      <trkpt lat="34.155146" lon="134.491154">
        <ele>13</ele>
      </trkpt>
      <trkpt lat="34.155017" lon="134.491136">
        <ele>13</ele>
      </trkpt>
      <trkpt lat="34.154731" lon="134.491152">
        <ele>13</ele>
      </trkpt>
      <trkpt lat="34.154635" lon="134.491126">
        <ele>13</ele>
      </trkpt>
      <trkpt lat="34.154603" lon="134.490939">
        <ele>14</ele>
      </trkpt>
      <trkpt lat="34.154623" lon="134.490754">
        <ele>16</ele>
      </trkpt>
      <trkpt lat="34.154369" lon="134.490689">
        <ele>18</ele>
      </trkpt>
      <trkpt lat="34.154153" lon="134.490555">
        <ele>21</ele>
      </trkpt>
      <trkpt lat="34.153927" lon="134.490522">
        <ele>20</ele>
      </trkpt>
      <trkpt lat="34.15315" lon="134.490377">
        <ele>16</ele>
      </trkpt>
      <trkpt lat="34.152993" lon="134.490196">
        <ele>16</ele>
      </trkpt>
      <trkpt lat="34.152888" lon="134.490111">
        <ele>15</ele>
      </trkpt>
      <trkpt lat="34.152392" lon="134.48926">
        <ele>9</ele>
      </trkpt>
      <trkpt lat="34.152331" lon="134.488957">
        <ele>9</ele>
      </trkpt>
      <trkpt lat="34.152313" lon="134.48879">
        <ele>9</ele>
      </trkpt>
      <trkpt lat="34.152299" lon="134.488364">
        <ele>9</ele>
      </trkpt>
      <trkpt lat="34.152236" lon="134.488091">
        <ele>11</ele>
      </trkpt>
      <trkpt lat="34.15223" lon="134.488086">
        <ele>11</ele>
      </trkpt>
      <trkpt lat="34.152032" lon="134.487675">
        <ele>12</ele>
      </trkpt>
      <trkpt lat="34.151798" lon="134.487128">
        <ele>12</ele>
      </trkpt>
      <trkpt lat="34.151702" lon="134.4869">
        <ele>12</ele>
      </trkpt>
      <trkpt lat="34.151534" lon="134.486786">
        <ele>11</ele>
      </trkpt>
      <trkpt lat="34.151316" lon="134.486624">
        <ele>10</ele>
      </trkpt>
      <trkpt lat="34.151125" lon="134.486483">
        <ele>9</ele>
      </trkpt>
      <trkpt lat="34.150812" lon="134.486082">
        <ele>8</ele>
      </trkpt>
      <trkpt lat="34.149921" lon="134.484704">
        <ele>12</ele>
      </trkpt>
      <trkpt lat="34.14969" lon="134.484333">
        <ele>12</ele>
      </trkpt>
      <trkpt lat="34.149565" lon="134.484022">
        <ele>12</ele>
      </trkpt>
      <trkpt lat="34.149563" lon="134.484009">
        <ele>12</ele>
      </trkpt>
      <trkpt lat="34.149356" lon="134.483637">
        <ele>9</ele>
      </trkpt>
      <trkpt lat="34.149195" lon="134.483322">
        <ele>7</ele>
      </trkpt>
      <trkpt lat="34.149113" lon="134.483034">
        <ele>6</ele>
      </trkpt>
      <trkpt lat="34.149112" lon="134.482626">
        <ele>6</ele>
      </trkpt>
      <trkpt lat="34.149068" lon="134.482233">
        <ele>6</ele>
      </trkpt>
      <trkpt lat="34.149054" lon="134.481946">
        <ele>6</ele>
      </trkpt>
      <trkpt lat="34.149013" lon="134.481537">
        <ele>6</ele>
      </trkpt>
      <trkpt lat="34.149091" lon="134.481147">
        <ele>7</ele>
      </trkpt>
      <trkpt lat="34.14915" lon="134.480876">
        <ele>7</ele>
      </trkpt>
      <trkpt lat="34.149075" lon="134.480543">
        <ele>8</ele>
      </trkpt>
      <trkpt lat="34.148942" lon="134.480341">
        <ele>8</ele>
      </trkpt>
      <trkpt lat="34.148814" lon="134.48006">
        <ele>9</ele>
      </trkpt>
      <trkpt lat="34.148771" lon="134.479909">
        <ele>9</ele>
      </trkpt>
      <trkpt lat="34.148745" lon="134.479787">
        <ele>9</ele>
      </trkpt>
      <trkpt lat="34.14844" lon="134.479288">
        <ele>8</ele>
      </trkpt>
      <trkpt lat="34.148038" lon="134.478667">
        <ele>8</ele>
      </trkpt>
      <trkpt lat="34.147943" lon="134.478312">
        <ele>8</ele>
      </trkpt>
      <trkpt lat="34.147882" lon="134.477983">
        <ele>8</ele>
      </trkpt>
      <trkpt lat="34.147849" lon="134.477687">
        <ele>8</ele>
      </trkpt>
      <trkpt lat="34.147897" lon="134.477357">
        <ele>8</ele>
      </trkpt>
      <trkpt lat="34.147987" lon="134.476674">
        <ele>8</ele>
      </trkpt>
      <trkpt lat="34.147919" lon="134.475954">
        <ele>6</ele>
      </trkpt>
      <trkpt lat="34.147846" lon="134.475488">
        <ele>5</ele>
      </trkpt>
      <trkpt lat="34.148103" lon="134.474949">
        <ele>5</ele>
      </trkpt>
      <trkpt lat="34.148285" lon="134.474527">
        <ele>5</ele>
      </trkpt>
      <trkpt lat="34.148292" lon="134.47427">
        <ele>6</ele>
      </trkpt>
      <trkpt lat="34.148229" lon="134.473345">
        <ele>8</ele>
      </trkpt>
      <trkpt lat="34.148085" lon="134.472614">
        <ele>12</ele>
      </trkpt>
      <trkpt lat="34.147951" lon="134.471979">
        <ele>10</ele>
      </trkpt>
      <trkpt lat="34.147836" lon="134.471456">
        <ele>9</ele>
      </trkpt>
      <trkpt lat="34.147797" lon="134.471076">
        <ele>8</ele>
      </trkpt>
      <trkpt lat="34.147745" lon="134.47081">
        <ele>8</ele>
      </trkpt>
      <trkpt lat="34.147593" lon="134.470634">
        <ele>8</ele>
      </trkpt>
      <trkpt lat="34.147531" lon="134.470145">
        <ele>10</ele>
      </trkpt>
      <trkpt lat="34.147416" lon="134.469658">
        <ele>11</ele>
      </trkpt>
      <trkpt lat="34.147367" lon="134.46937">
        <ele>12</ele>
      </trkpt>
      <trkpt lat="34.147359" lon="134.469286">
        <ele>12</ele>
      </trkpt>
      <trkpt lat="34.147446" lon="134.469001">
        <ele>14</ele>
      </trkpt>
      <trkpt lat="34.147291" lon="134.468586">
        <ele>15</ele>
      </trkpt>
      <trkpt lat="34.147378" lon="134.468522">
        <ele>16</ele>
      </trkpt>
      <trkpt lat="34.147154" lon="134.468494">
        <ele>14</ele>
      </trkpt>
      <trkpt lat="34.146911" lon="134.468427">
        <ele>12</ele>
      </trkpt>
      <trkpt lat="34.146499" lon="134.46834">
        <ele>10</ele>
      </trkpt>
      <trkpt lat="34.14616" lon="134.468269">
        <ele>9</ele>
      </trkpt>
      <trkpt lat="34.146103" lon="134.468092">
        <ele>9</ele>
      </trkpt>
      <trkpt lat="34.145891" lon="134.46726">
        <ele>10</ele>
      </trkpt>
      <trkpt lat="34.145503" lon="134.46662">
        <ele>12</ele>
      </trkpt>
      <trkpt lat="34.143678" lon="134.464953">
        <ele>10</ele>
      </trkpt>
      <trkpt lat="34.1434" lon="134.463185">
        <ele>10</ele>
      </trkpt>
      <trkpt lat="34.143608" lon="134.461658">
        <ele>11</ele>
      </trkpt>
      <trkpt lat="34.143639" lon="134.45989">
        <ele>10</ele>
      </trkpt>
      <trkpt lat="34.143434" lon="134.458847">
        <ele>11</ele>
      </trkpt>
      <trkpt lat="34.143254" lon="134.458489">
        <ele>12</ele>
      </trkpt>
      <trkpt lat="34.143001" lon="134.458043">
        <ele>13</ele>
      </trkpt>
      <trkpt lat="34.141962" lon="134.456343">
        <ele>10</ele>
      </trkpt>
      <trkpt lat="34.142038" lon="134.454665">
        <ele>10</ele>
      </trkpt>
      <trkpt lat="34.142217" lon="134.454">
        <ele>11</ele>
      </trkpt>
      <trkpt lat="34.142141" lon="134.452201">
        <ele>15</ele>
      </trkpt>
      <trkpt lat="34.141894" lon="134.451296">
        <ele>13</ele>
      </trkpt>
      <trkpt lat="34.14184" lon="134.450552">
        <ele>10</ele>
      </trkpt>
      <trkpt lat="34.141064" lon="134.447695">
        <ele>9</ele>
      </trkpt>
      <trkpt lat="34.140995" lon="134.447068">
        <ele>9</ele>
      </trkpt>
      <trkpt lat="34.141184" lon="134.446386">
        <ele>9</ele>
      </trkpt>
      <trkpt lat="34.141172" lon="134.445842">
        <ele>9</ele>
      </trkpt>
      <trkpt lat="34.141102" lon="134.444835">
        <ele>7</ele>
      </trkpt>
      <trkpt lat="34.140567" lon="134.444114">
        <ele>5</ele>
      </trkpt>
      <trkpt lat="34.140048" lon="134.44355">
        <ele>7</ele>
      </trkpt>
      <trkpt lat="34.140172" lon="134.443483">
        <ele>7</ele>
      </trkpt>
      <trkpt lat="34.140597" lon="134.443352">
        <ele>9</ele>
      </trkpt>
      <trkpt lat="34.140627" lon="134.443138">
        <ele>11</ele>
      </trkpt>
      <trkpt lat="34.140616" lon="134.442939">
        <ele>13</ele>
      </trkpt>
      <trkpt lat="34.140635" lon="134.442739">
        <ele>15</ele>
      </trkpt>
      <trkpt lat="34.140546" lon="134.442629">
        <ele>15</ele>
      </trkpt>
      <trkpt lat="34.140467" lon="134.442392">
        <ele>16</ele>
      </trkpt>
      <trkpt lat="34.140384" lon="134.442204">
        <ele>16</ele>
      </trkpt>
      <trkpt lat="34.14032" lon="134.442005">
        <ele>17</ele>
      </trkpt>
      <trkpt lat="34.140247" lon="134.441627">
        <ele>18</ele>
      </trkpt>
      <trkpt lat="34.140247" lon="134.441386">
        <ele>20</ele>
      </trkpt>
      <trkpt lat="34.140233" lon="134.441261">
        <ele>21</ele>
      </trkpt>
      <trkpt lat="34.140047" lon="134.441009">
        <ele>19</ele>
      </trkpt>
      <trkpt lat="34.139846" lon="134.440636">
        <ele>20</ele>
      </trkpt>
      <trkpt lat="34.139749" lon="134.440371">
        <ele>22</ele>
      </trkpt>
      <trkpt lat="34.139713" lon="134.440041">
        <ele>25</ele>
      </trkpt>
      <trkpt lat="34.139638" lon="134.439761">
        <ele>22</ele>
      </trkpt>
      <trkpt lat="34.139603" lon="134.439455">
        <ele>20</ele>
      </trkpt>
      <trkpt lat="34.139589" lon="134.439299">
        <ele>19</ele>
      </trkpt>
      <trkpt lat="34.139671" lon="134.439175">
        <ele>20</ele>
      </trkpt>
      <trkpt lat="34.139765" lon="134.438989">
        <ele>20</ele>
      </trkpt>
      <trkpt lat="34.139807" lon="134.438786">
        <ele>20</ele>
      </trkpt>
      <trkpt lat="34.139806" lon="134.438772">
        <ele>20</ele>
      </trkpt>
      <trkpt lat="34.139836" lon="134.438523">
        <ele>20</ele>
      </trkpt>
      <trkpt lat="34.139834" lon="134.438164">
        <ele>20</ele>
      </trkpt>
      <trkpt lat="34.139924" lon="134.438004">
        <ele>21</ele>
      </trkpt>
      <trkpt lat="34.139905" lon="134.437688">
        <ele>22</ele>
      </trkpt>
      <trkpt lat="34.139888" lon="134.43744">
        <ele>23</ele>
      </trkpt>
      <trkpt lat="34.140037" lon="134.437392">
        <ele>25</ele>
      </trkpt>
      <trkpt lat="34.140217" lon="134.436946">
        <ele>30</ele>
      </trkpt>
      <trkpt lat="34.140337" lon="134.436437">
        <ele>31</ele>
      </trkpt>
      <trkpt lat="34.140323" lon="134.436106">
        <ele>27</ele>
      </trkpt>
      <trkpt lat="34.140268" lon="134.435608">
        <ele>24</ele>
      </trkpt>
      <trkpt lat="34.140233" lon="134.435441">
        <ele>23</ele>
      </trkpt>
      <trkpt lat="34.14031" lon="134.43533">
        <ele>24</ele>
      </trkpt>
      <trkpt lat="34.14036" lon="134.435073">
        <ele>24</ele>
      </trkpt>
      <trkpt lat="34.140358" lon="134.434995">
        <ele>24</ele>
      </trkpt>
      <trkpt lat="34.140691" lon="134.434987">
        <ele>25</ele>
      </trkpt>
      <trkpt lat="34.141043" lon="134.434797">
        <ele>27</ele>
      </trkpt>
      <trkpt lat="34.141295" lon="134.434524">
        <ele>29</ele>
      </trkpt>
      <trkpt lat="34.141458" lon="134.43438">
        <ele>29</ele>
      </trkpt>
      <trkpt lat="34.141596" lon="134.434156">
        <ele>30</ele>
      </trkpt>
      <trkpt lat="34.141986" lon="134.433928">
        <ele>32</ele>
      </trkpt>
      <trkpt lat="34.142336" lon="134.433784">
        <ele>34</ele>
      </trkpt>
      <trkpt lat="34.142356" lon="134.433783">
        <ele>34</ele>
      </trkpt>
      <trkpt lat="34.142682" lon="134.433737">
        <ele>34</ele>
      </trkpt>
      <trkpt lat="34.142703" lon="134.433735">
        <ele>34</ele>
      </trkpt>
      <trkpt lat="34.142899" lon="134.433818">
        <ele>33</ele>
      </trkpt>
      <trkpt lat="34.143039" lon="134.433871">
        <ele>33</ele>
      </trkpt>
      <trkpt lat="34.143047" lon="134.433871">
        <ele>33</ele>
      </trkpt>
      <trkpt lat="34.143321" lon="134.433859">
        <ele>32</ele>
      </trkpt>
      <trkpt lat="34.143379" lon="134.433128">
        <ele>38</ele>
      </trkpt>
      <trkpt lat="34.143625" lon="134.432846">
        <ele>43</ele>
      </trkpt>
      <trkpt lat="34.143645" lon="134.432619">
        <ele>46</ele>
      </trkpt>
      <trkpt lat="34.143622" lon="134.43236">
        <ele>47</ele>
      </trkpt>
      <trkpt lat="34.143606" lon="134.432045">
        <ele>46</ele>
      </trkpt>
      <trkpt lat="34.143455" lon="134.431696">
        <ele>43</ele>
      </trkpt>
      <trkpt lat="34.143517" lon="134.430726">
        <ele>40</ele>
      </trkpt>
      <trkpt lat="34.143775" lon="134.430741">
        <ele>41</ele>
      </trkpt>
      <trkpt lat="34.144125" lon="134.4309">
        <ele>43</ele>
      </trkpt>
      <trkpt lat="34.144675" lon="134.430937">
        <ele>47</ele>
      </trkpt>
      <trkpt lat="34.145087" lon="134.430964">
        <ele>50</ele>
      </trkpt>
      <trkpt lat="34.145344" lon="134.430911">
        <ele>49</ele>
      </trkpt>
      <trkpt lat="34.145511" lon="134.430819">
        <ele>48</ele>
      </trkpt>
      <trkpt lat="34.145536" lon="134.430816">
        <ele>48</ele>
      </trkpt>
      <trkpt lat="34.145733" lon="134.430764">
        <ele>49</ele>
      </trkpt>
      <trkpt lat="34.145917" lon="134.430686">
        <ele>50</ele>
      </trkpt>
      <trkpt lat="34.145934" lon="134.430684">
        <ele>50</ele>
      </trkpt>
      <trkpt lat="34.145971" lon="134.430435">
        <ele>52</ele>
      </trkpt>
      <trkpt lat="34.14598" lon="134.430233">
        <ele>53</ele>
      </trkpt>
      <trkpt lat="34.146036" lon="134.430069">
        <ele>55</ele>
      </trkpt>
      <trkpt lat="34.146182" lon="134.43003">
        <ele>56</ele>
      </trkpt>
      <trkpt lat="34.146639" lon="134.430058">
        <ele>60</ele>
      </trkpt>
      <trkpt lat="34.148224" lon="134.430167">
        <ele>71</ele>
      </trkpt>
      <trkpt lat="34.150799" lon="134.430655">
        <ele>81</ele>
      </trkpt>
      <trkpt lat="34.15076" lon="134.430473">
        <ele>84</ele>
      </trkpt>
      <trkpt lat="34.150354" lon="134.430293">
        <ele>85</ele>
      </trkpt>
      <trkpt lat="34.14959" lon="134.430407">
        <ele>77</ele>
      </trkpt>
      <trkpt lat="34.147135" lon="134.430108">
        <ele>64</ele>
      </trkpt>
      <trkpt lat="34.144955" lon="134.429738">
        <ele>49</ele>
      </trkpt>
      <trkpt lat="34.145038" lon="134.429608">
        <ele>50</ele>
      </trkpt>
      <trkpt lat="34.144823" lon="134.429546">
        <ele>50</ele>
      </trkpt>
      <trkpt lat="34.143871" lon="134.429845">
        <ele>46</ele>
      </trkpt>
      <trkpt lat="34.143479" lon="134.429523">
        <ele>47</ele>
      </trkpt>
      <trkpt lat="34.143432" lon="134.429373">
        <ele>48</ele>
      </trkpt>
      <trkpt lat="34.143095" lon="134.429303">
        <ele>46</ele>
      </trkpt>
      <trkpt lat="34.143072" lon="134.429623">
        <ele>44</ele>
      </trkpt>
      <trkpt lat="34.142903" lon="134.42987">
        <ele>42</ele>
      </trkpt>
      <trkpt lat="34.142408" lon="134.430341">
        <ele>38</ele>
      </trkpt>
      <trkpt lat="34.14199" lon="134.430656">
        <ele>36</ele>
      </trkpt>
      <trkpt lat="34.141773" lon="134.430844">
        <ele>35</ele>
      </trkpt>
      <trkpt lat="34.141571" lon="134.431015">
        <ele>34</ele>
      </trkpt>
      <trkpt lat="34.141177" lon="134.431152">
        <ele>32</ele>
      </trkpt>
      <trkpt lat="34.140599" lon="134.43134">
        <ele>30</ele>
      </trkpt>
      <trkpt lat="34.139637" lon="134.431831">
        <ele>28</ele>
      </trkpt>
      <trkpt lat="34.139119" lon="134.432145">
        <ele>27</ele>
      </trkpt>
      <trkpt lat="34.138639" lon="134.432396">
        <ele>25</ele>
      </trkpt>
      <trkpt lat="34.138154" lon="134.432589">
        <ele>23</ele>
      </trkpt>
      <trkpt lat="34.137934" lon="134.431528">
        <ele>26</ele>
      </trkpt>
      <trkpt lat="34.137414" lon="134.431597">
        <ele>23</ele>
      </trkpt>
      <trkpt lat="34.137253" lon="134.431612">
        <ele>22</ele>
      </trkpt>
      <trkpt lat="34.137131" lon="134.431606">
        <ele>21</ele>
      </trkpt>
      <trkpt lat="34.137135" lon="134.431802">
        <ele>21</ele>
      </trkpt>
      <trkpt lat="34.137057" lon="134.431635">
        <ele>20</ele>
      </trkpt>
      <trkpt lat="34.136746" lon="134.431644">
        <ele>18</ele>
      </trkpt>
      <trkpt lat="34.136729" lon="134.431833">
        <ele>18</ele>
      </trkpt>
      <trkpt lat="34.136635" lon="134.432052">
        <ele>17</ele>
      </trkpt>
      <trkpt lat="34.136169" lon="134.431982">
        <ele>13</ele>
      </trkpt>
      <trkpt lat="34.135822" lon="134.431941">
        <ele>11</ele>
      </trkpt>
      <trkpt lat="34.134559" lon="134.43183">
        <ele>9</ele>
      </trkpt>
      <trkpt lat="34.134512" lon="134.431681">
        <ele>9</ele>
      </trkpt>
      <trkpt lat="34.134493" lon="134.431461">
        <ele>8</ele>
      </trkpt>
      <trkpt lat="34.134488" lon="134.431223">
        <ele>8</ele>
      </trkpt>
      <trkpt lat="34.134326" lon="134.431276">
        <ele>8</ele>
      </trkpt>
      <trkpt lat="34.133903" lon="134.431341">
        <ele>8</ele>
      </trkpt>
      <trkpt lat="34.133821" lon="134.431349">
        <ele>8</ele>
      </trkpt>
      <trkpt lat="34.133967" lon="134.432104">
        <ele>8</ele>
      </trkpt>
      <trkpt lat="34.133903" lon="134.432124">
        <ele>8</ele>
      </trkpt>
      <trkpt lat="34.133826" lon="134.432093">
        <ele>8</ele>
      </trkpt>
      <trkpt lat="34.131847" lon="134.423585">
        <ele>12</ele>
      </trkpt>
      <trkpt lat="34.131858" lon="134.420888">
        <ele>16</ele>
      </trkpt>
      <trkpt lat="34.132063" lon="134.420848">
        <ele>17</ele>
      </trkpt>
      <trkpt lat="34.132269" lon="134.420849">
        <ele>17</ele>
      </trkpt>
      <trkpt lat="34.132544" lon="134.420698">
        <ele>18</ele>
      </trkpt>
      <trkpt lat="34.132846" lon="134.42045">
        <ele>19</ele>
      </trkpt>
      <trkpt lat="34.133098" lon="134.420167">
        <ele>20</ele>
      </trkpt>
      <trkpt lat="34.133156" lon="134.420023">
        <ele>20</ele>
      </trkpt>
      <trkpt lat="34.133362" lon="134.419481">
        <ele>21</ele>
      </trkpt>
      <trkpt lat="34.133605" lon="134.419097">
        <ele>21</ele>
      </trkpt>
      <trkpt lat="34.133706" lon="134.418849">
        <ele>22</ele>
      </trkpt>
      <trkpt lat="34.133742" lon="134.418579">
        <ele>22</ele>
      </trkpt>
      <trkpt lat="34.133727" lon="134.418326">
        <ele>23</ele>
      </trkpt>
      <trkpt lat="34.133698" lon="134.41786">
        <ele>23</ele>
      </trkpt>
      <trkpt lat="34.133758" lon="134.417524">
        <ele>24</ele>
      </trkpt>
      <trkpt lat="34.133758" lon="134.417518">
        <ele>24</ele>
      </trkpt>
      <trkpt lat="34.133792" lon="134.417063">
        <ele>24</ele>
      </trkpt>
      <trkpt lat="34.133796" lon="134.41626">
        <ele>24</ele>
      </trkpt>
      <trkpt lat="34.133766" lon="134.4159">
        <ele>24</ele>
      </trkpt>
      <trkpt lat="34.133699" lon="134.415511">
        <ele>24</ele>
      </trkpt>
      <trkpt lat="34.133416" lon="134.414801">
        <ele>24</ele>
      </trkpt>
      <trkpt lat="34.133143" lon="134.414301">
        <ele>25</ele>
      </trkpt>
      <trkpt lat="34.13284" lon="134.413721">
        <ele>26</ele>
      </trkpt>
      <trkpt lat="34.132354" lon="134.413143">
        <ele>27</ele>
      </trkpt>
      <trkpt lat="34.131936" lon="134.412856">
        <ele>26</ele>
      </trkpt>
      <trkpt lat="34.13111" lon="134.412389">
        <ele>27</ele>
      </trkpt>
      <trkpt lat="34.129924" lon="134.411815">
        <ele>26</ele>
      </trkpt>
      <trkpt lat="34.129583" lon="134.411465">
        <ele>26</ele>
      </trkpt>
      <trkpt lat="34.12904" lon="134.410937">
        <ele>26</ele>
      </trkpt>
      <trkpt lat="34.127554" lon="134.408941">
        <ele>26</ele>
      </trkpt>
      <trkpt lat="34.127044" lon="134.40834">
        <ele>27</ele>
      </trkpt>
      <trkpt lat="34.126086" lon="134.40758">
        <ele>26</ele>
      </trkpt>
      <trkpt lat="34.125869" lon="134.407427">
        <ele>26</ele>
      </trkpt>
      <trkpt lat="34.125655" lon="134.407364">
        <ele>26</ele>
      </trkpt>
      <trkpt lat="34.125069" lon="134.407118">
        <ele>26</ele>
      </trkpt>
      <trkpt lat="34.124751" lon="134.407079">
        <ele>25</ele>
      </trkpt>
      <trkpt lat="34.124252" lon="134.407006">
        <ele>23</ele>
      </trkpt>
      <trkpt lat="34.123957" lon="134.406831">
        <ele>22</ele>
      </trkpt>
      <trkpt lat="34.123407" lon="134.406288">
        <ele>22</ele>
      </trkpt>
      <trkpt lat="34.122865" lon="134.405529">
        <ele>22</ele>
      </trkpt>
      <trkpt lat="34.122517" lon="134.404989">
        <ele>22</ele>
      </trkpt>
      <trkpt lat="34.122469" lon="134.404706">
        <ele>21</ele>
      </trkpt>
      <trkpt lat="34.122505" lon="134.404399">
        <ele>22</ele>
      </trkpt>
      <trkpt lat="34.122586" lon="134.404184">
        <ele>22</ele>
      </trkpt>
      <trkpt lat="34.122591" lon="134.404158">
        <ele>22</ele>
      </trkpt>
      <trkpt lat="34.122604" lon="134.403734">
        <ele>22</ele>
      </trkpt>
      <trkpt lat="34.122541" lon="134.40322">
        <ele>22</ele>
      </trkpt>
      <trkpt lat="34.122289" lon="134.402737">
        <ele>22</ele>
      </trkpt>
      <trkpt lat="34.122009" lon="134.402326">
        <ele>22</ele>
      </trkpt>
      <trkpt lat="34.121347" lon="134.401728">
        <ele>22</ele>
      </trkpt>
      <trkpt lat="34.120872" lon="134.40121">
        <ele>22</ele>
      </trkpt>
      <trkpt lat="34.120276" lon="134.400202">
        <ele>19</ele>
      </trkpt>
      <trkpt lat="34.119645" lon="134.398958">
        <ele>17</ele>
      </trkpt>
      <trkpt lat="34.119458" lon="134.398569">
        <ele>16</ele>
      </trkpt>
      <trkpt lat="34.119595" lon="134.39837">
        <ele>16</ele>
      </trkpt>
      <trkpt lat="34.119641" lon="134.397537">
        <ele>16</ele>
      </trkpt>
      <trkpt lat="34.119817" lon="134.396665">
        <ele>17</ele>
      </trkpt>
      <trkpt lat="34.119909" lon="134.396341">
        <ele>17</ele>
      </trkpt>
      <trkpt lat="34.119896" lon="134.395672">
        <ele>17</ele>
      </trkpt>
      <trkpt lat="34.119681" lon="134.395255">
        <ele>17</ele>
      </trkpt>
      <trkpt lat="34.11957" lon="134.39445">
        <ele>17</ele>
      </trkpt>
      <trkpt lat="34.119439" lon="134.393318">
        <ele>17</ele>
      </trkpt>
      <trkpt lat="34.119034" lon="134.390075">
        <ele>18</ele>
      </trkpt>
      <trkpt lat="34.118609" lon="134.389285">
        <ele>19</ele>
      </trkpt>
      <trkpt lat="34.118017" lon="134.3891">
        <ele>20</ele>
      </trkpt>
      <trkpt lat="34.11856" lon="134.389278">
        <ele>20</ele>
      </trkpt>
      <trkpt lat="34.11876" lon="134.389158">
        <ele>19</ele>
      </trkpt>
      <trkpt lat="34.118364" lon="134.387605">
        <ele>24</ele>
      </trkpt>
      <trkpt lat="34.118425" lon="134.387475">
        <ele>24</ele>
      </trkpt>
      <trkpt lat="34.118718" lon="134.387513">
        <ele>23</ele>
      </trkpt>
      <trkpt lat="34.118776" lon="134.387149">
        <ele>23</ele>
      </trkpt>
      <trkpt lat="34.118711" lon="134.386847">
        <ele>24</ele>
      </trkpt>
      <trkpt lat="34.118654" lon="134.386593">
        <ele>24</ele>
      </trkpt>
      <trkpt lat="34.118639" lon="134.386233">
        <ele>24</ele>
      </trkpt>
      <trkpt lat="34.118759" lon="134.386022">
        <ele>25</ele>
      </trkpt>
      <trkpt lat="34.118928" lon="134.385813">
        <ele>26</ele>
      </trkpt>
      <trkpt lat="34.118966" lon="134.385718">
        <ele>26</ele>
      </trkpt>
      <trkpt lat="34.118804" lon="134.384292">
        <ele>29</ele>
      </trkpt>
      <trkpt lat="34.119073" lon="134.383755">
        <ele>31</ele>
      </trkpt>
      <trkpt lat="34.119347" lon="134.383191">
        <ele>33</ele>
      </trkpt>
      <trkpt lat="34.119332" lon="134.382849">
        <ele>35</ele>
      </trkpt>
      <trkpt lat="34.119281" lon="134.382545">
        <ele>36</ele>
      </trkpt>
      <trkpt lat="34.11913" lon="134.381742">
        <ele>36</ele>
      </trkpt>
      <trkpt lat="34.119234" lon="134.381541">
        <ele>37</ele>
      </trkpt>
      <trkpt lat="34.119292" lon="134.381437">
        <ele>37</ele>
      </trkpt>
      <trkpt lat="34.119276" lon="134.381188">
        <ele>37</ele>
      </trkpt>
      <trkpt lat="34.119277" lon="134.380755">
        <ele>36</ele>
      </trkpt>
      <trkpt lat="34.119313" lon="134.38059">
        <ele>36</ele>
      </trkpt>
      <trkpt lat="34.119313" lon="134.38058">
        <ele>36</ele>
      </trkpt>
      <trkpt lat="34.119294" lon="134.380388">
        <ele>36</ele>
      </trkpt>
      <trkpt lat="34.119299" lon="134.380372">
        <ele>36</ele>
      </trkpt>
      <trkpt lat="34.119308" lon="134.380025">
        <ele>36</ele>
      </trkpt>
      <trkpt lat="34.119435" lon="134.379783">
        <ele>36</ele>
      </trkpt>
      <trkpt lat="34.11945" lon="134.379775">
        <ele>36</ele>
      </trkpt>
      <trkpt lat="34.11962" lon="134.37959">
        <ele>37</ele>
      </trkpt>
      <trkpt lat="34.119625" lon="134.379583">
        <ele>37</ele>
      </trkpt>
      <trkpt lat="34.119747" lon="134.379397">
        <ele>37</ele>
      </trkpt>
      <trkpt lat="34.119836" lon="134.379154">
        <ele>38</ele>
      </trkpt>
      <trkpt lat="34.119838" lon="134.37886">
        <ele>38</ele>
      </trkpt>
      <trkpt lat="34.119744" lon="134.378426">
        <ele>37</ele>
      </trkpt>
      <trkpt lat="34.119674" lon="134.378212">
        <ele>37</ele>
      </trkpt>
      <trkpt lat="34.120078" lon="134.378152">
        <ele>39</ele>
      </trkpt>
      <trkpt lat="34.12048" lon="134.377497">
        <ele>44</ele>
      </trkpt>
      <trkpt lat="34.120437" lon="134.377598">
        <ele>43</ele>
      </trkpt>
      <trkpt lat="34.120303" lon="134.377508">
        <ele>42</ele>
      </trkpt>
      <trkpt lat="34.120228" lon="134.377607">
        <ele>41</ele>
      </trkpt>
      <trkpt lat="34.120393" lon="134.376447">
        <ele>45</ele>
      </trkpt>
      <trkpt lat="34.120432" lon="134.374177">
        <ele>48</ele>
      </trkpt>
      <trkpt lat="34.120872" lon="134.373734">
        <ele>50</ele>
      </trkpt>
      <trkpt lat="34.12043" lon="134.374084">
        <ele>48</ele>
      </trkpt>
      <trkpt lat="34.120156" lon="134.373978">
        <ele>47</ele>
      </trkpt>
      <trkpt lat="34.120242" lon="134.373348">
        <ele>49</ele>
      </trkpt>
      <trkpt lat="34.120351" lon="134.372619">
        <ele>50</ele>
      </trkpt>
      <trkpt lat="34.120351" lon="134.372607">
        <ele>50</ele>
      </trkpt>
      <trkpt lat="34.120362" lon="134.372249">
        <ele>50</ele>
      </trkpt>
      <trkpt lat="34.120329" lon="134.371988">
        <ele>50</ele>
      </trkpt>
      <trkpt lat="34.120121" lon="134.371605">
        <ele>51</ele>
      </trkpt>
      <trkpt lat="34.119829" lon="134.370631">
        <ele>50</ele>
      </trkpt>
      <trkpt lat="34.119756" lon="134.37029">
        <ele>51</ele>
      </trkpt>
      <trkpt lat="34.119796" lon="134.369856">
        <ele>51</ele>
      </trkpt>
      <trkpt lat="34.119837" lon="134.36956">
        <ele>51</ele>
      </trkpt>
      <trkpt lat="34.11996" lon="134.369267">
        <ele>51</ele>
      </trkpt>
      <trkpt lat="34.120092" lon="134.368538">
        <ele>54</ele>
      </trkpt>
      <trkpt lat="34.120098" lon="134.368537">
        <ele>54</ele>
      </trkpt>
      <trkpt lat="34.120084" lon="134.368353">
        <ele>55</ele>
      </trkpt>
      <trkpt lat="34.120009" lon="134.367928">
        <ele>55</ele>
      </trkpt>
      <trkpt lat="34.119894" lon="134.367374">
        <ele>55</ele>
      </trkpt>
      <trkpt lat="34.119749" lon="134.366814">
        <ele>54</ele>
      </trkpt>
      <trkpt lat="34.119574" lon="134.36628">
        <ele>53</ele>
      </trkpt>
      <trkpt lat="34.119286" lon="134.365625">
        <ele>49</ele>
      </trkpt>
      <trkpt lat="34.119014" lon="134.365071">
        <ele>46</ele>
      </trkpt>
      <trkpt lat="34.118594" lon="134.364073">
        <ele>46</ele>
      </trkpt>
      <trkpt lat="34.118522" lon="134.363801">
        <ele>47</ele>
      </trkpt>
      <trkpt lat="34.118571" lon="134.363395">
        <ele>49</ele>
      </trkpt>
      <trkpt lat="34.118646" lon="134.36293">
        <ele>49</ele>
      </trkpt>
      <trkpt lat="34.118747" lon="134.362135">
        <ele>49</ele>
      </trkpt>
      <trkpt lat="34.11872" lon="134.361861">
        <ele>50</ele>
      </trkpt>
      <trkpt lat="34.118681" lon="134.361624">
        <ele>50</ele>
      </trkpt>
      <trkpt lat="34.118624" lon="134.36143">
        <ele>51</ele>
      </trkpt>
      <trkpt lat="34.1186" lon="134.36098">
        <ele>52</ele>
      </trkpt>
      <trkpt lat="34.118593" lon="134.360794">
        <ele>52</ele>
      </trkpt>
      <trkpt lat="34.118525" lon="134.360476">
        <ele>52</ele>
      </trkpt>
      <trkpt lat="34.118702" lon="134.36016">
        <ele>52</ele>
      </trkpt>
      <trkpt lat="34.118692" lon="134.359931">
        <ele>52</ele>
      </trkpt>
      <trkpt lat="34.118572" lon="134.359486">
        <ele>53</ele>
      </trkpt>
      <trkpt lat="34.118497" lon="134.358204">
        <ele>56</ele>
      </trkpt>
      <trkpt lat="34.118438" lon="134.357989">
        <ele>56</ele>
      </trkpt>
      <trkpt lat="34.118362" lon="134.357469">
        <ele>58</ele>
      </trkpt>
      <trkpt lat="34.118361" lon="134.357327">
        <ele>58</ele>
      </trkpt>
      <trkpt lat="34.118387" lon="134.35713">
        <ele>58</ele>
      </trkpt>
      <trkpt lat="34.118315" lon="134.355931">
        <ele>60</ele>
      </trkpt>
      <trkpt lat="34.118317" lon="134.35506">
        <ele>58</ele>
      </trkpt>
      <trkpt lat="34.118215" lon="134.354849">
        <ele>57</ele>
      </trkpt>
      <trkpt lat="34.118183" lon="134.35455">
        <ele>57</ele>
      </trkpt>
      <trkpt lat="34.118182" lon="134.354533">
        <ele>57</ele>
      </trkpt>
      <trkpt lat="34.118208" lon="134.354213">
        <ele>57</ele>
      </trkpt>
      <trkpt lat="34.11819" lon="134.353643">
        <ele>57</ele>
      </trkpt>
      <trkpt lat="34.118085" lon="134.353179">
        <ele>56</ele>
      </trkpt>
      <trkpt lat="34.118041" lon="134.352728">
        <ele>56</ele>
      </trkpt>
      <trkpt lat="34.118097" lon="134.352167">
        <ele>56</ele>
      </trkpt>
      <trkpt lat="34.118171" lon="134.351533">
        <ele>56</ele>
      </trkpt>
      <trkpt lat="34.118235" lon="134.350733">
        <ele>59</ele>
      </trkpt>
      <trkpt lat="34.118157" lon="134.349889">
        <ele>60</ele>
      </trkpt>
      <trkpt lat="34.117977" lon="134.348453">
        <ele>63</ele>
      </trkpt>
      <trkpt lat="34.117828" lon="134.348238">
        <ele>63</ele>
      </trkpt>
      <trkpt lat="34.117721" lon="134.348028">
        <ele>64</ele>
      </trkpt>
      <trkpt lat="34.117684" lon="134.34773">
        <ele>64</ele>
      </trkpt>
      <trkpt lat="34.117744" lon="134.347425">
        <ele>64</ele>
      </trkpt>
      <trkpt lat="34.117905" lon="134.345939">
        <ele>64</ele>
      </trkpt>
      <trkpt lat="34.118118" lon="134.344727">
        <ele>63</ele>
      </trkpt>
      <trkpt lat="34.118116" lon="134.344421">
        <ele>65</ele>
      </trkpt>
      <trkpt lat="34.118262" lon="134.343807">
        <ele>68</ele>
      </trkpt>
      <trkpt lat="34.118303" lon="134.343443">
        <ele>69</ele>
      </trkpt>
      <trkpt lat="34.1181" lon="134.340792">
        <ele>73</ele>
      </trkpt>
      <trkpt lat="34.118416" lon="134.340729">
        <ele>75</ele>
      </trkpt>
      <trkpt lat="34.11866" lon="134.3407">
        <ele>76</ele>
      </trkpt>
      <trkpt lat="34.118764" lon="134.340699">
        <ele>77</ele>
      </trkpt>
      <trkpt lat="34.120014" lon="134.340509">
        <ele>87</ele>
      </trkpt>
      <trkpt lat="34.121198" lon="134.340252">
        <ele>98</ele>
      </trkpt>
      <trkpt lat="34.12166" lon="134.339852">
        <ele>102</ele>
      </trkpt>
      <trkpt lat="34.122198" lon="134.339961">
        <ele>109</ele>
      </trkpt>
      <trkpt lat="34.122596" lon="134.339978">
        <ele>114</ele>
      </trkpt>
      <trkpt lat="34.122013" lon="134.339862">
        <ele>106</ele>
      </trkpt>
      <trkpt lat="34.121714" lon="134.339796">
        <ele>103</ele>
      </trkpt>
      <trkpt lat="34.121308" lon="134.340128">
        <ele>99</ele>
      </trkpt>
      <trkpt lat="34.121126" lon="134.340255">
        <ele>98</ele>
      </trkpt>
      <trkpt lat="34.120503" lon="134.340359">
        <ele>92</ele>
      </trkpt>
      <trkpt lat="34.118788" lon="134.340654">
        <ele>77</ele>
      </trkpt>
      <trkpt lat="34.118601" lon="134.340422">
        <ele>76</ele>
      </trkpt>
      <trkpt lat="34.118314" lon="134.340298">
        <ele>73</ele>
      </trkpt>
      <trkpt lat="34.117953" lon="134.340098">
        <ele>71</ele>
      </trkpt>
      <trkpt lat="34.117084" lon="134.339954">
        <ele>68</ele>
      </trkpt>
      <trkpt lat="34.116387" lon="134.339751">
        <ele>66</ele>
      </trkpt>
      <trkpt lat="34.115947" lon="134.33934">
        <ele>64</ele>
      </trkpt>
      <trkpt lat="34.115272" lon="134.338469">
        <ele>59</ele>
      </trkpt>
      <trkpt lat="34.114385" lon="134.33687">
        <ele>58</ele>
      </trkpt>
      <trkpt lat="34.113895" lon="134.336241">
        <ele>56</ele>
      </trkpt>
      <trkpt lat="34.113497" lon="134.336344">
        <ele>54</ele>
      </trkpt>
      <trkpt lat="34.112494" lon="134.336251">
        <ele>50</ele>
      </trkpt>
      <trkpt lat="34.112047" lon="134.33613">
        <ele>47</ele>
      </trkpt>
      <trkpt lat="34.111639" lon="134.336184">
        <ele>45</ele>
      </trkpt>
      <trkpt lat="34.111316" lon="134.336161">
        <ele>44</ele>
      </trkpt>
      <trkpt lat="34.110981" lon="134.335755">
        <ele>42</ele>
      </trkpt>
      <trkpt lat="34.110553" lon="134.335754">
        <ele>41</ele>
      </trkpt>
      <trkpt lat="34.109547" lon="134.335501">
        <ele>40</ele>
      </trkpt>
      <trkpt lat="34.109282" lon="134.335028">
        <ele>40</ele>
      </trkpt>
      <trkpt lat="34.109138" lon="134.3348">
        <ele>39</ele>
      </trkpt>
      <trkpt lat="34.10873" lon="134.333938">
        <ele>38</ele>
      </trkpt>
      <trkpt lat="34.107148" lon="134.333807">
        <ele>34</ele>
      </trkpt>
      <trkpt lat="34.105253" lon="134.334053">
        <ele>31</ele>
      </trkpt>
      <trkpt lat="34.104602" lon="134.333832">
        <ele>31</ele>
      </trkpt>
      <trkpt lat="34.104372" lon="134.334083">
        <ele>31</ele>
      </trkpt>
      <trkpt lat="34.103718" lon="134.334117">
        <ele>30</ele>
      </trkpt>
      <trkpt lat="34.103361" lon="134.333298">
        <ele>28</ele>
      </trkpt>
      <trkpt lat="34.103257" lon="134.332238">
        <ele>29</ele>
      </trkpt>
      <trkpt lat="34.103183" lon="134.332008">
        <ele>28</ele>
      </trkpt>
      <trkpt lat="34.102349" lon="134.33209">
        <ele>28</ele>
      </trkpt>
      <trkpt lat="34.102246" lon="134.331116">
        <ele>28</ele>
      </trkpt>
      <trkpt lat="34.101667" lon="134.327969">
        <ele>29</ele>
      </trkpt>
      <trkpt lat="34.101394" lon="134.326829">
        <ele>31</ele>
      </trkpt>
      <trkpt lat="34.101282" lon="134.326584">
        <ele>30</ele>
      </trkpt>
      <trkpt lat="34.101227" lon="134.326394">
        <ele>30</ele>
      </trkpt>
      <trkpt lat="34.100933" lon="134.326416">
        <ele>29</ele>
      </trkpt>
      <trkpt lat="34.100691" lon="134.324224">
        <ele>27</ele>
      </trkpt>
      <trkpt lat="34.100727" lon="134.323895">
        <ele>27</ele>
      </trkpt>
      <trkpt lat="34.100935" lon="134.323542">
        <ele>28</ele>
      </trkpt>
      <trkpt lat="34.101097" lon="134.323231">
        <ele>28</ele>
      </trkpt>
      <trkpt lat="34.101154" lon="134.322764">
        <ele>29</ele>
      </trkpt>
      <trkpt lat="34.101289" lon="134.322244">
        <ele>30</ele>
      </trkpt>
      <trkpt lat="34.101437" lon="134.321204">
        <ele>32</ele>
      </trkpt>
      <trkpt lat="34.101653" lon="134.320467">
        <ele>33</ele>
      </trkpt>
      <trkpt lat="34.101674" lon="134.319972">
        <ele>35</ele>
      </trkpt>
      <trkpt lat="34.101752" lon="134.319227">
        <ele>36</ele>
      </trkpt>
      <trkpt lat="34.101865" lon="134.318855">
        <ele>36</ele>
      </trkpt>
      <trkpt lat="34.101947" lon="134.318725">
        <ele>36</ele>
      </trkpt>
      <trkpt lat="34.10132" lon="134.318201">
        <ele>37</ele>
      </trkpt>
      <trkpt lat="34.101298" lon="134.317851">
        <ele>37</ele>
      </trkpt>
      <trkpt lat="34.101297" lon="134.317824">
        <ele>37</ele>
      </trkpt>
      <trkpt lat="34.101352" lon="134.316662">
        <ele>39</ele>
      </trkpt>
      <trkpt lat="34.101241" lon="134.316253">
        <ele>40</ele>
      </trkpt>
      <trkpt lat="34.101112" lon="134.315668">
        <ele>42</ele>
      </trkpt>
      <trkpt lat="34.101068" lon="134.314403">
        <ele>46</ele>
      </trkpt>
      <trkpt lat="34.101008" lon="134.31371">
        <ele>48</ele>
      </trkpt>
      <trkpt lat="34.100925" lon="134.313321">
        <ele>48</ele>
      </trkpt>
      <trkpt lat="34.100927" lon="134.313088">
        <ele>48</ele>
      </trkpt>
      <trkpt lat="34.10093" lon="134.313031">
        <ele>48</ele>
      </trkpt>
      <trkpt lat="34.10098" lon="134.312403">
        <ele>47</ele>
      </trkpt>
      <trkpt lat="34.100933" lon="134.31188">
        <ele>46</ele>
      </trkpt>
      <trkpt lat="34.100738" lon="134.310785">
        <ele>49</ele>
      </trkpt>
      <trkpt lat="34.100613" lon="134.310054">
        <ele>51</ele>
      </trkpt>
      <trkpt lat="34.100492" lon="134.30953">
        <ele>50</ele>
      </trkpt>
      <trkpt lat="34.100492" lon="134.30951">
        <ele>50</ele>
      </trkpt>
      <trkpt lat="34.100426" lon="134.308969">
        <ele>50</ele>
      </trkpt>
      <trkpt lat="34.100543" lon="134.307338">
        <ele>55</ele>
      </trkpt>
      <trkpt lat="34.100572" lon="134.307001">
        <ele>55</ele>
      </trkpt>
      <trkpt lat="34.100822" lon="134.30614">
        <ele>59</ele>
      </trkpt>
      <trkpt lat="34.101387" lon="134.304336">
        <ele>64</ele>
      </trkpt>
      <trkpt lat="34.101472" lon="134.303827">
        <ele>64</ele>
      </trkpt>
      <trkpt lat="34.101505" lon="134.303396">
        <ele>64</ele>
      </trkpt>
      <trkpt lat="34.101988" lon="134.303446">
        <ele>68</ele>
      </trkpt>
      <trkpt lat="34.102785" lon="134.303723">
        <ele>75</ele>
      </trkpt>
      <trkpt lat="34.103325" lon="134.303842">
        <ele>82</ele>
      </trkpt>
      <trkpt lat="34.103513" lon="134.303628">
        <ele>83</ele>
      </trkpt>
      <trkpt lat="34.103716" lon="134.303573">
        <ele>85</ele>
      </trkpt>
      <trkpt lat="34.104141" lon="134.30332">
        <ele>87</ele>
      </trkpt>
      <trkpt lat="34.104467" lon="134.303225">
        <ele>94</ele>
      </trkpt>
      <trkpt lat="34.104678" lon="134.302997">
        <ele>97</ele>
      </trkpt>
      <trkpt lat="34.105788" lon="134.303007">
        <ele>115</ele>
      </trkpt>
      <trkpt lat="34.105923" lon="134.303138">
        <ele>117</ele>
      </trkpt>
      <trkpt lat="34.105685" lon="134.303005">
        <ele>114</ele>
      </trkpt>
      <trkpt lat="34.105165" lon="134.303038">
        <ele>106</ele>
      </trkpt>
      <trkpt lat="34.103178" lon="134.303846">
        <ele>80</ele>
      </trkpt>
      <trkpt lat="34.100912" lon="134.303315">
        <ele>60</ele>
      </trkpt>
      <trkpt lat="34.100214" lon="134.303189">
        <ele>57</ele>
      </trkpt>
      <trkpt lat="34.099847" lon="134.303757">
        <ele>57</ele>
      </trkpt>
      <trkpt lat="34.098341" lon="134.303725">
        <ele>50</ele>
      </trkpt>
      <trkpt lat="34.097765" lon="134.303835">
        <ele>48</ele>
      </trkpt>
      <trkpt lat="34.097421" lon="134.304335">
        <ele>47</ele>
      </trkpt>
      <trkpt lat="34.09651" lon="134.305002">
        <ele>41</ele>
      </trkpt>
      <trkpt lat="34.095591" lon="134.305473">
        <ele>38</ele>
      </trkpt>
      <trkpt lat="34.095295" lon="134.305864">
        <ele>37</ele>
      </trkpt>
      <trkpt lat="34.095052" lon="134.306988">
        <ele>37</ele>
      </trkpt>
      <trkpt lat="34.094792" lon="134.307636">
        <ele>37</ele>
      </trkpt>
      <trkpt lat="34.094528" lon="134.307983">
        <ele>35</ele>
      </trkpt>
      <trkpt lat="34.093657" lon="134.308747">
        <ele>33</ele>
      </trkpt>
      <trkpt lat="34.093452" lon="134.309003">
        <ele>32</ele>
      </trkpt>
      <trkpt lat="34.092659" lon="134.309754">
        <ele>30</ele>
      </trkpt>
      <trkpt lat="34.092378" lon="134.310058">
        <ele>29</ele>
      </trkpt>
      <trkpt lat="34.092165" lon="134.310594">
        <ele>28</ele>
      </trkpt>
      <trkpt lat="34.092007" lon="134.310989">
        <ele>27</ele>
      </trkpt>
      <trkpt lat="34.091874" lon="134.311169">
        <ele>26</ele>
      </trkpt>
      <trkpt lat="34.091652" lon="134.311303">
        <ele>26</ele>
      </trkpt>
      <trkpt lat="34.091255" lon="134.312552">
        <ele>25</ele>
      </trkpt>
      <trkpt lat="34.090997" lon="134.312974">
        <ele>24</ele>
      </trkpt>
      <trkpt lat="34.090747" lon="134.313012">
        <ele>24</ele>
      </trkpt>
      <trkpt lat="34.090663" lon="134.313342">
        <ele>23</ele>
      </trkpt>
      <trkpt lat="34.090575" lon="134.314326">
        <ele>23</ele>
      </trkpt>
      <trkpt lat="34.089401" lon="134.314638">
        <ele>21</ele>
      </trkpt>
      <trkpt lat="34.088794" lon="134.314696">
        <ele>21</ele>
      </trkpt>
      <trkpt lat="34.087962" lon="134.314409">
        <ele>20</ele>
      </trkpt>
      <trkpt lat="34.087585" lon="134.314308">
        <ele>19</ele>
      </trkpt>
      <trkpt lat="34.087118" lon="134.31437">
        <ele>19</ele>
      </trkpt>
      <trkpt lat="34.086715" lon="134.314479">
        <ele>18</ele>
      </trkpt>
      <trkpt lat="34.086357" lon="134.314643">
        <ele>18</ele>
      </trkpt>
      <trkpt lat="34.085871" lon="134.314638">
        <ele>18</ele>
      </trkpt>
      <trkpt lat="34.0854" lon="134.314883">
        <ele>17</ele>
      </trkpt>
      <trkpt lat="34.084439" lon="134.315569">
        <ele>17</ele>
      </trkpt>
      <trkpt lat="34.084101" lon="134.315797">
        <ele>18</ele>
      </trkpt>
      <trkpt lat="34.083619" lon="134.316018">
        <ele>19</ele>
      </trkpt>
      <trkpt lat="34.08343" lon="134.316111">
        <ele>20</ele>
      </trkpt>
      <trkpt lat="34.083196" lon="134.316281">
        <ele>19</ele>
      </trkpt>
      <trkpt lat="34.083088" lon="134.316451">
        <ele>18</ele>
      </trkpt>
      <trkpt lat="34.083003" lon="134.316568">
        <ele>18</ele>
      </trkpt>
      <trkpt lat="34.082531" lon="134.316819">
        <ele>15</ele>
      </trkpt>
      <trkpt lat="34.08051" lon="134.317677">
        <ele>18</ele>
      </trkpt>
      <trkpt lat="34.080382" lon="134.318048">
        <ele>18</ele>
      </trkpt>
      <trkpt lat="34.08005" lon="134.319042">
        <ele>21</ele>
      </trkpt>
      <trkpt lat="34.079809" lon="134.31947">
        <ele>21</ele>
      </trkpt>
      <trkpt lat="34.07793" lon="134.320132">
        <ele>17</ele>
      </trkpt>
      <trkpt lat="34.074503" lon="134.319438">
        <ele>20</ele>
      </trkpt>
      <trkpt lat="34.074089" lon="134.319256">
        <ele>20</ele>
      </trkpt>
      <trkpt lat="34.073166" lon="134.318581">
        <ele>20</ele>
      </trkpt>
      <trkpt lat="34.070069" lon="134.316">
        <ele>21</ele>
      </trkpt>
      <trkpt lat="34.067947" lon="134.319028">
        <ele>20</ele>
      </trkpt>
      <trkpt lat="34.067492" lon="134.318559">
        <ele>24</ele>
      </trkpt>
      <trkpt lat="34.066921" lon="134.317646">
        <ele>23</ele>
      </trkpt>
      <trkpt lat="34.067358" lon="134.318557">
        <ele>26</ele>
      </trkpt>
      <trkpt lat="34.067222" lon="134.318668">
        <ele>28</ele>
      </trkpt>
      <trkpt lat="34.06728" lon="134.319197">
        <ele>30</ele>
      </trkpt>
      <trkpt lat="34.067162" lon="134.320233">
        <ele>32</ele>
      </trkpt>
      <trkpt lat="34.067178" lon="134.320598">
        <ele>31</ele>
      </trkpt>
      <trkpt lat="34.067065" lon="134.321316">
        <ele>30</ele>
      </trkpt>
      <trkpt lat="34.067011" lon="134.322475">
        <ele>24</ele>
      </trkpt>
      <trkpt lat="34.066811" lon="134.323471">
        <ele>22</ele>
      </trkpt>
      <trkpt lat="34.066422" lon="134.324127">
        <ele>23</ele>
      </trkpt>
      <trkpt lat="34.066181" lon="134.32434">
        <ele>25</ele>
      </trkpt>
      <trkpt lat="34.066211" lon="134.324867">
        <ele>24</ele>
      </trkpt>
      <trkpt lat="34.066314" lon="134.325554">
        <ele>23</ele>
      </trkpt>
      <trkpt lat="34.066284" lon="134.326122">
        <ele>22</ele>
      </trkpt>
      <trkpt lat="34.066263" lon="134.326174">
        <ele>22</ele>
      </trkpt>
      <trkpt lat="34.066265" lon="134.326227">
        <ele>22</ele>
      </trkpt>
      <trkpt lat="34.066124" lon="134.326833">
        <ele>22</ele>
      </trkpt>
      <trkpt lat="34.06632" lon="134.328736">
        <ele>21</ele>
      </trkpt>
      <trkpt lat="34.066708" lon="134.329447">
        <ele>21</ele>
      </trkpt>
      <trkpt lat="34.066792" lon="134.332618">
        <ele>21</ele>
      </trkpt>
      <trkpt lat="34.066575" lon="134.333209">
        <ele>20</ele>
      </trkpt>
      <trkpt lat="34.066307" lon="134.333994">
        <ele>19</ele>
      </trkpt>
      <trkpt lat="34.066134" lon="134.334208">
        <ele>19</ele>
      </trkpt>
      <trkpt lat="34.06572" lon="134.334959">
        <ele>18</ele>
      </trkpt>
      <trkpt lat="34.064837" lon="134.336879">
        <ele>16</ele>
      </trkpt>
      <trkpt lat="34.0646" lon="134.337269">
        <ele>15</ele>
      </trkpt>
      <trkpt lat="34.063828" lon="134.338274">
        <ele>17</ele>
      </trkpt>
      <trkpt lat="34.063375" lon="134.339599">
        <ele>17</ele>
      </trkpt>
      <trkpt lat="34.062952" lon="134.341268">
        <ele>17</ele>
      </trkpt>
      <trkpt lat="34.06128" lon="134.344616">
        <ele>16</ele>
      </trkpt>
      <trkpt lat="34.060833" lon="134.345681">
        <ele>16</ele>
      </trkpt>
      <trkpt lat="34.060829" lon="134.345929">
        <ele>16</ele>
      </trkpt>
      <trkpt lat="34.060347" lon="134.34609">
        <ele>15</ele>
      </trkpt>
      <trkpt lat="34.060167" lon="134.346315">
        <ele>16</ele>
      </trkpt>
      <trkpt lat="34.060111" lon="134.346413">
        <ele>16</ele>
      </trkpt>
      <trkpt lat="34.059811" lon="134.346537">
        <ele>16</ele>
      </trkpt>
      <trkpt lat="34.059167" lon="134.346634">
        <ele>17</ele>
      </trkpt>
      <trkpt lat="34.05908" lon="134.346643">
        <ele>17</ele>
      </trkpt>
      <trkpt lat="34.05905" lon="134.347459">
        <ele>17</ele>
      </trkpt>
      <trkpt lat="34.056102" lon="134.348071">
        <ele>22</ele>
      </trkpt>
      <trkpt lat="34.055693" lon="134.348565">
        <ele>25</ele>
      </trkpt>
      <trkpt lat="34.0554" lon="134.348465">
        <ele>27</ele>
      </trkpt>
      <trkpt lat="34.055149" lon="134.348572">
        <ele>30</ele>
      </trkpt>
      <trkpt lat="34.054891" lon="134.34878">
        <ele>33</ele>
      </trkpt>
      <trkpt lat="34.053863" lon="134.348834">
        <ele>42</ele>
      </trkpt>
      <trkpt lat="34.053303" lon="134.348679">
        <ele>45</ele>
      </trkpt>
      <trkpt lat="34.052959" lon="134.348711">
        <ele>45</ele>
      </trkpt>
      <trkpt lat="34.052707" lon="134.348606">
        <ele>46</ele>
      </trkpt>
      <trkpt lat="34.05266" lon="134.348397">
        <ele>50</ele>
      </trkpt>
      <trkpt lat="34.052446" lon="134.348889">
        <ele>41</ele>
      </trkpt>
      <trkpt lat="34.052381" lon="134.349017">
        <ele>40</ele>
      </trkpt>
      <trkpt lat="34.052269" lon="134.348953">
        <ele>42</ele>
      </trkpt>
      <trkpt lat="34.052006" lon="134.348988">
        <ele>45</ele>
      </trkpt>
      <trkpt lat="34.051909" lon="134.349008">
        <ele>45</ele>
      </trkpt>
      <trkpt lat="34.051735" lon="134.348991">
        <ele>48</ele>
      </trkpt>
      <trkpt lat="34.051625" lon="134.348947">
        <ele>50</ele>
      </trkpt>
      <trkpt lat="34.051572" lon="134.348667">
        <ele>52</ele>
      </trkpt>
      <trkpt lat="34.051521" lon="134.348402">
        <ele>53</ele>
      </trkpt>
      <trkpt lat="34.051351" lon="134.348119">
        <ele>60</ele>
      </trkpt>
      <trkpt lat="34.051214" lon="134.347873">
        <ele>67</ele>
      </trkpt>
      <trkpt lat="34.05106" lon="134.348073">
        <ele>65</ele>
      </trkpt>
      <trkpt lat="34.049217" lon="134.347953">
        <ele>97</ele>
      </trkpt>
      <trkpt lat="34.048826" lon="134.347878">
        <ele>106</ele>
      </trkpt>
      <trkpt lat="34.048595" lon="134.347922">
        <ele>111</ele>
      </trkpt>
      <trkpt lat="34.048477" lon="134.347783">
        <ele>114</ele>
      </trkpt>
      <trkpt lat="34.048476" lon="134.34777">
        <ele>114</ele>
      </trkpt>
      <trkpt lat="34.048508" lon="134.347567">
        <ele>114</ele>
      </trkpt>
      <trkpt lat="34.048606" lon="134.347532">
        <ele>112</ele>
      </trkpt>
      <trkpt lat="34.048623" lon="134.347528">
        <ele>112</ele>
      </trkpt>
      <trkpt lat="34.048842" lon="134.347396">
        <ele>109</ele>
      </trkpt>
      <trkpt lat="34.04888" lon="134.34729">
        <ele>111</ele>
      </trkpt>
      <trkpt lat="34.048338" lon="134.347075">
        <ele>129</ele>
      </trkpt>
      <trkpt lat="34.048051" lon="134.346625">
        <ele>147</ele>
      </trkpt>
      <trkpt lat="34.048181" lon="134.3465">
        <ele>145</ele>
      </trkpt>
      <trkpt lat="34.048056" lon="134.346444">
        <ele>150</ele>
      </trkpt>
      <trkpt lat="34.048146" lon="134.346184">
        <ele>150</ele>
      </trkpt>
      <trkpt lat="34.048142" lon="134.345979">
        <ele>153</ele>
      </trkpt>
      <trkpt lat="34.047978" lon="134.345963">
        <ele>159</ele>
      </trkpt>
      <trkpt lat="34.047882" lon="134.345976">
        <ele>163</ele>
      </trkpt>
      <trkpt lat="34.047675" lon="134.345493">
        <ele>176</ele>
      </trkpt>
      <trkpt lat="34.047552" lon="134.345462">
        <ele>181</ele>
      </trkpt>
      <trkpt lat="34.047555" lon="134.345498">
        <ele>181</ele>
      </trkpt>
      <trkpt lat="34.047559" lon="134.345542">
        <ele>180</ele>
      </trkpt>
      <trkpt lat="34.047682" lon="134.345869">
        <ele>172</ele>
      </trkpt>
      <trkpt lat="34.047703" lon="134.345962">
        <ele>170</ele>
      </trkpt>
      <trkpt lat="34.047591" lon="134.346124">
        <ele>170</ele>
      </trkpt>
      <trkpt lat="34.047423" lon="134.346145">
        <ele>174</ele>
      </trkpt>
      <trkpt lat="34.047398" lon="134.346148">
        <ele>174</ele>
      </trkpt>
      <trkpt lat="34.047211" lon="134.346179">
        <ele>175</ele>
      </trkpt>
      <trkpt lat="34.047063" lon="134.34612">
        <ele>178</ele>
      </trkpt>
      <trkpt lat="34.047059" lon="134.345866">
        <ele>182</ele>
      </trkpt>
      <trkpt lat="34.047071" lon="134.345857">
        <ele>182</ele>
      </trkpt>
      <trkpt lat="34.047185" lon="134.345605">
        <ele>186</ele>
      </trkpt>
      <trkpt lat="34.047227" lon="134.345368">
        <ele>189</ele>
      </trkpt>
      <trkpt lat="34.046895" lon="134.344845">
        <ele>203</ele>
      </trkpt>
      <trkpt lat="34.046742" lon="134.344168">
        <ele>213</ele>
      </trkpt>
      <trkpt lat="34.046202" lon="134.344426">
        <ele>221</ele>
      </trkpt>
      <trkpt lat="34.045364" lon="134.344489">
        <ele>244</ele>
      </trkpt>
      <trkpt lat="34.044845" lon="134.344388">
        <ele>263</ele>
      </trkpt>
      <trkpt lat="34.044462" lon="134.344239">
        <ele>278</ele>
      </trkpt>
      <trkpt lat="34.043792" lon="134.343769">
        <ele>292</ele>
      </trkpt>
      <trkpt lat="34.043153" lon="134.344778">
        <ele>316</ele>
      </trkpt>
      <trkpt lat="34.042561" lon="134.345055">
        <ele>329</ele>
      </trkpt>
      <trkpt lat="34.042434" lon="134.345376">
        <ele>337</ele>
      </trkpt>
      <trkpt lat="34.042424" lon="134.345391">
        <ele>338</ele>
      </trkpt>
      <trkpt lat="34.042361" lon="134.345508">
        <ele>340</ele>
      </trkpt>
      <trkpt lat="34.042086" lon="134.345696">
        <ele>345</ele>
      </trkpt>
      <trkpt lat="34.04127" lon="134.346142">
        <ele>359</ele>
      </trkpt>
      <trkpt lat="34.040904" lon="134.346557">
        <ele>373</ele>
      </trkpt>
      <trkpt lat="34.040355" lon="134.346871">
        <ele>377</ele>
      </trkpt>
      <trkpt lat="34.039604" lon="134.347298">
        <ele>377</ele>
      </trkpt>
      <trkpt lat="34.039592" lon="134.347314">
        <ele>377</ele>
      </trkpt>
      <trkpt lat="34.038946" lon="134.347578">
        <ele>385</ele>
      </trkpt>
      <trkpt lat="34.038273" lon="134.347477">
        <ele>396</ele>
      </trkpt>
      <trkpt lat="34.036804" lon="134.347026">
        <ele>444</ele>
      </trkpt>
      <trkpt lat="34.035372" lon="134.345787">
        <ele>454</ele>
      </trkpt>
      <trkpt lat="34.034345" lon="134.34611">
        <ele>462</ele>
      </trkpt>
      <trkpt lat="34.033329" lon="134.345449">
        <ele>458</ele>
      </trkpt>
      <trkpt lat="34.033255" lon="134.345159">
        <ele>457</ele>
      </trkpt>
      <trkpt lat="34.033211" lon="134.344838">
        <ele>458</ele>
      </trkpt>
      <trkpt lat="34.033164" lon="134.344601">
        <ele>458</ele>
      </trkpt>
      <trkpt lat="34.032845" lon="134.34401">
        <ele>470</ele>
      </trkpt>
      <trkpt lat="34.032338" lon="134.343683">
        <ele>488</ele>
      </trkpt>
      <trkpt lat="34.032166" lon="134.343141">
        <ele>495</ele>
      </trkpt>
      <trkpt lat="34.03195" lon="134.342942">
        <ele>500</ele>
      </trkpt>
      <trkpt lat="34.0318" lon="134.342864">
        <ele>504</ele>
      </trkpt>
      <trkpt lat="34.031618" lon="134.342935">
        <ele>508</ele>
      </trkpt>
      <trkpt lat="34.031452" lon="134.342919">
        <ele>507</ele>
      </trkpt>
      <trkpt lat="34.031374" lon="134.342825">
        <ele>506</ele>
      </trkpt>
      <trkpt lat="34.031456" lon="134.342301">
        <ele>503</ele>
      </trkpt>
      <trkpt lat="34.031483" lon="134.341874">
        <ele>497</ele>
      </trkpt>
      <trkpt lat="34.03143" lon="134.341514">
        <ele>491</ele>
      </trkpt>
      <trkpt lat="34.031414" lon="134.341197">
        <ele>488</ele>
      </trkpt>
      <trkpt lat="34.031507" lon="134.340953">
        <ele>488</ele>
      </trkpt>
      <trkpt lat="34.031517" lon="134.340932">
        <ele>488</ele>
      </trkpt>
      <trkpt lat="34.031598" lon="134.340671">
        <ele>489</ele>
      </trkpt>
      <trkpt lat="34.031576" lon="134.339381">
        <ele>489</ele>
      </trkpt>
      <trkpt lat="34.03141" lon="134.337246">
        <ele>503</ele>
      </trkpt>
      <trkpt lat="34.031475" lon="134.336698">
        <ele>519</ele>
      </trkpt>
      <trkpt lat="34.031481" lon="134.33669">
        <ele>519</ele>
      </trkpt>
      <trkpt lat="34.031459" lon="134.336304">
        <ele>527</ele>
      </trkpt>
      <trkpt lat="34.031397" lon="134.335891">
        <ele>537</ele>
      </trkpt>
      <trkpt lat="34.031279" lon="134.335767">
        <ele>541</ele>
      </trkpt>
      <trkpt lat="34.029212" lon="134.334964">
        <ele>588</ele>
      </trkpt>
      <trkpt lat="34.028607" lon="134.334864">
        <ele>584</ele>
      </trkpt>
      <trkpt lat="34.027258" lon="134.334958">
        <ele>586</ele>
      </trkpt>
      <trkpt lat="34.026496" lon="134.335465">
        <ele>589</ele>
      </trkpt>
      <trkpt lat="34.025234" lon="134.335888">
        <ele>596</ele>
      </trkpt>
      <trkpt lat="34.024103" lon="134.336777">
        <ele>581</ele>
      </trkpt>
      <trkpt lat="34.023876" lon="134.336254">
        <ele>583</ele>
      </trkpt>
      <trkpt lat="34.023174" lon="134.334649">
        <ele>580</ele>
      </trkpt>
      <trkpt lat="34.022755" lon="134.334087">
        <ele>578</ele>
      </trkpt>
      <trkpt lat="34.022324" lon="134.333904">
        <ele>576</ele>
      </trkpt>
      <trkpt lat="34.022289" lon="134.333901">
        <ele>576</ele>
      </trkpt>
      <trkpt lat="34.022272" lon="134.333905">
        <ele>576</ele>
      </trkpt>
      <trkpt lat="34.021661" lon="134.333872">
        <ele>572</ele>
      </trkpt>
      <trkpt lat="34.020862" lon="134.333729">
        <ele>570</ele>
      </trkpt>
      <trkpt lat="34.020366" lon="134.333697">
        <ele>581</ele>
      </trkpt>
      <trkpt lat="34.02003" lon="134.333214">
        <ele>582</ele>
      </trkpt>
      <trkpt lat="34.019924" lon="134.332811">
        <ele>572</ele>
      </trkpt>
      <trkpt lat="34.019514" lon="134.33232">
        <ele>567</ele>
      </trkpt>
      <trkpt lat="34.018783" lon="134.331867">
        <ele>574</ele>
      </trkpt>
      <trkpt lat="34.018218" lon="134.331679">
        <ele>577</ele>
      </trkpt>
      <trkpt lat="34.0179" lon="134.331937">
        <ele>559</ele>
      </trkpt>
      <trkpt lat="34.01746" lon="134.330887">
        <ele>575</ele>
      </trkpt>
      <trkpt lat="34.016933" lon="134.331136">
        <ele>554</ele>
      </trkpt>
      <trkpt lat="34.016589" lon="134.331099">
        <ele>543</ele>
      </trkpt>
      <trkpt lat="34.016265" lon="134.330611">
        <ele>524</ele>
      </trkpt>
      <trkpt lat="34.016076" lon="134.330608">
        <ele>515</ele>
      </trkpt>
      <trkpt lat="34.015872" lon="134.330376">
        <ele>503</ele>
      </trkpt>
      <trkpt lat="34.015383" lon="134.330104">
        <ele>493</ele>
      </trkpt>
      <trkpt lat="34.015256" lon="134.330115">
        <ele>491</ele>
      </trkpt>
      <trkpt lat="34.015353" lon="134.330248">
        <ele>492</ele>
      </trkpt>
      <trkpt lat="34.015343" lon="134.330329">
        <ele>492</ele>
      </trkpt>
      <trkpt lat="34.015219" lon="134.330269">
        <ele>490</ele>
      </trkpt>
      <trkpt lat="34.015148" lon="134.330133">
        <ele>490</ele>
      </trkpt>
      <trkpt lat="34.015147" lon="134.330114">
        <ele>490</ele>
      </trkpt>
      <trkpt lat="34.015117" lon="134.329873">
        <ele>489</ele>
      </trkpt>
      <trkpt lat="34.015115" lon="134.329854">
        <ele>488</ele>
      </trkpt>
      <trkpt lat="34.015089" lon="134.329751">
        <ele>486</ele>
      </trkpt>
      <trkpt lat="34.014862" lon="134.329415">
        <ele>484</ele>
      </trkpt>
      <trkpt lat="34.014198" lon="134.329356">
        <ele>497</ele>
      </trkpt>
      <trkpt lat="34.013802" lon="134.329575">
        <ele>511</ele>
      </trkpt>
      <trkpt lat="34.013569" lon="134.329642">
        <ele>517</ele>
      </trkpt>
      <trkpt lat="34.013388" lon="134.329466">
        <ele>517</ele>
      </trkpt>
      <trkpt lat="34.013088" lon="134.328941">
        <ele>508</ele>
      </trkpt>
      <trkpt lat="34.012849" lon="134.328757">
        <ele>507</ele>
      </trkpt>
      <trkpt lat="34.012548" lon="134.32814">
        <ele>513</ele>
      </trkpt>
      <trkpt lat="34.012529" lon="134.328133">
        <ele>513</ele>
      </trkpt>
      <trkpt lat="34.012289" lon="134.327913">
        <ele>512</ele>
      </trkpt>
      <trkpt lat="34.011953" lon="134.327856">
        <ele>514</ele>
      </trkpt>
      <trkpt lat="34.01175" lon="134.32763">
        <ele>521</ele>
      </trkpt>
      <trkpt lat="34.011621" lon="134.327237">
        <ele>518</ele>
      </trkpt>
      <trkpt lat="34.011248" lon="134.326991">
        <ele>520</ele>
      </trkpt>
      <trkpt lat="34.011224" lon="134.326996">
        <ele>521</ele>
      </trkpt>
      <trkpt lat="34.01096" lon="134.326929">
        <ele>528</ele>
      </trkpt>
      <trkpt lat="34.010934" lon="134.326906">
        <ele>529</ele>
      </trkpt>
      <trkpt lat="34.010729" lon="134.326725">
        <ele>531</ele>
      </trkpt>
      <trkpt lat="34.010704" lon="134.326702">
        <ele>531</ele>
      </trkpt>
      <trkpt lat="34.010481" lon="134.326089">
        <ele>527</ele>
      </trkpt>
      <trkpt lat="34.010327" lon="134.325488">
        <ele>534</ele>
      </trkpt>
      <trkpt lat="34.010156" lon="134.325334">
        <ele>541</ele>
      </trkpt>
      <trkpt lat="34.010025" lon="134.324789">
        <ele>549</ele>
      </trkpt>
      <trkpt lat="34.009542" lon="134.324263">
        <ele>553</ele>
      </trkpt>
      <trkpt lat="34.009191" lon="134.324073">
        <ele>559</ele>
      </trkpt>
      <trkpt lat="34.009181" lon="134.324055">
        <ele>560</ele>
      </trkpt>
      <trkpt lat="34.008968" lon="134.323717">
        <ele>562</ele>
      </trkpt>
      <trkpt lat="34.008811" lon="134.323325">
        <ele>567</ele>
      </trkpt>
      <trkpt lat="34.008536" lon="134.323115">
        <ele>574</ele>
      </trkpt>
      <trkpt lat="34.008528" lon="134.323117">
        <ele>574</ele>
      </trkpt>
      <trkpt lat="34.008346" lon="134.323089">
        <ele>580</ele>
      </trkpt>
      <trkpt lat="34.008331" lon="134.323093">
        <ele>581</ele>
      </trkpt>
      <trkpt lat="34.008113" lon="134.323132">
        <ele>589</ele>
      </trkpt>
      <trkpt lat="34.007212" lon="134.322976">
        <ele>628</ele>
      </trkpt>
      <trkpt lat="34.006743" lon="134.323417">
        <ele>644</ele>
      </trkpt>
      <trkpt lat="34.006374" lon="134.323455">
        <ele>664</ele>
      </trkpt>
      <trkpt lat="34.006035" lon="134.323507">
        <ele>683</ele>
      </trkpt>
      <trkpt lat="34.005843" lon="134.323597">
        <ele>690</ele>
      </trkpt>
      <trkpt lat="34.005058" lon="134.32433">
        <ele>695</ele>
      </trkpt>
      <trkpt lat="34.004422" lon="134.32436">
        <ele>721</ele>
      </trkpt>
      <trkpt lat="34.004125" lon="134.324614">
        <ele>725</ele>
      </trkpt>
      <trkpt lat="34.003927" lon="134.324815">
        <ele>727</ele>
      </trkpt>
      <trkpt lat="34.00384" lon="134.325069">
        <ele>726</ele>
      </trkpt>
      <trkpt lat="34.003841" lon="134.325078">
        <ele>725</ele>
      </trkpt>
      <trkpt lat="34.00375" lon="134.325197">
        <ele>728</ele>
      </trkpt>
      <trkpt lat="34.003737" lon="134.325218">
        <ele>728</ele>
      </trkpt>
      <trkpt lat="34.003522" lon="134.325365">
        <ele>736</ele>
      </trkpt>
      <trkpt lat="34.003502" lon="134.325387">
        <ele>737</ele>
      </trkpt>
      <trkpt lat="34.003415" lon="134.325419">
        <ele>741</ele>
      </trkpt>
      <trkpt lat="34.003144" lon="134.325398">
        <ele>745</ele>
      </trkpt>
      <trkpt lat="34.003267" lon="134.324487">
        <ele>753</ele>
      </trkpt>
      <trkpt lat="34.002864" lon="134.325094">
        <ele>745</ele>
      </trkpt>
      <trkpt lat="34.002343" lon="134.324975">
        <ele>737</ele>
      </trkpt>
      <trkpt lat="34.002243" lon="134.324574">
        <ele>730</ele>
      </trkpt>
      <trkpt lat="34.002292" lon="134.32422">
        <ele>728</ele>
      </trkpt>
      <trkpt lat="34.002413" lon="134.323759">
        <ele>723</ele>
      </trkpt>
      <trkpt lat="34.002522" lon="134.322289">
        <ele>715</ele>
      </trkpt>
      <trkpt lat="34.001929" lon="134.321795">
        <ele>702</ele>
      </trkpt>
      <trkpt lat="34.000957" lon="134.321681">
        <ele>679</ele>
      </trkpt>
      <trkpt lat="34.000237" lon="134.321421">
        <ele>651</ele>
      </trkpt>
      <trkpt lat="33.999755" lon="134.321432">
        <ele>634</ele>
      </trkpt>
      <trkpt lat="33.998852" lon="134.320493">
        <ele>613</ele>
      </trkpt>
      <trkpt lat="33.998829" lon="134.319557">
        <ele>592</ele>
      </trkpt>
      <trkpt lat="33.997939" lon="134.320042">
        <ele>571</ele>
      </trkpt>
      <trkpt lat="33.997804" lon="134.3201">
        <ele>566</ele>
      </trkpt>
      <trkpt lat="33.996531" lon="134.318807">
        <ele>529</ele>
      </trkpt>
      <trkpt lat="33.995839" lon="134.318558">
        <ele>502</ele>
      </trkpt>
      <trkpt lat="33.995626" lon="134.318241">
        <ele>487</ele>
      </trkpt>
      <trkpt lat="33.99558" lon="134.318484">
        <ele>486</ele>
      </trkpt>
      <trkpt lat="33.995508" lon="134.318441">
        <ele>482</ele>
      </trkpt>
      <trkpt lat="33.995334" lon="134.318576">
        <ele>472</ele>
      </trkpt>
      <trkpt lat="33.99525" lon="134.318279">
        <ele>465</ele>
      </trkpt>
      <trkpt lat="33.995114" lon="134.318365">
        <ele>457</ele>
      </trkpt>
      <trkpt lat="33.99483" lon="134.317663">
        <ele>443</ele>
      </trkpt>
      <trkpt lat="33.994664" lon="134.31746">
        <ele>437</ele>
      </trkpt>
      <trkpt lat="33.994565" lon="134.317303">
        <ele>433</ele>
      </trkpt>
      <trkpt lat="33.994402" lon="134.316997">
        <ele>427</ele>
      </trkpt>
      <trkpt lat="33.99438" lon="134.316184">
        <ele>422</ele>
      </trkpt>
      <trkpt lat="33.994386" lon="134.316153">
        <ele>422</ele>
      </trkpt>
      <trkpt lat="33.994519" lon="134.315822">
        <ele>420</ele>
      </trkpt>
      <trkpt lat="33.994554" lon="134.315535">
        <ele>422</ele>
      </trkpt>
      <trkpt lat="33.994854" lon="134.315656">
        <ele>423</ele>
      </trkpt>
      <trkpt lat="33.994994" lon="134.315608">
        <ele>423</ele>
      </trkpt>
      <trkpt lat="33.994931" lon="134.315008">
        <ele>419</ele>
      </trkpt>
      <trkpt lat="33.994827" lon="134.314848">
        <ele>423</ele>
      </trkpt>
      <trkpt lat="33.994484" lon="134.31495">
        <ele>427</ele>
      </trkpt>
      <trkpt lat="33.9943" lon="134.314805">
        <ele>436</ele>
      </trkpt>
      <trkpt lat="33.993744" lon="134.315203">
        <ele>443</ele>
      </trkpt>
      <trkpt lat="33.992996" lon="134.315245">
        <ele>474</ele>
      </trkpt>
      <trkpt lat="33.992427" lon="134.314899">
        <ele>513</ele>
      </trkpt>
      <trkpt lat="33.992126" lon="134.314425">
        <ele>537</ele>
      </trkpt>
      <trkpt lat="33.992192" lon="134.313936">
        <ele>552</ele>
      </trkpt>
      <trkpt lat="33.991949" lon="134.313959">
        <ele>558</ele>
      </trkpt>
      <trkpt lat="33.991506" lon="134.313043">
        <ele>589</ele>
      </trkpt>
      <trkpt lat="33.990504" lon="134.312119">
        <ele>623</ele>
      </trkpt>
      <trkpt lat="33.989484" lon="134.311329">
        <ele>640</ele>
      </trkpt>
      <trkpt lat="33.988868" lon="134.311094">
        <ele>643</ele>
      </trkpt>
      <trkpt lat="33.988136" lon="134.310141">
        <ele>658</ele>
      </trkpt>
      <trkpt lat="33.987786" lon="134.310004">
        <ele>666</ele>
      </trkpt>
      <trkpt lat="33.987153" lon="134.310092">
        <ele>674</ele>
      </trkpt>
      <trkpt lat="33.986554" lon="134.310244">
        <ele>683</ele>
      </trkpt>
      <trkpt lat="33.986295" lon="134.310372">
        <ele>690</ele>
      </trkpt>
      <trkpt lat="33.986236" lon="134.310671">
        <ele>681</ele>
      </trkpt>
      <trkpt lat="33.986096" lon="134.3109">
        <ele>677</ele>
      </trkpt>
      <trkpt lat="33.985302" lon="134.311099">
        <ele>684</ele>
      </trkpt>
      <trkpt lat="33.984921" lon="134.311209">
        <ele>680</ele>
      </trkpt>
      <trkpt lat="33.984848" lon="134.311044">
        <ele>682</ele>
      </trkpt>
      <trkpt lat="33.984818" lon="134.310705">
        <ele>689</ele>
      </trkpt>
      <trkpt lat="33.98479" lon="134.310533">
        <ele>691</ele>
      </trkpt>
      <trkpt lat="33.985014" lon="134.310332">
        <ele>704</ele>
      </trkpt>
      <trkpt lat="33.984702" lon="134.310344">
        <ele>692</ele>
      </trkpt>
      <trkpt lat="33.984655" lon="134.310115">
        <ele>696</ele>
      </trkpt>
      <trkpt lat="33.984695" lon="134.309791">
        <ele>709</ele>
      </trkpt>
      <trkpt lat="33.984484" lon="134.309085">
        <ele>731</ele>
      </trkpt>
      <trkpt lat="33.984319" lon="134.308762">
        <ele>742</ele>
      </trkpt>
      <trkpt lat="33.984155" lon="134.307493">
        <ele>800</ele>
      </trkpt>
      <trkpt lat="33.984153" lon="134.307475">
        <ele>800</ele>
      </trkpt>
      <trkpt lat="33.984012" lon="134.307188">
        <ele>804</ele>
      </trkpt>
      <trkpt lat="33.983753" lon="134.307167">
        <ele>808</ele>
      </trkpt>
      <trkpt lat="33.983536" lon="134.307427">
        <ele>803</ele>
      </trkpt>
      <trkpt lat="33.983288" lon="134.30749">
        <ele>803</ele>
      </trkpt>
      <trkpt lat="33.983286" lon="134.307465">
        <ele>804</ele>
      </trkpt>
      <trkpt lat="33.982955" lon="134.307587">
        <ele>810</ele>
      </trkpt>
      <trkpt lat="33.982711" lon="134.30722">
        <ele>835</ele>
      </trkpt>
      <trkpt lat="33.982575" lon="134.306585">
        <ele>867</ele>
      </trkpt>
      <trkpt lat="33.982565" lon="134.30656">
        <ele>868</ele>
      </trkpt>
      <trkpt lat="33.982454" lon="134.306281">
        <ele>877</ele>
      </trkpt>
      <trkpt lat="33.982446" lon="134.306273">
        <ele>878</ele>
      </trkpt>
      <trkpt lat="33.982272" lon="134.305946">
        <ele>884</ele>
      </trkpt>
      <trkpt lat="33.982229" lon="134.305468">
        <ele>889</ele>
      </trkpt>
      <trkpt lat="33.982235" lon="134.305449">
        <ele>889</ele>
      </trkpt>
      <trkpt lat="33.982298" lon="134.304967">
        <ele>892</ele>
      </trkpt>
      <trkpt lat="33.982305" lon="134.304791">
        <ele>892</ele>
      </trkpt>
      <trkpt lat="33.982536" lon="134.30466">
        <ele>889</ele>
      </trkpt>
      <trkpt lat="33.982688" lon="134.304545">
        <ele>877</ele>
      </trkpt>
      <trkpt lat="33.982736" lon="134.304352">
        <ele>874</ele>
      </trkpt>
      <trkpt lat="33.982671" lon="134.30463">
        <ele>878</ele>
      </trkpt>
      <trkpt lat="33.982248" lon="134.304829">
        <ele>892</ele>
      </trkpt>
      <trkpt lat="33.982198" lon="134.305205">
        <ele>891</ele>
      </trkpt>
      <trkpt lat="33.982192" lon="134.305724">
        <ele>886</ele>
      </trkpt>
      <trkpt lat="33.982402" lon="134.30613">
        <ele>881</ele>
      </trkpt>
      <trkpt lat="33.982574" lon="134.306401">
        <ele>871</ele>
      </trkpt>
      <trkpt lat="33.982667" lon="134.307001">
        <ele>847</ele>
      </trkpt>
      <trkpt lat="33.982852" lon="134.307455">
        <ele>820</ele>
      </trkpt>
      <trkpt lat="33.983162" lon="134.307597">
        <ele>802</ele>
      </trkpt>
      <trkpt lat="33.983438" lon="134.307514">
        <ele>800</ele>
      </trkpt>
      <trkpt lat="33.983626" lon="134.307325">
        <ele>805</ele>
      </trkpt>
      <trkpt lat="33.983662" lon="134.307315">
        <ele>805</ele>
      </trkpt>
      <trkpt lat="33.983907" lon="134.307167">
        <ele>806</ele>
      </trkpt>
      <trkpt lat="33.984075" lon="134.307336">
        <ele>801</ele>
      </trkpt>
      <trkpt lat="33.984178" lon="134.30784">
        <ele>783</ele>
      </trkpt>
      <trkpt lat="33.984261" lon="134.308638">
        <ele>746</ele>
      </trkpt>
      <trkpt lat="33.98444" lon="134.308982">
        <ele>735</ele>
      </trkpt>
      <trkpt lat="33.984622" lon="134.309334">
        <ele>725</ele>
      </trkpt>
      <trkpt lat="33.984625" lon="134.309364">
        <ele>724</ele>
      </trkpt>
      <trkpt lat="33.984683" lon="134.309666">
        <ele>714</ele>
      </trkpt>
      <trkpt lat="33.984655" lon="134.309941">
        <ele>701</ele>
      </trkpt>
      <trkpt lat="33.984787" lon="134.310284">
        <ele>697</ele>
      </trkpt>
      <trkpt lat="33.984711" lon="134.310771">
        <ele>683</ele>
      </trkpt>
      <trkpt lat="33.984623" lon="134.311016">
        <ele>675</ele>
      </trkpt>
      <trkpt lat="33.984522" lon="134.310556">
        <ele>681</ele>
      </trkpt>
      <trkpt lat="33.984409" lon="134.310489">
        <ele>679</ele>
      </trkpt>
      <trkpt lat="33.984277" lon="134.310616">
        <ele>671</ele>
      </trkpt>
      <trkpt lat="33.984258" lon="134.310626">
        <ele>670</ele>
      </trkpt>
      <trkpt lat="33.984124" lon="134.310798">
        <ele>661</ele>
      </trkpt>
      <trkpt lat="33.984011" lon="134.311772">
        <ele>640</ele>
      </trkpt>
      <trkpt lat="33.984256" lon="134.312054">
        <ele>640</ele>
      </trkpt>
      <trkpt lat="33.98434" lon="134.313183">
        <ele>606</ele>
      </trkpt>
      <trkpt lat="33.984352" lon="134.313211">
        <ele>605</ele>
      </trkpt>
      <trkpt lat="33.984454" lon="134.313511">
        <ele>595</ele>
      </trkpt>
      <trkpt lat="33.98445" lon="134.313779">
        <ele>588</ele>
      </trkpt>
      <trkpt lat="33.984454" lon="134.313817">
        <ele>587</ele>
      </trkpt>
      <trkpt lat="33.984603" lon="134.314218">
        <ele>577</ele>
      </trkpt>
      <trkpt lat="33.984546" lon="134.314524">
        <ele>569</ele>
      </trkpt>
      <trkpt lat="33.984549" lon="134.314552">
        <ele>569</ele>
      </trkpt>
      <trkpt lat="33.984773" lon="134.315032">
        <ele>563</ele>
      </trkpt>
      <trkpt lat="33.984879" lon="134.315242">
        <ele>561</ele>
      </trkpt>
      <trkpt lat="33.984893" lon="134.315292">
        <ele>560</ele>
      </trkpt>
      <trkpt lat="33.984926" lon="134.31544">
        <ele>558</ele>
      </trkpt>
      <trkpt lat="33.985015" lon="134.315876">
        <ele>550</ele>
      </trkpt>
      <trkpt lat="33.985224" lon="134.316195">
        <ele>532</ele>
      </trkpt>
      <trkpt lat="33.985248" lon="134.316238">
        <ele>530</ele>
      </trkpt>
      <trkpt lat="33.985281" lon="134.316488">
        <ele>524</ele>
      </trkpt>
      <trkpt lat="33.985143" lon="134.316754">
        <ele>519</ele>
      </trkpt>
      <trkpt lat="33.98471" lon="134.316338">
        <ele>523</ele>
      </trkpt>
      <trkpt lat="33.9842" lon="134.315232">
        <ele>540</ele>
      </trkpt>
      <trkpt lat="33.984031" lon="134.315008">
        <ele>545</ele>
      </trkpt>
      <trkpt lat="33.983957" lon="134.315237">
        <ele>537</ele>
      </trkpt>
      <trkpt lat="33.983956" lon="134.315603">
        <ele>526</ele>
      </trkpt>
      <trkpt lat="33.983959" lon="134.315639">
        <ele>525</ele>
      </trkpt>
      <trkpt lat="33.983962" lon="134.315676">
        <ele>523</ele>
      </trkpt>
      <trkpt lat="33.983957" lon="134.316467">
        <ele>500</ele>
      </trkpt>
      <trkpt lat="33.983809" lon="134.316763">
        <ele>495</ele>
      </trkpt>
      <trkpt lat="33.98384" lon="134.31729">
        <ele>480</ele>
      </trkpt>
      <trkpt lat="33.983834" lon="134.317307">
        <ele>480</ele>
      </trkpt>
      <trkpt lat="33.98375" lon="134.317726">
        <ele>474</ele>
      </trkpt>
      <trkpt lat="33.983743" lon="134.317743">
        <ele>474</ele>
      </trkpt>
      <trkpt lat="33.983703" lon="134.317923">
        <ele>473</ele>
      </trkpt>
      <trkpt lat="33.983956" lon="134.318304">
        <ele>455</ele>
      </trkpt>
      <trkpt lat="33.983864" lon="134.318644">
        <ele>459</ele>
      </trkpt>
      <trkpt lat="33.983822" lon="134.31991">
        <ele>460</ele>
      </trkpt>
      <trkpt lat="33.983775" lon="134.320264">
        <ele>454</ele>
      </trkpt>
      <trkpt lat="33.983904" lon="134.320732">
        <ele>436</ele>
      </trkpt>
      <trkpt lat="33.983845" lon="134.321125">
        <ele>428</ele>
      </trkpt>
      <trkpt lat="33.98385" lon="134.321273">
        <ele>425</ele>
      </trkpt>
      <trkpt lat="33.983955" lon="134.32131">
        <ele>420</ele>
      </trkpt>
      <trkpt lat="33.984096" lon="134.321101">
        <ele>420</ele>
      </trkpt>
      <trkpt lat="33.984455" lon="134.321212">
        <ele>418</ele>
      </trkpt>
      <trkpt lat="33.985059" lon="134.32142">
        <ele>416</ele>
      </trkpt>
      <trkpt lat="33.985266" lon="134.321636">
        <ele>410</ele>
      </trkpt>
      <trkpt lat="33.985424" lon="134.32201">
        <ele>398</ele>
      </trkpt>
      <trkpt lat="33.985235" lon="134.32213">
        <ele>393</ele>
      </trkpt>
      <trkpt lat="33.985158" lon="134.3222">
        <ele>390</ele>
      </trkpt>
      <trkpt lat="33.985158" lon="134.32221">
        <ele>390</ele>
      </trkpt>
      <trkpt lat="33.985191" lon="134.322364">
        <ele>385</ele>
      </trkpt>
      <trkpt lat="33.985213" lon="134.322404">
        <ele>383</ele>
      </trkpt>
      <trkpt lat="33.985461" lon="134.322523">
        <ele>379</ele>
      </trkpt>
      <trkpt lat="33.986642" lon="134.322819">
        <ele>365</ele>
      </trkpt>
      <trkpt lat="33.988322" lon="134.323105">
        <ele>313</ele>
      </trkpt>
      <trkpt lat="33.988879" lon="134.323208">
        <ele>285</ele>
      </trkpt>
      <trkpt lat="33.989111" lon="134.323161">
        <ele>277</ele>
      </trkpt>
      <trkpt lat="33.988977" lon="134.323369">
        <ele>277</ele>
      </trkpt>
      <trkpt lat="33.988449" lon="134.323666">
        <ele>287</ele>
      </trkpt>
      <trkpt lat="33.987868" lon="134.324231">
        <ele>269</ele>
      </trkpt>
      <trkpt lat="33.987484" lon="134.324366">
        <ele>266</ele>
      </trkpt>
      <trkpt lat="33.987226" lon="134.324653">
        <ele>263</ele>
      </trkpt>
      <trkpt lat="33.987118" lon="134.324884">
        <ele>259</ele>
      </trkpt>
      <trkpt lat="33.987138" lon="134.325116">
        <ele>253</ele>
      </trkpt>
      <trkpt lat="33.987139" lon="134.325126">
        <ele>252</ele>
      </trkpt>
      <trkpt lat="33.987285" lon="134.325823">
        <ele>242</ele>
      </trkpt>
      <trkpt lat="33.987455" lon="134.326675">
        <ele>236</ele>
      </trkpt>
      <trkpt lat="33.987449" lon="134.327122">
        <ele>234</ele>
      </trkpt>
      <trkpt lat="33.987379" lon="134.327482">
        <ele>232</ele>
      </trkpt>
      <trkpt lat="33.987373" lon="134.32752">
        <ele>233</ele>
      </trkpt>
      <trkpt lat="33.987345" lon="134.327612">
        <ele>233</ele>
      </trkpt>
      <trkpt lat="33.987119" lon="134.327895">
        <ele>233</ele>
      </trkpt>
      <trkpt lat="33.986722" lon="134.328484">
        <ele>235</ele>
      </trkpt>
      <trkpt lat="33.985955" lon="134.330176">
        <ele>277</ele>
      </trkpt>
      <trkpt lat="33.985517" lon="134.33107">
        <ele>287</ele>
      </trkpt>
      <trkpt lat="33.985328" lon="134.331244">
        <ele>282</ele>
      </trkpt>
      <trkpt lat="33.984796" lon="134.331352">
        <ele>263</ele>
      </trkpt>
      <trkpt lat="33.984623" lon="134.331742">
        <ele>264</ele>
      </trkpt>
      <trkpt lat="33.984525" lon="134.332156">
        <ele>265</ele>
      </trkpt>
      <trkpt lat="33.984521" lon="134.332191">
        <ele>265</ele>
      </trkpt>
      <trkpt lat="33.984517" lon="134.332225">
        <ele>265</ele>
      </trkpt>
      <trkpt lat="33.984453" lon="134.332424">
        <ele>264</ele>
      </trkpt>
      <trkpt lat="33.984448" lon="134.332441">
        <ele>264</ele>
      </trkpt>
      <trkpt lat="33.98423" lon="134.332904">
        <ele>254</ele>
      </trkpt>
      <trkpt lat="33.984209" lon="134.333214">
        <ele>253</ele>
      </trkpt>
      <trkpt lat="33.98421" lon="134.333223">
        <ele>253</ele>
      </trkpt>
      <trkpt lat="33.984319" lon="134.33351">
        <ele>259</ele>
      </trkpt>
      <trkpt lat="33.984431" lon="134.333725">
        <ele>264</ele>
      </trkpt>
      <trkpt lat="33.984447" lon="134.334443">
        <ele>272</ele>
      </trkpt>
      <trkpt lat="33.984305" lon="134.334677">
        <ele>276</ele>
      </trkpt>
      <trkpt lat="33.984335" lon="134.334936">
        <ele>283</ele>
      </trkpt>
      <trkpt lat="33.984368" lon="134.335064">
        <ele>287</ele>
      </trkpt>
      <trkpt lat="33.984193" lon="134.334809">
        <ele>279</ele>
      </trkpt>
      <trkpt lat="33.98411" lon="134.33485">
        <ele>280</ele>
      </trkpt>
      <trkpt lat="33.9842" lon="134.335222">
        <ele>292</ele>
      </trkpt>
      <trkpt lat="33.984315" lon="134.335449">
        <ele>298</ele>
      </trkpt>
      <trkpt lat="33.984508" lon="134.336132">
        <ele>314</ele>
      </trkpt>
      <trkpt lat="33.984723" lon="134.336356">
        <ele>313</ele>
      </trkpt>
      <trkpt lat="33.984733" lon="134.336374">
        <ele>313</ele>
      </trkpt>
      <trkpt lat="33.984853" lon="134.336866">
        <ele>318</ele>
      </trkpt>
      <trkpt lat="33.985039" lon="134.33728">
        <ele>321</ele>
      </trkpt>
      <trkpt lat="33.98512" lon="134.337656">
        <ele>330</ele>
      </trkpt>
      <trkpt lat="33.985131" lon="134.337684">
        <ele>331</ele>
      </trkpt>
      <trkpt lat="33.985324" lon="134.337942">
        <ele>339</ele>
      </trkpt>
      <trkpt lat="33.985342" lon="134.337963">
        <ele>339</ele>
      </trkpt>
      <trkpt lat="33.985423" lon="134.338038">
        <ele>341</ele>
      </trkpt>
      <trkpt lat="33.986442" lon="134.340419">
        <ele>418</ele>
      </trkpt>
      <trkpt lat="33.98647" lon="134.340421">
        <ele>418</ele>
      </trkpt>
      <trkpt lat="33.986622" lon="134.340354">
        <ele>420</ele>
      </trkpt>
      <trkpt lat="33.98664" lon="134.340335">
        <ele>420</ele>
      </trkpt>
      <trkpt lat="33.986782" lon="134.340107">
        <ele>423</ele>
      </trkpt>
      <trkpt lat="33.98687" lon="134.340002">
        <ele>425</ele>
      </trkpt>
      <trkpt lat="33.987006" lon="134.341297">
        <ele>453</ele>
      </trkpt>
      <trkpt lat="33.987164" lon="134.341176">
        <ele>457</ele>
      </trkpt>
      <trkpt lat="33.987075" lon="134.341843">
        <ele>465</ele>
      </trkpt>
      <trkpt lat="33.986846" lon="134.342057">
        <ele>463</ele>
      </trkpt>
      <trkpt lat="33.98693" lon="134.342302">
        <ele>467</ele>
      </trkpt>
      <trkpt lat="33.987534" lon="134.342707">
        <ele>459</ele>
      </trkpt>
      <trkpt lat="33.987997" lon="134.342925">
        <ele>446</ele>
      </trkpt>
      <trkpt lat="33.988007" lon="134.342934">
        <ele>446</ele>
      </trkpt>
      <trkpt lat="33.988478" lon="134.343029">
        <ele>435</ele>
      </trkpt>
      <trkpt lat="33.988518" lon="134.343038">
        <ele>435</ele>
      </trkpt>
      <trkpt lat="33.988558" lon="134.343058">
        <ele>433</ele>
      </trkpt>
      <trkpt lat="33.989159" lon="134.343181">
        <ele>423</ele>
      </trkpt>
      <trkpt lat="33.989457" lon="134.343193">
        <ele>429</ele>
      </trkpt>
      <trkpt lat="33.989511" lon="134.343194">
        <ele>430</ele>
      </trkpt>
      <trkpt lat="33.989645" lon="134.343226">
        <ele>431</ele>
      </trkpt>
      <trkpt lat="33.989693" lon="134.343269">
        <ele>430</ele>
      </trkpt>
      <trkpt lat="33.989785" lon="134.343548">
        <ele>419</ele>
      </trkpt>
      <trkpt lat="33.9898" lon="134.343591">
        <ele>417</ele>
      </trkpt>
      <trkpt lat="33.989894" lon="134.343755">
        <ele>411</ele>
      </trkpt>
      <trkpt lat="33.990059" lon="134.343945">
        <ele>404</ele>
      </trkpt>
      <trkpt lat="33.990076" lon="134.344">
        <ele>402</ele>
      </trkpt>
      <trkpt lat="33.990291" lon="134.344448">
        <ele>390</ele>
      </trkpt>
      <trkpt lat="33.990292" lon="134.344459">
        <ele>389</ele>
      </trkpt>
      <trkpt lat="33.990393" lon="134.344653">
        <ele>385</ele>
      </trkpt>
      <trkpt lat="33.990394" lon="134.344664">
        <ele>384</ele>
      </trkpt>
      <trkpt lat="33.990404" lon="134.345037">
        <ele>370</ele>
      </trkpt>
      <trkpt lat="33.990304" lon="134.34535">
        <ele>360</ele>
      </trkpt>
      <trkpt lat="33.990307" lon="134.345383">
        <ele>360</ele>
      </trkpt>
      <trkpt lat="33.99033" lon="134.345635">
        <ele>356</ele>
      </trkpt>
      <trkpt lat="33.99045" lon="134.34647">
        <ele>347</ele>
      </trkpt>
      <trkpt lat="33.990653" lon="134.346845">
        <ele>347</ele>
      </trkpt>
      <trkpt lat="33.991057" lon="134.347217">
        <ele>347</ele>
      </trkpt>
      <trkpt lat="33.991309" lon="134.347368">
        <ele>350</ele>
      </trkpt>
      <trkpt lat="33.991345" lon="134.347391">
        <ele>350</ele>
      </trkpt>
      <trkpt lat="33.99149" lon="134.347573">
        <ele>349</ele>
      </trkpt>
      <trkpt lat="33.991506" lon="134.347618">
        <ele>348</ele>
      </trkpt>
      <trkpt lat="33.991533" lon="134.347794">
        <ele>345</ele>
      </trkpt>
      <trkpt lat="33.991529" lon="134.34787">
        <ele>343</ele>
      </trkpt>
      <trkpt lat="33.991426" lon="134.348272">
        <ele>329</ele>
      </trkpt>
      <trkpt lat="33.991407" lon="134.348313">
        <ele>327</ele>
      </trkpt>
      <trkpt lat="33.991332" lon="134.348615">
        <ele>315</ele>
      </trkpt>
      <trkpt lat="33.991436" lon="134.348886">
        <ele>312</ele>
      </trkpt>
      <trkpt lat="33.991631" lon="134.348989">
        <ele>319</ele>
      </trkpt>
      <trkpt lat="33.992097" lon="134.349779">
        <ele>305</ele>
      </trkpt>
      <trkpt lat="33.992351" lon="134.350429">
        <ele>294</ele>
      </trkpt>
      <trkpt lat="33.992412" lon="134.350755">
        <ele>287</ele>
      </trkpt>
      <trkpt lat="33.992688" lon="134.351227">
        <ele>290</ele>
      </trkpt>
      <trkpt lat="33.992689" lon="134.351238">
        <ele>289</ele>
      </trkpt>
      <trkpt lat="33.992785" lon="134.351465">
        <ele>288</ele>
      </trkpt>
      <trkpt lat="33.992799" lon="134.351496">
        <ele>288</ele>
      </trkpt>
      <trkpt lat="33.992838" lon="134.351928">
        <ele>278</ele>
      </trkpt>
      <trkpt lat="33.993059" lon="134.352416">
        <ele>277</ele>
      </trkpt>
      <trkpt lat="33.993059" lon="134.352904">
        <ele>266</ele>
      </trkpt>
      <trkpt lat="33.99306" lon="134.352915">
        <ele>266</ele>
      </trkpt>
      <trkpt lat="33.993341" lon="134.353283">
        <ele>276</ele>
      </trkpt>
      <trkpt lat="33.993382" lon="134.353361">
        <ele>276</ele>
      </trkpt>
      <trkpt lat="33.993564" lon="134.35358">
        <ele>276</ele>
      </trkpt>
      <trkpt lat="33.993845" lon="134.353669">
        <ele>283</ele>
      </trkpt>
      <trkpt lat="33.993868" lon="134.35366">
        <ele>284</ele>
      </trkpt>
      <trkpt lat="33.994032" lon="134.353585">
        <ele>293</ele>
      </trkpt>
      <trkpt lat="33.994069" lon="134.353588">
        <ele>294</ele>
      </trkpt>
      <trkpt lat="33.994131" lon="134.353851">
        <ele>285</ele>
      </trkpt>
      <trkpt lat="33.994157" lon="134.353865">
        <ele>285</ele>
      </trkpt>
      <trkpt lat="33.994387" lon="134.354034">
        <ele>287</ele>
      </trkpt>
      <trkpt lat="33.994683" lon="134.354837">
        <ele>269</ele>
      </trkpt>
      <trkpt lat="33.994891" lon="134.354925">
        <ele>274</ele>
      </trkpt>
      <trkpt lat="33.994936" lon="134.354937">
        <ele>275</ele>
      </trkpt>
      <trkpt lat="33.994963" lon="134.354942">
        <ele>275</ele>
      </trkpt>
      <trkpt lat="33.995181" lon="134.354955">
        <ele>284</ele>
      </trkpt>
      <trkpt lat="33.99522" lon="134.354988">
        <ele>284</ele>
      </trkpt>
      <trkpt lat="33.995358" lon="134.355075">
        <ele>286</ele>
      </trkpt>
      <trkpt lat="33.99537" lon="134.355103">
        <ele>285</ele>
      </trkpt>
      <trkpt lat="33.995464" lon="134.355417">
        <ele>275</ele>
      </trkpt>
      <trkpt lat="33.995487" lon="134.355463">
        <ele>273</ele>
      </trkpt>
      <trkpt lat="33.995512" lon="134.35552">
        <ele>272</ele>
      </trkpt>
      <trkpt lat="33.995651" lon="134.355683">
        <ele>270</ele>
      </trkpt>
      <trkpt lat="33.995662" lon="134.355702">
        <ele>269</ele>
      </trkpt>
      <trkpt lat="33.995906" lon="134.356011">
        <ele>264</ele>
      </trkpt>
      <trkpt lat="33.995918" lon="134.35604">
        <ele>263</ele>
      </trkpt>
      <trkpt lat="33.996262" lon="134.356239">
        <ele>260</ele>
      </trkpt>
      <trkpt lat="33.996483" lon="134.356129">
        <ele>266</ele>
      </trkpt>
      <trkpt lat="33.996741" lon="134.356099">
        <ele>272</ele>
      </trkpt>
      <trkpt lat="33.996786" lon="134.356117">
        <ele>272</ele>
      </trkpt>
      <trkpt lat="33.997109" lon="134.35631">
        <ele>274</ele>
      </trkpt>
      <trkpt lat="33.997122" lon="134.356331">
        <ele>273</ele>
      </trkpt>
      <trkpt lat="33.997174" lon="134.356393">
        <ele>272</ele>
      </trkpt>
      <trkpt lat="33.997457" lon="134.356665">
        <ele>270</ele>
      </trkpt>
      <trkpt lat="33.997517" lon="134.356929">
        <ele>267</ele>
      </trkpt>
      <trkpt lat="33.997505" lon="134.357184">
        <ele>261</ele>
      </trkpt>
      <trkpt lat="33.997473" lon="134.357228">
        <ele>259</ele>
      </trkpt>
      <trkpt lat="33.99745" lon="134.357239">
        <ele>258</ele>
      </trkpt>
      <trkpt lat="33.99733" lon="134.357469">
        <ele>248</ele>
      </trkpt>
      <trkpt lat="33.997332" lon="134.357491">
        <ele>247</ele>
      </trkpt>
      <trkpt lat="33.997336" lon="134.357535">
        <ele>246</ele>
      </trkpt>
      <trkpt lat="33.997323" lon="134.357774">
        <ele>238</ele>
      </trkpt>
      <trkpt lat="33.997324" lon="134.357785">
        <ele>238</ele>
      </trkpt>
      <trkpt lat="33.997426" lon="134.357875">
        <ele>240</ele>
      </trkpt>
      <trkpt lat="33.997442" lon="134.357919">
        <ele>239</ele>
      </trkpt>
      <trkpt lat="33.997487" lon="134.358282">
        <ele>230</ele>
      </trkpt>
      <trkpt lat="33.997502" lon="134.358316">
        <ele>229</ele>
      </trkpt>
      <trkpt lat="33.997594" lon="134.35842">
        <ele>229</ele>
      </trkpt>
      <trkpt lat="33.99779" lon="134.35832">
        <ele>240</ele>
      </trkpt>
      <trkpt lat="33.998014" lon="134.358344">
        <ele>247</ele>
      </trkpt>
      <trkpt lat="33.998112" lon="134.358586">
        <ele>245</ele>
      </trkpt>
      <trkpt lat="33.998116" lon="134.358632">
        <ele>243</ele>
      </trkpt>
      <trkpt lat="33.998093" lon="134.358923">
        <ele>235</ele>
      </trkpt>
      <trkpt lat="33.998062" lon="134.358999">
        <ele>231</ele>
      </trkpt>
      <trkpt lat="33.998066" lon="134.359314">
        <ele>225</ele>
      </trkpt>
      <trkpt lat="33.998138" lon="134.359546">
        <ele>224</ele>
      </trkpt>
      <trkpt lat="33.998375" lon="134.359643">
        <ele>232</ele>
      </trkpt>
      <trkpt lat="33.998402" lon="134.359658">
        <ele>232</ele>
      </trkpt>
      <trkpt lat="33.998587" lon="134.359681">
        <ele>237</ele>
      </trkpt>
      <trkpt lat="33.998624" lon="134.359663">
        <ele>238</ele>
      </trkpt>
      <trkpt lat="33.998779" lon="134.359601">
        <ele>243</ele>
      </trkpt>
      <trkpt lat="33.99888" lon="134.359845">
        <ele>243</ele>
      </trkpt>
      <trkpt lat="33.998928" lon="134.36012">
        <ele>242</ele>
      </trkpt>
      <trkpt lat="33.998841" lon="134.360532">
        <ele>236</ele>
      </trkpt>
      <trkpt lat="33.998845" lon="134.360575">
        <ele>236</ele>
      </trkpt>
      <trkpt lat="33.998878" lon="134.361059">
        <ele>235</ele>
      </trkpt>
      <trkpt lat="33.998982" lon="134.361326">
        <ele>238</ele>
      </trkpt>
      <trkpt lat="33.998982" lon="134.361577">
        <ele>238</ele>
      </trkpt>
      <trkpt lat="33.998973" lon="134.36161">
        <ele>238</ele>
      </trkpt>
      <trkpt lat="33.998863" lon="134.362013">
        <ele>241</ele>
      </trkpt>
      <trkpt lat="33.998551" lon="134.362192">
        <ele>234</ele>
      </trkpt>
      <trkpt lat="33.998394" lon="134.362801">
        <ele>241</ele>
      </trkpt>
      <trkpt lat="33.997905" lon="134.36301">
        <ele>231</ele>
      </trkpt>
      <trkpt lat="33.997734" lon="134.363058">
        <ele>227</ele>
      </trkpt>
      <trkpt lat="33.997715" lon="134.363058">
        <ele>226</ele>
      </trkpt>
      <trkpt lat="33.997472" lon="134.362981">
        <ele>217</ele>
      </trkpt>
      <trkpt lat="33.997297" lon="134.363086">
        <ele>211</ele>
      </trkpt>
      <trkpt lat="33.997282" lon="134.363424">
        <ele>213</ele>
      </trkpt>
      <trkpt lat="33.997668" lon="134.363594">
        <ele>224</ele>
      </trkpt>
      <trkpt lat="33.997879" lon="134.36402">
        <ele>219</ele>
      </trkpt>
      <trkpt lat="33.997891" lon="134.364051">
        <ele>219</ele>
      </trkpt>
      <trkpt lat="33.998182" lon="134.364431">
        <ele>216</ele>
      </trkpt>
      <trkpt lat="33.998523" lon="134.364456">
        <ele>225</ele>
      </trkpt>
      <trkpt lat="33.998609" lon="134.364481">
        <ele>225</ele>
      </trkpt>
      <trkpt lat="33.999058" lon="134.364396">
        <ele>237</ele>
      </trkpt>
      <trkpt lat="33.999252" lon="134.364662">
        <ele>235</ele>
      </trkpt>
      <trkpt lat="33.999023" lon="134.364978">
        <ele>219</ele>
      </trkpt>
      <trkpt lat="33.999176" lon="134.365437">
        <ele>216</ele>
      </trkpt>
      <trkpt lat="33.99906" lon="134.365752">
        <ele>206</ele>
      </trkpt>
      <trkpt lat="33.998861" lon="134.366081">
        <ele>193</ele>
      </trkpt>
      <trkpt lat="33.998947" lon="134.366812">
        <ele>189</ele>
      </trkpt>
      <trkpt lat="33.99885" lon="134.367278">
        <ele>181</ele>
      </trkpt>
      <trkpt lat="33.99898" lon="134.367534">
        <ele>185</ele>
      </trkpt>
      <trkpt lat="33.999129" lon="134.367628">
        <ele>191</ele>
      </trkpt>
      <trkpt lat="33.999151" lon="134.367629">
        <ele>192</ele>
      </trkpt>
      <trkpt lat="33.999278" lon="134.367574">
        <ele>192</ele>
      </trkpt>
      <trkpt lat="33.999329" lon="134.367524">
        <ele>192</ele>
      </trkpt>
      <trkpt lat="33.999477" lon="134.367286">
        <ele>195</ele>
      </trkpt>
      <trkpt lat="33.999521" lon="134.367267">
        <ele>195</ele>
      </trkpt>
      <trkpt lat="33.999763" lon="134.367245">
        <ele>195</ele>
      </trkpt>
      <trkpt lat="33.99981" lon="134.367247">
        <ele>195</ele>
      </trkpt>
      <trkpt lat="34.000407" lon="134.367477">
        <ele>184</ele>
      </trkpt>
      <trkpt lat="34.000445" lon="134.367479">
        <ele>184</ele>
      </trkpt>
      <trkpt lat="34.00066" lon="134.367295">
        <ele>189</ele>
      </trkpt>
      <trkpt lat="34.000778" lon="134.367011">
        <ele>199</ele>
      </trkpt>
      <trkpt lat="34.000956" lon="134.367051">
        <ele>199</ele>
      </trkpt>
      <trkpt lat="34.001" lon="134.367087">
        <ele>198</ele>
      </trkpt>
      <trkpt lat="34.001218" lon="134.367367">
        <ele>188</ele>
      </trkpt>
      <trkpt lat="34.001683" lon="134.367827">
        <ele>170</ele>
      </trkpt>
      <trkpt lat="34.002019" lon="134.367795">
        <ele>177</ele>
      </trkpt>
      <trkpt lat="34.002176" lon="134.367984">
        <ele>170</ele>
      </trkpt>
      <trkpt lat="34.002645" lon="134.368122">
        <ele>171</ele>
      </trkpt>
      <trkpt lat="34.003" lon="134.36851">
        <ele>160</ele>
      </trkpt>
      <trkpt lat="34.003342" lon="134.368713">
        <ele>160</ele>
      </trkpt>
      <trkpt lat="34.003521" lon="134.36879">
        <ele>166</ele>
      </trkpt>
      <trkpt lat="34.00357" lon="134.368849">
        <ele>166</ele>
      </trkpt>
      <trkpt lat="34.003599" lon="134.368932">
        <ele>164</ele>
      </trkpt>
      <trkpt lat="34.004289" lon="134.370666">
        <ele>129</ele>
      </trkpt>
      <trkpt lat="34.004303" lon="134.370688">
        <ele>129</ele>
      </trkpt>
      <trkpt lat="34.004526" lon="134.371321">
        <ele>123</ele>
      </trkpt>
      <trkpt lat="34.00454" lon="134.371344">
        <ele>123</ele>
      </trkpt>
      <trkpt lat="34.004568" lon="134.37139">
        <ele>123</ele>
      </trkpt>
      <trkpt lat="34.004727" lon="134.371799">
        <ele>118</ele>
      </trkpt>
      <trkpt lat="34.004743" lon="134.371845">
        <ele>118</ele>
      </trkpt>
      <trkpt lat="34.004996" lon="134.372315">
        <ele>109</ele>
      </trkpt>
      <trkpt lat="34.005039" lon="134.372376">
        <ele>108</ele>
      </trkpt>
      <trkpt lat="34.005246" lon="134.372695">
        <ele>107</ele>
      </trkpt>
      <trkpt lat="34.005729" lon="134.372882">
        <ele>109</ele>
      </trkpt>
      <trkpt lat="34.005744" lon="134.372879">
        <ele>109</ele>
      </trkpt>
      <trkpt lat="34.005974" lon="134.373003">
        <ele>104</ele>
      </trkpt>
      <trkpt lat="34.006025" lon="134.373022">
        <ele>102</ele>
      </trkpt>
      <trkpt lat="34.006271" lon="134.37314">
        <ele>95</ele>
      </trkpt>
      <trkpt lat="34.006298" lon="134.373145">
        <ele>95</ele>
      </trkpt>
      <trkpt lat="34.006368" lon="134.373162">
        <ele>94</ele>
      </trkpt>
      <trkpt lat="34.006796" lon="134.373162">
        <ele>91</ele>
      </trkpt>
      <trkpt lat="34.006815" lon="134.373159">
        <ele>91</ele>
      </trkpt>
      <trkpt lat="34.007103" lon="134.373244">
        <ele>87</ele>
      </trkpt>
      <trkpt lat="34.007164" lon="134.373275">
        <ele>86</ele>
      </trkpt>
      <trkpt lat="34.007196" lon="134.37331">
        <ele>85</ele>
      </trkpt>
      <trkpt lat="34.008071" lon="134.373757">
        <ele>90</ele>
      </trkpt>
      <trkpt lat="34.008451" lon="134.374458">
        <ele>94</ele>
      </trkpt>
      <trkpt lat="34.00824" lon="134.374915">
        <ele>80</ele>
      </trkpt>
      <trkpt lat="34.00772" lon="134.375737">
        <ele>80</ele>
      </trkpt>
      <trkpt lat="34.008249" lon="134.376079">
        <ele>80</ele>
      </trkpt>
      <trkpt lat="34.008271" lon="134.37608">
        <ele>79</ele>
      </trkpt>
      <trkpt lat="34.008449" lon="134.376129">
        <ele>80</ele>
      </trkpt>
      <trkpt lat="34.008519" lon="134.376174">
        <ele>80</ele>
      </trkpt>
      <trkpt lat="34.008843" lon="134.376521">
        <ele>79</ele>
      </trkpt>
      <trkpt lat="34.008881" lon="134.376556">
        <ele>79</ele>
      </trkpt>
      <trkpt lat="34.009176" lon="134.377242">
        <ele>81</ele>
      </trkpt>
      <trkpt lat="34.00934" lon="134.377467">
        <ele>82</ele>
      </trkpt>
      <trkpt lat="34.009433" lon="134.377673">
        <ele>86</ele>
      </trkpt>
      <trkpt lat="34.009505" lon="134.377993">
        <ele>94</ele>
      </trkpt>
      <trkpt lat="34.009543" lon="134.378035">
        <ele>94</ele>
      </trkpt>
      <trkpt lat="34.009829" lon="134.378479">
        <ele>104</ele>
      </trkpt>
      <trkpt lat="34.009858" lon="134.378505">
        <ele>104</ele>
      </trkpt>
      <trkpt lat="34.010058" lon="134.378602">
        <ele>107</ele>
      </trkpt>
      <trkpt lat="34.010104" lon="134.378597">
        <ele>106</ele>
      </trkpt>
      <trkpt lat="34.010367" lon="134.378592">
        <ele>107</ele>
      </trkpt>
      <trkpt lat="34.010397" lon="134.378599">
        <ele>107</ele>
      </trkpt>
      <trkpt lat="34.010809" lon="134.378797">
        <ele>120</ele>
      </trkpt>
      <trkpt lat="34.01083" lon="134.378805">
        <ele>120</ele>
      </trkpt>
      <trkpt lat="34.0112" lon="134.378756">
        <ele>118</ele>
      </trkpt>
      <trkpt lat="34.011434" lon="134.378482">
        <ele>102</ele>
      </trkpt>
      <trkpt lat="34.011456" lon="134.37848">
        <ele>102</ele>
      </trkpt>
      <trkpt lat="34.011984" lon="134.378551">
        <ele>108</ele>
      </trkpt>
      <trkpt lat="34.012007" lon="134.378549">
        <ele>108</ele>
      </trkpt>
      <trkpt lat="34.012513" lon="134.378403">
        <ele>105</ele>
      </trkpt>
      <trkpt lat="34.012535" lon="134.378367">
        <ele>104</ele>
      </trkpt>
      <trkpt lat="34.012913" lon="134.378029">
        <ele>103</ele>
      </trkpt>
      <trkpt lat="34.013257" lon="134.37786">
        <ele>108</ele>
      </trkpt>
      <trkpt lat="34.013341" lon="134.378294">
        <ele>118</ele>
      </trkpt>
      <trkpt lat="34.013323" lon="134.378418">
        <ele>116</ele>
      </trkpt>
      <trkpt lat="34.013343" lon="134.378424">
        <ele>116</ele>
      </trkpt>
      <trkpt lat="34.013596" lon="134.37856">
        <ele>111</ele>
      </trkpt>
      <trkpt lat="34.013493" lon="134.378924">
        <ele>102</ele>
      </trkpt>
      <trkpt lat="34.013495" lon="134.378953">
        <ele>101</ele>
      </trkpt>
      <trkpt lat="34.013623" lon="134.379192">
        <ele>92</ele>
      </trkpt>
      <trkpt lat="34.013498" lon="134.379514">
        <ele>87</ele>
      </trkpt>
      <trkpt lat="34.013657" lon="134.379782">
        <ele>78</ele>
      </trkpt>
      <trkpt lat="34.013537" lon="134.379947">
        <ele>75</ele>
      </trkpt>
      <trkpt lat="34.01363" lon="134.380236">
        <ele>72</ele>
      </trkpt>
      <trkpt lat="34.013835" lon="134.380559">
        <ele>72</ele>
      </trkpt>
      <trkpt lat="34.01412" lon="134.380598">
        <ele>73</ele>
      </trkpt>
      <trkpt lat="34.014197" lon="134.380767">
        <ele>75</ele>
      </trkpt>
      <trkpt lat="34.014211" lon="134.380808">
        <ele>76</ele>
      </trkpt>
      <trkpt lat="34.014307" lon="134.381299">
        <ele>73</ele>
      </trkpt>
      <trkpt lat="34.014348" lon="134.381297">
        <ele>74</ele>
      </trkpt>
      <trkpt lat="34.015295" lon="134.381627">
        <ele>80</ele>
      </trkpt>
      <trkpt lat="34.016343" lon="134.381903">
        <ele>88</ele>
      </trkpt>
      <trkpt lat="34.016844" lon="134.382108">
        <ele>86</ele>
      </trkpt>
      <trkpt lat="34.016912" lon="134.382101">
        <ele>87</ele>
      </trkpt>
      <trkpt lat="34.016933" lon="134.382109">
        <ele>87</ele>
      </trkpt>
      <trkpt lat="34.0176" lon="134.382318">
        <ele>81</ele>
      </trkpt>
      <trkpt lat="34.017623" lon="134.382337">
        <ele>81</ele>
      </trkpt>
      <trkpt lat="34.017679" lon="134.382365">
        <ele>81</ele>
      </trkpt>
      <trkpt lat="34.018134" lon="134.382612">
        <ele>83</ele>
      </trkpt>
      <trkpt lat="34.018147" lon="134.382622">
        <ele>83</ele>
      </trkpt>
      <trkpt lat="34.018351" lon="134.383091">
        <ele>79</ele>
      </trkpt>
      <trkpt lat="34.018365" lon="134.383124">
        <ele>79</ele>
      </trkpt>
      <trkpt lat="34.018602" lon="134.383515">
        <ele>87</ele>
      </trkpt>
      <trkpt lat="34.018639" lon="134.383537">
        <ele>89</ele>
      </trkpt>
      <trkpt lat="34.018709" lon="134.38377">
        <ele>90</ele>
      </trkpt>
      <trkpt lat="34.018728" lon="134.383848">
        <ele>90</ele>
      </trkpt>
      <trkpt lat="34.018646" lon="134.38465">
        <ele>86</ele>
      </trkpt>
      <trkpt lat="34.018315" lon="134.386762">
        <ele>81</ele>
      </trkpt>
      <trkpt lat="34.018205" lon="134.388211">
        <ele>80</ele>
      </trkpt>
      <trkpt lat="34.018206" lon="134.388222">
        <ele>80</ele>
      </trkpt>
      <trkpt lat="34.018173" lon="134.389277">
        <ele>80</ele>
      </trkpt>
      <trkpt lat="34.018627" lon="134.391048">
        <ele>75</ele>
      </trkpt>
      <trkpt lat="34.018825" lon="134.39154">
        <ele>75</ele>
      </trkpt>
      <trkpt lat="34.019549" lon="134.392677">
        <ele>72</ele>
      </trkpt>
      <trkpt lat="34.020035" lon="134.39351">
        <ele>66</ele>
      </trkpt>
      <trkpt lat="34.020048" lon="134.393521">
        <ele>66</ele>
      </trkpt>
      <trkpt lat="34.020433" lon="134.393818">
        <ele>68</ele>
      </trkpt>
      <trkpt lat="34.021009" lon="134.39434">
        <ele>67</ele>
      </trkpt>
      <trkpt lat="34.022189" lon="134.395258">
        <ele>75</ele>
      </trkpt>
      <trkpt lat="34.022477" lon="134.395765">
        <ele>73</ele>
      </trkpt>
      <trkpt lat="34.0225" lon="134.395794">
        <ele>73</ele>
      </trkpt>
      <trkpt lat="34.022513" lon="134.395824">
        <ele>73</ele>
      </trkpt>
      <trkpt lat="34.022633" lon="134.396355">
        <ele>77</ele>
      </trkpt>
      <trkpt lat="34.022645" lon="134.396365">
        <ele>78</ele>
      </trkpt>
      <trkpt lat="34.022659" lon="134.396406">
        <ele>78</ele>
      </trkpt>
      <trkpt lat="34.022607" lon="134.39687">
        <ele>75</ele>
      </trkpt>
      <trkpt lat="34.0226" lon="134.3969">
        <ele>75</ele>
      </trkpt>
      <trkpt lat="34.022427" lon="134.397234">
        <ele>71</ele>
      </trkpt>
      <trkpt lat="34.022431" lon="134.397275">
        <ele>71</ele>
      </trkpt>
      <trkpt lat="34.02226" lon="134.398443">
        <ele>72</ele>
      </trkpt>
      <trkpt lat="34.022264" lon="134.398483">
        <ele>72</ele>
      </trkpt>
      <trkpt lat="34.02227" lon="134.398553">
        <ele>71</ele>
      </trkpt>
      <trkpt lat="34.022343" lon="134.398828">
        <ele>68</ele>
      </trkpt>
      <trkpt lat="34.022529" lon="134.399032">
        <ele>67</ele>
      </trkpt>
      <trkpt lat="34.022561" lon="134.399056">
        <ele>67</ele>
      </trkpt>
      <trkpt lat="34.02292" lon="134.399412">
        <ele>68</ele>
      </trkpt>
      <trkpt lat="34.023207" lon="134.399926">
        <ele>62</ele>
      </trkpt>
      <trkpt lat="34.024352" lon="134.400782">
        <ele>61</ele>
      </trkpt>
      <trkpt lat="34.025799" lon="134.401486">
        <ele>57</ele>
      </trkpt>
      <trkpt lat="34.026406" lon="134.401579">
        <ele>56</ele>
      </trkpt>
      <trkpt lat="34.02695" lon="134.401653">
        <ele>56</ele>
      </trkpt>
      <trkpt lat="34.027269" lon="134.402955">
        <ele>55</ele>
      </trkpt>
      <trkpt lat="34.027187" lon="134.403255">
        <ele>59</ele>
      </trkpt>
      <trkpt lat="34.02801" lon="134.403543">
        <ele>62</ele>
      </trkpt>
      <trkpt lat="34.028787" lon="134.404132">
        <ele>61</ele>
      </trkpt>
      <trkpt lat="34.030794" lon="134.405088">
        <ele>61</ele>
      </trkpt>
      <trkpt lat="34.031942" lon="134.405828">
        <ele>83</ele>
      </trkpt>
      <trkpt lat="34.033032" lon="134.405562">
        <ele>84</ele>
      </trkpt>
      <trkpt lat="34.034035" lon="134.404988">
        <ele>67</ele>
      </trkpt>
      <trkpt lat="34.034264" lon="134.40544">
        <ele>75</ele>
      </trkpt>
      <trkpt lat="34.03393" lon="134.407407">
        <ele>75</ele>
      </trkpt>
      <trkpt lat="34.032331" lon="134.409268">
        <ele>72</ele>
      </trkpt>
      <trkpt lat="34.031857" lon="134.410462">
        <ele>76</ele>
      </trkpt>
      <trkpt lat="34.031797" lon="134.411657">
        <ele>83</ele>
      </trkpt>
      <trkpt lat="34.031962" lon="134.41184">
        <ele>77</ele>
      </trkpt>
      <trkpt lat="34.031838" lon="134.411871">
        <ele>84</ele>
      </trkpt>
      <trkpt lat="34.031945" lon="134.411898">
        <ele>78</ele>
      </trkpt>
      <trkpt lat="34.032175" lon="134.412755">
        <ele>78</ele>
      </trkpt>
      <trkpt lat="34.032897" lon="134.413931">
        <ele>72</ele>
      </trkpt>
      <trkpt lat="34.03307" lon="134.41503">
        <ele>73</ele>
      </trkpt>
      <trkpt lat="34.032936" lon="134.417138">
        <ele>68</ele>
      </trkpt>
      <trkpt lat="34.033213" lon="134.418162">
        <ele>72</ele>
      </trkpt>
      <trkpt lat="34.036482" lon="134.42151">
        <ele>51</ele>
      </trkpt>
      <trkpt lat="34.037678" lon="134.423583">
        <ele>44</ele>
      </trkpt>
      <trkpt lat="34.038317" lon="134.425068">
        <ele>44</ele>
      </trkpt>
      <trkpt lat="34.039102" lon="134.425582">
        <ele>42</ele>
      </trkpt>
      <trkpt lat="34.040087" lon="134.425848">
        <ele>44</ele>
      </trkpt>
      <trkpt lat="34.040827" lon="134.425424">
        <ele>38</ele>
      </trkpt>
      <trkpt lat="34.042398" lon="134.425301">
        <ele>43</ele>
      </trkpt>
      <trkpt lat="34.043031" lon="134.425041">
        <ele>43</ele>
      </trkpt>
      <trkpt lat="34.043501" lon="134.425189">
        <ele>46</ele>
      </trkpt>
      <trkpt lat="34.045203" lon="134.426668">
        <ele>47</ele>
      </trkpt>
      <trkpt lat="34.044897" lon="134.430292">
        <ele>42</ele>
      </trkpt>
      <trkpt lat="34.04513" lon="134.432785">
        <ele>40</ele>
      </trkpt>
      <trkpt lat="34.044733" lon="134.434958">
        <ele>34</ele>
      </trkpt>
      <trkpt lat="34.04443" lon="134.435861">
        <ele>32</ele>
      </trkpt>
      <trkpt lat="34.043482" lon="134.437428">
        <ele>31</ele>
      </trkpt>
      <trkpt lat="34.042487" lon="134.441583">
        <ele>30</ele>
      </trkpt>
      <trkpt lat="34.041948" lon="134.442919">
        <ele>29</ele>
      </trkpt>
      <trkpt lat="34.041182" lon="134.443407">
        <ele>29</ele>
      </trkpt>
      <trkpt lat="34.042053" lon="134.442678">
        <ele>29</ele>
      </trkpt>
      <trkpt lat="34.042188" lon="134.44227">
        <ele>30</ele>
      </trkpt>
      <trkpt lat="34.042048" lon="134.442708">
        <ele>29</ele>
      </trkpt>
      <trkpt lat="34.041723" lon="134.442998">
        <ele>28</ele>
      </trkpt>
      <trkpt lat="34.040455" lon="134.443886">
        <ele>30</ele>
      </trkpt>
      <trkpt lat="34.040303" lon="134.444155">
        <ele>30</ele>
      </trkpt>
      <trkpt lat="34.04018" lon="134.443957">
        <ele>30</ele>
      </trkpt>
      <trkpt lat="34.040337" lon="134.444142">
        <ele>30</ele>
      </trkpt>
      <trkpt lat="34.040223" lon="134.444617">
        <ele>29</ele>
      </trkpt>
      <trkpt lat="34.03998" lon="134.444587">
        <ele>29</ele>
      </trkpt>
      <trkpt lat="34.0398" lon="134.445723">
        <ele>27</ele>
      </trkpt>
      <trkpt lat="34.039527" lon="134.44647">
        <ele>27</ele>
      </trkpt>
      <trkpt lat="34.038494" lon="134.447655">
        <ele>28</ele>
      </trkpt>
      <trkpt lat="34.038168" lon="134.448405">
        <ele>29</ele>
      </trkpt>
      <trkpt lat="34.0379" lon="134.449187">
        <ele>32</ele>
      </trkpt>
      <trkpt lat="34.037228" lon="134.455648">
        <ele>29</ele>
      </trkpt>
      <trkpt lat="34.037297" lon="134.456625">
        <ele>26</ele>
      </trkpt>
      <trkpt lat="34.037791" lon="134.458877">
        <ele>34</ele>
      </trkpt>
      <trkpt lat="34.037934" lon="134.461903">
        <ele>31</ele>
      </trkpt>
      <trkpt lat="34.038014" lon="134.462384">
        <ele>29</ele>
      </trkpt>
      <trkpt lat="34.037851" lon="134.463154">
        <ele>32</ele>
      </trkpt>
      <trkpt lat="34.038105" lon="134.463259">
        <ele>28</ele>
      </trkpt>
      <trkpt lat="34.038125" lon="134.463275">
        <ele>28</ele>
      </trkpt>
      <trkpt lat="34.0385" lon="134.463384">
        <ele>23</ele>
      </trkpt>
      <trkpt lat="34.038536" lon="134.463413">
        <ele>23</ele>
      </trkpt>
      <trkpt lat="34.038821" lon="134.463643">
        <ele>22</ele>
      </trkpt>
      <trkpt lat="34.038839" lon="134.463675">
        <ele>21</ele>
      </trkpt>
      <trkpt lat="34.038973" lon="134.464206">
        <ele>21</ele>
      </trkpt>
      <trkpt lat="34.039364" lon="134.465371">
        <ele>19</ele>
      </trkpt>
      <trkpt lat="34.039686" lon="134.466625">
        <ele>20</ele>
      </trkpt>
      <trkpt lat="34.039968" lon="134.467248">
        <ele>20</ele>
      </trkpt>
      <trkpt lat="34.040382" lon="134.468438">
        <ele>18</ele>
      </trkpt>
      <trkpt lat="34.040385" lon="134.468466">
        <ele>18</ele>
      </trkpt>
      <trkpt lat="34.040587" lon="134.469293">
        <ele>19</ele>
      </trkpt>
      <trkpt lat="34.040736" lon="134.469666">
        <ele>19</ele>
      </trkpt>
      <trkpt lat="34.040859" lon="134.469759">
        <ele>19</ele>
      </trkpt>
      <trkpt lat="34.041423" lon="134.469855">
        <ele>18</ele>
      </trkpt>
      <trkpt lat="34.041937" lon="134.471704">
        <ele>18</ele>
      </trkpt>
      <trkpt lat="34.042155" lon="134.472464">
        <ele>18</ele>
      </trkpt>
      <trkpt lat="34.042171" lon="134.472492">
        <ele>18</ele>
      </trkpt>
      <trkpt lat="34.042174" lon="134.472519">
        <ele>18</ele>
      </trkpt>
      <trkpt lat="34.042262" lon="134.472883">
        <ele>18</ele>
      </trkpt>
      <trkpt lat="34.042379" lon="134.473316">
        <ele>19</ele>
      </trkpt>
      <trkpt lat="34.042453" lon="134.473529">
        <ele>20</ele>
      </trkpt>
      <trkpt lat="34.043701" lon="134.473133">
        <ele>18</ele>
      </trkpt>
      <trkpt lat="34.044159" lon="134.473045">
        <ele>20</ele>
      </trkpt>
      <trkpt lat="34.044818" lon="134.474261">
        <ele>21</ele>
      </trkpt>
      <trkpt lat="34.046061" lon="134.473628">
        <ele>31</ele>
      </trkpt>
      <trkpt lat="34.046138" lon="134.473589">
        <ele>31</ele>
      </trkpt>
      <trkpt lat="34.046247" lon="134.473612">
        <ele>31</ele>
      </trkpt>
      <trkpt lat="34.046452" lon="134.473617">
        <ele>32</ele>
      </trkpt>
      <trkpt lat="34.046633" lon="134.473738">
        <ele>32</ele>
      </trkpt>
      <trkpt lat="34.046695" lon="134.473819">
        <ele>33</ele>
      </trkpt>
      <trkpt lat="34.04671" lon="134.474077">
        <ele>33</ele>
      </trkpt>
      <trkpt lat="34.046705" lon="134.474373">
        <ele>34</ele>
      </trkpt>
      <trkpt lat="34.046647" lon="134.474663">
        <ele>34</ele>
      </trkpt>
      <trkpt lat="34.046727" lon="134.474848">
        <ele>34</ele>
      </trkpt>
      <trkpt lat="34.047001" lon="134.475231">
        <ele>34</ele>
      </trkpt>
      <trkpt lat="34.047612" lon="134.475408">
        <ele>31</ele>
      </trkpt>
      <trkpt lat="34.04781" lon="134.475256">
        <ele>30</ele>
      </trkpt>
      <trkpt lat="34.047942" lon="134.475195">
        <ele>30</ele>
      </trkpt>
      <trkpt lat="34.04811" lon="134.475221">
        <ele>29</ele>
      </trkpt>
      <trkpt lat="34.048691" lon="134.475682">
        <ele>25</ele>
      </trkpt>
      <trkpt lat="34.048794" lon="134.475867">
        <ele>23</ele>
      </trkpt>
      <trkpt lat="34.048795" lon="134.4759">
        <ele>23</ele>
      </trkpt>
      <trkpt lat="34.048846" lon="134.476183">
        <ele>21</ele>
      </trkpt>
      <trkpt lat="34.048861" lon="134.476198">
        <ele>21</ele>
      </trkpt>
      <trkpt lat="34.048994" lon="134.476189">
        <ele>22</ele>
      </trkpt>
      <trkpt lat="34.049154" lon="134.476763">
        <ele>17</ele>
      </trkpt>
      <trkpt lat="34.049816" lon="134.476597">
        <ele>22</ele>
      </trkpt>
      <trkpt lat="34.049987" lon="134.47657">
        <ele>23</ele>
      </trkpt>
      <trkpt lat="34.050107" lon="134.476387">
        <ele>24</ele>
      </trkpt>
      <trkpt lat="34.050214" lon="134.476035">
        <ele>27</ele>
      </trkpt>
      <trkpt lat="34.050355" lon="134.475788">
        <ele>32</ele>
      </trkpt>
      <trkpt lat="34.050466" lon="134.475729">
        <ele>34</ele>
      </trkpt>
      <trkpt lat="34.050648" lon="134.475816">
        <ele>35</ele>
      </trkpt>
      <trkpt lat="34.050728" lon="134.476092">
        <ele>30</ele>
      </trkpt>
      <trkpt lat="34.050791" lon="134.47625">
        <ele>27</ele>
      </trkpt>
      <trkpt lat="34.050816" lon="134.476342">
        <ele>26</ele>
      </trkpt>
      <trkpt lat="34.050828" lon="134.476518">
        <ele>22</ele>
      </trkpt>
      <trkpt lat="34.050801" lon="134.477027">
        <ele>17</ele>
      </trkpt>
      <trkpt lat="34.051233" lon="134.476638">
        <ele>18</ele>
      </trkpt>
      <trkpt lat="34.053072" lon="134.475732">
        <ele>18</ele>
      </trkpt>
      <trkpt lat="34.05364" lon="134.475813">
        <ele>15</ele>
      </trkpt>
      <trkpt lat="34.054227" lon="134.475689">
        <ele>14</ele>
      </trkpt>
      <trkpt lat="34.054519" lon="134.474915">
        <ele>15</ele>
      </trkpt>
      <trkpt lat="34.054626" lon="134.473954">
        <ele>16</ele>
      </trkpt>
      <trkpt lat="34.054662" lon="134.473925">
        <ele>16</ele>
      </trkpt>
      <trkpt lat="34.055039" lon="134.473823">
        <ele>14</ele>
      </trkpt>
      <trkpt lat="34.055599" lon="134.473643">
        <ele>13</ele>
      </trkpt>
      <trkpt lat="34.055138" lon="134.47371">
        <ele>14</ele>
      </trkpt>
      <trkpt lat="34.055461" lon="134.473467">
        <ele>13</ele>
      </trkpt>
      <trkpt lat="34.055618" lon="134.473365">
        <ele>13</ele>
      </trkpt>
      <trkpt lat="34.055777" lon="134.473034">
        <ele>13</ele>
      </trkpt>
      <trkpt lat="34.055946" lon="134.472971">
        <ele>12</ele>
      </trkpt>
      <trkpt lat="34.056177" lon="134.472716">
        <ele>12</ele>
      </trkpt>
      <trkpt lat="34.056885" lon="134.47267">
        <ele>12</ele>
      </trkpt>
      <trkpt lat="34.057558" lon="134.472387">
        <ele>13</ele>
      </trkpt>
      <trkpt lat="34.058005" lon="134.472261">
        <ele>13</ele>
      </trkpt>
      <trkpt lat="34.058375" lon="134.474763">
        <ele>10</ele>
      </trkpt>
      <trkpt lat="34.058641" lon="134.474633">
        <ele>11</ele>
      </trkpt>
      <trkpt lat="34.061178" lon="134.474127">
        <ele>8</ele>
      </trkpt>
      <trkpt lat="34.061645" lon="134.47395">
        <ele>9</ele>
      </trkpt>
      <trkpt lat="34.061778" lon="134.4744">
        <ele>9</ele>
      </trkpt>
      <trkpt lat="34.064805" lon="134.473293">
        <ele>9</ele>
      </trkpt>
      <trkpt lat="34.068098" lon="134.472782">
        <ele>10</ele>
      </trkpt>
      <trkpt lat="34.068143" lon="134.472622">
        <ele>9</ele>
      </trkpt>
      <trkpt lat="34.068293" lon="134.473483">
        <ele>10</ele>
      </trkpt>
      <trkpt lat="34.068256" lon="134.473946">
        <ele>10</ele>
      </trkpt>
      <trkpt lat="34.068248" lon="134.474406">
        <ele>9</ele>
      </trkpt>
      <trkpt lat="34.068327" lon="134.47462">
        <ele>10</ele>
      </trkpt>
      <trkpt lat="34.068436" lon="134.474608">
        <ele>10</ele>
      </trkpt>
      <trkpt lat="34.068421" lon="134.474414">
        <ele>10</ele>
      </trkpt>
      <trkpt lat="34.068468" lon="134.474601">
        <ele>10</ele>
      </trkpt>
      <trkpt lat="34.068481" lon="134.47487">
        <ele>10</ele>
      </trkpt>
      <trkpt lat="34.068436" lon="134.474913">
        <ele>10</ele>
      </trkpt>
      <trkpt lat="34.068785" lon="134.47608">
        <ele>9</ele>
      </trkpt>
      <trkpt lat="34.069424" lon="134.48051">
        <ele>10</ele>
      </trkpt>
      <trkpt lat="34.071087" lon="134.480403">
        <ele>10</ele>
      </trkpt>
      <trkpt lat="34.071539" lon="134.482148">
        <ele>8</ele>
      </trkpt>
      <trkpt lat="34.07163" lon="134.482341">
        <ele>8</ele>
      </trkpt>
      <trkpt lat="34.072561" lon="134.482539">
        <ele>10</ele>
      </trkpt>
      <trkpt lat="34.072747" lon="134.482757">
        <ele>10</ele>
      </trkpt>
      <trkpt lat="34.072833" lon="134.483328">
        <ele>10</ele>
      </trkpt>
      <trkpt lat="34.072985" lon="134.48514">
        <ele>8</ele>
      </trkpt>
      <trkpt lat="34.07323" lon="134.486014">
        <ele>7</ele>
      </trkpt>
      <trkpt lat="34.073264" lon="134.486309">
        <ele>7</ele>
      </trkpt>
      <trkpt lat="34.073655" lon="134.486197">
        <ele>7</ele>
      </trkpt>
      <trkpt lat="34.076593" lon="134.485295">
        <ele>7</ele>
      </trkpt>
      <trkpt lat="34.079719" lon="134.484519">
        <ele>8</ele>
      </trkpt>
      <trkpt lat="34.079892" lon="134.484611">
        <ele>8</ele>
      </trkpt>
      <trkpt lat="34.080145" lon="134.484954">
        <ele>8</ele>
      </trkpt>
      <trkpt lat="34.080371" lon="134.485157">
        <ele>7</ele>
      </trkpt>
      <trkpt lat="34.080572" lon="134.485136">
        <ele>7</ele>
      </trkpt>
      <trkpt lat="34.083441" lon="134.484364">
        <ele>7</ele>
      </trkpt>
      <trkpt lat="34.083511" lon="134.484394">
        <ele>7</ele>
      </trkpt>
      <trkpt lat="34.083652" lon="134.485635">
        <ele>7</ele>
      </trkpt>
      <trkpt lat="34.08411" lon="134.485683">
        <ele>7</ele>
      </trkpt>
      <trkpt lat="34.08439" lon="134.48565">
        <ele>8</ele>
      </trkpt>
      <trkpt lat="34.084605" lon="134.485745">
        <ele>8</ele>
      </trkpt>
      <trkpt lat="34.084746" lon="134.48572">
        <ele>8</ele>
      </trkpt>
      <trkpt lat="34.084739" lon="134.485506">
        <ele>8</ele>
      </trkpt>
      <trkpt lat="34.084955" lon="134.485453">
        <ele>8</ele>
      </trkpt>
      <trkpt lat="34.084985" lon="134.485547">
        <ele>8</ele>
      </trkpt>
      <trkpt lat="34.084809" lon="134.485584">
        <ele>8</ele>
      </trkpt>
      <trkpt lat="34.084834" lon="134.485713">
        <ele>8</ele>
      </trkpt>
      <trkpt lat="34.085058" lon="134.487712">
        <ele>6</ele>
      </trkpt>
      <trkpt lat="34.085031" lon="134.487865">
        <ele>6</ele>
      </trkpt>
      <trkpt lat="34.085251" lon="134.489263">
        <ele>6</ele>
      </trkpt>
      <trkpt lat="34.08579" lon="134.492809">
        <ele>4</ele>
      </trkpt>
      <trkpt lat="34.084443" lon="134.49669">
        <ele>8</ele>
      </trkpt>
      <trkpt lat="34.083663" lon="134.496831">
        <ele>6</ele>
      </trkpt>
      <trkpt lat="34.083154" lon="134.49703">
        <ele>4</ele>
      </trkpt>
      <trkpt lat="34.081851" lon="134.496948">
        <ele>7</ele>
      </trkpt>
      <trkpt lat="34.080823" lon="134.497027">
        <ele>7</ele>
      </trkpt>
      <trkpt lat="34.08003" lon="134.497225">
        <ele>7</ele>
      </trkpt>
      <trkpt lat="34.079905" lon="134.496849">
        <ele>7</ele>
      </trkpt>
      <trkpt lat="34.079554" lon="134.496925">
        <ele>7</ele>
      </trkpt>
      <trkpt lat="34.077477" lon="134.497243">
        <ele>7</ele>
      </trkpt>
      <trkpt lat="34.077117" lon="134.497171">
        <ele>7</ele>
      </trkpt>
      <trkpt lat="34.076585" lon="134.497034">
        <ele>7</ele>
      </trkpt>
      <trkpt lat="34.07508" lon="134.496857">
        <ele>9</ele>
      </trkpt>
      <trkpt lat="34.07417" lon="134.496846">
        <ele>11</ele>
      </trkpt>
      <trkpt lat="34.073778" lon="134.49685">
        <ele>11</ele>
      </trkpt>
      <trkpt lat="34.073503" lon="134.496754">
        <ele>11</ele>
      </trkpt>
      <trkpt lat="34.073234" lon="134.496588">
        <ele>11</ele>
      </trkpt>
      <trkpt lat="34.072513" lon="134.499774">
        <ele>9</ele>
      </trkpt>
      <trkpt lat="34.071836" lon="134.502615">
        <ele>10</ele>
      </trkpt>
      <trkpt lat="34.071921" lon="134.503398">
        <ele>10</ele>
      </trkpt>
      <trkpt lat="34.072355" lon="134.506981">
        <ele>7</ele>
      </trkpt>
      <trkpt lat="34.072586" lon="134.507574">
        <ele>8</ele>
      </trkpt>
      <trkpt lat="34.073163" lon="134.508643">
        <ele>8</ele>
      </trkpt>
      <trkpt lat="34.075967" lon="134.513562">
        <ele>6</ele>
      </trkpt>
      <trkpt lat="34.07658" lon="134.51457">
        <ele>6</ele>
      </trkpt>
      <trkpt lat="34.076741" lon="134.515114">
        <ele>7</ele>
      </trkpt>
      <trkpt lat="34.076856" lon="134.515773">
        <ele>9</ele>
      </trkpt>
      <trkpt lat="34.076838" lon="134.516013">
        <ele>9</ele>
      </trkpt>
      <trkpt lat="34.077252" lon="134.517833">
        <ele>7</ele>
      </trkpt>
      <trkpt lat="34.078353" lon="134.524848">
        <ele>6</ele>
      </trkpt>
      <trkpt lat="34.078628" lon="134.525681">
        <ele>6</ele>
      </trkpt>
      <trkpt lat="34.078576" lon="134.526465">
        <ele>7</ele>
      </trkpt>
      <trkpt lat="34.078832" lon="134.527367">
        <ele>7</ele>
      </trkpt>
      <trkpt lat="34.078953" lon="134.528124">
        <ele>6</ele>
      </trkpt>
      <trkpt lat="34.079067" lon="134.528738">
        <ele>6</ele>
      </trkpt>
      <trkpt lat="34.078968" lon="134.530168">
        <ele>6</ele>
      </trkpt>
      <trkpt lat="34.077968" lon="134.538362">
        <ele>7</ele>
      </trkpt>
      <trkpt lat="34.077508" lon="134.54033">
        <ele>8</ele>
      </trkpt>
      <trkpt lat="34.077349" lon="134.541507">
        <ele>6</ele>
      </trkpt>
      <trkpt lat="34.074425" lon="134.543239">
        <ele>8</ele>
      </trkpt>
      <trkpt lat="34.073363" lon="134.544283">
        <ele>8</ele>
      </trkpt>
      <trkpt lat="34.072641" lon="134.544936">
        <ele>11</ele>
      </trkpt>
      <trkpt lat="34.071454" lon="134.5457">
        <ele>9</ele>
      </trkpt>
      <trkpt lat="34.07032" lon="134.546251">
        <ele>9</ele>
      </trkpt>
      <trkpt lat="34.06732" lon="134.547393">
        <ele>9</ele>
      </trkpt>
      <trkpt lat="34.061659" lon="134.547266">
        <ele>8</ele>
      </trkpt>
      <trkpt lat="34.058584" lon="134.547225">
        <ele>8</ele>
      </trkpt>
      <trkpt lat="34.058025" lon="134.546885">
        <ele>9</ele>
      </trkpt>
      <trkpt lat="34.057167" lon="134.546626">
        <ele>8</ele>
      </trkpt>
      <trkpt lat="34.053562" lon="134.545507">
        <ele>5</ele>
      </trkpt>
      <trkpt lat="34.052722" lon="134.548291">
        <ele>4</ele>
      </trkpt>
      <trkpt lat="34.051451" lon="134.548039">
        <ele>3</ele>
      </trkpt>
      <trkpt lat="34.051353" lon="134.548083">
        <ele>3</ele>
      </trkpt>
      <trkpt lat="34.051147" lon="134.54896">
        <ele>4</ele>
      </trkpt>
      <trkpt lat="34.051295" lon="134.5498">
        <ele>4</ele>
      </trkpt>
      <trkpt lat="34.050961" lon="134.549946">
        <ele>4</ele>
      </trkpt>
      <trkpt lat="34.050813" lon="134.550115">
        <ele>4</ele>
      </trkpt>
      <trkpt lat="34.05071" lon="134.550562">
        <ele>3</ele>
      </trkpt>
      <trkpt lat="34.050494" lon="134.552103">
        <ele>5</ele>
      </trkpt>
      <trkpt lat="34.049461" lon="134.551849">
        <ele>4</ele>
      </trkpt>
      <trkpt lat="34.0473" lon="134.551913">
        <ele>4</ele>
      </trkpt>
      <trkpt lat="34.04334" lon="134.552151">
        <ele>3</ele>
      </trkpt>
      <trkpt lat="34.041753" lon="134.552146">
        <ele>4</ele>
      </trkpt>
      <trkpt lat="34.030355" lon="134.55219">
        <ele>5</ele>
      </trkpt>
      <trkpt lat="34.029358" lon="134.55229">
        <ele>5</ele>
      </trkpt>
      <trkpt lat="34.028095" lon="134.552711">
        <ele>4</ele>
      </trkpt>
      <trkpt lat="34.024627" lon="134.555043">
        <ele>8</ele>
      </trkpt>
      <trkpt lat="34.019097" lon="134.557385">
        <ele>7</ele>
      </trkpt>
      <trkpt lat="34.017933" lon="134.558038">
        <ele>8</ele>
      </trkpt>
      <trkpt lat="34.01703" lon="134.558978">
        <ele>9</ele>
      </trkpt>
      <trkpt lat="34.015358" lon="134.561598">
        <ele>8</ele>
      </trkpt>
      <trkpt lat="34.01355" lon="134.563786">
        <ele>7</ele>
      </trkpt>
      <trkpt lat="34.005083" lon="134.571">
        <ele>5</ele>
      </trkpt>
      <trkpt lat="33.998637" lon="134.578673">
        <ele>4</ele>
      </trkpt>
      <trkpt lat="33.998489" lon="134.578552">
        <ele>4</ele>
      </trkpt>
      <trkpt lat="33.997823" lon="134.579243">
        <ele>3</ele>
      </trkpt>
      <trkpt lat="33.997339" lon="134.579898">
        <ele>3</ele>
      </trkpt>
      <trkpt lat="33.996993" lon="134.579854">
        <ele>3</ele>
      </trkpt>
      <trkpt lat="33.996786" lon="134.580027">
        <ele>3</ele>
      </trkpt>
      <trkpt lat="33.996436" lon="134.580171">
        <ele>3</ele>
      </trkpt>
      <trkpt lat="33.99582" lon="134.580308">
        <ele>4</ele>
      </trkpt>
      <trkpt lat="33.995332" lon="134.580507">
        <ele>4</ele>
      </trkpt>
      <trkpt lat="33.995007" lon="134.581078">
        <ele>4</ele>
      </trkpt>
      <trkpt lat="33.9947" lon="134.581239">
        <ele>4</ele>
      </trkpt>
      <trkpt lat="33.994468" lon="134.58137">
        <ele>4</ele>
      </trkpt>
      <trkpt lat="33.993564" lon="134.58168">
        <ele>4</ele>
      </trkpt>
      <trkpt lat="33.992035" lon="134.581766">
        <ele>4</ele>
      </trkpt>
      <trkpt lat="33.991683" lon="134.58161">
        <ele>4</ele>
      </trkpt>
      <trkpt lat="33.990716" lon="134.58185">
        <ele>8</ele>
      </trkpt>
      <trkpt lat="33.9903" lon="134.581736">
        <ele>9</ele>
      </trkpt>
      <trkpt lat="33.990047" lon="134.581925">
        <ele>9</ele>
      </trkpt>
      <trkpt lat="33.989786" lon="134.58208">
        <ele>8</ele>
      </trkpt>
      <trkpt lat="33.989339" lon="134.581941">
        <ele>10</ele>
      </trkpt>
      <trkpt lat="33.98871" lon="134.581955">
        <ele>9</ele>
      </trkpt>
      <trkpt lat="33.988731" lon="134.581806">
        <ele>10</ele>
      </trkpt>
      <trkpt lat="33.988397" lon="134.581515">
        <ele>14</ele>
      </trkpt>
      <trkpt lat="33.988207" lon="134.580898">
        <ele>24</ele>
      </trkpt>
      <trkpt lat="33.987766" lon="134.580564">
        <ele>26</ele>
      </trkpt>
      <trkpt lat="33.986765" lon="134.579794">
        <ele>39</ele>
      </trkpt>
      <trkpt lat="33.986636" lon="134.579562">
        <ele>44</ele>
      </trkpt>
      <trkpt lat="33.98649" lon="134.579548">
        <ele>44</ele>
      </trkpt>
      <trkpt lat="33.986272" lon="134.579765">
        <ele>38</ele>
      </trkpt>
      <trkpt lat="33.986024" lon="134.579823">
        <ele>36</ele>
      </trkpt>
      <trkpt lat="33.986016" lon="134.579546">
        <ele>42</ele>
      </trkpt>
      <trkpt lat="33.98584" lon="134.579155">
        <ele>49</ele>
      </trkpt>
      <trkpt lat="33.985624" lon="134.578803">
        <ele>53</ele>
      </trkpt>
      <trkpt lat="33.985532" lon="134.578205">
        <ele>64</ele>
      </trkpt>
      <trkpt lat="33.985565" lon="134.577826">
        <ele>71</ele>
      </trkpt>
      <trkpt lat="33.98546" lon="134.577532">
        <ele>72</ele>
      </trkpt>
      <trkpt lat="33.985285" lon="134.577506">
        <ele>68</ele>
      </trkpt>
      <trkpt lat="33.985203" lon="134.57759">
        <ele>64</ele>
      </trkpt>
      <trkpt lat="33.985148" lon="134.577863">
        <ele>58</ele>
      </trkpt>
      <trkpt lat="33.985146" lon="134.578486">
        <ele>47</ele>
      </trkpt>
      <trkpt lat="33.985306" lon="134.578884">
        <ele>44</ele>
      </trkpt>
      <trkpt lat="33.985474" lon="134.579187">
        <ele>41</ele>
      </trkpt>
      <trkpt lat="33.985481" lon="134.579196">
        <ele>42</ele>
      </trkpt>
      <trkpt lat="33.985695" lon="134.579401">
        <ele>42</ele>
      </trkpt>
      <trkpt lat="33.985828" lon="134.579518">
        <ele>42</ele>
      </trkpt>
      <trkpt lat="33.985881" lon="134.579737">
        <ele>38</ele>
      </trkpt>
      <trkpt lat="33.985702" lon="134.579872">
        <ele>35</ele>
      </trkpt>
      <trkpt lat="33.985664" lon="134.58009">
        <ele>35</ele>
      </trkpt>
      <trkpt lat="33.985566" lon="134.580287">
        <ele>39</ele>
      </trkpt>
      <trkpt lat="33.985276" lon="134.580425">
        <ele>41</ele>
      </trkpt>
      <trkpt lat="33.985033" lon="134.580607">
        <ele>43</ele>
      </trkpt>
      <trkpt lat="33.985093" lon="134.580784">
        <ele>46</ele>
      </trkpt>
      <trkpt lat="33.984792" lon="134.580926">
        <ele>47</ele>
      </trkpt>
      <trkpt lat="33.984382" lon="134.58094">
        <ele>52</ele>
      </trkpt>
      <trkpt lat="33.984038" lon="134.581034">
        <ele>53</ele>
      </trkpt>
      <trkpt lat="33.983944" lon="134.581229">
        <ele>50</ele>
      </trkpt>
      <trkpt lat="33.983859" lon="134.581431">
        <ele>47</ele>
      </trkpt>
      <trkpt lat="33.983835" lon="134.581458">
        <ele>46</ele>
      </trkpt>
      <trkpt lat="33.983662" lon="134.581601">
        <ele>43</ele>
      </trkpt>
      <trkpt lat="33.983539" lon="134.581723">
        <ele>40</ele>
      </trkpt>
      <trkpt lat="33.983208" lon="134.582347">
        <ele>36</ele>
      </trkpt>
      <trkpt lat="33.983102" lon="134.582236">
        <ele>36</ele>
      </trkpt>
      <trkpt lat="33.98333" lon="134.581674">
        <ele>39</ele>
      </trkpt>
      <trkpt lat="33.983637" lon="134.581305">
        <ele>47</ele>
      </trkpt>
      <trkpt lat="33.983632" lon="134.581143">
        <ele>50</ele>
      </trkpt>
      <trkpt lat="33.983517" lon="134.580994">
        <ele>52</ele>
      </trkpt>
      <trkpt lat="33.983383" lon="134.58091">
        <ele>52</ele>
      </trkpt>
      <trkpt lat="33.983368" lon="134.580919">
        <ele>52</ele>
      </trkpt>
      <trkpt lat="33.983282" lon="134.581097">
        <ele>49</ele>
      </trkpt>
      <trkpt lat="33.983179" lon="134.58116">
        <ele>49</ele>
      </trkpt>
      <trkpt lat="33.98288" lon="134.581098">
        <ele>52</ele>
      </trkpt>
      <trkpt lat="33.982787" lon="134.581075">
        <ele>53</ele>
      </trkpt>
      <trkpt lat="33.982736" lon="134.581235">
        <ele>50</ele>
      </trkpt>
      <trkpt lat="33.982787" lon="134.581285">
        <ele>49</ele>
      </trkpt>
      <trkpt lat="33.983076" lon="134.581394">
        <ele>45</ele>
      </trkpt>
      <trkpt lat="33.983078" lon="134.58148">
        <ele>44</ele>
      </trkpt>
      <trkpt lat="33.982938" lon="134.581615">
        <ele>42</ele>
      </trkpt>
      <trkpt lat="33.982924" lon="134.581632">
        <ele>42</ele>
      </trkpt>
      <trkpt lat="33.982746" lon="134.581779">
        <ele>40</ele>
      </trkpt>
      <trkpt lat="33.982681" lon="134.58191">
        <ele>38</ele>
      </trkpt>
      <trkpt lat="33.982669" lon="134.581968">
        <ele>37</ele>
      </trkpt>
      <trkpt lat="33.982637" lon="134.58224">
        <ele>32</ele>
      </trkpt>
      <trkpt lat="33.982631" lon="134.582272">
        <ele>32</ele>
      </trkpt>
      <trkpt lat="33.982535" lon="134.582421">
        <ele>28</ele>
      </trkpt>
      <trkpt lat="33.982245" lon="134.58263">
        <ele>25</ele>
      </trkpt>
      <trkpt lat="33.982197" lon="134.583199">
        <ele>14</ele>
      </trkpt>
      <trkpt lat="33.982417" lon="134.583354">
        <ele>11</ele>
      </trkpt>
      <trkpt lat="33.982434" lon="134.583371">
        <ele>11</ele>
      </trkpt>
      <trkpt lat="33.982767" lon="134.583831">
        <ele>10</ele>
      </trkpt>
      <trkpt lat="33.982552" lon="134.584167">
        <ele>8</ele>
      </trkpt>
      <trkpt lat="33.982541" lon="134.584361">
        <ele>8</ele>
      </trkpt>
      <trkpt lat="33.982506" lon="134.584609">
        <ele>10</ele>
      </trkpt>
      <trkpt lat="33.982879" lon="134.585159">
        <ele>8</ele>
      </trkpt>
      <trkpt lat="33.982823" lon="134.585352">
        <ele>8</ele>
      </trkpt>
      <trkpt lat="33.982623" lon="134.585647">
        <ele>7</ele>
      </trkpt>
      <trkpt lat="33.98205" lon="134.585997">
        <ele>5</ele>
      </trkpt>
      <trkpt lat="33.981242" lon="134.586602">
        <ele>6</ele>
      </trkpt>
      <trkpt lat="33.979355" lon="134.589607">
        <ele>3</ele>
      </trkpt>
      <trkpt lat="33.978772" lon="134.589498">
        <ele>3</ele>
      </trkpt>
      <trkpt lat="33.977908" lon="134.589377">
        <ele>4</ele>
      </trkpt>
      <trkpt lat="33.97403" lon="134.590897">
        <ele>12</ele>
      </trkpt>
      <trkpt lat="33.972658" lon="134.592052">
        <ele>20</ele>
      </trkpt>
      <trkpt lat="33.971275" lon="134.592807">
        <ele>33</ele>
      </trkpt>
      <trkpt lat="33.970637" lon="134.593418">
        <ele>21</ele>
      </trkpt>
      <trkpt lat="33.970431" lon="134.593686">
        <ele>20</ele>
      </trkpt>
      <trkpt lat="33.970495" lon="134.594563">
        <ele>21</ele>
      </trkpt>
      <trkpt lat="33.970585" lon="134.597803">
        <ele>8</ele>
      </trkpt>
      <trkpt lat="33.970356" lon="134.599161">
        <ele>5</ele>
      </trkpt>
      <trkpt lat="33.970301" lon="134.59953">
        <ele>4</ele>
      </trkpt>
      <trkpt lat="33.969841" lon="134.599903">
        <ele>9</ele>
      </trkpt>
      <trkpt lat="33.969682" lon="134.600383">
        <ele>9</ele>
      </trkpt>
      <trkpt lat="33.969863" lon="134.601193">
        <ele>2</ele>
      </trkpt>
      <trkpt lat="33.969425" lon="134.601688">
        <ele>1</ele>
      </trkpt>
      <trkpt lat="33.968518" lon="134.602288">
        <ele>3</ele>
      </trkpt>
      <trkpt lat="33.967802" lon="134.603127">
        <ele>3</ele>
      </trkpt>
      <trkpt lat="33.96738" lon="134.603899">
        <ele>2</ele>
      </trkpt>
      <trkpt lat="33.967425" lon="134.604323">
        <ele>2</ele>
      </trkpt>
      <trkpt lat="33.967741" lon="134.605392">
        <ele>2</ele>
      </trkpt>
      <trkpt lat="33.967814" lon="134.605494">
        <ele>2</ele>
      </trkpt>
      <trkpt lat="33.967863" lon="134.605692">
        <ele>2</ele>
      </trkpt>
      <trkpt lat="33.967762" lon="134.605692">
        <ele>2</ele>
      </trkpt>
      <trkpt lat="33.967707" lon="134.605439">
        <ele>2</ele>
      </trkpt>
      <trkpt lat="33.96729" lon="134.603985">
        <ele>2</ele>
      </trkpt>
      <trkpt lat="33.967276" lon="134.603935">
        <ele>2</ele>
      </trkpt>
      <trkpt lat="33.966929" lon="134.602503">
        <ele>6</ele>
      </trkpt>
      <trkpt lat="33.965174" lon="134.602412">
        <ele>3</ele>
      </trkpt>
      <trkpt lat="33.964707" lon="134.601977">
        <ele>2</ele>
      </trkpt>
      <trkpt lat="33.961497" lon="134.598638">
      </trkpt>
      <trkpt lat="33.960958" lon="134.597858">
        <ele>1</ele>
      </trkpt>
      <trkpt lat="33.960721" lon="134.596338">
        <ele>1</ele>
      </trkpt>
      <trkpt lat="33.960263" lon="134.595988">
        <ele>1</ele>
      </trkpt>
      <trkpt lat="33.959444" lon="134.595896">
      </trkpt>
      <trkpt lat="33.959193" lon="134.595622">
      </trkpt>
      <trkpt lat="33.958697" lon="134.594963">
      </trkpt>
      <trkpt lat="33.958415" lon="134.593179">
        <ele>1</ele>
      </trkpt>
      <trkpt lat="33.957721" lon="134.591773">
        <ele>3</ele>
      </trkpt>
      <trkpt lat="33.957188" lon="134.591088">
        <ele>3</ele>
      </trkpt>
      <trkpt lat="33.956068" lon="134.58858">
        <ele>2</ele>
      </trkpt>
      <trkpt lat="33.955497" lon="134.587028">
        <ele>4</ele>
      </trkpt>
      <trkpt lat="33.955462" lon="134.586142">
        <ele>5</ele>
      </trkpt>
      <trkpt lat="33.95501" lon="134.585237">
        <ele>4</ele>
      </trkpt>
      <trkpt lat="33.953454" lon="134.584588">
        <ele>4</ele>
      </trkpt>
      <trkpt lat="33.953262" lon="134.584457">
        <ele>5</ele>
      </trkpt>
      <trkpt lat="33.952899" lon="134.583428">
        <ele>8</ele>
      </trkpt>
      <trkpt lat="33.952985" lon="134.582915">
        <ele>9</ele>
      </trkpt>
      <trkpt lat="33.952963" lon="134.582582">
        <ele>9</ele>
      </trkpt>
      <trkpt lat="33.952737" lon="134.58216">
        <ele>7</ele>
      </trkpt>
      <trkpt lat="33.95279" lon="134.581723">
        <ele>8</ele>
      </trkpt>
      <trkpt lat="33.952688" lon="134.581567">
        <ele>7</ele>
      </trkpt>
      <trkpt lat="33.952187" lon="134.579902">
        <ele>11</ele>
      </trkpt>
      <trkpt lat="33.952153" lon="134.578983">
        <ele>11</ele>
      </trkpt>
      <trkpt lat="33.95176" lon="134.578318">
        <ele>9</ele>
      </trkpt>
      <trkpt lat="33.950673" lon="134.577242">
        <ele>12</ele>
      </trkpt>
      <trkpt lat="33.949547" lon="134.577288">
        <ele>23</ele>
      </trkpt>
      <trkpt lat="33.949218" lon="134.576933">
        <ele>27</ele>
      </trkpt>
      <trkpt lat="33.948457" lon="134.575542">
        <ele>38</ele>
      </trkpt>
      <trkpt lat="33.947055" lon="134.574883">
        <ele>37</ele>
      </trkpt>
      <trkpt lat="33.947232" lon="134.573988">
        <ele>42</ele>
      </trkpt>
      <trkpt lat="33.947559" lon="134.57363">
        <ele>37</ele>
      </trkpt>
      <trkpt lat="33.947614" lon="134.573102">
        <ele>38</ele>
      </trkpt>
      <trkpt lat="33.947638" lon="134.57248">
        <ele>40</ele>
      </trkpt>
      <trkpt lat="33.947642" lon="134.570423">
        <ele>47</ele>
      </trkpt>
      <trkpt lat="33.947947" lon="134.56844">
        <ele>47</ele>
      </trkpt>
      <trkpt lat="33.948806" lon="134.56645">
        <ele>37</ele>
      </trkpt>
      <trkpt lat="33.948851" lon="134.565041">
        <ele>40</ele>
      </trkpt>
      <trkpt lat="33.948822" lon="134.563576">
        <ele>42</ele>
      </trkpt>
      <trkpt lat="33.948789" lon="134.562758">
        <ele>37</ele>
      </trkpt>
      <trkpt lat="33.948876" lon="134.562445">
        <ele>36</ele>
      </trkpt>
      <trkpt lat="33.950028" lon="134.561024">
        <ele>33</ele>
      </trkpt>
      <trkpt lat="33.950179" lon="134.560748">
        <ele>32</ele>
      </trkpt>
      <trkpt lat="33.95019" lon="134.560161">
        <ele>29</ele>
      </trkpt>
      <trkpt lat="33.949917" lon="134.558813">
        <ele>30</ele>
      </trkpt>
      <trkpt lat="33.949201" lon="134.558605">
        <ele>35</ele>
      </trkpt>
      <trkpt lat="33.949026" lon="134.558491">
        <ele>37</ele>
      </trkpt>
      <trkpt lat="33.948974" lon="134.558172">
        <ele>34</ele>
      </trkpt>
      <trkpt lat="33.948997" lon="134.556976">
        <ele>27</ele>
      </trkpt>
      <trkpt lat="33.948982" lon="134.556135">
        <ele>28</ele>
      </trkpt>
      <trkpt lat="33.948915" lon="134.555817">
        <ele>29</ele>
      </trkpt>
      <trkpt lat="33.948784" lon="134.555403">
        <ele>28</ele>
      </trkpt>
      <trkpt lat="33.948759" lon="134.555014">
        <ele>27</ele>
      </trkpt>
      <trkpt lat="33.9488" lon="134.554734">
        <ele>26</ele>
      </trkpt>
      <trkpt lat="33.949039" lon="134.554419">
        <ele>24</ele>
      </trkpt>
      <trkpt lat="33.949214" lon="134.554067">
        <ele>22</ele>
      </trkpt>
      <trkpt lat="33.949263" lon="134.553667">
        <ele>21</ele>
      </trkpt>
      <trkpt lat="33.949258" lon="134.552636">
        <ele>18</ele>
      </trkpt>
      <trkpt lat="33.949074" lon="134.552586">
        <ele>18</ele>
      </trkpt>
      <trkpt lat="33.94818" lon="134.552335">
        <ele>20</ele>
      </trkpt>
      <trkpt lat="33.947715" lon="134.551853">
        <ele>20</ele>
      </trkpt>
      <trkpt lat="33.947015" lon="134.550717">
        <ele>21</ele>
      </trkpt>
      <trkpt lat="33.946723" lon="134.549953">
        <ele>20</ele>
      </trkpt>
      <trkpt lat="33.945982" lon="134.546713">
        <ele>21</ele>
      </trkpt>
      <trkpt lat="33.944607" lon="134.543383">
        <ele>22</ele>
      </trkpt>
      <trkpt lat="33.943573" lon="134.541922">
        <ele>28</ele>
      </trkpt>
      <trkpt lat="33.942708" lon="134.539997">
        <ele>28</ele>
      </trkpt>
      <trkpt lat="33.942051" lon="134.539573">
        <ele>31</ele>
      </trkpt>
      <trkpt lat="33.941007" lon="134.53809">
        <ele>28</ele>
      </trkpt>
      <trkpt lat="33.940603" lon="134.537363">
        <ele>32</ele>
      </trkpt>
      <trkpt lat="33.940203" lon="134.535858">
        <ele>29</ele>
      </trkpt>
      <trkpt lat="33.93978" lon="134.535047">
        <ele>26</ele>
      </trkpt>
      <trkpt lat="33.938575" lon="134.533882">
        <ele>36</ele>
      </trkpt>
      <trkpt lat="33.938167" lon="134.53302">
        <ele>33</ele>
      </trkpt>
      <trkpt lat="33.93723" lon="134.531583">
        <ele>28</ele>
      </trkpt>
      <trkpt lat="33.936017" lon="134.530147">
        <ele>26</ele>
      </trkpt>
      <trkpt lat="33.934661" lon="134.527725">
        <ele>32</ele>
      </trkpt>
      <trkpt lat="33.933701" lon="134.526372">
        <ele>30</ele>
      </trkpt>
      <trkpt lat="33.932572" lon="134.526063">
        <ele>37</ele>
      </trkpt>
      <trkpt lat="33.931967" lon="134.525728">
        <ele>42</ele>
      </trkpt>
      <trkpt lat="33.931377" lon="134.523878">
        <ele>34</ele>
      </trkpt>
      <trkpt lat="33.930797" lon="134.523048">
        <ele>35</ele>
      </trkpt>
      <trkpt lat="33.93042" lon="134.522162">
        <ele>34</ele>
      </trkpt>
      <trkpt lat="33.929938" lon="134.520017">
        <ele>33</ele>
      </trkpt>
      <trkpt lat="33.93002" lon="134.519057">
        <ele>30</ele>
      </trkpt>
      <trkpt lat="33.929983" lon="134.518962">
        <ele>30</ele>
      </trkpt>
      <trkpt lat="33.929713" lon="134.518749">
        <ele>31</ele>
      </trkpt>
      <trkpt lat="33.929306" lon="134.518673">
        <ele>32</ele>
      </trkpt>
      <trkpt lat="33.929105" lon="134.518419">
        <ele>32</ele>
      </trkpt>
      <trkpt lat="33.928566" lon="134.518279">
        <ele>35</ele>
      </trkpt>
      <trkpt lat="33.928321" lon="134.518178">
        <ele>36</ele>
      </trkpt>
      <trkpt lat="33.928198" lon="134.517455">
        <ele>37</ele>
      </trkpt>
      <trkpt lat="33.927626" lon="134.516604">
        <ele>43</ele>
      </trkpt>
      <trkpt lat="33.927526" lon="134.516249">
        <ele>44</ele>
      </trkpt>
      <trkpt lat="33.927399" lon="134.516212">
        <ele>46</ele>
      </trkpt>
      <trkpt lat="33.927135" lon="134.516305">
        <ele>50</ele>
      </trkpt>
      <trkpt lat="33.92698" lon="134.516459">
        <ele>52</ele>
      </trkpt>
      <trkpt lat="33.926724" lon="134.516434">
        <ele>56</ele>
      </trkpt>
      <trkpt lat="33.926562" lon="134.516416">
        <ele>58</ele>
      </trkpt>
      <trkpt lat="33.92641" lon="134.516275">
        <ele>62</ele>
      </trkpt>
      <trkpt lat="33.92638" lon="134.516117">
        <ele>65</ele>
      </trkpt>
      <trkpt lat="33.926129" lon="134.516005">
        <ele>72</ele>
      </trkpt>
      <trkpt lat="33.925918" lon="134.515599">
        <ele>79</ele>
      </trkpt>
      <trkpt lat="33.925362" lon="134.51525">
        <ele>89</ele>
      </trkpt>
      <trkpt lat="33.925209" lon="134.515242">
        <ele>92</ele>
      </trkpt>
      <trkpt lat="33.925095" lon="134.515402">
        <ele>93</ele>
      </trkpt>
      <trkpt lat="33.924904" lon="134.515451">
        <ele>96</ele>
      </trkpt>
      <trkpt lat="33.924022" lon="134.515365">
        <ele>111</ele>
      </trkpt>
      <trkpt lat="33.923891" lon="134.515437">
        <ele>113</ele>
      </trkpt>
      <trkpt lat="33.923615" lon="134.515353">
        <ele>119</ele>
      </trkpt>
      <trkpt lat="33.923249" lon="134.515376">
        <ele>126</ele>
      </trkpt>
      <trkpt lat="33.923175" lon="134.51535">
        <ele>128</ele>
      </trkpt>
      <trkpt lat="33.922942" lon="134.515506">
        <ele>134</ele>
      </trkpt>
      <trkpt lat="33.921795" lon="134.515246">
        <ele>163</ele>
      </trkpt>
      <trkpt lat="33.921604" lon="134.515074">
        <ele>168</ele>
      </trkpt>
      <trkpt lat="33.920684" lon="134.51514">
        <ele>197</ele>
      </trkpt>
      <trkpt lat="33.920669" lon="134.515142">
        <ele>197</ele>
      </trkpt>
      <trkpt lat="33.920374" lon="134.51517">
        <ele>211</ele>
      </trkpt>
      <trkpt lat="33.920194" lon="134.515336">
        <ele>220</ele>
      </trkpt>
      <trkpt lat="33.919686" lon="134.515605">
        <ele>241</ele>
      </trkpt>
      <trkpt lat="33.919731" lon="134.515303">
        <ele>239</ele>
      </trkpt>
      <trkpt lat="33.919662" lon="134.514979">
        <ele>241</ele>
      </trkpt>
      <trkpt lat="33.919439" lon="134.514653">
        <ele>245</ele>
      </trkpt>
      <trkpt lat="33.919145" lon="134.514557">
        <ele>259</ele>
      </trkpt>
      <trkpt lat="33.918848" lon="134.514535">
        <ele>270</ele>
      </trkpt>
      <trkpt lat="33.918618" lon="134.514677">
        <ele>280</ele>
      </trkpt>
      <trkpt lat="33.918454" lon="134.514688">
        <ele>286</ele>
      </trkpt>
      <trkpt lat="33.918295" lon="134.514545">
        <ele>292</ele>
      </trkpt>
      <trkpt lat="33.918232" lon="134.514337">
        <ele>294</ele>
      </trkpt>
      <trkpt lat="33.91817" lon="134.514138">
        <ele>296</ele>
      </trkpt>
      <trkpt lat="33.917655" lon="134.513531">
        <ele>312</ele>
      </trkpt>
      <trkpt lat="33.916842" lon="134.513607">
        <ele>337</ele>
      </trkpt>
      <trkpt lat="33.91641" lon="134.513381">
        <ele>344</ele>
      </trkpt>
      <trkpt lat="33.915618" lon="134.513132">
        <ele>343</ele>
      </trkpt>
      <trkpt lat="33.915521" lon="134.512604">
        <ele>356</ele>
      </trkpt>
      <trkpt lat="33.91523" lon="134.512098">
        <ele>368</ele>
      </trkpt>
      <trkpt lat="33.915037" lon="134.511697">
        <ele>384</ele>
      </trkpt>
      <trkpt lat="33.914883" lon="134.511569">
        <ele>383</ele>
      </trkpt>
      <trkpt lat="33.914862" lon="134.511393">
        <ele>388</ele>
      </trkpt>
      <trkpt lat="33.914813" lon="134.511253">
        <ele>391</ele>
      </trkpt>
      <trkpt lat="33.914904" lon="134.509927">
        <ele>439</ele>
      </trkpt>
      <trkpt lat="33.91518" lon="134.509078">
        <ele>454</ele>
      </trkpt>
      <trkpt lat="33.915298" lon="134.508268">
        <ele>460</ele>
      </trkpt>
      <trkpt lat="33.915188" lon="134.507413">
        <ele>471</ele>
      </trkpt>
      <trkpt lat="33.915121" lon="134.506842">
        <ele>475</ele>
      </trkpt>
      <trkpt lat="33.914873" lon="134.506397">
        <ele>479</ele>
      </trkpt>
      <trkpt lat="33.914561" lon="134.506048">
        <ele>480</ele>
      </trkpt>
      <trkpt lat="33.914119" lon="134.505708">
        <ele>488</ele>
      </trkpt>
      <trkpt lat="33.91391" lon="134.505744">
        <ele>482</ele>
      </trkpt>
      <trkpt lat="33.913806" lon="134.505782">
        <ele>479</ele>
      </trkpt>
      <trkpt lat="33.913944" lon="134.506255">
        <ele>469</ele>
      </trkpt>
      <trkpt lat="33.91397" lon="134.506408">
        <ele>465</ele>
      </trkpt>
      <trkpt lat="33.913762" lon="134.506396">
        <ele>460</ele>
      </trkpt>
      <trkpt lat="33.913167" lon="134.507604">
        <ele>405</ele>
      </trkpt>
      <trkpt lat="33.912724" lon="134.508859">
        <ele>370</ele>
      </trkpt>
      <trkpt lat="33.91248" lon="134.509164">
        <ele>354</ele>
      </trkpt>
      <trkpt lat="33.912033" lon="134.509271">
        <ele>326</ele>
      </trkpt>
      <trkpt lat="33.911099" lon="134.50923">
        <ele>284</ele>
      </trkpt>
      <trkpt lat="33.911063" lon="134.509456">
        <ele>280</ele>
      </trkpt>
      <trkpt lat="33.911056" lon="134.509476">
        <ele>279</ele>
      </trkpt>
      <trkpt lat="33.91098" lon="134.509773">
        <ele>272</ele>
      </trkpt>
      <trkpt lat="33.910922" lon="134.509819">
        <ele>270</ele>
      </trkpt>
      <trkpt lat="33.91032" lon="134.509667">
        <ele>250</ele>
      </trkpt>
      <trkpt lat="33.909864" lon="134.509879">
        <ele>230</ele>
      </trkpt>
      <trkpt lat="33.909488" lon="134.510082">
        <ele>213</ele>
      </trkpt>
      <trkpt lat="33.909465" lon="134.510095">
        <ele>212</ele>
      </trkpt>
      <trkpt lat="33.909265" lon="134.510316">
        <ele>201</ele>
      </trkpt>
      <trkpt lat="33.909228" lon="134.510436">
        <ele>199</ele>
      </trkpt>
      <trkpt lat="33.909358" lon="134.510477">
        <ele>200</ele>
      </trkpt>
      <trkpt lat="33.909366" lon="134.510476">
        <ele>200</ele>
      </trkpt>
      <trkpt lat="33.909496" lon="134.510393">
        <ele>204</ele>
      </trkpt>
      <trkpt lat="33.909505" lon="134.510392">
        <ele>205</ele>
      </trkpt>
      <trkpt lat="33.909758" lon="134.51036">
        <ele>211</ele>
      </trkpt>
      <trkpt lat="33.910127" lon="134.510475">
        <ele>215</ele>
      </trkpt>
      <trkpt lat="33.909811" lon="134.510709">
        <ele>197</ele>
      </trkpt>
      <trkpt lat="33.909636" lon="134.510822">
        <ele>192</ele>
      </trkpt>
      <trkpt lat="33.909981" lon="134.510827">
        <ele>191</ele>
      </trkpt>
      <trkpt lat="33.91003" lon="134.510929">
        <ele>191</ele>
      </trkpt>
      <trkpt lat="33.909895" lon="134.511048">
        <ele>189</ele>
      </trkpt>
      <trkpt lat="33.909569" lon="134.511223">
        <ele>184</ele>
      </trkpt>
      <trkpt lat="33.909169" lon="134.512264">
        <ele>153</ele>
      </trkpt>
      <trkpt lat="33.909184" lon="134.512631">
        <ele>146</ele>
      </trkpt>
      <trkpt lat="33.909285" lon="134.513026">
        <ele>139</ele>
      </trkpt>
      <trkpt lat="33.909404" lon="134.513371">
        <ele>133</ele>
      </trkpt>
      <trkpt lat="33.909242" lon="134.513534">
        <ele>125</ele>
      </trkpt>
      <trkpt lat="33.909147" lon="134.514046">
        <ele>111</ele>
      </trkpt>
      <trkpt lat="33.909053" lon="134.514464">
        <ele>102</ele>
      </trkpt>
      <trkpt lat="33.909085" lon="134.514859">
        <ele>93</ele>
      </trkpt>
      <trkpt lat="33.909229" lon="134.515167">
        <ele>90</ele>
      </trkpt>
      <trkpt lat="33.909257" lon="134.515512">
        <ele>87</ele>
      </trkpt>
      <trkpt lat="33.909023" lon="134.5161">
        <ele>75</ele>
      </trkpt>
      <trkpt lat="33.908856" lon="134.516232">
        <ele>70</ele>
      </trkpt>
      <trkpt lat="33.908615" lon="134.516929">
        <ele>55</ele>
      </trkpt>
      <trkpt lat="33.908751" lon="134.517083">
        <ele>55</ele>
      </trkpt>
      <trkpt lat="33.908829" lon="134.5174">
        <ele>51</ele>
      </trkpt>
      <trkpt lat="33.908831" lon="134.517424">
        <ele>51</ele>
      </trkpt>
      <trkpt lat="33.90881" lon="134.517543">
        <ele>49</ele>
      </trkpt>
      <trkpt lat="33.908726" lon="134.517689">
        <ele>47</ele>
      </trkpt>
      <trkpt lat="33.908712" lon="134.517696">
        <ele>47</ele>
      </trkpt>
      <trkpt lat="33.908564" lon="134.517818">
        <ele>45</ele>
      </trkpt>
      <trkpt lat="33.908478" lon="134.517895">
        <ele>44</ele>
      </trkpt>
      <trkpt lat="33.908457" lon="134.518071">
        <ele>42</ele>
      </trkpt>
      <trkpt lat="33.908436" lon="134.518231">
        <ele>41</ele>
      </trkpt>
      <trkpt lat="33.908253" lon="134.518238">
        <ele>41</ele>
      </trkpt>
      <trkpt lat="33.908119" lon="134.518229">
        <ele>41</ele>
      </trkpt>
      <trkpt lat="33.907539" lon="134.51844">
        <ele>42</ele>
      </trkpt>
      <trkpt lat="33.907069" lon="134.518577">
        <ele>41</ele>
      </trkpt>
      <trkpt lat="33.906462" lon="134.518399">
        <ele>43</ele>
      </trkpt>
      <trkpt lat="33.906051" lon="134.518172">
        <ele>46</ele>
      </trkpt>
      <trkpt lat="33.905296" lon="134.52059">
        <ele>49</ele>
      </trkpt>
      <trkpt lat="33.904979" lon="134.520531">
        <ele>50</ele>
      </trkpt>
      <trkpt lat="33.904721" lon="134.52028">
        <ele>46</ele>
      </trkpt>
      <trkpt lat="33.904549" lon="134.520292">
        <ele>48</ele>
      </trkpt>
      <trkpt lat="33.904493" lon="134.520728">
        <ele>56</ele>
      </trkpt>
      <trkpt lat="33.903838" lon="134.52033">
        <ele>60</ele>
      </trkpt>
      <trkpt lat="33.903394" lon="134.519506">
        <ele>64</ele>
      </trkpt>
      <trkpt lat="33.902965" lon="134.519515">
        <ele>77</ele>
      </trkpt>
      <trkpt lat="33.902685" lon="134.519922">
        <ele>81</ele>
      </trkpt>
      <trkpt lat="33.902346" lon="134.519882">
        <ele>87</ele>
      </trkpt>
      <trkpt lat="33.902009" lon="134.519397">
        <ele>104</ele>
      </trkpt>
      <trkpt lat="33.901638" lon="134.519452">
        <ele>111</ele>
      </trkpt>
      <trkpt lat="33.901381" lon="134.51962">
        <ele>111</ele>
      </trkpt>
      <trkpt lat="33.901301" lon="134.519795">
        <ele>105</ele>
      </trkpt>
      <trkpt lat="33.900518" lon="134.520138">
        <ele>120</ele>
      </trkpt>
      <trkpt lat="33.900524" lon="134.52053">
        <ele>110</ele>
      </trkpt>
      <trkpt lat="33.900422" lon="134.520748">
        <ele>110</ele>
      </trkpt>
      <trkpt lat="33.900056" lon="134.521107">
        <ele>118</ele>
      </trkpt>
      <trkpt lat="33.899608" lon="134.521909">
        <ele>119</ele>
      </trkpt>
      <trkpt lat="33.899306" lon="134.522146">
        <ele>126</ele>
      </trkpt>
      <trkpt lat="33.899157" lon="134.522036">
        <ele>132</ele>
      </trkpt>
      <trkpt lat="33.898968" lon="134.521783">
        <ele>141</ele>
      </trkpt>
      <trkpt lat="33.898709" lon="134.521784">
        <ele>146</ele>
      </trkpt>
      <trkpt lat="33.898309" lon="134.521857">
        <ele>152</ele>
      </trkpt>
      <trkpt lat="33.898157" lon="134.521727">
        <ele>158</ele>
      </trkpt>
      <trkpt lat="33.898006" lon="134.52178">
        <ele>161</ele>
      </trkpt>
      <trkpt lat="33.897896" lon="134.521961">
        <ele>161</ele>
      </trkpt>
      <trkpt lat="33.897417" lon="134.5221">
        <ele>170</ele>
      </trkpt>
      <trkpt lat="33.896938" lon="134.522233">
        <ele>173</ele>
      </trkpt>
      <trkpt lat="33.896719" lon="134.522506">
        <ele>164</ele>
      </trkpt>
      <trkpt lat="33.896189" lon="134.522635">
        <ele>169</ele>
      </trkpt>
      <trkpt lat="33.895323" lon="134.522722">
        <ele>170</ele>
      </trkpt>
      <trkpt lat="33.895057" lon="134.52258">
        <ele>164</ele>
      </trkpt>
      <trkpt lat="33.894713" lon="134.522162">
        <ele>177</ele>
      </trkpt>
      <trkpt lat="33.89422" lon="134.522135">
        <ele>185</ele>
      </trkpt>
      <trkpt lat="33.894006" lon="134.52204">
        <ele>187</ele>
      </trkpt>
      <trkpt lat="33.893669" lon="134.521655">
        <ele>184</ele>
      </trkpt>
      <trkpt lat="33.89342" lon="134.521841">
        <ele>190</ele>
      </trkpt>
      <trkpt lat="33.893181" lon="134.521891">
        <ele>195</ele>
      </trkpt>
      <trkpt lat="33.89282" lon="134.521535">
        <ele>193</ele>
      </trkpt>
      <trkpt lat="33.892551" lon="134.521445">
        <ele>196</ele>
      </trkpt>
      <trkpt lat="33.892037" lon="134.521496">
        <ele>187</ele>
      </trkpt>
      <trkpt lat="33.891912" lon="134.521509">
        <ele>184</ele>
      </trkpt>
      <trkpt lat="33.891745" lon="134.521669">
        <ele>179</ele>
      </trkpt>
      <trkpt lat="33.891132" lon="134.521914">
        <ele>192</ele>
      </trkpt>
      <trkpt lat="33.890965" lon="134.522074">
        <ele>196</ele>
      </trkpt>
      <trkpt lat="33.890902" lon="134.522496">
        <ele>198</ele>
      </trkpt>
      <trkpt lat="33.890658" lon="134.52254">
        <ele>206</ele>
      </trkpt>
      <trkpt lat="33.890487" lon="134.522169">
        <ele>213</ele>
      </trkpt>
      <trkpt lat="33.890255" lon="134.52192">
        <ele>222</ele>
      </trkpt>
      <trkpt lat="33.890283" lon="134.522314">
        <ele>223</ele>
      </trkpt>
      <trkpt lat="33.890105" lon="134.522855">
        <ele>229</ele>
      </trkpt>
      <trkpt lat="33.890084" lon="134.522881">
        <ele>230</ele>
      </trkpt>
      <trkpt lat="33.889812" lon="134.523278">
        <ele>238</ele>
      </trkpt>
      <trkpt lat="33.889627" lon="134.522419">
        <ele>252</ele>
      </trkpt>
      <trkpt lat="33.889599" lon="134.522419">
        <ele>254</ele>
      </trkpt>
      <trkpt lat="33.889558" lon="134.522427">
        <ele>255</ele>
      </trkpt>
      <trkpt lat="33.889026" lon="134.521997">
        <ele>262</ele>
      </trkpt>
      <trkpt lat="33.888747" lon="134.5223">
        <ele>277</ele>
      </trkpt>
      <trkpt lat="33.888391" lon="134.522468">
        <ele>291</ele>
      </trkpt>
      <trkpt lat="33.888174" lon="134.522858">
        <ele>298</ele>
      </trkpt>
      <trkpt lat="33.886979" lon="134.523479">
        <ele>343</ele>
      </trkpt>
      <trkpt lat="33.885775" lon="134.523747">
        <ele>379</ele>
      </trkpt>
      <trkpt lat="33.885223" lon="134.523814">
        <ele>398</ele>
      </trkpt>
      <trkpt lat="33.884823" lon="134.523778">
        <ele>411</ele>
      </trkpt>
      <trkpt lat="33.884163" lon="134.523988">
        <ele>437</ele>
      </trkpt>
      <trkpt lat="33.883899" lon="134.525013">
        <ele>427</ele>
      </trkpt>
      <trkpt lat="33.883046" lon="134.522993">
        <ele>460</ele>
      </trkpt>
      <trkpt lat="33.882495" lon="134.522327">
        <ele>482</ele>
      </trkpt>
      <trkpt lat="33.882528" lon="134.521705">
        <ele>486</ele>
      </trkpt>
      <trkpt lat="33.882409" lon="134.521731">
        <ele>486</ele>
      </trkpt>
      <trkpt lat="33.882409" lon="134.522171">
        <ele>481</ele>
      </trkpt>
      <trkpt lat="33.882439" lon="134.522405">
        <ele>479</ele>
      </trkpt>
      <trkpt lat="33.88294" lon="134.523038">
        <ele>460</ele>
      </trkpt>
      <trkpt lat="33.883826" lon="134.525107">
        <ele>423</ele>
      </trkpt>
      <trkpt lat="33.883722" lon="134.525382">
        <ele>410</ele>
      </trkpt>
      <trkpt lat="33.883308" lon="134.525331">
        <ele>405</ele>
      </trkpt>
      <trkpt lat="33.882903" lon="134.525508">
        <ele>384</ele>
      </trkpt>
      <trkpt lat="33.882465" lon="134.525176">
        <ele>384</ele>
      </trkpt>
      <trkpt lat="33.882453" lon="134.524742">
        <ele>399</ele>
      </trkpt>
      <trkpt lat="33.882126" lon="134.524472">
        <ele>396</ele>
      </trkpt>
      <trkpt lat="33.881675" lon="134.524353">
        <ele>386</ele>
      </trkpt>
      <trkpt lat="33.881278" lon="134.524955">
        <ele>347</ele>
      </trkpt>
      <trkpt lat="33.880969" lon="134.52487">
        <ele>344</ele>
      </trkpt>
      <trkpt lat="33.88046" lon="134.524347">
        <ele>346</ele>
      </trkpt>
      <trkpt lat="33.879917" lon="134.524188">
        <ele>332</ele>
      </trkpt>
      <trkpt lat="33.879828" lon="134.523923">
        <ele>341</ele>
      </trkpt>
      <trkpt lat="33.879835" lon="134.524476">
        <ele>324</ele>
      </trkpt>
      <trkpt lat="33.880248" lon="134.525198">
        <ele>309</ele>
      </trkpt>
      <trkpt lat="33.879667" lon="134.52508">
        <ele>312</ele>
      </trkpt>
      <trkpt lat="33.88036" lon="134.525545">
        <ele>301</ele>
      </trkpt>
      <trkpt lat="33.880853" lon="134.526258">
        <ele>281</ele>
      </trkpt>
      <trkpt lat="33.88149" lon="134.526743">
        <ele>276</ele>
      </trkpt>
      <trkpt lat="33.882703" lon="134.52921">
        <ele>229</ele>
      </trkpt>
      <trkpt lat="33.883488" lon="134.532023">
        <ele>189</ele>
      </trkpt>
      <trkpt lat="33.883217" lon="134.532403">
        <ele>175</ele>
      </trkpt>
      <trkpt lat="33.883073" lon="134.533565">
        <ele>165</ele>
      </trkpt>
      <trkpt lat="33.883483" lon="134.533883">
        <ele>172</ele>
      </trkpt>
      <trkpt lat="33.884233" lon="134.536338">
        <ele>145</ele>
      </trkpt>
      <trkpt lat="33.884528" lon="134.53678">
        <ele>141</ele>
      </trkpt>
      <trkpt lat="33.884948" lon="134.536855">
        <ele>154</ele>
      </trkpt>
      <trkpt lat="33.88492" lon="134.537298">
        <ele>151</ele>
      </trkpt>
      <trkpt lat="33.884337" lon="134.537555">
        <ele>127</ele>
      </trkpt>
      <trkpt lat="33.88415" lon="134.537963">
        <ele>122</ele>
      </trkpt>
      <trkpt lat="33.884172" lon="134.539185">
        <ele>116</ele>
      </trkpt>
      <trkpt lat="33.884945" lon="134.54168">
        <ele>107</ele>
      </trkpt>
      <trkpt lat="33.884627" lon="134.540818">
        <ele>115</ele>
      </trkpt>
      <trkpt lat="33.883981" lon="134.540027">
        <ele>104</ele>
      </trkpt>
      <trkpt lat="33.884439" lon="134.540723">
        <ele>107</ele>
      </trkpt>
      <trkpt lat="33.884377" lon="134.542317">
        <ele>96</ele>
      </trkpt>
      <trkpt lat="33.884495" lon="134.542994">
        <ele>95</ele>
      </trkpt>
      <trkpt lat="33.885022" lon="134.543493">
        <ele>86</ele>
      </trkpt>
      <trkpt lat="33.885759" lon="134.543633">
        <ele>85</ele>
      </trkpt>
      <trkpt lat="33.885882" lon="134.544337">
        <ele>78</ele>
      </trkpt>
      <trkpt lat="33.884797" lon="134.545428">
        <ele>99</ele>
      </trkpt>
      <trkpt lat="33.884487" lon="134.545933">
        <ele>103</ele>
      </trkpt>
      <trkpt lat="33.884602" lon="134.54737">
        <ele>90</ele>
      </trkpt>
      <trkpt lat="33.884451" lon="134.547779">
        <ele>88</ele>
      </trkpt>
      <trkpt lat="33.883715" lon="134.54748">
        <ele>102</ele>
      </trkpt>
      <trkpt lat="33.883629" lon="134.547112">
        <ele>110</ele>
      </trkpt>
      <trkpt lat="33.883277" lon="134.547903">
        <ele>108</ele>
      </trkpt>
      <trkpt lat="33.882428" lon="134.548217">
        <ele>123</ele>
      </trkpt>
      <trkpt lat="33.881757" lon="134.548955">
        <ele>129</ele>
      </trkpt>
      <trkpt lat="33.880942" lon="134.549503">
        <ele>134</ele>
      </trkpt>
      <trkpt lat="33.88011" lon="134.550453">
        <ele>131</ele>
      </trkpt>
      <trkpt lat="33.879223" lon="134.552136">
        <ele>142</ele>
      </trkpt>
      <trkpt lat="33.878823" lon="134.552406">
        <ele>141</ele>
      </trkpt>
      <trkpt lat="33.878327" lon="134.55246">
        <ele>142</ele>
      </trkpt>
      <trkpt lat="33.877438" lon="134.553">
        <ele>146</ele>
      </trkpt>
      <trkpt lat="33.877045" lon="134.553422">
        <ele>143</ele>
      </trkpt>
      <trkpt lat="33.87645" lon="134.553615">
        <ele>146</ele>
      </trkpt>
      <trkpt lat="33.8754" lon="134.553357">
        <ele>146</ele>
      </trkpt>
      <trkpt lat="33.874903" lon="134.553553">
        <ele>146</ele>
      </trkpt>
      <trkpt lat="33.873832" lon="134.554643">
        <ele>146</ele>
      </trkpt>
      <trkpt lat="33.872483" lon="134.555423">
        <ele>144</ele>
      </trkpt>
      <trkpt lat="33.870931" lon="134.55668">
        <ele>142</ele>
      </trkpt>
      <trkpt lat="33.870133" lon="134.556969">
        <ele>142</ele>
      </trkpt>
      <trkpt lat="33.869568" lon="134.556801">
        <ele>143</ele>
      </trkpt>
      <trkpt lat="33.869405" lon="134.556924">
        <ele>144</ele>
      </trkpt>
      <trkpt lat="33.869175" lon="134.557319">
        <ele>147</ele>
      </trkpt>
      <trkpt lat="33.869028" lon="134.557404">
        <ele>152</ele>
      </trkpt>
      <trkpt lat="33.868888" lon="134.558065">
        <ele>153</ele>
      </trkpt>
      <trkpt lat="33.868406" lon="134.558475">
        <ele>155</ele>
      </trkpt>
      <trkpt lat="33.868167" lon="134.558814">
        <ele>158</ele>
      </trkpt>
      <trkpt lat="33.868061" lon="134.55963">
        <ele>158</ele>
      </trkpt>
      <trkpt lat="33.867662" lon="134.560051">
        <ele>165</ele>
      </trkpt>
      <trkpt lat="33.866862" lon="134.560521">
        <ele>172</ele>
      </trkpt>
      <trkpt lat="33.866098" lon="134.560623">
        <ele>167</ele>
      </trkpt>
      <trkpt lat="33.865752" lon="134.561132">
        <ele>163</ele>
      </trkpt>
      <trkpt lat="33.865659" lon="134.561327">
        <ele>165</ele>
      </trkpt>
      <trkpt lat="33.865192" lon="134.561252">
        <ele>165</ele>
      </trkpt>
      <trkpt lat="33.864868" lon="134.561017">
        <ele>165</ele>
      </trkpt>
      <trkpt lat="33.864506" lon="134.561059">
        <ele>170</ele>
      </trkpt>
      <trkpt lat="33.863815" lon="134.560768">
        <ele>176</ele>
      </trkpt>
      <trkpt lat="33.863469" lon="134.560717">
        <ele>180</ele>
      </trkpt>
      <trkpt lat="33.862781" lon="134.560845">
        <ele>190</ele>
      </trkpt>
      <trkpt lat="33.862357" lon="134.561094">
        <ele>200</ele>
      </trkpt>
      <trkpt lat="33.861607" lon="134.561245">
        <ele>218</ele>
      </trkpt>
      <trkpt lat="33.860512" lon="134.561441">
        <ele>248</ele>
      </trkpt>
      <trkpt lat="33.859057" lon="134.562191">
        <ele>235</ele>
      </trkpt>
      <trkpt lat="33.857824" lon="134.56319">
        <ele>197</ele>
      </trkpt>
      <trkpt lat="33.857642" lon="134.563668">
        <ele>193</ele>
      </trkpt>
      <trkpt lat="33.85746" lon="134.564298">
        <ele>192</ele>
      </trkpt>
      <trkpt lat="33.856076" lon="134.565281">
        <ele>176</ele>
      </trkpt>
      <trkpt lat="33.855579" lon="134.565436">
        <ele>160</ele>
      </trkpt>
      <trkpt lat="33.855083" lon="134.566068">
        <ele>146</ele>
      </trkpt>
      <trkpt lat="33.854582" lon="134.56711">
        <ele>123</ele>
      </trkpt>
      <trkpt lat="33.854348" lon="134.567558">
        <ele>112</ele>
      </trkpt>
      <trkpt lat="33.854016" lon="134.56767">
        <ele>105</ele>
      </trkpt>
      <trkpt lat="33.853468" lon="134.567447">
        <ele>90</ele>
      </trkpt>
      <trkpt lat="33.852237" lon="134.567234">
        <ele>69</ele>
      </trkpt>
      <trkpt lat="33.851354" lon="134.567579">
        <ele>63</ele>
      </trkpt>
      <trkpt lat="33.851379" lon="134.567579">
        <ele>63</ele>
      </trkpt>
      <trkpt lat="33.851226" lon="134.568287">
        <ele>65</ele>
      </trkpt>
      <trkpt lat="33.851185" lon="134.56861">
        <ele>69</ele>
      </trkpt>
      <trkpt lat="33.851012" lon="134.568688">
        <ele>67</ele>
      </trkpt>
      <trkpt lat="33.850895" lon="134.568475">
        <ele>60</ele>
      </trkpt>
      <trkpt lat="33.850676" lon="134.568662">
        <ele>61</ele>
      </trkpt>
      <trkpt lat="33.849279" lon="134.569398">
        <ele>49</ele>
      </trkpt>
      <trkpt lat="33.848599" lon="134.569973">
        <ele>45</ele>
      </trkpt>
      <trkpt lat="33.848308" lon="134.570567">
        <ele>43</ele>
      </trkpt>
      <trkpt lat="33.848155" lon="134.570773">
        <ele>43</ele>
      </trkpt>
      <trkpt lat="33.848088" lon="134.571444">
        <ele>45</ele>
      </trkpt>
      <trkpt lat="33.847186" lon="134.572592">
        <ele>39</ele>
      </trkpt>
      <trkpt lat="33.847223" lon="134.574276">
        <ele>37</ele>
      </trkpt>
      <trkpt lat="33.847119" lon="134.574669">
        <ele>37</ele>
      </trkpt>
      <trkpt lat="33.846989" lon="134.575">
        <ele>36</ele>
      </trkpt>
      <trkpt lat="33.846943" lon="134.575187">
        <ele>35</ele>
      </trkpt>
      <trkpt lat="33.846946" lon="134.575433">
        <ele>35</ele>
      </trkpt>
      <trkpt lat="33.848387" lon="134.578255">
        <ele>31</ele>
      </trkpt>
      <trkpt lat="33.850422" lon="134.580808">
        <ele>35</ele>
      </trkpt>
      <trkpt lat="33.850862" lon="134.581355">
        <ele>38</ele>
      </trkpt>
      <trkpt lat="33.850902" lon="134.581798">
        <ele>37</ele>
      </trkpt>
      <trkpt lat="33.851282" lon="134.582407">
        <ele>36</ele>
      </trkpt>
      <trkpt lat="33.851501" lon="134.582776">
        <ele>34</ele>
      </trkpt>
      <trkpt lat="33.851559" lon="134.582921">
        <ele>33</ele>
      </trkpt>
      <trkpt lat="33.851827" lon="134.582802">
        <ele>41</ele>
      </trkpt>
      <trkpt lat="33.851558" lon="134.582992">
        <ele>33</ele>
      </trkpt>
      <trkpt lat="33.851313" lon="134.582532">
        <ele>34</ele>
      </trkpt>
      <trkpt lat="33.850661" lon="134.582765">
        <ele>30</ele>
      </trkpt>
      <trkpt lat="33.850324" lon="134.583093">
        <ele>30</ele>
      </trkpt>
      <trkpt lat="33.849873" lon="134.583242">
        <ele>32</ele>
      </trkpt>
      <trkpt lat="33.849478" lon="134.583334">
        <ele>32</ele>
      </trkpt>
      <trkpt lat="33.849122" lon="134.58352">
        <ele>33</ele>
      </trkpt>
      <trkpt lat="33.848831" lon="134.583682">
        <ele>33</ele>
      </trkpt>
      <trkpt lat="33.848309" lon="134.584003">
        <ele>34</ele>
      </trkpt>
      <trkpt lat="33.847706" lon="134.584555">
        <ele>36</ele>
      </trkpt>
      <trkpt lat="33.847463" lon="134.584818">
        <ele>36</ele>
      </trkpt>
      <trkpt lat="33.847114" lon="134.585134">
        <ele>37</ele>
      </trkpt>
      <trkpt lat="33.846896" lon="134.585246">
        <ele>37</ele>
      </trkpt>
      <trkpt lat="33.84664" lon="134.585256">
        <ele>38</ele>
      </trkpt>
      <trkpt lat="33.846208" lon="134.585347">
        <ele>35</ele>
      </trkpt>
      <trkpt lat="33.846035" lon="134.585463">
        <ele>35</ele>
      </trkpt>
      <trkpt lat="33.845871" lon="134.585669">
        <ele>34</ele>
      </trkpt>
      <trkpt lat="33.845501" lon="134.585862">
        <ele>33</ele>
      </trkpt>
      <trkpt lat="33.844637" lon="134.586347">
        <ele>33</ele>
      </trkpt>
      <trkpt lat="33.844463" lon="134.58643">
        <ele>33</ele>
      </trkpt>
      <trkpt lat="33.844225" lon="134.586453">
        <ele>33</ele>
      </trkpt>
      <trkpt lat="33.843671" lon="134.586353">
        <ele>34</ele>
      </trkpt>
      <trkpt lat="33.843517" lon="134.586339">
        <ele>34</ele>
      </trkpt>
      <trkpt lat="33.843432" lon="134.586343">
        <ele>34</ele>
      </trkpt>
      <trkpt lat="33.843263" lon="134.586384">
        <ele>34</ele>
      </trkpt>
      <trkpt lat="33.842572" lon="134.586673">
        <ele>34</ele>
      </trkpt>
      <trkpt lat="33.841603" lon="134.587096">
        <ele>37</ele>
      </trkpt>
      <trkpt lat="33.841381" lon="134.587256">
        <ele>36</ele>
      </trkpt>
      <trkpt lat="33.841216" lon="134.587441">
        <ele>35</ele>
      </trkpt>
      <trkpt lat="33.840955" lon="134.587724">
        <ele>35</ele>
      </trkpt>
      <trkpt lat="33.840811" lon="134.587853">
        <ele>35</ele>
      </trkpt>
      <trkpt lat="33.840536" lon="134.588179">
        <ele>36</ele>
      </trkpt>
      <trkpt lat="33.840323" lon="134.588298">
        <ele>36</ele>
      </trkpt>
      <trkpt lat="33.840132" lon="134.58836">
        <ele>36</ele>
      </trkpt>
      <trkpt lat="33.839876" lon="134.58835">
        <ele>36</ele>
      </trkpt>
      <trkpt lat="33.839469" lon="134.588292">
        <ele>36</ele>
      </trkpt>
      <trkpt lat="33.838763" lon="134.588041">
        <ele>38</ele>
      </trkpt>
      <trkpt lat="33.838439" lon="134.587835">
        <ele>38</ele>
      </trkpt>
      <trkpt lat="33.838287" lon="134.587678">
        <ele>39</ele>
      </trkpt>
      <trkpt lat="33.838005" lon="134.587573">
        <ele>39</ele>
      </trkpt>
      <trkpt lat="33.837261" lon="134.587378">
        <ele>40</ele>
      </trkpt>
      <trkpt lat="33.836908" lon="134.587365">
        <ele>39</ele>
      </trkpt>
      <trkpt lat="33.836687" lon="134.587368">
        <ele>39</ele>
      </trkpt>
      <trkpt lat="33.836055" lon="134.587524">
        <ele>39</ele>
      </trkpt>
      <trkpt lat="33.835858" lon="134.587607">
        <ele>40</ele>
      </trkpt>
      <trkpt lat="33.835631" lon="134.587829">
        <ele>45</ele>
      </trkpt>
      <trkpt lat="33.835335" lon="134.588026">
        <ele>50</ele>
      </trkpt>
      <trkpt lat="33.835169" lon="134.588156">
        <ele>51</ele>
      </trkpt>
      <trkpt lat="33.834947" lon="134.588357">
        <ele>53</ele>
      </trkpt>
      <trkpt lat="33.834831" lon="134.588444">
        <ele>54</ele>
      </trkpt>
      <trkpt lat="33.834363" lon="134.588573">
        <ele>60</ele>
      </trkpt>
      <trkpt lat="33.833884" lon="134.588702">
        <ele>60</ele>
      </trkpt>
      <trkpt lat="33.833715" lon="134.58875">
        <ele>59</ele>
      </trkpt>
      <trkpt lat="33.833461" lon="134.588802">
        <ele>58</ele>
      </trkpt>
      <trkpt lat="33.833" lon="134.588862">
        <ele>56</ele>
      </trkpt>
      <trkpt lat="33.832719" lon="134.588962">
        <ele>52</ele>
      </trkpt>
      <trkpt lat="33.8324" lon="134.58914">
        <ele>49</ele>
      </trkpt>
      <trkpt lat="33.832154" lon="134.5893">
        <ele>52</ele>
      </trkpt>
      <trkpt lat="33.831957" lon="134.589444">
        <ele>53</ele>
      </trkpt>
      <trkpt lat="33.831723" lon="134.589638">
        <ele>53</ele>
      </trkpt>
      <trkpt lat="33.831507" lon="134.589818">
        <ele>50</ele>
      </trkpt>
      <trkpt lat="33.83124" lon="134.589836">
        <ele>49</ele>
      </trkpt>
      <trkpt lat="33.831005" lon="134.589757">
        <ele>51</ele>
      </trkpt>
      <trkpt lat="33.830714" lon="134.589509">
        <ele>57</ele>
      </trkpt>
      <trkpt lat="33.830313" lon="134.589144">
        <ele>56</ele>
      </trkpt>
      <trkpt lat="33.829929" lon="134.588845">
        <ele>56</ele>
      </trkpt>
      <trkpt lat="33.829745" lon="134.58875">
        <ele>55</ele>
      </trkpt>
      <trkpt lat="33.82955" lon="134.58871">
        <ele>53</ele>
      </trkpt>
      <trkpt lat="33.829221" lon="134.588724">
        <ele>47</ele>
      </trkpt>
      <trkpt lat="33.828914" lon="134.588696">
        <ele>46</ele>
      </trkpt>
      <trkpt lat="33.828674" lon="134.588658">
        <ele>45</ele>
      </trkpt>
      <trkpt lat="33.828356" lon="134.588452">
        <ele>45</ele>
      </trkpt>
      <trkpt lat="33.827978" lon="134.588283">
        <ele>45</ele>
      </trkpt>
      <trkpt lat="33.827755" lon="134.588237">
        <ele>45</ele>
      </trkpt>
      <trkpt lat="33.827636" lon="134.588242">
        <ele>45</ele>
      </trkpt>
      <trkpt lat="33.827478" lon="134.58829">
        <ele>45</ele>
      </trkpt>
      <trkpt lat="33.827107" lon="134.588422">
        <ele>47</ele>
      </trkpt>
      <trkpt lat="33.827021" lon="134.588507">
        <ele>48</ele>
      </trkpt>
      <trkpt lat="33.826967" lon="134.588598">
        <ele>49</ele>
      </trkpt>
      <trkpt lat="33.826936" lon="134.588723">
        <ele>50</ele>
      </trkpt>
      <trkpt lat="33.826667" lon="134.588843">
        <ele>52</ele>
      </trkpt>
      <trkpt lat="33.826649" lon="134.589002">
        <ele>53</ele>
      </trkpt>
      <trkpt lat="33.826647" lon="134.589132">
        <ele>54</ele>
      </trkpt>
      <trkpt lat="33.826633" lon="134.589262">
        <ele>57</ele>
      </trkpt>
      <trkpt lat="33.826637" lon="134.589371">
        <ele>60</ele>
      </trkpt>
      <trkpt lat="33.826506" lon="134.589384">
        <ele>62</ele>
      </trkpt>
      <trkpt lat="33.826356" lon="134.589492">
        <ele>67</ele>
      </trkpt>
      <trkpt lat="33.8262" lon="134.589588">
        <ele>70</ele>
      </trkpt>
      <trkpt lat="33.826023" lon="134.58967">
        <ele>73</ele>
      </trkpt>
      <trkpt lat="33.825928" lon="134.589531">
        <ele>72</ele>
      </trkpt>
      <trkpt lat="33.825844" lon="134.58935">
        <ele>72</ele>
      </trkpt>
      <trkpt lat="33.825735" lon="134.58932">
        <ele>72</ele>
      </trkpt>
      <trkpt lat="33.825565" lon="134.589354">
        <ele>74</ele>
      </trkpt>
      <trkpt lat="33.825344" lon="134.589377">
        <ele>75</ele>
      </trkpt>
      <trkpt lat="33.82517" lon="134.589254">
        <ele>75</ele>
      </trkpt>
      <trkpt lat="33.82489" lon="134.588801">
        <ele>83</ele>
      </trkpt>
      <trkpt lat="33.824516" lon="134.58807">
        <ele>94</ele>
      </trkpt>
      <trkpt lat="33.824389" lon="134.588">
        <ele>96</ele>
      </trkpt>
      <trkpt lat="33.824237" lon="134.588047">
        <ele>97</ele>
      </trkpt>
      <trkpt lat="33.824195" lon="134.588165">
        <ele>96</ele>
      </trkpt>
      <trkpt lat="33.824252" lon="134.588368">
        <ele>94</ele>
      </trkpt>
      <trkpt lat="33.824554" lon="134.589197">
        <ele>86</ele>
      </trkpt>
      <trkpt lat="33.824526" lon="134.58941">
        <ele>87</ele>
      </trkpt>
      <trkpt lat="33.824412" lon="134.589593">
        <ele>90</ele>
      </trkpt>
      <trkpt lat="33.824278" lon="134.589653">
        <ele>93</ele>
      </trkpt>
      <trkpt lat="33.824099" lon="134.589749">
        <ele>96</ele>
      </trkpt>
      <trkpt lat="33.823928" lon="134.589749">
        <ele>97</ele>
      </trkpt>
      <trkpt lat="33.823772" lon="134.589858">
        <ele>98</ele>
      </trkpt>
      <trkpt lat="33.823682" lon="134.590088">
        <ele>96</ele>
      </trkpt>
      <trkpt lat="33.823606" lon="134.590207">
        <ele>95</ele>
      </trkpt>
      <trkpt lat="33.823384" lon="134.590258">
        <ele>94</ele>
      </trkpt>
      <trkpt lat="33.823223" lon="134.590189">
        <ele>97</ele>
      </trkpt>
      <trkpt lat="33.823102" lon="134.590146">
        <ele>100</ele>
      </trkpt>
      <trkpt lat="33.823028" lon="134.590142">
        <ele>101</ele>
      </trkpt>
      <trkpt lat="33.82294" lon="134.590242">
        <ele>101</ele>
      </trkpt>
      <trkpt lat="33.822927" lon="134.590372">
        <ele>99</ele>
      </trkpt>
      <trkpt lat="33.822933" lon="134.590789">
        <ele>93</ele>
      </trkpt>
      <trkpt lat="33.822934" lon="134.591029">
        <ele>90</ele>
      </trkpt>
      <trkpt lat="33.822934" lon="134.591213">
        <ele>88</ele>
      </trkpt>
      <trkpt lat="33.822898" lon="134.591352">
        <ele>87</ele>
      </trkpt>
      <trkpt lat="33.822801" lon="134.591454">
        <ele>87</ele>
      </trkpt>
      <trkpt lat="33.822649" lon="134.591699">
        <ele>85</ele>
      </trkpt>
      <trkpt lat="33.822539" lon="134.59182">
        <ele>84</ele>
      </trkpt>
      <trkpt lat="33.822529" lon="134.592087">
        <ele>80</ele>
      </trkpt>
      <trkpt lat="33.822535" lon="134.592299">
        <ele>78</ele>
      </trkpt>
      <trkpt lat="33.822487" lon="134.592397">
        <ele>76</ele>
      </trkpt>
      <trkpt lat="33.82239" lon="134.592387">
        <ele>78</ele>
      </trkpt>
      <trkpt lat="33.822293" lon="134.592384">
        <ele>80</ele>
      </trkpt>
      <trkpt lat="33.822176" lon="134.592451">
        <ele>80</ele>
      </trkpt>
      <trkpt lat="33.822138" lon="134.592527">
        <ele>80</ele>
      </trkpt>
      <trkpt lat="33.822187" lon="134.592642">
        <ele>77</ele>
      </trkpt>
      <trkpt lat="33.822325" lon="134.592711">
        <ele>74</ele>
      </trkpt>
      <trkpt lat="33.822442" lon="134.592851">
        <ele>71</ele>
      </trkpt>
      <trkpt lat="33.822422" lon="134.592955">
        <ele>70</ele>
      </trkpt>
      <trkpt lat="33.822375" lon="134.593087">
        <ele>68</ele>
      </trkpt>
      <trkpt lat="33.822369" lon="134.593278">
        <ele>66</ele>
      </trkpt>
      <trkpt lat="33.822342" lon="134.593519">
        <ele>65</ele>
      </trkpt>
      <trkpt lat="33.822303" lon="134.593555">
        <ele>66</ele>
      </trkpt>
      <trkpt lat="33.822144" lon="134.593541">
        <ele>66</ele>
      </trkpt>
      <trkpt lat="33.821883" lon="134.593558">
        <ele>67</ele>
      </trkpt>
      <trkpt lat="33.821523" lon="134.593731">
        <ele>65</ele>
      </trkpt>
      <trkpt lat="33.821275" lon="134.593803">
        <ele>63</ele>
      </trkpt>
      <trkpt lat="33.821103" lon="134.593748">
        <ele>63</ele>
      </trkpt>
      <trkpt lat="33.821036" lon="134.5936">
        <ele>66</ele>
      </trkpt>
      <trkpt lat="33.820974" lon="134.593405">
        <ele>70</ele>
      </trkpt>
      <trkpt lat="33.820931" lon="134.593297">
        <ele>72</ele>
      </trkpt>
      <trkpt lat="33.820832" lon="134.593246">
        <ele>73</ele>
      </trkpt>
      <trkpt lat="33.820729" lon="134.593244">
        <ele>75</ele>
      </trkpt>
      <trkpt lat="33.820674" lon="134.593314">
        <ele>74</ele>
      </trkpt>
      <trkpt lat="33.820702" lon="134.593484">
        <ele>70</ele>
      </trkpt>
      <trkpt lat="33.820781" lon="134.593679">
        <ele>64</ele>
      </trkpt>
      <trkpt lat="33.820791" lon="134.593809">
        <ele>61</ele>
      </trkpt>
      <trkpt lat="33.820693" lon="134.593963">
        <ele>59</ele>
      </trkpt>
      <trkpt lat="33.820498" lon="134.594095">
        <ele>58</ele>
      </trkpt>
      <trkpt lat="33.820468" lon="134.59426">
        <ele>57</ele>
      </trkpt>
      <trkpt lat="33.82045" lon="134.594411">
        <ele>58</ele>
      </trkpt>
      <trkpt lat="33.820355" lon="134.594456">
        <ele>58</ele>
      </trkpt>
      <trkpt lat="33.820137" lon="134.594452">
        <ele>58</ele>
      </trkpt>
      <trkpt lat="33.819897" lon="134.594407">
        <ele>60</ele>
      </trkpt>
      <trkpt lat="33.819772" lon="134.594391">
        <ele>62</ele>
      </trkpt>
      <trkpt lat="33.819643" lon="134.594451">
        <ele>63</ele>
      </trkpt>
      <trkpt lat="33.819498" lon="134.594546">
        <ele>63</ele>
      </trkpt>
      <trkpt lat="33.81929" lon="134.595041">
        <ele>59</ele>
      </trkpt>
      <trkpt lat="33.819132" lon="134.595336">
        <ele>54</ele>
      </trkpt>
      <trkpt lat="33.819053" lon="134.595551">
        <ele>49</ele>
      </trkpt>
      <trkpt lat="33.818971" lon="134.595883">
        <ele>44</ele>
      </trkpt>
      <trkpt lat="33.818976" lon="134.596047">
        <ele>43</ele>
      </trkpt>
      <trkpt lat="33.818933" lon="134.596117">
        <ele>43</ele>
      </trkpt>
      <trkpt lat="33.818853" lon="134.596127">
        <ele>43</ele>
      </trkpt>
      <trkpt lat="33.818766" lon="134.596069">
        <ele>44</ele>
      </trkpt>
      <trkpt lat="33.818641" lon="134.59604">
        <ele>44</ele>
      </trkpt>
      <trkpt lat="33.81851" lon="134.596039">
        <ele>44</ele>
      </trkpt>
      <trkpt lat="33.818409" lon="134.596091">
        <ele>44</ele>
      </trkpt>
      <trkpt lat="33.818339" lon="134.596224">
        <ele>42</ele>
      </trkpt>
      <trkpt lat="33.818279" lon="134.5965">
        <ele>38</ele>
      </trkpt>
      <trkpt lat="33.818347" lon="134.596709">
        <ele>36</ele>
      </trkpt>
      <trkpt lat="33.818485" lon="134.596758">
        <ele>38</ele>
      </trkpt>
      <trkpt lat="33.818549" lon="134.59681">
        <ele>38</ele>
      </trkpt>
      <trkpt lat="33.818519" lon="134.596969">
        <ele>37</ele>
      </trkpt>
      <trkpt lat="33.818227" lon="134.597049">
        <ele>33</ele>
      </trkpt>
      <trkpt lat="33.818058" lon="134.597104">
        <ele>32</ele>
      </trkpt>
      <trkpt lat="33.81798" lon="134.597169">
        <ele>31</ele>
      </trkpt>
      <trkpt lat="33.817917" lon="134.59713">
        <ele>31</ele>
      </trkpt>
      <trkpt lat="33.817617" lon="134.59639">
        <ele>30</ele>
      </trkpt>
      <trkpt lat="33.817152" lon="134.596423">
        <ele>38</ele>
      </trkpt>
      <trkpt lat="33.817037" lon="134.595758">
        <ele>35</ele>
      </trkpt>
      <trkpt lat="33.816594" lon="134.594367">
        <ele>28</ele>
      </trkpt>
      <trkpt lat="33.816452" lon="134.594394">
        <ele>31</ele>
      </trkpt>
      <trkpt lat="33.816424" lon="134.594586">
        <ele>33</ele>
      </trkpt>
      <trkpt lat="33.816515" lon="134.594808">
        <ele>32</ele>
      </trkpt>
      <trkpt lat="33.816533" lon="134.594828">
        <ele>32</ele>
      </trkpt>
      <trkpt lat="33.816857" lon="134.595635">
        <ele>36</ele>
      </trkpt>
      <trkpt lat="33.81688" lon="134.59584">
        <ele>37</ele>
      </trkpt>
      <trkpt lat="33.816833" lon="134.595978">
        <ele>40</ele>
      </trkpt>
      <trkpt lat="33.816754" lon="134.596016">
        <ele>42</ele>
      </trkpt>
      <trkpt lat="33.81553" lon="134.594052">
        <ele>47</ele>
      </trkpt>
      <trkpt lat="33.815145" lon="134.591857">
        <ele>54</ele>
      </trkpt>
      <trkpt lat="33.81489" lon="134.591475">
        <ele>57</ele>
      </trkpt>
      <trkpt lat="33.813985" lon="134.590893">
        <ele>65</ele>
      </trkpt>
      <trkpt lat="33.813339" lon="134.590824">
        <ele>83</ele>
      </trkpt>
      <trkpt lat="33.811905" lon="134.590665">
        <ele>110</ele>
      </trkpt>
      <trkpt lat="33.811164" lon="134.59064">
        <ele>84</ele>
      </trkpt>
      <trkpt lat="33.809939" lon="134.591139">
        <ele>67</ele>
      </trkpt>
      <trkpt lat="33.809643" lon="134.591412">
        <ele>77</ele>
      </trkpt>
      <trkpt lat="33.809253" lon="134.591585">
        <ele>83</ele>
      </trkpt>
      <trkpt lat="33.806988" lon="134.590533">
        <ele>85</ele>
      </trkpt>
      <trkpt lat="33.806244" lon="134.5908">
        <ele>75</ele>
      </trkpt>
      <trkpt lat="33.805423" lon="134.59144">
        <ele>74</ele>
      </trkpt>
      <trkpt lat="33.804288" lon="134.591258">
        <ele>79</ele>
      </trkpt>
      <trkpt lat="33.804054" lon="134.591208">
        <ele>80</ele>
      </trkpt>
      <trkpt lat="33.803858" lon="134.591221">
        <ele>78</ele>
      </trkpt>
      <trkpt lat="33.803272" lon="134.59171">
        <ele>74</ele>
      </trkpt>
      <trkpt lat="33.80145" lon="134.592073">
        <ele>77</ele>
      </trkpt>
      <trkpt lat="33.800772" lon="134.591937">
        <ele>79</ele>
      </trkpt>
      <trkpt lat="33.799965" lon="134.591562">
        <ele>75</ele>
      </trkpt>
      <trkpt lat="33.798381" lon="134.590501">
        <ele>79</ele>
      </trkpt>
      <trkpt lat="33.79764" lon="134.590205">
        <ele>89</ele>
      </trkpt>
      <trkpt lat="33.796023" lon="134.591023">
        <ele>84</ele>
      </trkpt>
      <trkpt lat="33.794913" lon="134.59213">
        <ele>100</ele>
      </trkpt>
      <trkpt lat="33.794175" lon="134.59239">
        <ele>89</ele>
      </trkpt>
      <trkpt lat="33.793844" lon="134.594207">
        <ele>92</ele>
      </trkpt>
      <trkpt lat="33.79341" lon="134.595412">
        <ele>91</ele>
      </trkpt>
      <trkpt lat="33.792678" lon="134.596532">
        <ele>90</ele>
      </trkpt>
      <trkpt lat="33.792723" lon="134.59832">
        <ele>98</ele>
      </trkpt>
      <trkpt lat="33.792217" lon="134.598944">
        <ele>101</ele>
      </trkpt>
      <trkpt lat="33.791467" lon="134.599038">
        <ele>111</ele>
      </trkpt>
      <trkpt lat="33.790263" lon="134.599633">
        <ele>124</ele>
      </trkpt>
      <trkpt lat="33.789471" lon="134.59937">
        <ele>121</ele>
      </trkpt>
      <trkpt lat="33.7885" lon="134.598585">
        <ele>133</ele>
      </trkpt>
      <trkpt lat="33.787548" lon="134.598205">
        <ele>134</ele>
      </trkpt>
      <trkpt lat="33.787215" lon="134.597258">
        <ele>123</ele>
      </trkpt>
      <trkpt lat="33.788275" lon="134.595407">
        <ele>117</ele>
      </trkpt>
      <trkpt lat="33.78661" lon="134.593745">
        <ele>102</ele>
      </trkpt>
      <trkpt lat="33.785514" lon="134.591493">
        <ele>82</ele>
      </trkpt>
      <trkpt lat="33.784603" lon="134.591311">
        <ele>81</ele>
      </trkpt>
      <trkpt lat="33.783718" lon="134.591874">
        <ele>83</ele>
      </trkpt>
      <trkpt lat="33.783153" lon="134.592783">
        <ele>67</ele>
      </trkpt>
      <trkpt lat="33.782805" lon="134.593893">
        <ele>59</ele>
      </trkpt>
      <trkpt lat="33.78212" lon="134.594858">
        <ele>51</ele>
      </trkpt>
      <trkpt lat="33.781062" lon="134.594891">
        <ele>51</ele>
      </trkpt>
      <trkpt lat="33.779913" lon="134.594515">
        <ele>48</ele>
      </trkpt>
      <trkpt lat="33.778835" lon="134.595208">
        <ele>34</ele>
      </trkpt>
      <trkpt lat="33.778275" lon="134.594623">
        <ele>47</ele>
      </trkpt>
      <trkpt lat="33.775391" lon="134.589343">
        <ele>27</ele>
      </trkpt>
      <trkpt lat="33.773662" lon="134.588235">
        <ele>33</ele>
      </trkpt>
      <trkpt lat="33.772217" lon="134.586684">
        <ele>11</ele>
      </trkpt>
      <trkpt lat="33.772272" lon="134.585803">
        <ele>7</ele>
      </trkpt>
      <trkpt lat="33.772953" lon="134.585355">
        <ele>4</ele>
      </trkpt>
      <trkpt lat="33.773333" lon="134.584762">
        <ele>4</ele>
      </trkpt>
      <trkpt lat="33.772885" lon="134.584167">
        <ele>6</ele>
      </trkpt>
      <trkpt lat="33.771843" lon="134.580725">
        <ele>8</ele>
      </trkpt>
      <trkpt lat="33.77123" lon="134.5807">
        <ele>8</ele>
      </trkpt>
      <trkpt lat="33.769557" lon="134.579408">
        <ele>6</ele>
      </trkpt>
      <trkpt lat="33.766905" lon="134.578757">
        <ele>43</ele>
      </trkpt>
      <trkpt lat="33.766718" lon="134.579092">
        <ele>27</ele>
      </trkpt>
      <trkpt lat="33.766824" lon="134.579197">
        <ele>29</ele>
      </trkpt>
      <trkpt lat="33.766723" lon="134.579147">
        <ele>26</ele>
      </trkpt>
      <trkpt lat="33.765185" lon="134.577409">
        <ele>32</ele>
      </trkpt>
      <trkpt lat="33.764719" lon="134.576124">
        <ele>23</ele>
      </trkpt>
      <trkpt lat="33.764629" lon="134.574972">
        <ele>13</ele>
      </trkpt>
      <trkpt lat="33.765586" lon="134.574458">
        <ele>4</ele>
      </trkpt>
      <trkpt lat="33.76568" lon="134.575025">
        <ele>6</ele>
      </trkpt>
      <trkpt lat="33.765623" lon="134.574442">
        <ele>5</ele>
      </trkpt>
      <trkpt lat="33.7655" lon="134.574475">
        <ele>4</ele>
      </trkpt>
      <trkpt lat="33.766088" lon="134.57373">
        <ele>7</ele>
      </trkpt>
      <trkpt lat="33.76639" lon="134.572255">
        <ele>5</ele>
      </trkpt>
      <trkpt lat="33.766876" lon="134.571471">
        <ele>11</ele>
      </trkpt>
      <trkpt lat="33.76704" lon="134.570873">
        <ele>16</ele>
      </trkpt>
      <trkpt lat="33.76703" lon="134.570518">
        <ele>14</ele>
      </trkpt>
      <trkpt lat="33.766816" lon="134.570063">
        <ele>7</ele>
      </trkpt>
      <trkpt lat="33.766653" lon="134.569809">
        <ele>3</ele>
      </trkpt>
      <trkpt lat="33.766399" lon="134.569938">
        <ele>3</ele>
      </trkpt>
      <trkpt lat="33.766288" lon="134.569983">
        <ele>3</ele>
      </trkpt>
      <trkpt lat="33.76626" lon="134.570423">
        <ele>4</ele>
      </trkpt>
      <trkpt lat="33.766096" lon="134.57063">
        <ele>4</ele>
      </trkpt>
      <trkpt lat="33.765822" lon="134.570671">
        <ele>4</ele>
      </trkpt>
      <trkpt lat="33.765687" lon="134.57068">
        <ele>6</ele>
      </trkpt>
      <trkpt lat="33.765584" lon="134.571112">
        <ele>6</ele>
      </trkpt>
      <trkpt lat="33.765493" lon="134.571618">
        <ele>5</ele>
      </trkpt>
      <trkpt lat="33.765313" lon="134.571632">
        <ele>5</ele>
      </trkpt>
      <trkpt lat="33.763788" lon="134.571293">
        <ele>14</ele>
      </trkpt>
      <trkpt lat="33.763405" lon="134.571131">
        <ele>12</ele>
      </trkpt>
      <trkpt lat="33.763149" lon="134.570757">
        <ele>12</ele>
      </trkpt>
      <trkpt lat="33.763045" lon="134.570056">
        <ele>13</ele>
      </trkpt>
      <trkpt lat="33.763027" lon="134.569737">
        <ele>14</ele>
      </trkpt>
      <trkpt lat="33.762727" lon="134.569551">
        <ele>9</ele>
      </trkpt>
      <trkpt lat="33.761854" lon="134.569451">
        <ele>7</ele>
      </trkpt>
      <trkpt lat="33.760507" lon="134.569707">
        <ele>8</ele>
      </trkpt>
      <trkpt lat="33.760094" lon="134.569764">
        <ele>5</ele>
      </trkpt>
      <trkpt lat="33.759527" lon="134.570186">
        <ele>11</ele>
      </trkpt>
      <trkpt lat="33.75927" lon="134.570825">
        <ele>16</ele>
      </trkpt>
      <trkpt lat="33.759023" lon="134.571287">
        <ele>19</ele>
      </trkpt>
      <trkpt lat="33.758768" lon="134.571591">
        <ele>20</ele>
      </trkpt>
      <trkpt lat="33.758634" lon="134.57173">
        <ele>19</ele>
      </trkpt>
      <trkpt lat="33.758175" lon="134.5714">
        <ele>28</ele>
      </trkpt>
      <trkpt lat="33.758059" lon="134.571052">
        <ele>36</ele>
      </trkpt>
      <trkpt lat="33.757956" lon="134.57082">
        <ele>41</ele>
      </trkpt>
      <trkpt lat="33.757324" lon="134.570726">
        <ele>44</ele>
      </trkpt>
      <trkpt lat="33.757187" lon="134.570711">
        <ele>46</ele>
      </trkpt>
      <trkpt lat="33.75701" lon="134.571098">
        <ele>40</ele>
      </trkpt>
      <trkpt lat="33.756781" lon="134.571437">
        <ele>32</ele>
      </trkpt>
      <trkpt lat="33.756571" lon="134.571346">
        <ele>35</ele>
      </trkpt>
      <trkpt lat="33.756267" lon="134.571242">
        <ele>36</ele>
      </trkpt>
      <trkpt lat="33.75604" lon="134.570754">
        <ele>45</ele>
      </trkpt>
      <trkpt lat="33.755799" lon="134.569959">
        <ele>60</ele>
      </trkpt>
      <trkpt lat="33.755582" lon="134.569891">
        <ele>63</ele>
      </trkpt>
      <trkpt lat="33.75505" lon="134.569863">
        <ele>65</ele>
      </trkpt>
      <trkpt lat="33.754849" lon="134.569763">
        <ele>69</ele>
      </trkpt>
      <trkpt lat="33.754656" lon="134.569505">
        <ele>75</ele>
      </trkpt>
      <trkpt lat="33.75442" lon="134.569283">
        <ele>77</ele>
      </trkpt>
      <trkpt lat="33.754185" lon="134.568645">
        <ele>83</ele>
      </trkpt>
      <trkpt lat="33.753964" lon="134.568051">
        <ele>95</ele>
      </trkpt>
      <trkpt lat="33.75379" lon="134.567997">
        <ele>97</ele>
      </trkpt>
      <trkpt lat="33.752862" lon="134.568099">
        <ele>94</ele>
      </trkpt>
      <trkpt lat="33.752723" lon="134.567632">
        <ele>88</ele>
      </trkpt>
      <trkpt lat="33.7528" lon="134.567074">
        <ele>96</ele>
      </trkpt>
      <trkpt lat="33.752315" lon="134.566399">
        <ele>103</ele>
      </trkpt>
      <trkpt lat="33.75198" lon="134.566342">
        <ele>103</ele>
      </trkpt>
      <trkpt lat="33.751865" lon="134.566765">
        <ele>90</ele>
      </trkpt>
      <trkpt lat="33.751697" lon="134.566893">
        <ele>84</ele>
      </trkpt>
      <trkpt lat="33.751075" lon="134.566372">
        <ele>103</ele>
      </trkpt>
      <trkpt lat="33.750628" lon="134.566802">
        <ele>84</ele>
      </trkpt>
      <trkpt lat="33.750135" lon="134.566465">
        <ele>83</ele>
      </trkpt>
      <trkpt lat="33.750058" lon="134.565743">
        <ele>94</ele>
      </trkpt>
      <trkpt lat="33.749683" lon="134.565161">
        <ele>95</ele>
      </trkpt>
      <trkpt lat="33.749572" lon="134.564682">
        <ele>106</ele>
      </trkpt>
      <trkpt lat="33.748863" lon="134.563953">
        <ele>119</ele>
      </trkpt>
      <trkpt lat="33.748944" lon="134.563352">
        <ele>124</ele>
      </trkpt>
      <trkpt lat="33.748974" lon="134.562731">
        <ele>109</ele>
      </trkpt>
      <trkpt lat="33.748872" lon="134.562423">
        <ele>103</ele>
      </trkpt>
      <trkpt lat="33.748851" lon="134.562015">
        <ele>91</ele>
      </trkpt>
      <trkpt lat="33.748861" lon="134.561693">
        <ele>81</ele>
      </trkpt>
      <trkpt lat="33.748616" lon="134.561509">
        <ele>80</ele>
      </trkpt>
      <trkpt lat="33.748473" lon="134.561224">
        <ele>72</ele>
      </trkpt>
      <trkpt lat="33.748527" lon="134.560896">
        <ele>59</ele>
      </trkpt>
      <trkpt lat="33.748413" lon="134.560689">
        <ele>54</ele>
      </trkpt>
      <trkpt lat="33.74818" lon="134.560864">
        <ele>62</ele>
      </trkpt>
      <trkpt lat="33.748057" lon="134.560486">
        <ele>52</ele>
      </trkpt>
      <trkpt lat="33.748106" lon="134.56007">
        <ele>39</ele>
      </trkpt>
      <trkpt lat="33.747889" lon="134.559943">
        <ele>39</ele>
      </trkpt>
      <trkpt lat="33.747876" lon="134.55977">
        <ele>36</ele>
      </trkpt>
      <trkpt lat="33.747748" lon="134.55969">
        <ele>35</ele>
      </trkpt>
      <trkpt lat="33.747317" lon="134.559839">
        <ele>42</ele>
      </trkpt>
      <trkpt lat="33.747225" lon="134.559445">
        <ele>33</ele>
      </trkpt>
      <trkpt lat="33.747125" lon="134.559097">
        <ele>25</ele>
      </trkpt>
      <trkpt lat="33.746961" lon="134.55893">
        <ele>22</ele>
      </trkpt>
      <trkpt lat="33.746688" lon="134.558813">
        <ele>20</ele>
      </trkpt>
      <trkpt lat="33.746215" lon="134.558863">
        <ele>14</ele>
      </trkpt>
      <trkpt lat="33.745793" lon="134.559006">
        <ele>9</ele>
      </trkpt>
      <trkpt lat="33.745468" lon="134.558985">
        <ele>6</ele>
      </trkpt>
      <trkpt lat="33.745191" lon="134.559012">
        <ele>4</ele>
      </trkpt>
      <trkpt lat="33.74495" lon="134.559077">
        <ele>3</ele>
      </trkpt>
      <trkpt lat="33.744822" lon="134.559264">
        <ele>5</ele>
      </trkpt>
      <trkpt lat="33.744266" lon="134.558818">
        <ele>3</ele>
      </trkpt>
      <trkpt lat="33.744912" lon="134.558443">
        <ele>1</ele>
      </trkpt>
      <trkpt lat="33.745029" lon="134.558156">
        <ele>1</ele>
      </trkpt>
      <trkpt lat="33.745008" lon="134.557782">
        <ele>3</ele>
      </trkpt>
      <trkpt lat="33.744994" lon="134.557658">
        <ele>4</ele>
      </trkpt>
      <trkpt lat="33.74504" lon="134.557404">
        <ele>5</ele>
      </trkpt>
      <trkpt lat="33.74502" lon="134.557064">
        <ele>5</ele>
      </trkpt>
      <trkpt lat="33.74496" lon="134.556902">
        <ele>4</ele>
      </trkpt>
      <trkpt lat="33.745047" lon="134.556748">
        <ele>5</ele>
      </trkpt>
      <trkpt lat="33.745031" lon="134.556494">
        <ele>7</ele>
      </trkpt>
      <trkpt lat="33.744586" lon="134.55614">
        <ele>9</ele>
      </trkpt>
      <trkpt lat="33.744281" lon="134.556106">
        <ele>7</ele>
      </trkpt>
      <trkpt lat="33.743995" lon="134.556239">
        <ele>6</ele>
      </trkpt>
      <trkpt lat="33.743714" lon="134.556427">
        <ele>5</ele>
      </trkpt>
      <trkpt lat="33.743484" lon="134.556403">
        <ele>5</ele>
      </trkpt>
      <trkpt lat="33.743097" lon="134.555901">
        <ele>11</ele>
      </trkpt>
      <trkpt lat="33.742796" lon="134.555423">
        <ele>14</ele>
      </trkpt>
      <trkpt lat="33.742196" lon="134.55523">
        <ele>8</ele>
      </trkpt>
      <trkpt lat="33.742187" lon="134.5549">
        <ele>11</ele>
      </trkpt>
      <trkpt lat="33.742202" lon="134.553987">
        <ele>18</ele>
      </trkpt>
      <trkpt lat="33.742022" lon="134.55321">
        <ele>12</ele>
      </trkpt>
      <trkpt lat="33.741546" lon="134.552598">
        <ele>2</ele>
      </trkpt>
      <trkpt lat="33.740953" lon="134.552367">
        <ele>4</ele>
      </trkpt>
      <trkpt lat="33.740385" lon="134.552347">
        <ele>11</ele>
      </trkpt>
      <trkpt lat="33.73995" lon="134.552498">
        <ele>15</ele>
      </trkpt>
      <trkpt lat="33.738805" lon="134.552095">
        <ele>31</ele>
      </trkpt>
      <trkpt lat="33.737668" lon="134.551438">
        <ele>29</ele>
      </trkpt>
      <trkpt lat="33.737077" lon="134.550729">
        <ele>24</ele>
      </trkpt>
      <trkpt lat="33.736678" lon="134.550547">
        <ele>9</ele>
      </trkpt>
      <trkpt lat="33.736818" lon="134.550102">
        <ele>15</ele>
      </trkpt>
      <trkpt lat="33.737453" lon="134.549353">
        <ele>39</ele>
      </trkpt>
      <trkpt lat="33.737834" lon="134.548517">
        <ele>46</ele>
      </trkpt>
      <trkpt lat="33.737757" lon="134.547846">
        <ele>32</ele>
      </trkpt>
      <trkpt lat="33.738503" lon="134.546332">
        <ele>57</ele>
      </trkpt>
      <trkpt lat="33.738358" lon="134.545387">
        <ele>46</ele>
      </trkpt>
      <trkpt lat="33.737733" lon="134.544678">
        <ele>38</ele>
      </trkpt>
      <trkpt lat="33.737467" lon="134.544668">
        <ele>28</ele>
      </trkpt>
      <trkpt lat="33.736733" lon="134.542978">
        <ele>37</ele>
      </trkpt>
      <trkpt lat="33.735722" lon="134.541423">
        <ele>27</ele>
      </trkpt>
      <trkpt lat="33.735698" lon="134.540257">
        <ele>29</ele>
      </trkpt>
      <trkpt lat="33.734923" lon="134.539545">
        <ele>11</ele>
      </trkpt>
      <trkpt lat="33.734536" lon="134.53879">
        <ele>6</ele>
      </trkpt>
      <trkpt lat="33.734387" lon="134.535973">
        <ele>6</ele>
      </trkpt>
      <trkpt lat="33.734053" lon="134.533672">
        <ele>4</ele>
      </trkpt>
      <trkpt lat="33.73295" lon="134.533905">
        <ele>4</ele>
      </trkpt>
      <trkpt lat="33.732004" lon="134.533506">
        <ele>3</ele>
      </trkpt>
      <trkpt lat="33.731924" lon="134.533325">
        <ele>3</ele>
      </trkpt>
      <trkpt lat="33.731953" lon="134.533254">
        <ele>3</ele>
      </trkpt>
      <trkpt lat="33.73223" lon="134.529564">
        <ele>3</ele>
      </trkpt>
      <trkpt lat="33.732288" lon="134.52897">
        <ele>5</ele>
      </trkpt>
      <trkpt lat="33.732318" lon="134.528769">
        <ele>8</ele>
      </trkpt>
      <trkpt lat="33.732208" lon="134.528604">
        <ele>8</ele>
      </trkpt>
      <trkpt lat="33.732008" lon="134.52837">
        <ele>8</ele>
      </trkpt>
      <trkpt lat="33.731984" lon="134.528061">
        <ele>15</ele>
      </trkpt>
      <trkpt lat="33.732016" lon="134.527839">
        <ele>21</ele>
      </trkpt>
      <trkpt lat="33.73213" lon="134.527649">
        <ele>30</ele>
      </trkpt>
      <trkpt lat="33.732152" lon="134.527669">
        <ele>30</ele>
      </trkpt>
    </trkseg>
  </trk>
  <trk>
    <name>Alternative: Kamiyama and Kamiyama Onsen</name>
    <trkseg>
      <trkpt lat="33.987095" lon="134.327879">
        <ele>233.9</ele>
      </trkpt>
      <trkpt lat="33.986971" lon="134.328087">
        <ele>233.7</ele>
      </trkpt>
      <trkpt lat="33.986847" lon="134.328294">
        <ele>233.5</ele>
      </trkpt>
      <trkpt lat="33.986764" lon="134.328399">
        <ele>233.3</ele>
      </trkpt>
      <trkpt lat="33.986698" lon="134.328445">
        <ele>232.7</ele>
      </trkpt>
      <trkpt lat="33.986533" lon="134.328534">
        <ele>231.9</ele>
      </trkpt>
      <trkpt lat="33.98641" lon="134.3286">
        <ele>230.9</ele>
      </trkpt>
      <trkpt lat="33.986331" lon="134.32866">
        <ele>230.5</ele>
      </trkpt>
      <trkpt lat="33.986261" lon="134.328732">
        <ele>230.4</ele>
      </trkpt>
      <trkpt lat="33.986203" lon="134.328807">
        <ele>230.2</ele>
      </trkpt>
      <trkpt lat="33.986118" lon="134.328944">
        <ele>230</ele>
      </trkpt>
      <trkpt lat="33.986063" lon="134.329028">
        <ele>230.2</ele>
      </trkpt>
      <trkpt lat="33.986001" lon="134.329104">
        <ele>230.4</ele>
      </trkpt>
      <trkpt lat="33.985891" lon="134.329245">
        <ele>230.9</ele>
      </trkpt>
      <trkpt lat="33.98578" lon="134.329385">
        <ele>231.9</ele>
      </trkpt>
      <trkpt lat="33.985647" lon="134.329505">
        <ele>232.9</ele>
      </trkpt>
      <trkpt lat="33.985571" lon="134.329545">
        <ele>233</ele>
      </trkpt>
      <trkpt lat="33.985495" lon="134.32957">
        <ele>231.7</ele>
      </trkpt>
      <trkpt lat="33.985343" lon="134.329588">
        <ele>229</ele>
      </trkpt>
      <trkpt lat="33.985214" lon="134.329562">
        <ele>226.2</ele>
      </trkpt>
      <trkpt lat="33.985089" lon="134.329575">
        <ele>223.7</ele>
      </trkpt>
      <trkpt lat="33.98503" lon="134.329604">
        <ele>222.3</ele>
      </trkpt>
      <trkpt lat="33.984991" lon="134.329635">
        <ele>223.1</ele>
      </trkpt>
      <trkpt lat="33.984943" lon="134.329738">
        <ele>225.4</ele>
      </trkpt>
      <trkpt lat="33.984931" lon="134.329962">
        <ele>227.7</ele>
      </trkpt>
      <trkpt lat="33.984906" lon="134.330123">
        <ele>230.2</ele>
      </trkpt>
      <trkpt lat="33.98484" lon="134.330251">
        <ele>231.6</ele>
      </trkpt>
      <trkpt lat="33.984784" lon="134.330337">
        <ele>231.8</ele>
      </trkpt>
      <trkpt lat="33.984598" lon="134.330438">
        <ele>231.2</ele>
      </trkpt>
      <trkpt lat="33.984422" lon="134.330475">
        <ele>230.1</ele>
      </trkpt>
      <trkpt lat="33.984245" lon="134.330512">
        <ele>227.3</ele>
      </trkpt>
      <trkpt lat="33.98399" lon="134.330567">
        <ele>224.4</ele>
      </trkpt>
      <trkpt lat="33.983833" lon="134.330618">
        <ele>221.2</ele>
      </trkpt>
      <trkpt lat="33.983698" lon="134.330664">
        <ele>217.8</ele>
      </trkpt>
      <trkpt lat="33.983604" lon="134.330687">
        <ele>214.5</ele>
      </trkpt>
      <trkpt lat="33.983511" lon="134.33069">
        <ele>212.5</ele>
      </trkpt>
      <trkpt lat="33.983261" lon="134.33069">
        <ele>211.3</ele>
      </trkpt>
      <trkpt lat="33.983082" lon="134.330692">
        <ele>210.5</ele>
      </trkpt>
      <trkpt lat="33.982904" lon="134.330695">
        <ele>210.1</ele>
      </trkpt>
      <trkpt lat="33.982725" lon="134.330712">
        <ele>210.2</ele>
      </trkpt>
      <trkpt lat="33.982654" lon="134.330709">
        <ele>210.6</ele>
      </trkpt>
      <trkpt lat="33.982527" lon="134.330676">
        <ele>211</ele>
      </trkpt>
      <trkpt lat="33.982343" lon="134.33061">
        <ele>210.8</ele>
      </trkpt>
      <trkpt lat="33.98216" lon="134.330544">
        <ele>210.5</ele>
      </trkpt>
      <trkpt lat="33.982086" lon="134.330526">
        <ele>210.1</ele>
      </trkpt>
      <trkpt lat="33.982018" lon="134.330528">
        <ele>209.5</ele>
      </trkpt>
      <trkpt lat="33.981956" lon="134.330559">
        <ele>208.9</ele>
      </trkpt>
      <trkpt lat="33.981895" lon="134.330622">
        <ele>208</ele>
      </trkpt>
      <trkpt lat="33.981841" lon="134.330696">
        <ele>207.4</ele>
      </trkpt>
      <trkpt lat="33.981716" lon="134.330973">
        <ele>207.1</ele>
      </trkpt>
      <trkpt lat="33.981604" lon="134.331219">
        <ele>207.6</ele>
      </trkpt>
      <trkpt lat="33.981553" lon="134.331317">
        <ele>208.6</ele>
      </trkpt>
      <trkpt lat="33.981471" lon="134.331419">
        <ele>210</ele>
      </trkpt>
      <trkpt lat="33.981383" lon="134.331468">
        <ele>211.3</ele>
      </trkpt>
      <trkpt lat="33.981245" lon="134.331491">
        <ele>212.2</ele>
      </trkpt>
      <trkpt lat="33.981091" lon="134.331514">
        <ele>212</ele>
      </trkpt>
      <trkpt lat="33.981022" lon="134.331512">
        <ele>211</ele>
      </trkpt>
      <trkpt lat="33.980946" lon="134.331463">
        <ele>209.3</ele>
      </trkpt>
      <trkpt lat="33.980907" lon="134.331369">
        <ele>207.5</ele>
      </trkpt>
      <trkpt lat="33.980854" lon="134.331231">
        <ele>205.5</ele>
      </trkpt>
      <trkpt lat="33.980784" lon="134.331097">
        <ele>203.3</ele>
      </trkpt>
      <trkpt lat="33.980737" lon="134.33103">
        <ele>201.4</ele>
      </trkpt>
      <trkpt lat="33.980625" lon="134.330964">
        <ele>199.9</ele>
      </trkpt>
      <trkpt lat="33.980519" lon="134.330924">
        <ele>198.4</ele>
      </trkpt>
      <trkpt lat="33.980406" lon="134.330918">
        <ele>197.1</ele>
      </trkpt>
      <trkpt lat="33.980325" lon="134.330962">
        <ele>196.1</ele>
      </trkpt>
      <trkpt lat="33.980261" lon="134.331032">
        <ele>195</ele>
      </trkpt>
      <trkpt lat="33.980176" lon="134.331166">
        <ele>194.1</ele>
      </trkpt>
      <trkpt lat="33.980112" lon="134.331339">
        <ele>193.4</ele>
      </trkpt>
      <trkpt lat="33.980045" lon="134.331609">
        <ele>193.3</ele>
      </trkpt>
      <trkpt lat="33.979979" lon="134.33188">
        <ele>194.5</ele>
      </trkpt>
      <trkpt lat="33.979912" lon="134.332151">
        <ele>197.7</ele>
      </trkpt>
      <trkpt lat="33.979852" lon="134.332403">
        <ele>201</ele>
      </trkpt>
      <trkpt lat="33.979791" lon="134.332655">
        <ele>204.5</ele>
      </trkpt>
      <trkpt lat="33.979696" lon="134.332864">
        <ele>207.5</ele>
      </trkpt>
      <trkpt lat="33.979567" lon="134.33307">
        <ele>209</ele>
      </trkpt>
      <trkpt lat="33.979513" lon="134.333125">
        <ele>208.3</ele>
      </trkpt>
      <trkpt lat="33.97941" lon="134.33319">
        <ele>207</ele>
      </trkpt>
      <trkpt lat="33.979345" lon="134.333204">
        <ele>205.2</ele>
      </trkpt>
      <trkpt lat="33.979261" lon="134.333201">
        <ele>202.5</ele>
      </trkpt>
      <trkpt lat="33.979094" lon="134.333164">
        <ele>198.7</ele>
      </trkpt>
      <trkpt lat="33.97892" lon="134.333171">
        <ele>194.8</ele>
      </trkpt>
      <trkpt lat="33.978704" lon="134.333169">
        <ele>191.4</ele>
      </trkpt>
      <trkpt lat="33.978489" lon="134.333168">
        <ele>188.7</ele>
      </trkpt>
      <trkpt lat="33.978405" lon="134.333181">
        <ele>186.9</ele>
      </trkpt>
      <trkpt lat="33.97834" lon="134.333222">
        <ele>186.6</ele>
      </trkpt>
      <trkpt lat="33.978286" lon="134.333288">
        <ele>186.9</ele>
      </trkpt>
      <trkpt lat="33.978252" lon="134.333391">
        <ele>187.3</ele>
      </trkpt>
      <trkpt lat="33.978245" lon="134.333471">
        <ele>187.9</ele>
      </trkpt>
      <trkpt lat="33.978251" lon="134.333585">
        <ele>188.9</ele>
      </trkpt>
      <trkpt lat="33.978268" lon="134.333767">
        <ele>190.8</ele>
      </trkpt>
      <trkpt lat="33.97827" lon="134.333938">
        <ele>194</ele>
      </trkpt>
      <trkpt lat="33.978273" lon="134.33411">
        <ele>197.5</ele>
      </trkpt>
      <trkpt lat="33.978265" lon="134.334328">
        <ele>201.2</ele>
      </trkpt>
      <trkpt lat="33.978257" lon="134.334546">
        <ele>204.5</ele>
      </trkpt>
      <trkpt lat="33.978249" lon="134.334764">
        <ele>207.3</ele>
      </trkpt>
      <trkpt lat="33.978235" lon="134.334942">
        <ele>209.2</ele>
      </trkpt>
      <trkpt lat="33.978216" lon="134.335108">
        <ele>211.1</ele>
      </trkpt>
      <trkpt lat="33.978193" lon="134.335251">
        <ele>212.3</ele>
      </trkpt>
      <trkpt lat="33.978167" lon="134.335349">
        <ele>213</ele>
      </trkpt>
      <trkpt lat="33.978114" lon="134.335423">
        <ele>213</ele>
      </trkpt>
      <trkpt lat="33.978064" lon="134.335461">
        <ele>211.7</ele>
      </trkpt>
      <trkpt lat="33.97801" lon="134.335494">
        <ele>209.4</ele>
      </trkpt>
      <trkpt lat="33.977946" lon="134.335505">
        <ele>205.8</ele>
      </trkpt>
      <trkpt lat="33.977893" lon="134.335481">
        <ele>202.4</ele>
      </trkpt>
      <trkpt lat="33.977731" lon="134.335387">
        <ele>199.4</ele>
      </trkpt>
      <trkpt lat="33.97766" lon="134.335383">
        <ele>197.7</ele>
      </trkpt>
      <trkpt lat="33.977601" lon="134.335386">
        <ele>196.7</ele>
      </trkpt>
      <trkpt lat="33.977394" lon="134.335467">
        <ele>196.9</ele>
      </trkpt>
      <trkpt lat="33.977188" lon="134.335548">
        <ele>197.3</ele>
      </trkpt>
      <trkpt lat="33.977118" lon="134.335566">
        <ele>197.8</ele>
      </trkpt>
      <trkpt lat="33.977048" lon="134.335555">
        <ele>197.2</ele>
      </trkpt>
      <trkpt lat="33.976984" lon="134.335529">
        <ele>197.4</ele>
      </trkpt>
      <trkpt lat="33.976758" lon="134.335379">
        <ele>198</ele>
      </trkpt>
      <trkpt lat="33.976532" lon="134.335229">
        <ele>198.6</ele>
      </trkpt>
      <trkpt lat="33.976475" lon="134.335201">
        <ele>199.2</ele>
      </trkpt>
      <trkpt lat="33.976411" lon="134.335199">
        <ele>200.4</ele>
      </trkpt>
      <trkpt lat="33.976337" lon="134.33522">
        <ele>200.5</ele>
      </trkpt>
      <trkpt lat="33.976262" lon="134.33526">
        <ele>200.2</ele>
      </trkpt>
      <trkpt lat="33.976182" lon="134.33533">
        <ele>200.5</ele>
      </trkpt>
      <trkpt lat="33.976092" lon="134.335448">
        <ele>200.1</ele>
      </trkpt>
      <trkpt lat="33.97599" lon="134.335597">
        <ele>199.4</ele>
      </trkpt>
      <trkpt lat="33.975873" lon="134.3357">
        <ele>199.1</ele>
      </trkpt>
      <trkpt lat="33.975809" lon="134.335766">
        <ele>199.3</ele>
      </trkpt>
      <trkpt lat="33.975714" lon="134.335951">
        <ele>198.6</ele>
      </trkpt>
      <trkpt lat="33.975619" lon="134.336136">
        <ele>198</ele>
      </trkpt>
      <trkpt lat="33.975545" lon="134.336259">
        <ele>197.1</ele>
      </trkpt>
      <trkpt lat="33.975411" lon="134.336459">
        <ele>195.3</ele>
      </trkpt>
      <trkpt lat="33.975314" lon="134.33666">
        <ele>192.7</ele>
      </trkpt>
      <trkpt lat="33.975229" lon="134.336878">
        <ele>190.4</ele>
      </trkpt>
      <trkpt lat="33.975143" lon="134.337096">
        <ele>188.7</ele>
      </trkpt>
      <trkpt lat="33.975038" lon="134.337366">
        <ele>187.1</ele>
      </trkpt>
      <trkpt lat="33.974984" lon="134.337464">
        <ele>186.3</ele>
      </trkpt>
      <trkpt lat="33.974901" lon="134.337546">
        <ele>186.3</ele>
      </trkpt>
      <trkpt lat="33.974808" lon="134.337608">
        <ele>186.4</ele>
      </trkpt>
      <trkpt lat="33.974699" lon="134.337644">
        <ele>186.5</ele>
      </trkpt>
      <trkpt lat="33.974595" lon="134.337661">
        <ele>187.1</ele>
      </trkpt>
      <trkpt lat="33.974486" lon="134.33765">
        <ele>188</ele>
      </trkpt>
      <trkpt lat="33.974345" lon="134.337621">
        <ele>188.6</ele>
      </trkpt>
      <trkpt lat="33.974204" lon="134.337592">
        <ele>188.7</ele>
      </trkpt>
      <trkpt lat="33.974103" lon="134.337596">
        <ele>187.9</ele>
      </trkpt>
      <trkpt lat="33.973999" lon="134.337623">
        <ele>186.5</ele>
      </trkpt>
      <trkpt lat="33.973868" lon="134.33768">
        <ele>184.6</ele>
      </trkpt>
      <trkpt lat="33.973818" lon="134.33774">
        <ele>182.7</ele>
      </trkpt>
      <trkpt lat="33.973794" lon="134.337816">
        <ele>181.5</ele>
      </trkpt>
      <trkpt lat="33.973793" lon="134.337908">
        <ele>182.8</ele>
      </trkpt>
      <trkpt lat="33.973819" lon="134.33799">
        <ele>185.6</ele>
      </trkpt>
      <trkpt lat="33.973891" lon="134.338109">
        <ele>189.1</ele>
      </trkpt>
      <trkpt lat="33.973936" lon="134.338233">
        <ele>192.7</ele>
      </trkpt>
      <trkpt lat="33.97395" lon="134.338334">
        <ele>195.8</ele>
      </trkpt>
      <trkpt lat="33.973955" lon="134.33843">
        <ele>197.5</ele>
      </trkpt>
      <trkpt lat="33.973942" lon="134.338526">
        <ele>197.6</ele>
      </trkpt>
      <trkpt lat="33.97391" lon="134.338626">
        <ele>197.1</ele>
      </trkpt>
      <trkpt lat="33.973864" lon="134.338717">
        <ele>196.5</ele>
      </trkpt>
      <trkpt lat="33.973781" lon="134.338819">
        <ele>195.3</ele>
      </trkpt>
      <trkpt lat="33.973649" lon="134.338962">
        <ele>193.5</ele>
      </trkpt>
      <trkpt lat="33.973454" lon="134.339142">
        <ele>191.7</ele>
      </trkpt>
      <trkpt lat="33.973259" lon="134.339322">
        <ele>189.9</ele>
      </trkpt>
      <trkpt lat="33.973064" lon="134.339502">
        <ele>187.6</ele>
      </trkpt>
      <trkpt lat="33.973013" lon="134.339542">
        <ele>186</ele>
      </trkpt>
      <trkpt lat="33.97286" lon="134.339635">
        <ele>185.7</ele>
      </trkpt>
      <trkpt lat="33.972645" lon="134.339747">
        <ele>185.7</ele>
      </trkpt>
      <trkpt lat="33.972431" lon="134.339859">
        <ele>185.6</ele>
      </trkpt>
      <trkpt lat="33.972312" lon="134.339882">
        <ele>185.6</ele>
      </trkpt>
      <trkpt lat="33.972212" lon="134.33988">
        <ele>184.9</ele>
      </trkpt>
      <trkpt lat="33.972121" lon="134.339873">
        <ele>183.1</ele>
      </trkpt>
      <trkpt lat="33.972033" lon="134.339847">
        <ele>180.6</ele>
      </trkpt>
      <trkpt lat="33.971956" lon="134.339806">
        <ele>177.8</ele>
      </trkpt>
      <trkpt lat="33.971885" lon="134.339752">
        <ele>174.5</ele>
      </trkpt>
      <trkpt lat="33.971832" lon="134.339695">
        <ele>171.5</ele>
      </trkpt>
      <trkpt lat="33.971681" lon="134.339435">
        <ele>168.7</ele>
      </trkpt>
      <trkpt lat="33.971654" lon="134.339345">
        <ele>166.6</ele>
      </trkpt>
      <trkpt lat="33.971643" lon="134.33924">
        <ele>164.6</ele>
      </trkpt>
      <trkpt lat="33.971651" lon="134.339151">
        <ele>163.4</ele>
      </trkpt>
      <trkpt lat="33.971699" lon="134.338908">
        <ele>162.4</ele>
      </trkpt>
      <trkpt lat="33.971747" lon="134.338664">
        <ele>162</ele>
      </trkpt>
      <trkpt lat="33.971763" lon="134.338583">
        <ele>162</ele>
      </trkpt>
      <trkpt lat="33.971744" lon="134.338501">
        <ele>163.1</ele>
      </trkpt>
      <trkpt lat="33.971713" lon="134.338458">
        <ele>165</ele>
      </trkpt>
      <trkpt lat="33.971666" lon="134.338423">
        <ele>166.9</ele>
      </trkpt>
      <trkpt lat="33.971562" lon="134.338417">
        <ele>169.4</ele>
      </trkpt>
      <trkpt lat="33.971458" lon="134.338446">
        <ele>171.9</ele>
      </trkpt>
      <trkpt lat="33.971269" lon="134.338534">
        <ele>173.9</ele>
      </trkpt>
      <trkpt lat="33.971181" lon="134.338578">
        <ele>175.1</ele>
      </trkpt>
      <trkpt lat="33.971089" lon="134.338611">
        <ele>175.9</ele>
      </trkpt>
      <trkpt lat="33.971006" lon="134.338615">
        <ele>175.4</ele>
      </trkpt>
      <trkpt lat="33.970909" lon="134.338604">
        <ele>174.2</ele>
      </trkpt>
      <trkpt lat="33.97083" lon="134.338581">
        <ele>172.5</ele>
      </trkpt>
      <trkpt lat="33.97076" lon="134.33853">
        <ele>171</ele>
      </trkpt>
      <trkpt lat="33.970698" lon="134.33846">
        <ele>169.7</ele>
      </trkpt>
      <trkpt lat="33.970665" lon="134.338398">
        <ele>168.5</ele>
      </trkpt>
      <trkpt lat="33.970619" lon="134.338288">
        <ele>167.1</ele>
      </trkpt>
      <trkpt lat="33.970593" lon="134.33817">
        <ele>166.4</ele>
      </trkpt>
      <trkpt lat="33.970567" lon="134.337893">
        <ele>165.2</ele>
      </trkpt>
      <trkpt lat="33.970556" lon="134.337832">
        <ele>164</ele>
      </trkpt>
      <trkpt lat="33.970459" lon="134.337627">
        <ele>163</ele>
      </trkpt>
      <trkpt lat="33.97042" lon="134.337573">
        <ele>162.5</ele>
      </trkpt>
      <trkpt lat="33.970374" lon="134.337539">
        <ele>162</ele>
      </trkpt>
      <trkpt lat="33.970318" lon="134.337528">
        <ele>161.9</ele>
      </trkpt>
      <trkpt lat="33.970267" lon="134.337523">
        <ele>162</ele>
      </trkpt>
      <trkpt lat="33.970204" lon="134.337534">
        <ele>162</ele>
      </trkpt>
      <trkpt lat="33.970147" lon="134.337577">
        <ele>161.1</ele>
      </trkpt>
      <trkpt lat="33.970031" lon="134.337766">
        <ele>159.8</ele>
      </trkpt>
      <trkpt lat="33.969916" lon="134.337954">
        <ele>158.5</ele>
      </trkpt>
      <trkpt lat="33.969829" lon="134.338132">
        <ele>157</ele>
      </trkpt>
      <trkpt lat="33.96978" lon="134.338256">
        <ele>155.5</ele>
      </trkpt>
      <trkpt lat="33.969717" lon="134.338451">
        <ele>154.6</ele>
      </trkpt>
      <trkpt lat="33.969663" lon="134.338662">
        <ele>153.7</ele>
      </trkpt>
      <trkpt lat="33.969625" lon="134.338899">
        <ele>152.7</ele>
      </trkpt>
      <trkpt lat="33.969587" lon="134.339135">
        <ele>151.9</ele>
      </trkpt>
      <trkpt lat="33.969546" lon="134.339426">
        <ele>151</ele>
      </trkpt>
      <trkpt lat="33.969504" lon="134.339717">
        <ele>150.3</ele>
      </trkpt>
      <trkpt lat="33.969485" lon="134.339882">
        <ele>149.8</ele>
      </trkpt>
      <trkpt lat="33.969476" lon="134.340054">
        <ele>149.6</ele>
      </trkpt>
      <trkpt lat="33.969478" lon="134.340229">
        <ele>149.3</ele>
      </trkpt>
      <trkpt lat="33.969499" lon="134.340413">
        <ele>149.1</ele>
      </trkpt>
      <trkpt lat="33.969538" lon="134.340727">
        <ele>149.1</ele>
      </trkpt>
      <trkpt lat="33.969578" lon="134.341042">
        <ele>149.2</ele>
      </trkpt>
      <trkpt lat="33.969611" lon="134.341175">
        <ele>149.3</ele>
      </trkpt>
      <trkpt lat="33.969643" lon="134.341397">
        <ele>149.6</ele>
      </trkpt>
      <trkpt lat="33.969675" lon="134.341618">
        <ele>149.6</ele>
      </trkpt>
      <trkpt lat="33.969679" lon="134.341705">
        <ele>148.6</ele>
      </trkpt>
      <trkpt lat="33.969648" lon="134.341751">
        <ele>146.1</ele>
      </trkpt>
      <trkpt lat="33.969562" lon="134.341795">
        <ele>143.6</ele>
      </trkpt>
      <trkpt lat="33.969343" lon="134.341864">
        <ele>141.5</ele>
      </trkpt>
      <trkpt lat="33.969123" lon="134.341934">
        <ele>140.2</ele>
      </trkpt>
      <trkpt lat="33.96889" lon="134.342007">
        <ele>140</ele>
      </trkpt>
      <trkpt lat="33.968657" lon="134.342081">
        <ele>141.3</ele>
      </trkpt>
      <trkpt lat="33.968424" lon="134.342155">
        <ele>142.3</ele>
      </trkpt>
      <trkpt lat="33.968191" lon="134.342228">
        <ele>142.9</ele>
      </trkpt>
      <trkpt lat="33.967958" lon="134.342302">
        <ele>143.1</ele>
      </trkpt>
      <trkpt lat="33.967987" lon="134.342464">
        <ele>143.2</ele>
      </trkpt>
      <trkpt lat="33.968017" lon="134.342625">
        <ele>143.1</ele>
      </trkpt>
      <trkpt lat="33.968053" lon="134.342763">
        <ele>142.9</ele>
      </trkpt>
      <trkpt lat="33.968115" lon="134.342952">
        <ele>142.8</ele>
      </trkpt>
      <trkpt lat="33.968196" lon="134.343188">
        <ele>142.6</ele>
      </trkpt>
      <trkpt lat="33.968265" lon="134.343407">
        <ele>142.8</ele>
      </trkpt>
      <trkpt lat="33.968321" lon="134.343574">
        <ele>143.2</ele>
      </trkpt>
      <trkpt lat="33.968296" lon="134.343745">
        <ele>144.4</ele>
      </trkpt>
      <trkpt lat="33.968264" lon="134.343853">
        <ele>145.5</ele>
      </trkpt>
      <trkpt lat="33.968164" lon="134.344132">
        <ele>146.6</ele>
      </trkpt>
      <trkpt lat="33.968064" lon="134.344412">
        <ele>147.5</ele>
      </trkpt>
      <trkpt lat="33.967968" lon="134.344678">
        <ele>147.9</ele>
      </trkpt>
      <trkpt lat="33.967871" lon="134.344944">
        <ele>147.9</ele>
      </trkpt>
      <trkpt lat="33.967795" lon="134.34515">
        <ele>147.8</ele>
      </trkpt>
      <trkpt lat="33.967718" lon="134.345355">
        <ele>147.7</ele>
      </trkpt>
      <trkpt lat="33.967695" lon="134.345424">
        <ele>147.5</ele>
      </trkpt>
      <trkpt lat="33.967636" lon="134.345611">
        <ele>147.4</ele>
      </trkpt>
      <trkpt lat="33.96759" lon="134.345843">
        <ele>147.3</ele>
      </trkpt>
      <trkpt lat="33.967549" lon="134.34607">
        <ele>147.3</ele>
      </trkpt>
      <trkpt lat="33.967543" lon="134.346095">
        <ele>147</ele>
      </trkpt>
      <trkpt lat="33.967491" lon="134.346297">
        <ele>146.7</ele>
      </trkpt>
      <trkpt lat="33.967438" lon="134.346499">
        <ele>146.5</ele>
      </trkpt>
      <trkpt lat="33.967426" lon="134.346555">
        <ele>146.3</ele>
      </trkpt>
      <trkpt lat="33.967422" lon="134.346643">
        <ele>146</ele>
      </trkpt>
      <trkpt lat="33.967421" lon="134.346656">
        <ele>146.3</ele>
      </trkpt>
      <trkpt lat="33.967422" lon="134.346884">
        <ele>146.8</ele>
      </trkpt>
      <trkpt lat="33.967424" lon="134.347112">
        <ele>147.1</ele>
      </trkpt>
      <trkpt lat="33.967449" lon="134.347384">
        <ele>147.3</ele>
      </trkpt>
      <trkpt lat="33.967475" lon="134.347656">
        <ele>147.5</ele>
      </trkpt>
      <trkpt lat="33.9675" lon="134.347927">
        <ele>147.3</ele>
      </trkpt>
      <trkpt lat="33.967523" lon="134.348251">
        <ele>146.7</ele>
      </trkpt>
      <trkpt lat="33.967545" lon="134.348573">
        <ele>146.3</ele>
      </trkpt>
      <trkpt lat="33.967568" lon="134.348896">
        <ele>145.3</ele>
      </trkpt>
      <trkpt lat="33.96757" lon="134.348926">
        <ele>144.3</ele>
      </trkpt>
      <trkpt lat="33.967595" lon="134.349236">
        <ele>143.2</ele>
      </trkpt>
      <trkpt lat="33.9676" lon="134.349298">
        <ele>142.5</ele>
      </trkpt>
      <trkpt lat="33.967605" lon="134.349357">
        <ele>142</ele>
      </trkpt>
      <trkpt lat="33.967619" lon="134.349559">
        <ele>142.3</ele>
      </trkpt>
      <trkpt lat="33.967633" lon="134.34976">
        <ele>142.8</ele>
      </trkpt>
      <trkpt lat="33.967635" lon="134.349865">
        <ele>143.3</ele>
      </trkpt>
      <trkpt lat="33.96763" lon="134.349996">
        <ele>143.5</ele>
      </trkpt>
      <trkpt lat="33.967619" lon="134.350109">
        <ele>143.5</ele>
      </trkpt>
      <trkpt lat="33.967572" lon="134.350404">
        <ele>143.3</ele>
      </trkpt>
      <trkpt lat="33.967544" lon="134.350584">
        <ele>143.1</ele>
      </trkpt>
      <trkpt lat="33.967516" lon="134.350764">
        <ele>142.9</ele>
      </trkpt>
      <trkpt lat="33.967502" lon="134.350852">
        <ele>143</ele>
      </trkpt>
      <trkpt lat="33.967498" lon="134.350877">
        <ele>143.1</ele>
      </trkpt>
      <trkpt lat="33.967463" lon="134.351101">
        <ele>143.2</ele>
      </trkpt>
      <trkpt lat="33.967427" lon="134.351325">
        <ele>143.1</ele>
      </trkpt>
      <trkpt lat="33.967391" lon="134.351549">
        <ele>142.9</ele>
      </trkpt>
      <trkpt lat="33.967386" lon="134.35167">
        <ele>142.6</ele>
      </trkpt>
      <trkpt lat="33.967389" lon="134.35177">
        <ele>142.3</ele>
      </trkpt>
      <trkpt lat="33.967425" lon="134.352052">
        <ele>142.2</ele>
      </trkpt>
      <trkpt lat="33.967439" lon="134.352119">
        <ele>142.3</ele>
      </trkpt>
      <trkpt lat="33.967519" lon="134.352356">
        <ele>142.4</ele>
      </trkpt>
      <trkpt lat="33.967599" lon="134.352593">
        <ele>142.1</ele>
      </trkpt>
      <trkpt lat="33.967652" lon="134.352749">
        <ele>141.6</ele>
      </trkpt>
      <trkpt lat="33.967706" lon="134.352905">
        <ele>140.9</ele>
      </trkpt>
      <trkpt lat="33.967767" lon="134.353168">
        <ele>140</ele>
      </trkpt>
      <trkpt lat="33.967782" lon="134.353303">
        <ele>139.2</ele>
      </trkpt>
      <trkpt lat="33.967774" lon="134.353382">
        <ele>138.8</ele>
      </trkpt>
      <trkpt lat="33.967758" lon="134.353457">
        <ele>139</ele>
      </trkpt>
      <trkpt lat="33.96756" lon="134.353646">
        <ele>138.7</ele>
      </trkpt>
      <trkpt lat="33.967357" lon="134.353838">
        <ele>138.6</ele>
      </trkpt>
      <trkpt lat="33.967154" lon="134.35403">
        <ele>138.5</ele>
      </trkpt>
      <trkpt lat="33.967092" lon="134.354097">
        <ele>138.1</ele>
      </trkpt>
      <trkpt lat="33.967044" lon="134.35417">
        <ele>137.4</ele>
      </trkpt>
      <trkpt lat="33.966996" lon="134.354253">
        <ele>137.2</ele>
      </trkpt>
      <trkpt lat="33.96689" lon="134.354473">
        <ele>137.3</ele>
      </trkpt>
      <trkpt lat="33.966784" lon="134.354693">
        <ele>137.7</ele>
      </trkpt>
      <trkpt lat="33.966678" lon="134.354912">
        <ele>138</ele>
      </trkpt>
      <trkpt lat="33.966572" lon="134.355132">
        <ele>138.6</ele>
      </trkpt>
      <trkpt lat="33.966532" lon="134.355246">
        <ele>139.1</ele>
      </trkpt>
      <trkpt lat="33.966502" lon="134.355375">
        <ele>139</ele>
      </trkpt>
      <trkpt lat="33.966485" lon="134.35551">
        <ele>138.7</ele>
      </trkpt>
      <trkpt lat="33.966479" lon="134.35582">
        <ele>138.3</ele>
      </trkpt>
      <trkpt lat="33.966473" lon="134.356131">
        <ele>137.5</ele>
      </trkpt>
      <trkpt lat="33.966483" lon="134.35639">
        <ele>136.4</ele>
      </trkpt>
      <trkpt lat="33.966513" lon="134.356591">
        <ele>135.8</ele>
      </trkpt>
      <trkpt lat="33.96655" lon="134.35676">
        <ele>135.4</ele>
      </trkpt>
      <trkpt lat="33.966596" lon="134.356926">
        <ele>135.2</ele>
      </trkpt>
      <trkpt lat="33.966662" lon="134.357082">
        <ele>135.2</ele>
      </trkpt>
      <trkpt lat="33.966767" lon="134.357286">
        <ele>135.3</ele>
      </trkpt>
      <trkpt lat="33.966869" lon="134.357452">
        <ele>135.1</ele>
      </trkpt>
      <trkpt lat="33.966963" lon="134.357597">
        <ele>134.3</ele>
      </trkpt>
      <trkpt lat="33.967023" lon="134.357734">
        <ele>133.9</ele>
      </trkpt>
      <trkpt lat="33.967078" lon="134.357895">
        <ele>133.9</ele>
      </trkpt>
      <trkpt lat="33.967126" lon="134.358146">
        <ele>134</ele>
      </trkpt>
      <trkpt lat="33.967164" lon="134.358327">
        <ele>133.6</ele>
      </trkpt>
      <trkpt lat="33.967246" lon="134.358625">
        <ele>133.7</ele>
      </trkpt>
      <trkpt lat="33.967343" lon="134.358873">
        <ele>133.6</ele>
      </trkpt>
      <trkpt lat="33.967439" lon="134.35912">
        <ele>132.9</ele>
      </trkpt>
      <trkpt lat="33.967532" lon="134.359363">
        <ele>132.4</ele>
      </trkpt>
      <trkpt lat="33.967583" lon="134.35959">
        <ele>132.4</ele>
      </trkpt>
      <trkpt lat="33.967613" lon="134.359836">
        <ele>132.2</ele>
      </trkpt>
      <trkpt lat="33.967644" lon="134.360082">
        <ele>132</ele>
      </trkpt>
      <trkpt lat="33.967687" lon="134.360326">
        <ele>132.1</ele>
      </trkpt>
      <trkpt lat="33.967775" lon="134.360624">
        <ele>132</ele>
      </trkpt>
      <trkpt lat="33.967847" lon="134.360826">
        <ele>132.1</ele>
      </trkpt>
      <trkpt lat="33.967922" lon="134.360978">
        <ele>132.1</ele>
      </trkpt>
      <trkpt lat="33.967986" lon="134.361046">
        <ele>132.1</ele>
      </trkpt>
      <trkpt lat="33.968063" lon="134.361109">
        <ele>132</ele>
      </trkpt>
      <trkpt lat="33.968174" lon="134.361171">
        <ele>131.8</ele>
      </trkpt>
      <trkpt lat="33.968287" lon="134.361209">
        <ele>131.6</ele>
      </trkpt>
      <trkpt lat="33.96841" lon="134.361239">
        <ele>131.2</ele>
      </trkpt>
      <trkpt lat="33.968562" lon="134.361286">
        <ele>130.5</ele>
      </trkpt>
      <trkpt lat="33.968715" lon="134.361332">
        <ele>129.7</ele>
      </trkpt>
      <trkpt lat="33.968846" lon="134.361387">
        <ele>128.9</ele>
      </trkpt>
      <trkpt lat="33.968953" lon="134.361445">
        <ele>128.2</ele>
      </trkpt>
      <trkpt lat="33.969032" lon="134.361505">
        <ele>127.7</ele>
      </trkpt>
      <trkpt lat="33.969116" lon="134.36158">
        <ele>127.6</ele>
      </trkpt>
      <trkpt lat="33.969225" lon="134.36169">
        <ele>127.8</ele>
      </trkpt>
      <trkpt lat="33.969333" lon="134.361799">
        <ele>128.1</ele>
      </trkpt>
      <trkpt lat="33.96941" lon="134.361868">
        <ele>128.5</ele>
      </trkpt>
      <trkpt lat="33.969471" lon="134.361909">
        <ele>128.9</ele>
      </trkpt>
      <trkpt lat="33.969519" lon="134.361941">
        <ele>129.4</ele>
      </trkpt>
      <trkpt lat="33.969621" lon="134.36199">
        <ele>129.8</ele>
      </trkpt>
      <trkpt lat="33.96987" lon="134.362085">
        <ele>130.1</ele>
      </trkpt>
      <trkpt lat="33.97003" lon="134.36213">
        <ele>130.5</ele>
      </trkpt>
      <trkpt lat="33.970075" lon="134.362136">
        <ele>130.7</ele>
      </trkpt>
      <trkpt lat="33.970203" lon="134.362154">
        <ele>131</ele>
      </trkpt>
      <trkpt lat="33.970407" lon="134.362162">
        <ele>131.2</ele>
      </trkpt>
      <trkpt lat="33.97061" lon="134.362169">
        <ele>131.5</ele>
      </trkpt>
      <trkpt lat="33.970685" lon="134.362184">
        <ele>132.1</ele>
      </trkpt>
      <trkpt lat="33.970752" lon="134.362211">
        <ele>132.9</ele>
      </trkpt>
      <trkpt lat="33.970899" lon="134.362285">
        <ele>133.6</ele>
      </trkpt>
      <trkpt lat="33.97105" lon="134.36244">
        <ele>134.3</ele>
      </trkpt>
      <trkpt lat="33.971118" lon="134.362532">
        <ele>134.8</ele>
      </trkpt>
      <trkpt lat="33.971248" lon="134.362704">
        <ele>135</ele>
      </trkpt>
      <trkpt lat="33.971379" lon="134.362875">
        <ele>135</ele>
      </trkpt>
      <trkpt lat="33.971521" lon="134.363033">
        <ele>135</ele>
      </trkpt>
      <trkpt lat="33.971694" lon="134.363165">
        <ele>135</ele>
      </trkpt>
      <trkpt lat="33.971916" lon="134.3633">
        <ele>135</ele>
      </trkpt>
      <trkpt lat="33.97197" lon="134.363335">
        <ele>135</ele>
      </trkpt>
      <trkpt lat="33.972144" lon="134.363458">
        <ele>134.9</ele>
      </trkpt>
      <trkpt lat="33.972318" lon="134.363582">
        <ele>134.7</ele>
      </trkpt>
      <trkpt lat="33.972471" lon="134.363718">
        <ele>134.5</ele>
      </trkpt>
      <trkpt lat="33.972611" lon="134.36385">
        <ele>134.5</ele>
      </trkpt>
      <trkpt lat="33.972764" lon="134.364009">
        <ele>134.6</ele>
      </trkpt>
      <trkpt lat="33.972916" lon="134.364196">
        <ele>134.7</ele>
      </trkpt>
      <trkpt lat="33.973003" lon="134.364329">
        <ele>134.7</ele>
      </trkpt>
      <trkpt lat="33.973055" lon="134.36444">
        <ele>134.6</ele>
      </trkpt>
      <trkpt lat="33.973099" lon="134.364578">
        <ele>134.4</ele>
      </trkpt>
      <trkpt lat="33.973129" lon="134.364718">
        <ele>134.2</ele>
      </trkpt>
      <trkpt lat="33.973146" lon="134.364877">
        <ele>134.2</ele>
      </trkpt>
      <trkpt lat="33.973155" lon="134.365112">
        <ele>134.3</ele>
      </trkpt>
      <trkpt lat="33.973153" lon="134.365343">
        <ele>134.5</ele>
      </trkpt>
      <trkpt lat="33.97315" lon="134.365574">
        <ele>134.7</ele>
      </trkpt>
      <trkpt lat="33.973148" lon="134.365729">
        <ele>134.6</ele>
      </trkpt>
      <trkpt lat="33.973157" lon="134.365896">
        <ele>134.2</ele>
      </trkpt>
      <trkpt lat="33.973178" lon="134.366035">
        <ele>133.7</ele>
      </trkpt>
      <trkpt lat="33.973209" lon="134.366168">
        <ele>133.2</ele>
      </trkpt>
      <trkpt lat="33.973243" lon="134.366277">
        <ele>132.7</ele>
      </trkpt>
      <trkpt lat="33.973285" lon="134.366394">
        <ele>132.2</ele>
      </trkpt>
      <trkpt lat="33.973335" lon="134.36651">
        <ele>131.7</ele>
      </trkpt>
      <trkpt lat="33.973437" lon="134.366705">
        <ele>131.1</ele>
      </trkpt>
      <trkpt lat="33.973539" lon="134.366901">
        <ele>130.8</ele>
      </trkpt>
      <trkpt lat="33.973641" lon="134.367096">
        <ele>130.7</ele>
      </trkpt>
      <trkpt lat="33.973585" lon="134.367176">
        <ele>130.8</ele>
      </trkpt>
      <trkpt lat="33.973577" lon="134.367248">
        <ele>131</ele>
      </trkpt>
      <trkpt lat="33.973593" lon="134.367315">
        <ele>131.2</ele>
      </trkpt>
      <trkpt lat="33.973665" lon="134.367444">
        <ele>131.1</ele>
      </trkpt>
      <trkpt lat="33.973791" lon="134.367364">
        <ele>130.7</ele>
      </trkpt>
      <trkpt lat="33.973867" lon="134.367497">
        <ele>130.4</ele>
      </trkpt>
      <trkpt lat="33.973998" lon="134.367759">
        <ele>130.3</ele>
      </trkpt>
      <trkpt lat="33.97406" lon="134.367932">
        <ele>130.4</ele>
      </trkpt>
      <trkpt lat="33.974122" lon="134.368105">
        <ele>130.4</ele>
      </trkpt>
      <trkpt lat="33.974176" lon="134.368265">
        <ele>130.4</ele>
      </trkpt>
      <trkpt lat="33.97423" lon="134.368426">
        <ele>130.4</ele>
      </trkpt>
      <trkpt lat="33.97432" lon="134.368694">
        <ele>130.4</ele>
      </trkpt>
      <trkpt lat="33.974331" lon="134.368725">
        <ele>130.6</ele>
      </trkpt>
      <trkpt lat="33.974408" lon="134.368966">
        <ele>131.2</ele>
      </trkpt>
      <trkpt lat="33.974486" lon="134.369206">
        <ele>132.1</ele>
      </trkpt>
      <trkpt lat="33.974563" lon="134.369446">
        <ele>133.3</ele>
      </trkpt>
      <trkpt lat="33.97464" lon="134.369686">
        <ele>134.3</ele>
      </trkpt>
      <trkpt lat="33.974733" lon="134.369898">
        <ele>135.3</ele>
      </trkpt>
      <trkpt lat="33.974825" lon="134.37011">
        <ele>136.6</ele>
      </trkpt>
      <trkpt lat="33.974888" lon="134.370252">
        <ele>137.8</ele>
      </trkpt>
      <trkpt lat="33.974996" lon="134.37045">
        <ele>139.2</ele>
      </trkpt>
      <trkpt lat="33.975105" lon="134.370648">
        <ele>140.8</ele>
      </trkpt>
      <trkpt lat="33.975222" lon="134.370822">
        <ele>142.9</ele>
      </trkpt>
      <trkpt lat="33.97534" lon="134.370996">
        <ele>144.6</ele>
      </trkpt>
      <trkpt lat="33.975457" lon="134.371169">
        <ele>146.4</ele>
      </trkpt>
      <trkpt lat="33.975618" lon="134.371418">
        <ele>147.8</ele>
      </trkpt>
      <trkpt lat="33.975779" lon="134.371666">
        <ele>148.7</ele>
      </trkpt>
      <trkpt lat="33.975914" lon="134.371858">
        <ele>149.3</ele>
      </trkpt>
      <trkpt lat="33.976048" lon="134.372051">
        <ele>150.1</ele>
      </trkpt>
      <trkpt lat="33.976183" lon="134.372243">
        <ele>151</ele>
      </trkpt>
      <trkpt lat="33.976318" lon="134.372435">
        <ele>152.2</ele>
      </trkpt>
      <trkpt lat="33.976435" lon="134.372546">
        <ele>153.6</ele>
      </trkpt>
      <trkpt lat="33.976566" lon="134.372645">
        <ele>154.9</ele>
      </trkpt>
      <trkpt lat="33.976688" lon="134.372715">
        <ele>155.9</ele>
      </trkpt>
      <trkpt lat="33.976817" lon="134.372772">
        <ele>156.6</ele>
      </trkpt>
      <trkpt lat="33.977013" lon="134.372835">
        <ele>157.1</ele>
      </trkpt>
      <trkpt lat="33.97721" lon="134.372898">
        <ele>157.6</ele>
      </trkpt>
      <trkpt lat="33.977337" lon="134.372948">
        <ele>158.3</ele>
      </trkpt>
      <trkpt lat="33.977443" lon="134.373007">
        <ele>158.9</ele>
      </trkpt>
      <trkpt lat="33.977557" lon="134.37309">
        <ele>159.8</ele>
      </trkpt>
      <trkpt lat="33.977658" lon="134.373188">
        <ele>160.9</ele>
      </trkpt>
      <trkpt lat="33.977742" lon="134.373297">
        <ele>161.9</ele>
      </trkpt>
      <trkpt lat="33.977848" lon="134.373453">
        <ele>163.9</ele>
      </trkpt>
      <trkpt lat="33.97793" lon="134.373609">
        <ele>166.8</ele>
      </trkpt>
      <trkpt lat="33.978042" lon="134.373879">
        <ele>170.5</ele>
      </trkpt>
      <trkpt lat="33.978154" lon="134.374149">
        <ele>174.6</ele>
      </trkpt>
      <trkpt lat="33.978266" lon="134.374419">
        <ele>177.9</ele>
      </trkpt>
      <trkpt lat="33.978378" lon="134.374689">
        <ele>180.4</ele>
      </trkpt>
      <trkpt lat="33.97849" lon="134.374959">
        <ele>182.9</ele>
      </trkpt>
      <trkpt lat="33.978602" lon="134.375229">
        <ele>184.3</ele>
      </trkpt>
      <trkpt lat="33.978714" lon="134.375499">
        <ele>184.2</ele>
      </trkpt>
      <trkpt lat="33.978826" lon="134.375769">
        <ele>185.5</ele>
      </trkpt>
      <trkpt lat="33.978938" lon="134.376039">
        <ele>188</ele>
      </trkpt>
      <trkpt lat="33.979031" lon="134.375992">
        <ele>188.9</ele>
      </trkpt>
      <trkpt lat="33.979139" lon="134.375941">
        <ele>187.7</ele>
      </trkpt>
      <trkpt lat="33.97929" lon="134.376091">
        <ele>186.1</ele>
      </trkpt>
      <trkpt lat="33.979441" lon="134.37624">
        <ele>183.5</ele>
      </trkpt>
      <trkpt lat="33.979591" lon="134.37639">
        <ele>179.9</ele>
      </trkpt>
      <trkpt lat="33.979728" lon="134.376262">
        <ele>176.7</ele>
      </trkpt>
      <trkpt lat="33.979865" lon="134.376134">
        <ele>175.5</ele>
      </trkpt>
      <trkpt lat="33.980063" lon="134.375972">
        <ele>175.3</ele>
      </trkpt>
      <trkpt lat="33.980261" lon="134.37581">
        <ele>174.4</ele>
      </trkpt>
      <trkpt lat="33.980468" lon="134.37563">
        <ele>172.6</ele>
      </trkpt>
      <trkpt lat="33.980675" lon="134.37545">
        <ele>170.6</ele>
      </trkpt>
      <trkpt lat="33.980883" lon="134.37527">
        <ele>168.9</ele>
      </trkpt>
      <trkpt lat="33.98109" lon="134.37509">
        <ele>167.5</ele>
      </trkpt>
      <trkpt lat="33.981176" lon="134.374961">
        <ele>166.8</ele>
      </trkpt>
      <trkpt lat="33.981262" lon="134.374832">
        <ele>166.5</ele>
      </trkpt>
      <trkpt lat="33.981366" lon="134.374646">
        <ele>166.6</ele>
      </trkpt>
      <trkpt lat="33.981471" lon="134.37446">
        <ele>166.6</ele>
      </trkpt>
      <trkpt lat="33.981568" lon="134.374389">
        <ele>166.8</ele>
      </trkpt>
      <trkpt lat="33.981672" lon="134.374364">
        <ele>166.5</ele>
      </trkpt>
      <trkpt lat="33.981884" lon="134.374302">
        <ele>165.8</ele>
      </trkpt>
      <trkpt lat="33.982097" lon="134.37424">
        <ele>165.6</ele>
      </trkpt>
      <trkpt lat="33.982309" lon="134.374178">
        <ele>166.1</ele>
      </trkpt>
      <trkpt lat="33.982511" lon="134.374133">
        <ele>166.7</ele>
      </trkpt>
      <trkpt lat="33.982681" lon="134.374084">
        <ele>168.6</ele>
      </trkpt>
      <trkpt lat="33.982707" lon="134.374063">
        <ele>170.6</ele>
      </trkpt>
      <trkpt lat="33.982832" lon="134.37395">
        <ele>171.9</ele>
      </trkpt>
      <trkpt lat="33.982997" lon="134.373711">
        <ele>172.5</ele>
      </trkpt>
      <trkpt lat="33.983078" lon="134.373592">
        <ele>174.1</ele>
      </trkpt>
      <trkpt lat="33.983186" lon="134.373492">
        <ele>175.1</ele>
      </trkpt>
      <trkpt lat="33.983377" lon="134.373347">
        <ele>176.3</ele>
      </trkpt>
      <trkpt lat="33.983567" lon="134.373202">
        <ele>177.8</ele>
      </trkpt>
      <trkpt lat="33.983758" lon="134.373058">
        <ele>179.6</ele>
      </trkpt>
      <trkpt lat="33.983949" lon="134.372913">
        <ele>179.8</ele>
      </trkpt>
      <trkpt lat="33.98414" lon="134.372768">
        <ele>179.8</ele>
      </trkpt>
      <trkpt lat="33.98433" lon="134.372623">
        <ele>180.2</ele>
      </trkpt>
      <trkpt lat="33.984394" lon="134.37257">
        <ele>180</ele>
      </trkpt>
      <trkpt lat="33.984459" lon="134.372548">
        <ele>179.5</ele>
      </trkpt>
      <trkpt lat="33.984579" lon="134.372613">
        <ele>179.6</ele>
      </trkpt>
      <trkpt lat="33.984651" lon="134.372644">
        <ele>179.9</ele>
      </trkpt>
      <trkpt lat="33.984771" lon="134.372638">
        <ele>179.8</ele>
      </trkpt>
      <trkpt lat="33.984954" lon="134.372602">
        <ele>180.1</ele>
      </trkpt>
      <trkpt lat="33.985138" lon="134.372565">
        <ele>180</ele>
      </trkpt>
      <trkpt lat="33.985321" lon="134.372528">
        <ele>179.4</ele>
      </trkpt>
      <trkpt lat="33.985459" lon="134.372454">
        <ele>178.3</ele>
      </trkpt>
      <trkpt lat="33.985577" lon="134.372352">
        <ele>177.5</ele>
      </trkpt>
      <trkpt lat="33.985696" lon="134.372251">
        <ele>176.8</ele>
      </trkpt>
      <trkpt lat="33.985812" lon="134.372155">
        <ele>176.8</ele>
      </trkpt>
      <trkpt lat="33.985892" lon="134.37212">
        <ele>177.4</ele>
      </trkpt>
      <trkpt lat="33.986094" lon="134.372008">
        <ele>177.8</ele>
      </trkpt>
      <trkpt lat="33.986296" lon="134.371897">
        <ele>177.4</ele>
      </trkpt>
      <trkpt lat="33.986529" lon="134.371783">
        <ele>176.2</ele>
      </trkpt>
      <trkpt lat="33.986762" lon="134.371668">
        <ele>174.1</ele>
      </trkpt>
      <trkpt lat="33.98693" lon="134.371566">
        <ele>172</ele>
      </trkpt>
      <trkpt lat="33.987058" lon="134.371474">
        <ele>171.1</ele>
      </trkpt>
      <trkpt lat="33.987119" lon="134.371408">
        <ele>171.6</ele>
      </trkpt>
      <trkpt lat="33.987256" lon="134.37122">
        <ele>173</ele>
      </trkpt>
      <trkpt lat="33.987392" lon="134.371033">
        <ele>175.3</ele>
      </trkpt>
      <trkpt lat="33.987485" lon="134.370952">
        <ele>177.6</ele>
      </trkpt>
      <trkpt lat="33.987554" lon="134.370908">
        <ele>179.2</ele>
      </trkpt>
      <trkpt lat="33.987778" lon="134.370818">
        <ele>179.8</ele>
      </trkpt>
      <trkpt lat="33.987862" lon="134.370795">
        <ele>179.2</ele>
      </trkpt>
      <trkpt lat="33.987966" lon="134.370789">
        <ele>178.1</ele>
      </trkpt>
      <trkpt lat="33.988168" lon="134.37082">
        <ele>176.6</ele>
      </trkpt>
      <trkpt lat="33.988207" lon="134.370823">
        <ele>175.2</ele>
      </trkpt>
      <trkpt lat="33.988316" lon="134.370814">
        <ele>174</ele>
      </trkpt>
      <trkpt lat="33.988537" lon="134.370773">
        <ele>174</ele>
      </trkpt>
      <trkpt lat="33.988758" lon="134.370732">
        <ele>174.6</ele>
      </trkpt>
      <trkpt lat="33.988833" lon="134.370731">
        <ele>174.5</ele>
      </trkpt>
      <trkpt lat="33.989086" lon="134.37076">
        <ele>174.6</ele>
      </trkpt>
      <trkpt lat="33.989338" lon="134.370789">
        <ele>175</ele>
      </trkpt>
      <trkpt lat="33.98941" lon="134.370777">
        <ele>175.9</ele>
      </trkpt>
      <trkpt lat="33.98948" lon="134.370745">
        <ele>176.4</ele>
      </trkpt>
      <trkpt lat="33.989644" lon="134.3706">
        <ele>177.2</ele>
      </trkpt>
      <trkpt lat="33.989722" lon="134.37058">
        <ele>176.9</ele>
      </trkpt>
      <trkpt lat="33.98983" lon="134.370585">
        <ele>175.5</ele>
      </trkpt>
      <trkpt lat="33.99001" lon="134.370604">
        <ele>173.1</ele>
      </trkpt>
      <trkpt lat="33.990189" lon="134.370624">
        <ele>170.6</ele>
      </trkpt>
      <trkpt lat="33.990368" lon="134.370643">
        <ele>168.4</ele>
      </trkpt>
      <trkpt lat="33.990488" lon="134.370627">
        <ele>166.7</ele>
      </trkpt>
      <trkpt lat="33.990565" lon="134.370602">
        <ele>165</ele>
      </trkpt>
      <trkpt lat="33.990792" lon="134.370498">
        <ele>164.2</ele>
      </trkpt>
      <trkpt lat="33.991019" lon="134.370393">
        <ele>163.9</ele>
      </trkpt>
      <trkpt lat="33.991245" lon="134.370289">
        <ele>164</ele>
      </trkpt>
      <trkpt lat="33.991414" lon="134.370243">
        <ele>164.7</ele>
      </trkpt>
      <trkpt lat="33.991664" lon="134.370223">
        <ele>165.7</ele>
      </trkpt>
      <trkpt lat="33.991929" lon="134.370251">
        <ele>165.2</ele>
      </trkpt>
      <trkpt lat="33.992157" lon="134.370327">
        <ele>163.4</ele>
      </trkpt>
      <trkpt lat="33.992353" lon="134.370401">
        <ele>160.7</ele>
      </trkpt>
      <trkpt lat="33.992548" lon="134.370475">
        <ele>158</ele>
      </trkpt>
      <trkpt lat="33.992744" lon="134.370548">
        <ele>156.8</ele>
      </trkpt>
      <trkpt lat="33.992894" lon="134.370589">
        <ele>156.7</ele>
      </trkpt>
      <trkpt lat="33.993043" lon="134.37063">
        <ele>156.9</ele>
      </trkpt>
      <trkpt lat="33.993159" lon="134.370725">
        <ele>157.1</ele>
      </trkpt>
      <trkpt lat="33.993275" lon="134.370819">
        <ele>157.3</ele>
      </trkpt>
      <trkpt lat="33.993386" lon="134.370866">
        <ele>155.9</ele>
      </trkpt>
      <trkpt lat="33.993508" lon="134.370867">
        <ele>154</ele>
      </trkpt>
      <trkpt lat="33.993629" lon="134.370845">
        <ele>151.9</ele>
      </trkpt>
      <trkpt lat="33.993848" lon="134.370768">
        <ele>149.2</ele>
      </trkpt>
      <trkpt lat="33.994056" lon="134.370741">
        <ele>146</ele>
      </trkpt>
      <trkpt lat="33.994157" lon="134.370731">
        <ele>142.8</ele>
      </trkpt>
      <trkpt lat="33.994242" lon="134.370696">
        <ele>140.1</ele>
      </trkpt>
      <trkpt lat="33.994301" lon="134.370662">
        <ele>138.6</ele>
      </trkpt>
      <trkpt lat="33.994409" lon="134.370547">
        <ele>138.7</ele>
      </trkpt>
      <trkpt lat="33.994531" lon="134.370362">
        <ele>139.2</ele>
      </trkpt>
      <trkpt lat="33.994652" lon="134.370178">
        <ele>139.6</ele>
      </trkpt>
      <trkpt lat="33.994729" lon="134.37012">
        <ele>139.8</ele>
      </trkpt>
      <trkpt lat="33.994961" lon="134.369989">
        <ele>140.7</ele>
      </trkpt>
      <trkpt lat="33.995037" lon="134.369941">
        <ele>141.3</ele>
      </trkpt>
      <trkpt lat="33.995201" lon="134.369799">
        <ele>142</ele>
      </trkpt>
      <trkpt lat="33.995328" lon="134.369795">
        <ele>142.2</ele>
      </trkpt>
      <trkpt lat="33.995403" lon="134.369807">
        <ele>142.3</ele>
      </trkpt>
      <trkpt lat="33.995599" lon="134.369913">
        <ele>140.7</ele>
      </trkpt>
      <trkpt lat="33.995796" lon="134.370018">
        <ele>137.6</ele>
      </trkpt>
      <trkpt lat="33.995939" lon="134.37017">
        <ele>134.3</ele>
      </trkpt>
      <trkpt lat="33.996063" lon="134.370363">
        <ele>132</ele>
      </trkpt>
      <trkpt lat="33.99617" lon="134.370414">
        <ele>130.3</ele>
      </trkpt>
      <trkpt lat="33.996375" lon="134.370388">
        <ele>128.8</ele>
      </trkpt>
      <trkpt lat="33.996531" lon="134.370339">
        <ele>128.3</ele>
      </trkpt>
      <trkpt lat="33.996687" lon="134.370291">
        <ele>127.2</ele>
      </trkpt>
      <trkpt lat="33.996848" lon="134.370224">
        <ele>123.7</ele>
      </trkpt>
      <trkpt lat="33.99701" lon="134.370158">
        <ele>117.3</ele>
      </trkpt>
      <trkpt lat="33.997169" lon="134.370135">
        <ele>110.6</ele>
      </trkpt>
      <trkpt lat="33.997316" lon="134.370151">
        <ele>103.7</ele>
      </trkpt>
      <trkpt lat="33.997361" lon="134.370154">
        <ele>97</ele>
      </trkpt>
      <trkpt lat="33.997421" lon="134.370139">
        <ele>94.9</ele>
      </trkpt>
      <trkpt lat="33.997616" lon="134.369983">
        <ele>99.9</ele>
      </trkpt>
      <trkpt lat="33.99781" lon="134.369826">
        <ele>106.8</ele>
      </trkpt>
      <trkpt lat="33.998004" lon="134.369669">
        <ele>113.6</ele>
      </trkpt>
      <trkpt lat="33.998046" lon="134.369634">
        <ele>120.6</ele>
      </trkpt>
      <trkpt lat="33.998119" lon="134.36987">
        <ele>123.9</ele>
      </trkpt>
      <trkpt lat="33.998191" lon="134.370107">
        <ele>122.3</ele>
      </trkpt>
      <trkpt lat="33.998249" lon="134.370258">
        <ele>119.6</ele>
      </trkpt>
      <trkpt lat="33.998312" lon="134.37033">
        <ele>118.6</ele>
      </trkpt>
      <trkpt lat="33.998372" lon="134.370345">
        <ele>119.4</ele>
      </trkpt>
      <trkpt lat="33.998465" lon="134.370301">
        <ele>122.5</ele>
      </trkpt>
      <trkpt lat="33.998602" lon="134.370177">
        <ele>126</ele>
      </trkpt>
      <trkpt lat="33.998739" lon="134.370053">
        <ele>128.4</ele>
      </trkpt>
      <trkpt lat="33.998876" lon="134.370001">
        <ele>129.3</ele>
      </trkpt>
      <trkpt lat="33.999096" lon="134.370009">
        <ele>128.4</ele>
      </trkpt>
      <trkpt lat="33.999228" lon="134.369986">
        <ele>125.9</ele>
      </trkpt>
      <trkpt lat="33.999379" lon="134.369907">
        <ele>121.7</ele>
      </trkpt>
      <trkpt lat="33.999622" lon="134.369785">
        <ele>119.6</ele>
      </trkpt>
      <trkpt lat="33.999865" lon="134.369663">
        <ele>116.3</ele>
      </trkpt>
      <trkpt lat="33.999997" lon="134.369558">
        <ele>114.9</ele>
      </trkpt>
      <trkpt lat="34.000129" lon="134.369453">
        <ele>114.7</ele>
      </trkpt>
      <trkpt lat="34.00034" lon="134.369307">
        <ele>116.2</ele>
      </trkpt>
      <trkpt lat="34.000512" lon="134.369259">
        <ele>115.9</ele>
      </trkpt>
      <trkpt lat="34.000683" lon="134.369211">
        <ele>116.8</ele>
      </trkpt>
      <trkpt lat="34.000852" lon="134.369172">
        <ele>116.6</ele>
      </trkpt>
      <trkpt lat="34.00102" lon="134.369134">
        <ele>116.5</ele>
      </trkpt>
      <trkpt lat="34.001147" lon="134.369071">
        <ele>116.6</ele>
      </trkpt>
      <trkpt lat="34.001275" lon="134.369008">
        <ele>117.8</ele>
      </trkpt>
      <trkpt lat="34.001461" lon="134.368978">
        <ele>119.9</ele>
      </trkpt>
      <trkpt lat="34.001647" lon="134.368949">
        <ele>122.1</ele>
      </trkpt>
      <trkpt lat="34.001833" lon="134.368919">
        <ele>124.2</ele>
      </trkpt>
      <trkpt lat="34.002041" lon="134.36892">
        <ele>125.9</ele>
      </trkpt>
      <trkpt lat="34.00225" lon="134.36892">
        <ele>126.9</ele>
      </trkpt>
      <trkpt lat="34.002417" lon="134.368963">
        <ele>127</ele>
      </trkpt>
      <trkpt lat="34.002584" lon="134.369005">
        <ele>126</ele>
      </trkpt>
      <trkpt lat="34.002767" lon="134.369089">
        <ele>124</ele>
      </trkpt>
      <trkpt lat="34.00295" lon="134.369174">
        <ele>122.1</ele>
      </trkpt>
      <trkpt lat="34.003129" lon="134.369334">
        <ele>120.1</ele>
      </trkpt>
      <trkpt lat="34.003308" lon="134.369494">
        <ele>119</ele>
      </trkpt>
      <trkpt lat="34.003416" lon="134.369682">
        <ele>118</ele>
      </trkpt>
      <trkpt lat="34.003525" lon="134.369871">
        <ele>117.5</ele>
      </trkpt>
      <trkpt lat="34.003635" lon="134.370157">
        <ele>116</ele>
      </trkpt>
      <trkpt lat="34.003746" lon="134.370443">
        <ele>114.6</ele>
      </trkpt>
      <trkpt lat="34.003857" lon="134.37073">
        <ele>112.2</ele>
      </trkpt>
      <trkpt lat="34.003968" lon="134.371016">
        <ele>109.9</ele>
      </trkpt>
      <trkpt lat="34.004079" lon="134.371302">
        <ele>108.1</ele>
      </trkpt>
      <trkpt lat="34.004189" lon="134.371589">
        <ele>106.6</ele>
      </trkpt>
      <trkpt lat="34.004305" lon="134.371801">
        <ele>105.2</ele>
      </trkpt>
      <trkpt lat="34.004421" lon="134.372014">
        <ele>104.1</ele>
      </trkpt>
      <trkpt lat="34.004565" lon="134.372213">
        <ele>103.8</ele>
      </trkpt>
      <trkpt lat="34.004708" lon="134.372412">
        <ele>102.6</ele>
      </trkpt>
      <trkpt lat="34.004852" lon="134.372612">
        <ele>102.3</ele>
      </trkpt>
      <trkpt lat="34.004995" lon="134.372811">
        <ele>102.4</ele>
      </trkpt>
      <trkpt lat="34.005213" lon="134.372936">
        <ele>101.9</ele>
      </trkpt>
      <trkpt lat="34.00546" lon="134.372985">
        <ele>100.8</ele>
      </trkpt>
      <trkpt lat="34.005706" lon="134.373034">
        <ele>100.2</ele>
      </trkpt>
      <trkpt lat="34.005862" lon="134.373055">
        <ele>99.6</ele>
      </trkpt>
      <trkpt lat="34.006018" lon="134.373076">
        <ele>98.4</ele>
      </trkpt>
      <trkpt lat="34.006215" lon="134.373099">
        <ele>97.7</ele>
      </trkpt>
      <trkpt lat="34.006413" lon="134.373123">
        <ele>96.1</ele>
      </trkpt>
      <trkpt lat="34.006608" lon="134.373098">
        <ele>95.7</ele>
      </trkpt>
      <trkpt lat="34.006793" lon="134.373066">
        <ele>94.3</ele>
      </trkpt>
    </trkseg>
  </trk>
</gpx>