<?xml version="1.0" encoding="UTF-8"?>
<gpx version="1.1" creator="trail-maps from OpenStreetMap (ODbL) route relation and waypoints; elevation Copernicus GLO-30" xmlns="http://www.topografix.com/GPX/1/1">
  <metadata><name>Kep Track</name></metadata>
  <wpt lat="-31.657551" lon="116.660092"><ele>153.3</ele><name>Northam RV 48hr Stay</name><type>campsite</type></wpt>
  <wpt lat="-31.747633" lon="116.455190"><ele>290.2</ele><name>Summer Creek Farm Camping Bakers Hill</name><type>campsite</type></wpt>
  <wpt lat="-31.877880" lon="116.209348"><ele>273.1</ele><name>Mount Helena</name><type>town</type></wpt>
  <wpt lat="-31.904302" lon="116.166597"><ele>310.4</ele><name>Drinking water</name><type>water</type></wpt>
  <wpt lat="-31.954397" lon="116.166352"><ele>181.0</ele><name>Drinking water</name><type>water</type></wpt>
  <wpt lat="-31.720213" lon="116.523265"><ele>224.2</ele><name>Drinking water</name><type>water</type></wpt>
  <trk><name>Main route</name><trkseg>
    <trkpt lat="-31.952049" lon="116.167574"><ele>175.8</ele></trkpt>
    <trkpt lat="-31.952009" lon="116.167607"><ele>176.0</ele></trkpt>
    <trkpt lat="-31.951909" lon="116.167734"><ele>176.6</ele></trkpt>
    <trkpt lat="-31.951825" lon="116.167838"><ele>177.1</ele></trkpt>
    <trkpt lat="-31.951822" lon="116.168028"><ele>177.7</ele></trkpt>
    <trkpt lat="-31.951726" lon="116.168172"><ele>178.6</ele></trkpt>
    <trkpt lat="-31.951316" lon="116.168540"><ele>182.2</ele></trkpt>
    <trkpt lat="-31.951097" lon="116.168983"><ele>184.3</ele></trkpt>
    <trkpt lat="-31.950817" lon="116.169303"><ele>185.5</ele></trkpt>
    <trkpt lat="-31.950633" lon="116.169834"><ele>186.7</ele></trkpt>
    <trkpt lat="-31.950561" lon="116.169905"><ele>187.1</ele></trkpt>
    <trkpt lat="-31.950507" lon="116.170385"><ele>188.2</ele></trkpt>
    <trkpt lat="-31.950570" lon="116.170594"><ele>188.7</ele></trkpt>
    <trkpt lat="-31.950532" lon="116.170662"><ele>188.9</ele></trkpt>
    <trkpt lat="-31.950564" lon="116.170852"><ele>189.4</ele></trkpt>
    <trkpt lat="-31.950513" lon="116.170964"><ele>189.8</ele></trkpt>
    <trkpt lat="-31.950576" lon="116.171177"><ele>190.2</ele></trkpt>
    <trkpt lat="-31.950593" lon="116.171576"><ele>190.8</ele></trkpt>
    <trkpt lat="-31.950847" lon="116.172736"><ele>192.0</ele></trkpt>
    <trkpt lat="-31.950771" lon="116.173007"><ele>192.1</ele></trkpt>
    <trkpt lat="-31.950829" lon="116.173387"><ele>192.6</ele></trkpt>
    <trkpt lat="-31.950717" lon="116.173780"><ele>194.2</ele></trkpt>
    <trkpt lat="-31.950421" lon="116.174220"><ele>197.5</ele></trkpt>
    <trkpt lat="-31.950332" lon="116.174352"><ele>198.5</ele></trkpt>
    <trkpt lat="-31.949597" lon="116.175232"><ele>201.9</ele></trkpt>
    <trkpt lat="-31.949251" lon="116.175646"><ele>203.8</ele></trkpt>
    <trkpt lat="-31.948685" lon="116.176283"><ele>210.7</ele></trkpt>
    <trkpt lat="-31.948717" lon="116.176379"><ele>211.5</ele></trkpt>
    <trkpt lat="-31.948684" lon="116.176628"><ele>213.3</ele></trkpt>
    <trkpt lat="-31.948603" lon="116.176958"><ele>214.0</ele></trkpt>
    <trkpt lat="-31.948518" lon="116.177212"><ele>214.8</ele></trkpt>
    <trkpt lat="-31.948497" lon="116.177390"><ele>215.6</ele></trkpt>
    <trkpt lat="-31.948438" lon="116.177829"><ele>217.2</ele></trkpt>
    <trkpt lat="-31.948365" lon="116.178084"><ele>218.6</ele></trkpt>
    <trkpt lat="-31.948238" lon="116.178327"><ele>220.0</ele></trkpt>
    <trkpt lat="-31.948201" lon="116.178436"><ele>220.6</ele></trkpt>
    <trkpt lat="-31.948239" lon="116.178585"><ele>221.1</ele></trkpt>
    <trkpt lat="-31.948117" lon="116.178817"><ele>221.9</ele></trkpt>
    <trkpt lat="-31.947944" lon="116.179134"><ele>222.9</ele></trkpt>
    <trkpt lat="-31.947844" lon="116.179339"><ele>223.4</ele></trkpt>
    <trkpt lat="-31.947793" lon="116.179540"><ele>223.8</ele></trkpt>
    <trkpt lat="-31.947758" lon="116.179620"><ele>224.0</ele></trkpt>
    <trkpt lat="-31.947487" lon="116.179573"><ele>225.2</ele></trkpt>
    <trkpt lat="-31.947296" lon="116.179492"><ele>226.2</ele></trkpt>
    <trkpt lat="-31.947158" lon="116.179465"><ele>226.9</ele></trkpt>
    <trkpt lat="-31.947000" lon="116.179401"><ele>227.9</ele></trkpt>
    <trkpt lat="-31.946590" lon="116.179321"><ele>230.3</ele></trkpt>
    <trkpt lat="-31.945990" lon="116.179213"><ele>231.6</ele></trkpt>
    <trkpt lat="-31.945380" lon="116.179100"><ele>232.3</ele></trkpt>
    <trkpt lat="-31.944968" lon="116.179091"><ele>232.7</ele></trkpt>
    <trkpt lat="-31.944812" lon="116.179117"><ele>232.7</ele></trkpt>
    <trkpt lat="-31.944738" lon="116.179105"><ele>232.7</ele></trkpt>
    <trkpt lat="-31.944412" lon="116.179072"><ele>232.0</ele></trkpt>
    <trkpt lat="-31.944154" lon="116.179121"><ele>232.0</ele></trkpt>
    <trkpt lat="-31.943899" lon="116.179239"><ele>232.4</ele></trkpt>
    <trkpt lat="-31.943708" lon="116.179382"><ele>232.6</ele></trkpt>
    <trkpt lat="-31.943318" lon="116.179633"><ele>234.2</ele></trkpt>
    <trkpt lat="-31.943152" lon="116.179760"><ele>236.0</ele></trkpt>
    <trkpt lat="-31.942928" lon="116.179937"><ele>238.6</ele></trkpt>
    <trkpt lat="-31.942852" lon="116.180080"><ele>239.8</ele></trkpt>
    <trkpt lat="-31.942788" lon="116.180285"><ele>241.5</ele></trkpt>
    <trkpt lat="-31.942221" lon="116.180395"><ele>246.1</ele></trkpt>
    <trkpt lat="-31.941953" lon="116.180403"><ele>246.6</ele></trkpt>
    <trkpt lat="-31.941834" lon="116.180441"><ele>246.7</ele></trkpt>
    <trkpt lat="-31.941182" lon="116.180756"><ele>246.0</ele></trkpt>
    <trkpt lat="-31.940915" lon="116.180870"><ele>245.6</ele></trkpt>
    <trkpt lat="-31.940802" lon="116.180918"><ele>245.3</ele></trkpt>
    <trkpt lat="-31.940518" lon="116.181161"><ele>245.3</ele></trkpt>
    <trkpt lat="-31.940339" lon="116.181227"><ele>245.5</ele></trkpt>
    <trkpt lat="-31.940236" lon="116.181307"><ele>245.9</ele></trkpt>
    <trkpt lat="-31.939917" lon="116.181623"><ele>246.5</ele></trkpt>
    <trkpt lat="-31.939662" lon="116.181808"><ele>247.2</ele></trkpt>
    <trkpt lat="-31.939361" lon="116.182013"><ele>247.5</ele></trkpt>
    <trkpt lat="-31.939283" lon="116.182042"><ele>247.4</ele></trkpt>
    <trkpt lat="-31.938398" lon="116.182326"><ele>250.2</ele></trkpt>
    <trkpt lat="-31.937684" lon="116.182616"><ele>252.5</ele></trkpt>
    <trkpt lat="-31.936550" lon="116.183021"><ele>254.9</ele></trkpt>
    <trkpt lat="-31.935720" lon="116.183302"><ele>257.9</ele></trkpt>
    <trkpt lat="-31.935364" lon="116.183399"><ele>260.8</ele></trkpt>
    <trkpt lat="-31.935192" lon="116.183459"><ele>262.9</ele></trkpt>
    <trkpt lat="-31.935103" lon="116.183521"><ele>264.2</ele></trkpt>
    <trkpt lat="-31.934973" lon="116.183759"><ele>267.7</ele></trkpt>
    <trkpt lat="-31.934655" lon="116.184185"><ele>273.5</ele></trkpt>
    <trkpt lat="-31.934496" lon="116.184170"><ele>274.8</ele></trkpt>
    <trkpt lat="-31.934141" lon="116.184018"><ele>276.3</ele></trkpt>
    <trkpt lat="-31.934062" lon="116.184009"><ele>276.5</ele></trkpt>
    <trkpt lat="-31.933954" lon="116.184042"><ele>276.7</ele></trkpt>
    <trkpt lat="-31.933885" lon="116.184032"><ele>276.8</ele></trkpt>
    <trkpt lat="-31.933792" lon="116.183936"><ele>277.1</ele></trkpt>
    <trkpt lat="-31.933670" lon="116.183900"><ele>277.5</ele></trkpt>
    <trkpt lat="-31.933525" lon="116.183858"><ele>278.1</ele></trkpt>
    <trkpt lat="-31.932901" lon="116.183744"><ele>282.7</ele></trkpt>
    <trkpt lat="-31.932396" lon="116.183764"><ele>286.1</ele></trkpt>
    <trkpt lat="-31.931862" lon="116.183737"><ele>287.9</ele></trkpt>
    <trkpt lat="-31.930962" lon="116.183746"><ele>289.0</ele></trkpt>
    <trkpt lat="-31.930550" lon="116.183689"><ele>288.9</ele></trkpt>
    <trkpt lat="-31.930197" lon="116.183582"><ele>288.3</ele></trkpt>
    <trkpt lat="-31.929783" lon="116.183385"><ele>286.3</ele></trkpt>
    <trkpt lat="-31.929393" lon="116.183260"><ele>284.0</ele></trkpt>
    <trkpt lat="-31.929023" lon="116.183099"><ele>281.6</ele></trkpt>
    <trkpt lat="-31.928843" lon="116.183191"><ele>280.7</ele></trkpt>
    <trkpt lat="-31.928693" lon="116.183275"><ele>280.0</ele></trkpt>
    <trkpt lat="-31.928525" lon="116.183289"><ele>279.3</ele></trkpt>
    <trkpt lat="-31.928337" lon="116.183275"><ele>278.9</ele></trkpt>
    <trkpt lat="-31.928170" lon="116.183115"><ele>278.6</ele></trkpt>
    <trkpt lat="-31.928005" lon="116.182712"><ele>278.6</ele></trkpt>
    <trkpt lat="-31.927958" lon="116.182464"><ele>278.3</ele></trkpt>
    <trkpt lat="-31.928005" lon="116.182306"><ele>278.1</ele></trkpt>
    <trkpt lat="-31.928139" lon="116.182002"><ele>277.7</ele></trkpt>
    <trkpt lat="-31.928137" lon="116.181814"><ele>277.4</ele></trkpt>
    <trkpt lat="-31.928129" lon="116.181645"><ele>276.8</ele></trkpt>
    <trkpt lat="-31.928087" lon="116.181245"><ele>274.8</ele></trkpt>
    <trkpt lat="-31.927836" lon="116.180783"><ele>272.7</ele></trkpt>
    <trkpt lat="-31.927635" lon="116.180455"><ele>271.6</ele></trkpt>
    <trkpt lat="-31.927161" lon="116.179571"><ele>270.3</ele></trkpt>
    <trkpt lat="-31.926920" lon="116.179216"><ele>269.7</ele></trkpt>
    <trkpt lat="-31.926733" lon="116.178842"><ele>269.5</ele></trkpt>
    <trkpt lat="-31.926628" lon="116.178694"><ele>269.8</ele></trkpt>
    <trkpt lat="-31.926393" lon="116.178477"><ele>270.4</ele></trkpt>
    <trkpt lat="-31.926174" lon="116.178365"><ele>270.8</ele></trkpt>
    <trkpt lat="-31.926020" lon="116.178293"><ele>271.1</ele></trkpt>
    <trkpt lat="-31.925872" lon="116.178241"><ele>271.5</ele></trkpt>
    <trkpt lat="-31.925706" lon="116.178209"><ele>272.1</ele></trkpt>
    <trkpt lat="-31.925506" lon="116.178202"><ele>272.7</ele></trkpt>
    <trkpt lat="-31.925396" lon="116.178226"><ele>273.0</ele></trkpt>
    <trkpt lat="-31.925257" lon="116.178225"><ele>273.2</ele></trkpt>
    <trkpt lat="-31.925071" lon="116.178298"><ele>274.0</ele></trkpt>
    <trkpt lat="-31.924880" lon="116.178357"><ele>274.8</ele></trkpt>
    <trkpt lat="-31.924394" lon="116.178665"><ele>276.5</ele></trkpt>
    <trkpt lat="-31.923642" lon="116.179220"><ele>277.1</ele></trkpt>
    <trkpt lat="-31.923432" lon="116.179304"><ele>277.0</ele></trkpt>
    <trkpt lat="-31.923212" lon="116.179367"><ele>276.9</ele></trkpt>
    <trkpt lat="-31.922838" lon="116.179414"><ele>277.2</ele></trkpt>
    <trkpt lat="-31.922488" lon="116.179371"><ele>277.6</ele></trkpt>
    <trkpt lat="-31.922416" lon="116.179350"><ele>277.8</ele></trkpt>
    <trkpt lat="-31.922237" lon="116.179297"><ele>278.2</ele></trkpt>
    <trkpt lat="-31.922035" lon="116.179153"><ele>279.0</ele></trkpt>
    <trkpt lat="-31.921577" lon="116.178843"><ele>280.4</ele></trkpt>
    <trkpt lat="-31.921071" lon="116.178299"><ele>283.0</ele></trkpt>
    <trkpt lat="-31.920810" lon="116.178079"><ele>284.9</ele></trkpt>
    <trkpt lat="-31.920525" lon="116.177953"><ele>286.9</ele></trkpt>
    <trkpt lat="-31.920165" lon="116.177877"><ele>288.7</ele></trkpt>
    <trkpt lat="-31.919935" lon="116.177884"><ele>290.1</ele></trkpt>
    <trkpt lat="-31.919647" lon="116.177876"><ele>291.6</ele></trkpt>
    <trkpt lat="-31.919633" lon="116.178021"><ele>292.2</ele></trkpt>
    <trkpt lat="-31.919618" lon="116.178067"><ele>292.3</ele></trkpt>
    <trkpt lat="-31.919555" lon="116.178272"><ele>293.2</ele></trkpt>
    <trkpt lat="-31.919383" lon="116.178368"><ele>294.1</ele></trkpt>
    <trkpt lat="-31.919025" lon="116.178503"><ele>295.3</ele></trkpt>
    <trkpt lat="-31.918906" lon="116.178530"><ele>295.5</ele></trkpt>
    <trkpt lat="-31.918678" lon="116.178538"><ele>295.7</ele></trkpt>
    <trkpt lat="-31.918508" lon="116.178443"><ele>295.5</ele></trkpt>
    <trkpt lat="-31.918412" lon="116.178345"><ele>295.2</ele></trkpt>
    <trkpt lat="-31.918333" lon="116.178132"><ele>294.4</ele></trkpt>
    <trkpt lat="-31.918367" lon="116.177937"><ele>293.7</ele></trkpt>
    <trkpt lat="-31.918361" lon="116.177669"><ele>292.6</ele></trkpt>
    <trkpt lat="-31.918346" lon="116.177604"><ele>292.4</ele></trkpt>
    <trkpt lat="-31.918287" lon="116.177453"><ele>292.0</ele></trkpt>
    <trkpt lat="-31.917982" lon="116.177046"><ele>290.8</ele></trkpt>
    <trkpt lat="-31.917646" lon="116.176667"><ele>291.8</ele></trkpt>
    <trkpt lat="-31.917456" lon="116.176478"><ele>293.0</ele></trkpt>
    <trkpt lat="-31.917274" lon="116.176255"><ele>294.6</ele></trkpt>
    <trkpt lat="-31.917056" lon="116.175946"><ele>297.1</ele></trkpt>
    <trkpt lat="-31.916713" lon="116.175663"><ele>300.0</ele></trkpt>
    <trkpt lat="-31.916269" lon="116.175259"><ele>303.0</ele></trkpt>
    <trkpt lat="-31.916152" lon="116.175122"><ele>303.5</ele></trkpt>
    <trkpt lat="-31.915868" lon="116.174916"><ele>304.3</ele></trkpt>
    <trkpt lat="-31.915701" lon="116.174719"><ele>304.6</ele></trkpt>
    <trkpt lat="-31.915613" lon="116.174693"><ele>304.8</ele></trkpt>
    <trkpt lat="-31.915409" lon="116.174530"><ele>305.2</ele></trkpt>
    <trkpt lat="-31.914892" lon="116.174032"><ele>307.2</ele></trkpt>
    <trkpt lat="-31.914666" lon="116.173852"><ele>308.1</ele></trkpt>
    <trkpt lat="-31.914426" lon="116.173603"><ele>309.0</ele></trkpt>
    <trkpt lat="-31.914171" lon="116.173243"><ele>308.8</ele></trkpt>
    <trkpt lat="-31.913733" lon="116.172522"><ele>307.0</ele></trkpt>
    <trkpt lat="-31.913624" lon="116.172444"><ele>306.6</ele></trkpt>
    <trkpt lat="-31.913457" lon="116.172230"><ele>306.0</ele></trkpt>
    <trkpt lat="-31.913267" lon="116.172032"><ele>306.0</ele></trkpt>
    <trkpt lat="-31.912932" lon="116.171861"><ele>306.6</ele></trkpt>
    <trkpt lat="-31.912692" lon="116.171766"><ele>307.2</ele></trkpt>
    <trkpt lat="-31.912364" lon="116.171740"><ele>307.6</ele></trkpt>
    <trkpt lat="-31.912043" lon="116.171672"><ele>307.3</ele></trkpt>
    <trkpt lat="-31.911548" lon="116.171620"><ele>305.4</ele></trkpt>
    <trkpt lat="-31.911402" lon="116.171569"><ele>304.6</ele></trkpt>
    <trkpt lat="-31.911074" lon="116.171586"><ele>302.9</ele></trkpt>
    <trkpt lat="-31.910681" lon="116.171474"><ele>301.0</ele></trkpt>
    <trkpt lat="-31.910338" lon="116.171354"><ele>299.7</ele></trkpt>
    <trkpt lat="-31.910024" lon="116.171248"><ele>299.3</ele></trkpt>
    <trkpt lat="-31.909473" lon="116.171113"><ele>300.6</ele></trkpt>
    <trkpt lat="-31.909076" lon="116.171025"><ele>301.5</ele></trkpt>
    <trkpt lat="-31.908765" lon="116.170917"><ele>301.6</ele></trkpt>
    <trkpt lat="-31.907826" lon="116.170683"><ele>300.8</ele></trkpt>
    <trkpt lat="-31.907291" lon="116.170514"><ele>301.7</ele></trkpt>
    <trkpt lat="-31.906969" lon="116.170332"><ele>302.6</ele></trkpt>
    <trkpt lat="-31.906434" lon="116.169896"><ele>304.4</ele></trkpt>
    <trkpt lat="-31.906263" lon="116.169733"><ele>304.8</ele></trkpt>
    <trkpt lat="-31.906234" lon="116.169698"><ele>304.9</ele></trkpt>
    <trkpt lat="-31.906208" lon="116.169669"><ele>304.9</ele></trkpt>
    <trkpt lat="-31.906092" lon="116.169507"><ele>305.0</ele></trkpt>
    <trkpt lat="-31.905948" lon="116.169345"><ele>304.9</ele></trkpt>
    <trkpt lat="-31.905748" lon="116.169071"><ele>304.6</ele></trkpt>
    <trkpt lat="-31.905659" lon="116.168931"><ele>304.5</ele></trkpt>
    <trkpt lat="-31.905611" lon="116.168892"><ele>304.6</ele></trkpt>
    <trkpt lat="-31.905568" lon="116.168880"><ele>304.7</ele></trkpt>
    <trkpt lat="-31.905513" lon="116.168902"><ele>304.8</ele></trkpt>
    <trkpt lat="-31.905607" lon="116.169193"><ele>305.4</ele></trkpt>
    <trkpt lat="-31.905706" lon="116.169441"><ele>306.1</ele></trkpt>
    <trkpt lat="-31.905821" lon="116.169758"><ele>306.9</ele></trkpt>
    <trkpt lat="-31.905897" lon="116.169973"><ele>307.2</ele></trkpt>
    <trkpt lat="-31.905934" lon="116.170121"><ele>307.4</ele></trkpt>
    <trkpt lat="-31.905969" lon="116.170203"><ele>307.5</ele></trkpt>
    <trkpt lat="-31.906077" lon="116.170503"><ele>307.9</ele></trkpt>
    <trkpt lat="-31.906127" lon="116.170656"><ele>308.0</ele></trkpt>
    <trkpt lat="-31.906193" lon="116.170862"><ele>308.1</ele></trkpt>
    <trkpt lat="-31.906306" lon="116.171198"><ele>308.8</ele></trkpt>
    <trkpt lat="-31.906431" lon="116.171540"><ele>309.9</ele></trkpt>
    <trkpt lat="-31.906605" lon="116.171966"><ele>311.5</ele></trkpt>
    <trkpt lat="-31.906713" lon="116.172272"><ele>312.6</ele></trkpt>
    <trkpt lat="-31.906814" lon="116.172555"><ele>313.5</ele></trkpt>
    <trkpt lat="-31.906955" lon="116.172952"><ele>315.4</ele></trkpt>
    <trkpt lat="-31.907012" lon="116.173119"><ele>316.0</ele></trkpt>
    <trkpt lat="-31.907067" lon="116.173310"><ele>316.4</ele></trkpt>
    <trkpt lat="-31.907124" lon="116.173512"><ele>316.9</ele></trkpt>
    <trkpt lat="-31.907165" lon="116.173709"><ele>317.5</ele></trkpt>
    <trkpt lat="-31.907202" lon="116.173898"><ele>318.0</ele></trkpt>
    <trkpt lat="-31.907236" lon="116.174149"><ele>318.5</ele></trkpt>
    <trkpt lat="-31.907256" lon="116.174344"><ele>318.4</ele></trkpt>
    <trkpt lat="-31.907267" lon="116.174580"><ele>318.4</ele></trkpt>
    <trkpt lat="-31.907282" lon="116.174832"><ele>318.5</ele></trkpt>
    <trkpt lat="-31.907272" lon="116.174967"><ele>318.6</ele></trkpt>
    <trkpt lat="-31.907261" lon="116.175087"><ele>318.7</ele></trkpt>
    <trkpt lat="-31.907250" lon="116.175247"><ele>318.8</ele></trkpt>
    <trkpt lat="-31.907241" lon="116.175395"><ele>318.9</ele></trkpt>
    <trkpt lat="-31.907195" lon="116.175615"><ele>319.4</ele></trkpt>
    <trkpt lat="-31.907149" lon="116.175784"><ele>319.8</ele></trkpt>
    <trkpt lat="-31.907068" lon="116.176000"><ele>320.3</ele></trkpt>
    <trkpt lat="-31.907014" lon="116.176180"><ele>320.6</ele></trkpt>
    <trkpt lat="-31.906947" lon="116.176356"><ele>320.8</ele></trkpt>
    <trkpt lat="-31.906878" lon="116.176526"><ele>320.9</ele></trkpt>
    <trkpt lat="-31.906818" lon="116.176701"><ele>321.2</ele></trkpt>
    <trkpt lat="-31.906758" lon="116.176827"><ele>321.5</ele></trkpt>
    <trkpt lat="-31.906593" lon="116.177135"><ele>321.9</ele></trkpt>
    <trkpt lat="-31.906437" lon="116.177360"><ele>322.1</ele></trkpt>
    <trkpt lat="-31.906274" lon="116.177591"><ele>322.2</ele></trkpt>
    <trkpt lat="-31.906145" lon="116.177801"><ele>322.2</ele></trkpt>
    <trkpt lat="-31.906034" lon="116.177956"><ele>321.8</ele></trkpt>
    <trkpt lat="-31.905870" lon="116.178178"><ele>321.0</ele></trkpt>
    <trkpt lat="-31.905657" lon="116.178503"><ele>319.5</ele></trkpt>
    <trkpt lat="-31.905488" lon="116.178781"><ele>318.7</ele></trkpt>
    <trkpt lat="-31.905295" lon="116.179109"><ele>318.5</ele></trkpt>
    <trkpt lat="-31.905040" lon="116.179560"><ele>317.7</ele></trkpt>
    <trkpt lat="-31.904890" lon="116.179716"><ele>317.0</ele></trkpt>
    <trkpt lat="-31.904701" lon="116.179933"><ele>315.9</ele></trkpt>
    <trkpt lat="-31.904589" lon="116.180109"><ele>315.2</ele></trkpt>
    <trkpt lat="-31.904551" lon="116.180194"><ele>315.0</ele></trkpt>
    <trkpt lat="-31.904543" lon="116.180305"><ele>314.8</ele></trkpt>
    <trkpt lat="-31.904562" lon="116.180388"><ele>314.6</ele></trkpt>
    <trkpt lat="-31.904796" lon="116.180970"><ele>313.6</ele></trkpt>
    <trkpt lat="-31.904826" lon="116.181056"><ele>313.8</ele></trkpt>
    <trkpt lat="-31.904817" lon="116.181099"><ele>313.9</ele></trkpt>
    <trkpt lat="-31.904758" lon="116.181141"><ele>314.0</ele></trkpt>
    <trkpt lat="-31.904732" lon="116.181155"><ele>314.1</ele></trkpt>
    <trkpt lat="-31.904693" lon="116.181169"><ele>314.2</ele></trkpt>
    <trkpt lat="-31.904617" lon="116.181167"><ele>314.2</ele></trkpt>
    <trkpt lat="-31.904573" lon="116.181180"><ele>314.2</ele></trkpt>
    <trkpt lat="-31.904527" lon="116.181214"><ele>314.3</ele></trkpt>
    <trkpt lat="-31.904489" lon="116.181223"><ele>314.3</ele></trkpt>
    <trkpt lat="-31.904435" lon="116.181209"><ele>314.3</ele></trkpt>
    <trkpt lat="-31.904370" lon="116.181185"><ele>314.5</ele></trkpt>
    <trkpt lat="-31.904316" lon="116.181141"><ele>314.7</ele></trkpt>
    <trkpt lat="-31.904239" lon="116.181050"><ele>314.9</ele></trkpt>
    <trkpt lat="-31.904158" lon="116.180945"><ele>315.5</ele></trkpt>
    <trkpt lat="-31.904101" lon="116.180870"><ele>316.0</ele></trkpt>
    <trkpt lat="-31.904077" lon="116.180857"><ele>316.2</ele></trkpt>
    <trkpt lat="-31.904045" lon="116.180883"><ele>316.4</ele></trkpt>
    <trkpt lat="-31.903981" lon="116.180981"><ele>316.9</ele></trkpt>
    <trkpt lat="-31.903868" lon="116.181156"><ele>317.9</ele></trkpt>
    <trkpt lat="-31.903785" lon="116.181289"><ele>318.5</ele></trkpt>
    <trkpt lat="-31.903595" lon="116.181570"><ele>320.2</ele></trkpt>
    <trkpt lat="-31.903485" lon="116.181731"><ele>321.0</ele></trkpt>
    <trkpt lat="-31.903312" lon="116.181979"><ele>321.7</ele></trkpt>
    <trkpt lat="-31.903148" lon="116.182219"><ele>322.3</ele></trkpt>
    <trkpt lat="-31.902982" lon="116.182461"><ele>322.9</ele></trkpt>
    <trkpt lat="-31.902824" lon="116.182714"><ele>323.6</ele></trkpt>
    <trkpt lat="-31.902683" lon="116.182967"><ele>324.2</ele></trkpt>
    <trkpt lat="-31.902577" lon="116.183191"><ele>324.6</ele></trkpt>
    <trkpt lat="-31.902506" lon="116.183364"><ele>324.8</ele></trkpt>
    <trkpt lat="-31.902417" lon="116.183619"><ele>324.8</ele></trkpt>
    <trkpt lat="-31.902321" lon="116.183920"><ele>324.0</ele></trkpt>
    <trkpt lat="-31.902263" lon="116.184176"><ele>322.7</ele></trkpt>
    <trkpt lat="-31.902211" lon="116.184495"><ele>320.5</ele></trkpt>
    <trkpt lat="-31.902182" lon="116.184706"><ele>318.9</ele></trkpt>
    <trkpt lat="-31.902161" lon="116.185036"><ele>316.2</ele></trkpt>
    <trkpt lat="-31.902152" lon="116.185238"><ele>314.7</ele></trkpt>
    <trkpt lat="-31.902136" lon="116.185576"><ele>312.7</ele></trkpt>
    <trkpt lat="-31.902118" lon="116.185830"><ele>311.7</ele></trkpt>
    <trkpt lat="-31.902082" lon="116.186110"><ele>310.9</ele></trkpt>
    <trkpt lat="-31.902046" lon="116.186365"><ele>310.4</ele></trkpt>
    <trkpt lat="-31.902012" lon="116.186563"><ele>310.0</ele></trkpt>
    <trkpt lat="-31.901980" lon="116.186802"><ele>310.0</ele></trkpt>
    <trkpt lat="-31.901943" lon="116.187044"><ele>310.2</ele></trkpt>
    <trkpt lat="-31.901901" lon="116.187359"><ele>310.9</ele></trkpt>
    <trkpt lat="-31.901888" lon="116.187566"><ele>311.5</ele></trkpt>
    <trkpt lat="-31.901855" lon="116.187810"><ele>312.3</ele></trkpt>
    <trkpt lat="-31.901822" lon="116.188058"><ele>313.4</ele></trkpt>
    <trkpt lat="-31.901794" lon="116.188242"><ele>314.1</ele></trkpt>
    <trkpt lat="-31.901779" lon="116.188386"><ele>314.5</ele></trkpt>
    <trkpt lat="-31.901768" lon="116.188557"><ele>314.9</ele></trkpt>
    <trkpt lat="-31.901734" lon="116.188884"><ele>315.1</ele></trkpt>
    <trkpt lat="-31.901688" lon="116.189252"><ele>314.7</ele></trkpt>
    <trkpt lat="-31.901651" lon="116.189562"><ele>314.2</ele></trkpt>
    <trkpt lat="-31.901623" lon="116.189804"><ele>313.5</ele></trkpt>
    <trkpt lat="-31.901589" lon="116.190175"><ele>312.0</ele></trkpt>
    <trkpt lat="-31.901579" lon="116.190374"><ele>311.1</ele></trkpt>
    <trkpt lat="-31.901562" lon="116.190621"><ele>310.3</ele></trkpt>
    <trkpt lat="-31.901536" lon="116.190867"><ele>309.2</ele></trkpt>
    <trkpt lat="-31.901504" lon="116.191217"><ele>307.8</ele></trkpt>
    <trkpt lat="-31.901470" lon="116.191519"><ele>307.0</ele></trkpt>
    <trkpt lat="-31.901463" lon="116.191714"><ele>306.7</ele></trkpt>
    <trkpt lat="-31.901461" lon="116.192023"><ele>306.6</ele></trkpt>
    <trkpt lat="-31.901464" lon="116.192196"><ele>306.5</ele></trkpt>
    <trkpt lat="-31.901487" lon="116.192411"><ele>306.4</ele></trkpt>
    <trkpt lat="-31.901513" lon="116.192642"><ele>306.2</ele></trkpt>
    <trkpt lat="-31.901562" lon="116.193012"><ele>305.8</ele></trkpt>
    <trkpt lat="-31.901708" lon="116.193875"><ele>305.2</ele></trkpt>
    <trkpt lat="-31.901751" lon="116.194202"><ele>305.5</ele></trkpt>
    <trkpt lat="-31.901809" lon="116.194570"><ele>305.7</ele></trkpt>
    <trkpt lat="-31.901858" lon="116.194856"><ele>305.9</ele></trkpt>
    <trkpt lat="-31.901918" lon="116.195244"><ele>306.1</ele></trkpt>
    <trkpt lat="-31.902005" lon="116.195781"><ele>307.4</ele></trkpt>
    <trkpt lat="-31.902065" lon="116.196109"><ele>309.2</ele></trkpt>
    <trkpt lat="-31.902139" lon="116.196489"><ele>311.4</ele></trkpt>
    <trkpt lat="-31.902223" lon="116.197012"><ele>312.5</ele></trkpt>
    <trkpt lat="-31.902321" lon="116.197585"><ele>310.5</ele></trkpt>
    <trkpt lat="-31.902387" lon="116.197937"><ele>309.0</ele></trkpt>
    <trkpt lat="-31.902383" lon="116.198029"><ele>308.7</ele></trkpt>
    <trkpt lat="-31.902414" lon="116.198188"><ele>308.2</ele></trkpt>
    <trkpt lat="-31.902457" lon="116.198348"><ele>308.0</ele></trkpt>
    <trkpt lat="-31.902510" lon="116.198639"><ele>307.8</ele></trkpt>
    <trkpt lat="-31.902585" lon="116.199091"><ele>308.5</ele></trkpt>
    <trkpt lat="-31.902689" lon="116.199763"><ele>309.5</ele></trkpt>
    <trkpt lat="-31.902775" lon="116.200256"><ele>310.0</ele></trkpt>
    <trkpt lat="-31.902860" lon="116.200751"><ele>310.3</ele></trkpt>
    <trkpt lat="-31.902894" lon="116.200941"><ele>310.0</ele></trkpt>
    <trkpt lat="-31.902910" lon="116.201052"><ele>309.9</ele></trkpt>
    <trkpt lat="-31.902951" lon="116.201384"><ele>309.6</ele></trkpt>
    <trkpt lat="-31.902998" lon="116.201671"><ele>309.8</ele></trkpt>
    <trkpt lat="-31.903043" lon="116.201986"><ele>310.1</ele></trkpt>
    <trkpt lat="-31.903118" lon="116.202406"><ele>310.8</ele></trkpt>
    <trkpt lat="-31.903165" lon="116.202754"><ele>311.8</ele></trkpt>
    <trkpt lat="-31.903180" lon="116.202978"><ele>312.2</ele></trkpt>
    <trkpt lat="-31.903163" lon="116.203173"><ele>312.5</ele></trkpt>
    <trkpt lat="-31.903157" lon="116.203299"><ele>312.3</ele></trkpt>
    <trkpt lat="-31.903150" lon="116.203464"><ele>312.0</ele></trkpt>
    <trkpt lat="-31.903124" lon="116.203693"><ele>311.6</ele></trkpt>
    <trkpt lat="-31.903078" lon="116.203959"><ele>311.6</ele></trkpt>
    <trkpt lat="-31.903041" lon="116.204042"><ele>311.7</ele></trkpt>
    <trkpt lat="-31.902958" lon="116.204265"><ele>312.1</ele></trkpt>
    <trkpt lat="-31.902912" lon="116.204529"><ele>312.7</ele></trkpt>
    <trkpt lat="-31.902897" lon="116.204606"><ele>312.9</ele></trkpt>
    <trkpt lat="-31.902883" lon="116.204691"><ele>313.2</ele></trkpt>
    <trkpt lat="-31.902815" lon="116.204875"><ele>314.3</ele></trkpt>
    <trkpt lat="-31.902734" lon="116.205072"><ele>315.6</ele></trkpt>
    <trkpt lat="-31.902642" lon="116.205263"><ele>317.0</ele></trkpt>
    <trkpt lat="-31.902532" lon="116.205476"><ele>318.4</ele></trkpt>
    <trkpt lat="-31.902385" lon="116.205691"><ele>319.6</ele></trkpt>
    <trkpt lat="-31.902261" lon="116.205873"><ele>320.6</ele></trkpt>
    <trkpt lat="-31.902109" lon="116.206062"><ele>321.8</ele></trkpt>
    <trkpt lat="-31.901982" lon="116.206197"><ele>322.5</ele></trkpt>
    <trkpt lat="-31.901822" lon="116.206366"><ele>323.0</ele></trkpt>
    <trkpt lat="-31.901660" lon="116.206508"><ele>323.3</ele></trkpt>
    <trkpt lat="-31.901461" lon="116.206665"><ele>323.5</ele></trkpt>
    <trkpt lat="-31.901261" lon="116.206821"><ele>323.6</ele></trkpt>
    <trkpt lat="-31.901075" lon="116.206978"><ele>323.8</ele></trkpt>
    <trkpt lat="-31.900766" lon="116.207222"><ele>324.7</ele></trkpt>
    <trkpt lat="-31.900607" lon="116.207338"><ele>325.4</ele></trkpt>
    <trkpt lat="-31.900496" lon="116.207430"><ele>325.8</ele></trkpt>
    <trkpt lat="-31.900161" lon="116.207686"><ele>326.7</ele></trkpt>
    <trkpt lat="-31.900059" lon="116.207767"><ele>326.7</ele></trkpt>
    <trkpt lat="-31.899845" lon="116.207937"><ele>326.7</ele></trkpt>
    <trkpt lat="-31.899652" lon="116.208085"><ele>326.5</ele></trkpt>
    <trkpt lat="-31.899506" lon="116.208203"><ele>326.3</ele></trkpt>
    <trkpt lat="-31.899361" lon="116.208343"><ele>326.0</ele></trkpt>
    <trkpt lat="-31.899212" lon="116.208451"><ele>325.6</ele></trkpt>
    <trkpt lat="-31.899006" lon="116.208609"><ele>324.8</ele></trkpt>
    <trkpt lat="-31.898792" lon="116.208775"><ele>323.4</ele></trkpt>
    <trkpt lat="-31.898584" lon="116.208931"><ele>321.6</ele></trkpt>
    <trkpt lat="-31.898313" lon="116.209155"><ele>318.7</ele></trkpt>
    <trkpt lat="-31.898049" lon="116.209370"><ele>315.8</ele></trkpt>
    <trkpt lat="-31.897882" lon="116.209492"><ele>314.4</ele></trkpt>
    <trkpt lat="-31.897752" lon="116.209594"><ele>313.4</ele></trkpt>
    <trkpt lat="-31.897631" lon="116.209743"><ele>312.6</ele></trkpt>
    <trkpt lat="-31.897528" lon="116.209858"><ele>312.1</ele></trkpt>
    <trkpt lat="-31.897396" lon="116.209960"><ele>311.7</ele></trkpt>
    <trkpt lat="-31.897225" lon="116.210053"><ele>311.4</ele></trkpt>
    <trkpt lat="-31.897021" lon="116.210153"><ele>311.4</ele></trkpt>
    <trkpt lat="-31.896820" lon="116.210255"><ele>311.6</ele></trkpt>
    <trkpt lat="-31.896588" lon="116.210375"><ele>311.9</ele></trkpt>
    <trkpt lat="-31.896401" lon="116.210446"><ele>311.9</ele></trkpt>
    <trkpt lat="-31.896224" lon="116.210504"><ele>312.0</ele></trkpt>
    <trkpt lat="-31.895983" lon="116.210572"><ele>312.0</ele></trkpt>
    <trkpt lat="-31.895701" lon="116.210621"><ele>311.5</ele></trkpt>
    <trkpt lat="-31.895484" lon="116.210643"><ele>310.8</ele></trkpt>
    <trkpt lat="-31.895277" lon="116.210648"><ele>309.7</ele></trkpt>
    <trkpt lat="-31.895109" lon="116.210641"><ele>308.8</ele></trkpt>
    <trkpt lat="-31.894815" lon="116.210615"><ele>307.0</ele></trkpt>
    <trkpt lat="-31.894529" lon="116.210561"><ele>305.2</ele></trkpt>
    <trkpt lat="-31.894355" lon="116.210510"><ele>304.2</ele></trkpt>
    <trkpt lat="-31.894273" lon="116.210486"><ele>303.7</ele></trkpt>
    <trkpt lat="-31.894129" lon="116.210433"><ele>302.8</ele></trkpt>
    <trkpt lat="-31.894053" lon="116.210399"><ele>302.7</ele></trkpt>
    <trkpt lat="-31.893811" lon="116.210293"><ele>302.2</ele></trkpt>
    <trkpt lat="-31.893559" lon="116.210157"><ele>302.1</ele></trkpt>
    <trkpt lat="-31.893367" lon="116.210024"><ele>302.0</ele></trkpt>
    <trkpt lat="-31.893156" lon="116.209853"><ele>301.9</ele></trkpt>
    <trkpt lat="-31.892930" lon="116.209663"><ele>301.6</ele></trkpt>
    <trkpt lat="-31.892781" lon="116.209525"><ele>301.1</ele></trkpt>
    <trkpt lat="-31.892589" lon="116.209383"><ele>300.4</ele></trkpt>
    <trkpt lat="-31.892389" lon="116.209179"><ele>299.8</ele></trkpt>
    <trkpt lat="-31.892197" lon="116.209015"><ele>299.5</ele></trkpt>
    <trkpt lat="-31.891999" lon="116.208844"><ele>299.5</ele></trkpt>
    <trkpt lat="-31.891792" lon="116.208673"><ele>299.7</ele></trkpt>
    <trkpt lat="-31.891598" lon="116.208500"><ele>299.7</ele></trkpt>
    <trkpt lat="-31.891289" lon="116.208234"><ele>299.9</ele></trkpt>
    <trkpt lat="-31.890960" lon="116.207957"><ele>299.5</ele></trkpt>
    <trkpt lat="-31.890686" lon="116.207708"><ele>298.8</ele></trkpt>
    <trkpt lat="-31.890598" lon="116.207635"><ele>298.5</ele></trkpt>
    <trkpt lat="-31.890375" lon="116.207462"><ele>297.7</ele></trkpt>
    <trkpt lat="-31.889961" lon="116.207085"><ele>296.3</ele></trkpt>
    <trkpt lat="-31.889650" lon="116.206829"><ele>295.7</ele></trkpt>
    <trkpt lat="-31.889273" lon="116.206584"><ele>294.1</ele></trkpt>
    <trkpt lat="-31.888996" lon="116.206446"><ele>292.5</ele></trkpt>
    <trkpt lat="-31.888770" lon="116.206375"><ele>290.8</ele></trkpt>
    <trkpt lat="-31.888752" lon="116.206368"><ele>290.7</ele></trkpt>
    <trkpt lat="-31.888625" lon="116.206322"><ele>289.8</ele></trkpt>
    <trkpt lat="-31.888527" lon="116.206319"><ele>289.3</ele></trkpt>
    <trkpt lat="-31.888414" lon="116.206292"><ele>288.7</ele></trkpt>
    <trkpt lat="-31.888221" lon="116.206247"><ele>288.4</ele></trkpt>
    <trkpt lat="-31.888047" lon="116.206236"><ele>288.4</ele></trkpt>
    <trkpt lat="-31.887844" lon="116.206258"><ele>288.8</ele></trkpt>
    <trkpt lat="-31.887578" lon="116.206330"><ele>289.5</ele></trkpt>
    <trkpt lat="-31.887307" lon="116.206397"><ele>289.9</ele></trkpt>
    <trkpt lat="-31.887030" lon="116.206494"><ele>290.0</ele></trkpt>
    <trkpt lat="-31.886712" lon="116.206627"><ele>289.6</ele></trkpt>
    <trkpt lat="-31.886410" lon="116.206741"><ele>288.7</ele></trkpt>
    <trkpt lat="-31.886049" lon="116.206889"><ele>287.1</ele></trkpt>
    <trkpt lat="-31.885829" lon="116.207004"><ele>285.7</ele></trkpt>
    <trkpt lat="-31.885624" lon="116.207040"><ele>284.2</ele></trkpt>
    <trkpt lat="-31.885590" lon="116.207050"><ele>284.0</ele></trkpt>
    <trkpt lat="-31.885379" lon="116.207112"><ele>282.1</ele></trkpt>
    <trkpt lat="-31.885283" lon="116.207145"><ele>281.3</ele></trkpt>
    <trkpt lat="-31.885056" lon="116.207221"><ele>279.3</ele></trkpt>
    <trkpt lat="-31.884761" lon="116.207359"><ele>277.3</ele></trkpt>
    <trkpt lat="-31.884684" lon="116.207395"><ele>277.0</ele></trkpt>
    <trkpt lat="-31.884418" lon="116.207520"><ele>275.8</ele></trkpt>
    <trkpt lat="-31.884128" lon="116.207656"><ele>274.9</ele></trkpt>
    <trkpt lat="-31.883811" lon="116.207773"><ele>274.5</ele></trkpt>
    <trkpt lat="-31.883514" lon="116.207864"><ele>274.1</ele></trkpt>
    <trkpt lat="-31.883217" lon="116.207989"><ele>274.2</ele></trkpt>
    <trkpt lat="-31.882918" lon="116.208102"><ele>274.5</ele></trkpt>
    <trkpt lat="-31.882652" lon="116.208216"><ele>274.8</ele></trkpt>
    <trkpt lat="-31.882445" lon="116.208288"><ele>275.5</ele></trkpt>
    <trkpt lat="-31.882169" lon="116.208380"><ele>276.8</ele></trkpt>
    <trkpt lat="-31.881875" lon="116.208491"><ele>278.4</ele></trkpt>
    <trkpt lat="-31.881567" lon="116.208607"><ele>280.5</ele></trkpt>
    <trkpt lat="-31.881310" lon="116.208710"><ele>282.0</ele></trkpt>
    <trkpt lat="-31.880940" lon="116.208846"><ele>282.7</ele></trkpt>
    <trkpt lat="-31.880622" lon="116.208968"><ele>282.4</ele></trkpt>
    <trkpt lat="-31.880358" lon="116.209095"><ele>281.8</ele></trkpt>
    <trkpt lat="-31.880172" lon="116.209142"><ele>281.2</ele></trkpt>
    <trkpt lat="-31.880053" lon="116.209134"><ele>280.9</ele></trkpt>
    <trkpt lat="-31.880056" lon="116.209334"><ele>280.4</ele></trkpt>
    <trkpt lat="-31.880058" lon="116.209547"><ele>280.0</ele></trkpt>
    <trkpt lat="-31.880071" lon="116.209691"><ele>279.8</ele></trkpt>
    <trkpt lat="-31.880090" lon="116.209760"><ele>279.7</ele></trkpt>
    <trkpt lat="-31.880338" lon="116.210037"><ele>279.4</ele></trkpt>
    <trkpt lat="-31.881246" lon="116.209681"><ele>280.4</ele></trkpt>
    <trkpt lat="-31.881260" lon="116.209731"><ele>280.4</ele></trkpt>
    <trkpt lat="-31.881288" lon="116.209834"><ele>280.3</ele></trkpt>
    <trkpt lat="-31.881026" lon="116.209945"><ele>279.8</ele></trkpt>
    <trkpt lat="-31.880875" lon="116.210053"><ele>279.1</ele></trkpt>
    <trkpt lat="-31.880648" lon="116.210236"><ele>277.9</ele></trkpt>
    <trkpt lat="-31.880523" lon="116.210367"><ele>277.2</ele></trkpt>
    <trkpt lat="-31.880487" lon="116.210461"><ele>276.9</ele></trkpt>
    <trkpt lat="-31.880478" lon="116.210560"><ele>276.6</ele></trkpt>
    <trkpt lat="-31.880511" lon="116.211086"><ele>275.9</ele></trkpt>
    <trkpt lat="-31.880526" lon="116.211516"><ele>276.4</ele></trkpt>
    <trkpt lat="-31.880451" lon="116.211908"><ele>276.6</ele></trkpt>
    <trkpt lat="-31.880361" lon="116.212242"><ele>276.5</ele></trkpt>
    <trkpt lat="-31.880058" lon="116.212898"><ele>276.9</ele></trkpt>
    <trkpt lat="-31.879232" lon="116.214492"><ele>284.2</ele></trkpt>
    <trkpt lat="-31.878898" lon="116.215138"><ele>286.3</ele></trkpt>
    <trkpt lat="-31.877902" lon="116.217033"><ele>290.8</ele></trkpt>
    <trkpt lat="-31.877078" lon="116.218648"><ele>291.4</ele></trkpt>
    <trkpt lat="-31.876359" lon="116.219992"><ele>294.5</ele></trkpt>
    <trkpt lat="-31.875749" lon="116.221234"><ele>298.3</ele></trkpt>
    <trkpt lat="-31.875543" lon="116.221788"><ele>299.2</ele></trkpt>
    <trkpt lat="-31.875454" lon="116.222125"><ele>300.3</ele></trkpt>
    <trkpt lat="-31.875201" lon="116.223060"><ele>302.1</ele></trkpt>
    <trkpt lat="-31.874724" lon="116.225037"><ele>299.4</ele></trkpt>
    <trkpt lat="-31.874158" lon="116.227343"><ele>296.1</ele></trkpt>
    <trkpt lat="-31.873702" lon="116.229277"><ele>292.7</ele></trkpt>
    <trkpt lat="-31.873143" lon="116.231485"><ele>285.7</ele></trkpt>
    <trkpt lat="-31.872867" lon="116.232666"><ele>283.9</ele></trkpt>
    <trkpt lat="-31.872768" lon="116.233008"><ele>284.4</ele></trkpt>
    <trkpt lat="-31.872364" lon="116.234635"><ele>288.7</ele></trkpt>
    <trkpt lat="-31.872304" lon="116.234861"><ele>289.1</ele></trkpt>
    <trkpt lat="-31.872147" lon="116.235457"><ele>289.1</ele></trkpt>
    <trkpt lat="-31.871070" lon="116.239018"><ele>290.7</ele></trkpt>
    <trkpt lat="-31.870968" lon="116.239442"><ele>292.1</ele></trkpt>
    <trkpt lat="-31.870828" lon="116.240134"><ele>293.1</ele></trkpt>
    <trkpt lat="-31.870593" lon="116.240909"><ele>292.3</ele></trkpt>
    <trkpt lat="-31.870181" lon="116.242220"><ele>294.5</ele></trkpt>
    <trkpt lat="-31.869700" lon="116.243756"><ele>299.9</ele></trkpt>
    <trkpt lat="-31.869046" lon="116.246045"><ele>295.6</ele></trkpt>
    <trkpt lat="-31.868836" lon="116.246707"><ele>291.5</ele></trkpt>
    <trkpt lat="-31.868686" lon="116.247235"><ele>288.7</ele></trkpt>
    <trkpt lat="-31.868443" lon="116.248018"><ele>286.7</ele></trkpt>
    <trkpt lat="-31.868318" lon="116.248507"><ele>286.2</ele></trkpt>
    <trkpt lat="-31.868024" lon="116.249441"><ele>283.7</ele></trkpt>
    <trkpt lat="-31.867881" lon="116.249913"><ele>283.0</ele></trkpt>
    <trkpt lat="-31.867718" lon="116.250459"><ele>283.3</ele></trkpt>
    <trkpt lat="-31.867023" lon="116.252796"><ele>290.8</ele></trkpt>
    <trkpt lat="-31.866485" lon="116.254606"><ele>291.5</ele></trkpt>
    <trkpt lat="-31.866051" lon="116.256246"><ele>297.5</ele></trkpt>
    <trkpt lat="-31.865855" lon="116.256933"><ele>299.0</ele></trkpt>
    <trkpt lat="-31.865648" lon="116.257357"><ele>299.5</ele></trkpt>
    <trkpt lat="-31.865549" lon="116.257676"><ele>299.7</ele></trkpt>
    <trkpt lat="-31.865556" lon="116.257776"><ele>299.7</ele></trkpt>
    <trkpt lat="-31.865616" lon="116.257885"><ele>299.8</ele></trkpt>
    <trkpt lat="-31.865627" lon="116.258126"><ele>300.0</ele></trkpt>
    <trkpt lat="-31.865594" lon="116.258348"><ele>300.1</ele></trkpt>
    <trkpt lat="-31.865551" lon="116.258497"><ele>300.2</ele></trkpt>
    <trkpt lat="-31.865395" lon="116.259028"><ele>301.7</ele></trkpt>
    <trkpt lat="-31.864959" lon="116.260458"><ele>303.9</ele></trkpt>
    <trkpt lat="-31.864741" lon="116.261177"><ele>303.7</ele></trkpt>
    <trkpt lat="-31.864379" lon="116.262363"><ele>302.6</ele></trkpt>
    <trkpt lat="-31.864010" lon="116.263469"><ele>302.6</ele></trkpt>
    <trkpt lat="-31.863399" lon="116.265702"><ele>303.3</ele></trkpt>
    <trkpt lat="-31.862917" lon="116.267168"><ele>301.4</ele></trkpt>
    <trkpt lat="-31.862790" lon="116.267578"><ele>301.6</ele></trkpt>
    <trkpt lat="-31.862750" lon="116.267745"><ele>301.7</ele></trkpt>
    <trkpt lat="-31.862741" lon="116.267904"><ele>301.7</ele></trkpt>
    <trkpt lat="-31.862712" lon="116.268103"><ele>301.7</ele></trkpt>
    <trkpt lat="-31.862653" lon="116.268276"><ele>301.9</ele></trkpt>
    <trkpt lat="-31.862615" lon="116.268343"><ele>302.0</ele></trkpt>
    <trkpt lat="-31.862603" lon="116.268669"><ele>303.1</ele></trkpt>
    <trkpt lat="-31.862578" lon="116.268961"><ele>305.0</ele></trkpt>
    <trkpt lat="-31.862584" lon="116.269017"><ele>305.5</ele></trkpt>
    <trkpt lat="-31.862590" lon="116.269059"><ele>305.8</ele></trkpt>
    <trkpt lat="-31.862613" lon="116.269166"><ele>306.8</ele></trkpt>
    <trkpt lat="-31.862623" lon="116.269332"><ele>308.3</ele></trkpt>
    <trkpt lat="-31.862649" lon="116.269791"><ele>313.3</ele></trkpt>
    <trkpt lat="-31.862687" lon="116.270028"><ele>315.1</ele></trkpt>
    <trkpt lat="-31.862830" lon="116.270525"><ele>315.7</ele></trkpt>
    <trkpt lat="-31.862981" lon="116.271078"><ele>312.9</ele></trkpt>
    <trkpt lat="-31.862996" lon="116.271163"><ele>312.2</ele></trkpt>
    <trkpt lat="-31.863034" lon="116.271373"><ele>311.0</ele></trkpt>
    <trkpt lat="-31.863100" lon="116.271743"><ele>309.6</ele></trkpt>
    <trkpt lat="-31.863218" lon="116.272187"><ele>309.2</ele></trkpt>
    <trkpt lat="-31.863652" lon="116.274084"><ele>311.5</ele></trkpt>
    <trkpt lat="-31.863986" lon="116.275107"><ele>312.5</ele></trkpt>
    <trkpt lat="-31.864200" lon="116.275545"><ele>313.6</ele></trkpt>
    <trkpt lat="-31.864462" lon="116.276082"><ele>315.0</ele></trkpt>
    <trkpt lat="-31.865173" lon="116.277340"><ele>319.2</ele></trkpt>
    <trkpt lat="-31.865942" lon="116.278840"><ele>321.9</ele></trkpt>
    <trkpt lat="-31.866359" lon="116.279877"><ele>322.0</ele></trkpt>
    <trkpt lat="-31.867662" lon="116.283397"><ele>316.9</ele></trkpt>
    <trkpt lat="-31.867856" lon="116.284036"><ele>314.9</ele></trkpt>
    <trkpt lat="-31.867954" lon="116.284913"><ele>311.9</ele></trkpt>
    <trkpt lat="-31.867879" lon="116.285802"><ele>309.8</ele></trkpt>
    <trkpt lat="-31.867616" lon="116.286722"><ele>307.3</ele></trkpt>
    <trkpt lat="-31.867221" lon="116.287497"><ele>307.7</ele></trkpt>
    <trkpt lat="-31.866601" lon="116.288280"><ele>308.8</ele></trkpt>
    <trkpt lat="-31.866060" lon="116.288736"><ele>308.1</ele></trkpt>
    <trkpt lat="-31.865722" lon="116.289129"><ele>306.1</ele></trkpt>
    <trkpt lat="-31.865410" lon="116.289700"><ele>302.7</ele></trkpt>
    <trkpt lat="-31.865117" lon="116.290413"><ele>299.8</ele></trkpt>
    <trkpt lat="-31.864275" lon="116.292519"><ele>299.7</ele></trkpt>
    <trkpt lat="-31.864068" lon="116.293125"><ele>301.1</ele></trkpt>
    <trkpt lat="-31.864023" lon="116.293678"><ele>302.5</ele></trkpt>
    <trkpt lat="-31.864027" lon="116.294351"><ele>302.2</ele></trkpt>
    <trkpt lat="-31.863956" lon="116.294961"><ele>300.4</ele></trkpt>
    <trkpt lat="-31.863853" lon="116.296505"><ele>299.5</ele></trkpt>
    <trkpt lat="-31.863820" lon="116.297921"><ele>298.9</ele></trkpt>
    <trkpt lat="-31.863802" lon="116.298151"><ele>299.4</ele></trkpt>
    <trkpt lat="-31.863761" lon="116.298617"><ele>301.3</ele></trkpt>
    <trkpt lat="-31.863613" lon="116.301654"><ele>306.7</ele></trkpt>
    <trkpt lat="-31.863570" lon="116.301965"><ele>306.6</ele></trkpt>
    <trkpt lat="-31.863455" lon="116.302362"><ele>306.6</ele></trkpt>
    <trkpt lat="-31.863329" lon="116.302755"><ele>306.9</ele></trkpt>
    <trkpt lat="-31.862916" lon="116.303469"><ele>307.2</ele></trkpt>
    <trkpt lat="-31.862417" lon="116.303984"><ele>305.7</ele></trkpt>
    <trkpt lat="-31.862154" lon="116.304177"><ele>304.8</ele></trkpt>
    <trkpt lat="-31.862057" lon="116.304219"><ele>304.5</ele></trkpt>
    <trkpt lat="-31.861752" lon="116.304349"><ele>303.5</ele></trkpt>
    <trkpt lat="-31.861113" lon="116.304515"><ele>302.7</ele></trkpt>
    <trkpt lat="-31.860663" lon="116.304536"><ele>301.7</ele></trkpt>
    <trkpt lat="-31.858895" lon="116.304551"><ele>302.7</ele></trkpt>
    <trkpt lat="-31.858029" lon="116.304558"><ele>306.0</ele></trkpt>
    <trkpt lat="-31.857095" lon="116.304488"><ele>306.5</ele></trkpt>
    <trkpt lat="-31.856071" lon="116.304488"><ele>305.9</ele></trkpt>
    <trkpt lat="-31.855030" lon="116.304585"><ele>305.3</ele></trkpt>
    <trkpt lat="-31.854279" lon="116.304751"><ele>304.6</ele></trkpt>
    <trkpt lat="-31.853630" lon="116.305051"><ele>304.6</ele></trkpt>
    <trkpt lat="-31.853083" lon="116.305395"><ele>305.8</ele></trkpt>
    <trkpt lat="-31.852862" lon="116.305618"><ele>305.8</ele></trkpt>
    <trkpt lat="-31.852418" lon="116.306065"><ele>306.1</ele></trkpt>
    <trkpt lat="-31.851779" lon="116.306967"><ele>305.9</ele></trkpt>
    <trkpt lat="-31.847633" lon="116.313238"><ele>305.4</ele></trkpt>
    <trkpt lat="-31.845825" lon="116.314976"><ele>296.2</ele></trkpt>
    <trkpt lat="-31.843915" lon="116.316660"><ele>291.5</ele></trkpt>
    <trkpt lat="-31.843421" lon="116.316885"><ele>289.3</ele></trkpt>
    <trkpt lat="-31.842906" lon="116.316966"><ele>287.4</ele></trkpt>
    <trkpt lat="-31.839307" lon="116.316944"><ele>281.4</ele></trkpt>
    <trkpt lat="-31.839082" lon="116.316907"><ele>281.3</ele></trkpt>
    <trkpt lat="-31.838851" lon="116.316869"><ele>281.8</ele></trkpt>
    <trkpt lat="-31.837381" lon="116.316971"><ele>279.6</ele></trkpt>
    <trkpt lat="-31.836587" lon="116.317175"><ele>279.8</ele></trkpt>
    <trkpt lat="-31.835391" lon="116.317626"><ele>275.7</ele></trkpt>
    <trkpt lat="-31.834554" lon="116.317969"><ele>272.5</ele></trkpt>
    <trkpt lat="-31.834034" lon="116.318259"><ele>270.2</ele></trkpt>
    <trkpt lat="-31.833588" lon="116.318607"><ele>269.3</ele></trkpt>
    <trkpt lat="-31.833336" lon="116.318994"><ele>269.1</ele></trkpt>
    <trkpt lat="-31.833106" lon="116.319573"><ele>268.4</ele></trkpt>
    <trkpt lat="-31.832993" lon="116.320120"><ele>266.3</ele></trkpt>
    <trkpt lat="-31.832982" lon="116.320592"><ele>264.6</ele></trkpt>
    <trkpt lat="-31.833102" lon="116.321329"><ele>264.1</ele></trkpt>
    <trkpt lat="-31.833116" lon="116.321418"><ele>264.0</ele></trkpt>
    <trkpt lat="-31.833122" lon="116.321864"><ele>263.6</ele></trkpt>
    <trkpt lat="-31.833025" lon="116.322405"><ele>263.5</ele></trkpt>
    <trkpt lat="-31.832934" lon="116.322663"><ele>263.2</ele></trkpt>
    <trkpt lat="-31.832564" lon="116.323408"><ele>261.5</ele></trkpt>
    <trkpt lat="-31.831995" lon="116.323977"><ele>257.0</ele></trkpt>
    <trkpt lat="-31.831411" lon="116.324331"><ele>252.9</ele></trkpt>
    <trkpt lat="-31.830955" lon="116.324739"><ele>251.7</ele></trkpt>
    <trkpt lat="-31.829871" lon="116.325474"><ele>252.0</ele></trkpt>
    <trkpt lat="-31.829297" lon="116.325688"><ele>249.3</ele></trkpt>
    <trkpt lat="-31.828106" lon="116.325774"><ele>246.2</ele></trkpt>
    <trkpt lat="-31.827108" lon="116.325710"><ele>246.0</ele></trkpt>
    <trkpt lat="-31.826481" lon="116.325549"><ele>246.4</ele></trkpt>
    <trkpt lat="-31.826057" lon="116.325366"><ele>246.9</ele></trkpt>
    <trkpt lat="-31.826005" lon="116.325361"><ele>247.0</ele></trkpt>
    <trkpt lat="-31.825697" lon="116.325334"><ele>247.4</ele></trkpt>
    <trkpt lat="-31.825520" lon="116.325238"><ele>247.6</ele></trkpt>
    <trkpt lat="-31.825193" lon="116.324996"><ele>247.7</ele></trkpt>
    <trkpt lat="-31.824276" lon="116.324058"><ele>242.5</ele></trkpt>
    <trkpt lat="-31.823482" lon="116.322923"><ele>240.6</ele></trkpt>
    <trkpt lat="-31.822885" lon="116.322068"><ele>238.7</ele></trkpt>
    <trkpt lat="-31.822352" lon="116.321305"><ele>236.8</ele></trkpt>
    <trkpt lat="-31.822232" lon="116.321134"><ele>236.8</ele></trkpt>
    <trkpt lat="-31.821342" lon="116.320174"><ele>238.7</ele></trkpt>
    <trkpt lat="-31.820660" lon="116.319627"><ele>238.8</ele></trkpt>
    <trkpt lat="-31.819748" lon="116.319036"><ele>238.2</ele></trkpt>
    <trkpt lat="-31.817914" lon="116.318092"><ele>235.8</ele></trkpt>
    <trkpt lat="-31.814929" lon="116.316723"><ele>231.7</ele></trkpt>
    <trkpt lat="-31.813633" lon="116.316129"><ele>229.0</ele></trkpt>
    <trkpt lat="-31.810785" lon="116.314761"><ele>231.0</ele></trkpt>
    <trkpt lat="-31.809679" lon="116.314230"><ele>236.3</ele></trkpt>
    <trkpt lat="-31.808955" lon="116.313930"><ele>235.9</ele></trkpt>
    <trkpt lat="-31.807888" lon="116.313661"><ele>232.3</ele></trkpt>
    <trkpt lat="-31.806960" lon="116.313586"><ele>230.5</ele></trkpt>
    <trkpt lat="-31.805527" lon="116.313699"><ele>230.9</ele></trkpt>
    <trkpt lat="-31.804288" lon="116.313930"><ele>227.2</ele></trkpt>
    <trkpt lat="-31.804156" lon="116.314072"><ele>226.6</ele></trkpt>
    <trkpt lat="-31.804068" lon="116.314166"><ele>226.3</ele></trkpt>
    <trkpt lat="-31.803521" lon="116.314525"><ele>224.8</ele></trkpt>
    <trkpt lat="-31.802834" lon="116.315094"><ele>224.9</ele></trkpt>
    <trkpt lat="-31.802220" lon="116.315882"><ele>226.1</ele></trkpt>
    <trkpt lat="-31.801981" lon="116.316188"><ele>226.2</ele></trkpt>
    <trkpt lat="-31.801820" lon="116.316406"><ele>226.3</ele></trkpt>
    <trkpt lat="-31.801662" lon="116.316612"><ele>226.2</ele></trkpt>
    <trkpt lat="-31.801549" lon="116.316779"><ele>226.2</ele></trkpt>
    <trkpt lat="-31.801288" lon="116.316998"><ele>226.1</ele></trkpt>
    <trkpt lat="-31.800755" lon="116.317636"><ele>225.7</ele></trkpt>
    <trkpt lat="-31.800489" lon="116.318048"><ele>224.3</ele></trkpt>
    <trkpt lat="-31.800469" lon="116.318103"><ele>224.1</ele></trkpt>
    <trkpt lat="-31.800342" lon="116.318195"><ele>223.7</ele></trkpt>
    <trkpt lat="-31.800055" lon="116.318365"><ele>223.4</ele></trkpt>
    <trkpt lat="-31.799800" lon="116.318480"><ele>223.3</ele></trkpt>
    <trkpt lat="-31.799636" lon="116.318565"><ele>223.4</ele></trkpt>
    <trkpt lat="-31.799302" lon="116.318746"><ele>224.3</ele></trkpt>
    <trkpt lat="-31.798996" lon="116.318907"><ele>225.4</ele></trkpt>
    <trkpt lat="-31.798789" lon="116.319001"><ele>226.0</ele></trkpt>
    <trkpt lat="-31.798523" lon="116.319095"><ele>226.2</ele></trkpt>
    <trkpt lat="-31.798322" lon="116.319162"><ele>226.1</ele></trkpt>
    <trkpt lat="-31.798075" lon="116.319183"><ele>225.7</ele></trkpt>
    <trkpt lat="-31.797477" lon="116.319281"><ele>224.1</ele></trkpt>
    <trkpt lat="-31.796898" lon="116.319405"><ele>224.3</ele></trkpt>
    <trkpt lat="-31.796162" lon="116.319541"><ele>226.0</ele></trkpt>
    <trkpt lat="-31.795735" lon="116.319672"><ele>228.4</ele></trkpt>
    <trkpt lat="-31.795456" lon="116.319757"><ele>230.2</ele></trkpt>
    <trkpt lat="-31.795099" lon="116.319913"><ele>233.2</ele></trkpt>
    <trkpt lat="-31.794780" lon="116.320083"><ele>235.7</ele></trkpt>
    <trkpt lat="-31.794328" lon="116.320381"><ele>237.1</ele></trkpt>
    <trkpt lat="-31.793951" lon="116.320680"><ele>236.9</ele></trkpt>
    <trkpt lat="-31.793603" lon="116.320994"><ele>236.9</ele></trkpt>
    <trkpt lat="-31.793371" lon="116.321256"><ele>237.9</ele></trkpt>
    <trkpt lat="-31.792891" lon="116.321865"><ele>240.5</ele></trkpt>
    <trkpt lat="-31.792599" lon="116.322211"><ele>241.6</ele></trkpt>
    <trkpt lat="-31.792396" lon="116.322501"><ele>242.6</ele></trkpt>
    <trkpt lat="-31.792044" lon="116.322960"><ele>244.5</ele></trkpt>
    <trkpt lat="-31.791601" lon="116.323509"><ele>245.4</ele></trkpt>
    <trkpt lat="-31.791123" lon="116.324096"><ele>245.3</ele></trkpt>
    <trkpt lat="-31.790733" lon="116.324590"><ele>244.7</ele></trkpt>
    <trkpt lat="-31.790491" lon="116.324939"><ele>243.8</ele></trkpt>
    <trkpt lat="-31.790268" lon="116.325187"><ele>242.3</ele></trkpt>
    <trkpt lat="-31.790028" lon="116.325525"><ele>240.8</ele></trkpt>
    <trkpt lat="-31.789671" lon="116.325975"><ele>239.0</ele></trkpt>
    <trkpt lat="-31.789427" lon="116.326278"><ele>237.8</ele></trkpt>
    <trkpt lat="-31.789171" lon="116.326592"><ele>236.6</ele></trkpt>
    <trkpt lat="-31.788945" lon="116.326932"><ele>235.4</ele></trkpt>
    <trkpt lat="-31.788752" lon="116.327295"><ele>234.2</ele></trkpt>
    <trkpt lat="-31.788600" lon="116.327630"><ele>233.3</ele></trkpt>
    <trkpt lat="-31.788473" lon="116.327970"><ele>232.2</ele></trkpt>
    <trkpt lat="-31.788348" lon="116.328431"><ele>230.2</ele></trkpt>
    <trkpt lat="-31.788340" lon="116.328567"><ele>229.5</ele></trkpt>
    <trkpt lat="-31.788381" lon="116.328654"><ele>228.9</ele></trkpt>
    <trkpt lat="-31.788387" lon="116.328786"><ele>228.1</ele></trkpt>
    <trkpt lat="-31.788268" lon="116.329272"><ele>225.3</ele></trkpt>
    <trkpt lat="-31.788280" lon="116.329980"><ele>222.5</ele></trkpt>
    <trkpt lat="-31.788307" lon="116.331170"><ele>220.8</ele></trkpt>
    <trkpt lat="-31.788262" lon="116.332308"><ele>221.4</ele></trkpt>
    <trkpt lat="-31.788154" lon="116.333011"><ele>223.0</ele></trkpt>
    <trkpt lat="-31.788002" lon="116.334014"><ele>223.8</ele></trkpt>
    <trkpt lat="-31.787931" lon="116.334464"><ele>223.6</ele></trkpt>
    <trkpt lat="-31.787594" lon="116.336635"><ele>225.1</ele></trkpt>
    <trkpt lat="-31.787546" lon="116.336943"><ele>225.7</ele></trkpt>
    <trkpt lat="-31.787333" lon="116.338178"><ele>227.3</ele></trkpt>
    <trkpt lat="-31.786959" lon="116.340354"><ele>227.8</ele></trkpt>
    <trkpt lat="-31.786953" lon="116.341073"><ele>227.3</ele></trkpt>
    <trkpt lat="-31.787049" lon="116.341781"><ele>228.5</ele></trkpt>
    <trkpt lat="-31.787318" lon="116.343198"><ele>232.1</ele></trkpt>
    <trkpt lat="-31.787837" lon="116.346073"><ele>236.0</ele></trkpt>
    <trkpt lat="-31.788024" lon="116.347191"><ele>237.8</ele></trkpt>
    <trkpt lat="-31.788080" lon="116.347596"><ele>238.2</ele></trkpt>
    <trkpt lat="-31.788157" lon="116.348152"><ele>238.3</ele></trkpt>
    <trkpt lat="-31.788145" lon="116.348696"><ele>237.6</ele></trkpt>
    <trkpt lat="-31.788072" lon="116.349420"><ele>236.9</ele></trkpt>
    <trkpt lat="-31.787894" lon="116.350268"><ele>236.0</ele></trkpt>
    <trkpt lat="-31.787759" lon="116.350751"><ele>235.0</ele></trkpt>
    <trkpt lat="-31.787607" lon="116.351292"><ele>234.2</ele></trkpt>
    <trkpt lat="-31.787288" lon="116.351877"><ele>234.1</ele></trkpt>
    <trkpt lat="-31.786923" lon="116.352462"><ele>234.2</ele></trkpt>
    <trkpt lat="-31.786412" lon="116.353149"><ele>235.1</ele></trkpt>
    <trkpt lat="-31.784319" lon="116.355825"><ele>239.5</ele></trkpt>
    <trkpt lat="-31.783218" lon="116.357276"><ele>242.9</ele></trkpt>
    <trkpt lat="-31.783139" lon="116.357381"><ele>243.3</ele></trkpt>
    <trkpt lat="-31.782591" lon="116.358103"><ele>246.0</ele></trkpt>
    <trkpt lat="-31.781750" lon="116.359074"><ele>248.6</ele></trkpt>
    <trkpt lat="-31.781273" lon="116.359358"><ele>248.0</ele></trkpt>
    <trkpt lat="-31.780537" lon="116.359760"><ele>245.4</ele></trkpt>
    <trkpt lat="-31.778749" lon="116.360487"><ele>243.4</ele></trkpt>
    <trkpt lat="-31.778453" lon="116.360568"><ele>243.4</ele></trkpt>
    <trkpt lat="-31.777691" lon="116.361024"><ele>243.7</ele></trkpt>
    <trkpt lat="-31.776743" lon="116.361667"><ele>245.1</ele></trkpt>
    <trkpt lat="-31.775922" lon="116.362515"><ele>245.4</ele></trkpt>
    <trkpt lat="-31.775185" lon="116.363502"><ele>247.1</ele></trkpt>
    <trkpt lat="-31.774755" lon="116.364188"><ele>248.3</ele></trkpt>
    <trkpt lat="-31.773990" lon="116.366152"><ele>251.5</ele></trkpt>
    <trkpt lat="-31.772839" lon="116.369070"><ele>255.7</ele></trkpt>
    <trkpt lat="-31.772536" lon="116.369817"><ele>257.6</ele></trkpt>
    <trkpt lat="-31.772403" lon="116.370143"><ele>257.9</ele></trkpt>
    <trkpt lat="-31.771938" lon="116.371280"><ele>258.7</ele></trkpt>
    <trkpt lat="-31.771676" lon="116.371989"><ele>259.5</ele></trkpt>
    <trkpt lat="-31.771535" lon="116.372271"><ele>259.8</ele></trkpt>
    <trkpt lat="-31.771451" lon="116.372314"><ele>259.9</ele></trkpt>
    <trkpt lat="-31.771333" lon="116.372369"><ele>260.1</ele></trkpt>
    <trkpt lat="-31.771215" lon="116.372346"><ele>260.1</ele></trkpt>
    <trkpt lat="-31.771072" lon="116.372674"><ele>259.7</ele></trkpt>
    <trkpt lat="-31.771097" lon="116.372779"><ele>259.5</ele></trkpt>
    <trkpt lat="-31.771158" lon="116.372865"><ele>259.2</ele></trkpt>
    <trkpt lat="-31.771230" lon="116.372959"><ele>258.9</ele></trkpt>
    <trkpt lat="-31.771218" lon="116.373060"><ele>258.6</ele></trkpt>
    <trkpt lat="-31.771064" lon="116.373464"><ele>257.2</ele></trkpt>
    <trkpt lat="-31.770371" lon="116.375211"><ele>257.1</ele></trkpt>
    <trkpt lat="-31.769909" lon="116.376350"><ele>259.2</ele></trkpt>
    <trkpt lat="-31.769873" lon="116.376520"><ele>259.3</ele></trkpt>
    <trkpt lat="-31.769877" lon="116.376612"><ele>259.3</ele></trkpt>
    <trkpt lat="-31.769829" lon="116.376699"><ele>259.2</ele></trkpt>
    <trkpt lat="-31.769760" lon="116.376777"><ele>259.1</ele></trkpt>
    <trkpt lat="-31.769706" lon="116.376892"><ele>259.0</ele></trkpt>
    <trkpt lat="-31.769682" lon="116.376960"><ele>259.0</ele></trkpt>
    <trkpt lat="-31.770000" lon="116.376994"><ele>258.8</ele></trkpt>
    <trkpt lat="-31.769798" lon="116.377503"><ele>258.8</ele></trkpt>
    <trkpt lat="-31.769016" lon="116.379262"><ele>259.0</ele></trkpt>
    <trkpt lat="-31.768760" lon="116.379849"><ele>259.1</ele></trkpt>
    <trkpt lat="-31.768592" lon="116.380316"><ele>259.2</ele></trkpt>
    <trkpt lat="-31.768248" lon="116.381441"><ele>259.8</ele></trkpt>
    <trkpt lat="-31.767912" lon="116.382575"><ele>262.5</ele></trkpt>
    <trkpt lat="-31.767844" lon="116.382891"><ele>262.9</ele></trkpt>
    <trkpt lat="-31.767831" lon="116.382962"><ele>263.0</ele></trkpt>
    <trkpt lat="-31.767696" lon="116.383708"><ele>264.0</ele></trkpt>
    <trkpt lat="-31.767534" lon="116.384452"><ele>263.6</ele></trkpt>
    <trkpt lat="-31.767426" lon="116.384817"><ele>263.3</ele></trkpt>
    <trkpt lat="-31.765998" lon="116.388135"><ele>266.4</ele></trkpt>
    <trkpt lat="-31.765844" lon="116.388290"><ele>267.0</ele></trkpt>
    <trkpt lat="-31.765752" lon="116.388443"><ele>267.3</ele></trkpt>
    <trkpt lat="-31.765633" lon="116.388501"><ele>267.4</ele></trkpt>
    <trkpt lat="-31.765453" lon="116.388652"><ele>267.4</ele></trkpt>
    <trkpt lat="-31.765231" lon="116.388827"><ele>267.3</ele></trkpt>
    <trkpt lat="-31.765080" lon="116.388877"><ele>267.2</ele></trkpt>
    <trkpt lat="-31.764993" lon="116.388845"><ele>267.3</ele></trkpt>
    <trkpt lat="-31.764936" lon="116.388797"><ele>267.4</ele></trkpt>
    <trkpt lat="-31.764868" lon="116.388783"><ele>267.4</ele></trkpt>
    <trkpt lat="-31.764819" lon="116.388813"><ele>267.5</ele></trkpt>
    <trkpt lat="-31.764807" lon="116.388880"><ele>267.6</ele></trkpt>
    <trkpt lat="-31.764771" lon="116.388973"><ele>267.8</ele></trkpt>
    <trkpt lat="-31.764704" lon="116.389142"><ele>268.2</ele></trkpt>
    <trkpt lat="-31.764551" lon="116.389646"><ele>270.5</ele></trkpt>
    <trkpt lat="-31.764237" lon="116.390506"><ele>272.6</ele></trkpt>
    <trkpt lat="-31.763765" lon="116.391669"><ele>272.4</ele></trkpt>
    <trkpt lat="-31.763354" lon="116.392679"><ele>271.2</ele></trkpt>
    <trkpt lat="-31.763023" lon="116.393495"><ele>271.6</ele></trkpt>
    <trkpt lat="-31.762727" lon="116.394198"><ele>273.7</ele></trkpt>
    <trkpt lat="-31.762487" lon="116.394617"><ele>275.1</ele></trkpt>
    <trkpt lat="-31.762228" lon="116.394978"><ele>276.1</ele></trkpt>
    <trkpt lat="-31.761957" lon="116.395309"><ele>277.0</ele></trkpt>
    <trkpt lat="-31.761676" lon="116.395565"><ele>278.1</ele></trkpt>
    <trkpt lat="-31.761639" lon="116.395598"><ele>278.2</ele></trkpt>
    <trkpt lat="-31.761118" lon="116.395978"><ele>280.0</ele></trkpt>
    <trkpt lat="-31.760789" lon="116.396140"><ele>280.7</ele></trkpt>
    <trkpt lat="-31.760378" lon="116.396335"><ele>281.2</ele></trkpt>
    <trkpt lat="-31.759958" lon="116.396562"><ele>281.9</ele></trkpt>
    <trkpt lat="-31.759558" lon="116.396851"><ele>283.1</ele></trkpt>
    <trkpt lat="-31.759201" lon="116.397173"><ele>283.8</ele></trkpt>
    <trkpt lat="-31.758848" lon="116.397608"><ele>284.5</ele></trkpt>
    <trkpt lat="-31.758553" lon="116.398108"><ele>285.3</ele></trkpt>
    <trkpt lat="-31.758340" lon="116.398537"><ele>286.3</ele></trkpt>
    <trkpt lat="-31.758011" lon="116.399348"><ele>287.8</ele></trkpt>
    <trkpt lat="-31.757912" lon="116.399566"><ele>287.8</ele></trkpt>
    <trkpt lat="-31.757822" lon="116.399777"><ele>287.8</ele></trkpt>
    <trkpt lat="-31.757795" lon="116.399841"><ele>287.8</ele></trkpt>
    <trkpt lat="-31.757691" lon="116.400104"><ele>287.7</ele></trkpt>
    <trkpt lat="-31.757464" lon="116.400704"><ele>287.6</ele></trkpt>
    <trkpt lat="-31.757137" lon="116.401473"><ele>289.2</ele></trkpt>
    <trkpt lat="-31.756675" lon="116.402598"><ele>291.1</ele></trkpt>
    <trkpt lat="-31.756505" lon="116.403010"><ele>292.1</ele></trkpt>
    <trkpt lat="-31.756316" lon="116.403470"><ele>293.6</ele></trkpt>
    <trkpt lat="-31.756152" lon="116.403944"><ele>294.8</ele></trkpt>
    <trkpt lat="-31.755997" lon="116.404473"><ele>295.5</ele></trkpt>
    <trkpt lat="-31.755913" lon="116.404872"><ele>295.6</ele></trkpt>
    <trkpt lat="-31.755857" lon="116.405392"><ele>295.5</ele></trkpt>
    <trkpt lat="-31.755855" lon="116.405452"><ele>295.5</ele></trkpt>
    <trkpt lat="-31.755830" lon="116.405983"><ele>295.8</ele></trkpt>
    <trkpt lat="-31.755875" lon="116.406670"><ele>296.6</ele></trkpt>
    <trkpt lat="-31.755894" lon="116.406788"><ele>296.7</ele></trkpt>
    <trkpt lat="-31.755979" lon="116.407341"><ele>297.0</ele></trkpt>
    <trkpt lat="-31.756366" lon="116.408837"><ele>298.2</ele></trkpt>
    <trkpt lat="-31.756660" lon="116.410096"><ele>298.4</ele></trkpt>
    <trkpt lat="-31.756688" lon="116.410209"><ele>298.6</ele></trkpt>
    <trkpt lat="-31.756814" lon="116.410739"><ele>299.3</ele></trkpt>
    <trkpt lat="-31.756893" lon="116.411103"><ele>299.6</ele></trkpt>
    <trkpt lat="-31.756954" lon="116.411341"><ele>299.8</ele></trkpt>
    <trkpt lat="-31.756979" lon="116.411552"><ele>299.7</ele></trkpt>
    <trkpt lat="-31.757063" lon="116.411862"><ele>299.6</ele></trkpt>
    <trkpt lat="-31.757185" lon="116.412279"><ele>299.7</ele></trkpt>
    <trkpt lat="-31.757288" lon="116.412736"><ele>300.0</ele></trkpt>
    <trkpt lat="-31.757444" lon="116.413388"><ele>300.9</ele></trkpt>
    <trkpt lat="-31.757569" lon="116.413911"><ele>301.5</ele></trkpt>
    <trkpt lat="-31.757707" lon="116.414264"><ele>301.6</ele></trkpt>
    <trkpt lat="-31.757960" lon="116.414724"><ele>301.1</ele></trkpt>
    <trkpt lat="-31.758349" lon="116.415226"><ele>300.4</ele></trkpt>
    <trkpt lat="-31.758903" lon="116.415717"><ele>299.9</ele></trkpt>
    <trkpt lat="-31.759200" lon="116.415995"><ele>300.1</ele></trkpt>
    <trkpt lat="-31.759495" lon="116.416279"><ele>300.6</ele></trkpt>
    <trkpt lat="-31.759724" lon="116.416565"><ele>301.5</ele></trkpt>
    <trkpt lat="-31.759952" lon="116.416872"><ele>302.6</ele></trkpt>
    <trkpt lat="-31.760147" lon="116.417242"><ele>304.0</ele></trkpt>
    <trkpt lat="-31.760332" lon="116.417662"><ele>305.1</ele></trkpt>
    <trkpt lat="-31.760518" lon="116.418063"><ele>306.1</ele></trkpt>
    <trkpt lat="-31.760621" lon="116.418328"><ele>306.4</ele></trkpt>
    <trkpt lat="-31.760676" lon="116.418483"><ele>306.3</ele></trkpt>
    <trkpt lat="-31.760781" lon="116.418944"><ele>306.3</ele></trkpt>
    <trkpt lat="-31.760811" lon="116.419253"><ele>306.2</ele></trkpt>
    <trkpt lat="-31.760821" lon="116.419636"><ele>306.1</ele></trkpt>
    <trkpt lat="-31.760843" lon="116.420217"><ele>306.4</ele></trkpt>
    <trkpt lat="-31.760873" lon="116.420751"><ele>306.6</ele></trkpt>
    <trkpt lat="-31.760912" lon="116.421106"><ele>306.9</ele></trkpt>
    <trkpt lat="-31.760982" lon="116.421422"><ele>307.2</ele></trkpt>
    <trkpt lat="-31.761146" lon="116.421910"><ele>307.8</ele></trkpt>
    <trkpt lat="-31.761381" lon="116.422571"><ele>309.6</ele></trkpt>
    <trkpt lat="-31.761519" lon="116.422972"><ele>310.9</ele></trkpt>
    <trkpt lat="-31.761538" lon="116.423030"><ele>311.1</ele></trkpt>
    <trkpt lat="-31.761612" lon="116.423427"><ele>312.5</ele></trkpt>
    <trkpt lat="-31.761650" lon="116.423785"><ele>313.6</ele></trkpt>
    <trkpt lat="-31.761638" lon="116.424170"><ele>314.4</ele></trkpt>
    <trkpt lat="-31.761614" lon="116.424669"><ele>315.6</ele></trkpt>
    <trkpt lat="-31.761552" lon="116.425874"><ele>318.9</ele></trkpt>
    <trkpt lat="-31.761520" lon="116.426465"><ele>320.5</ele></trkpt>
    <trkpt lat="-31.761488" lon="116.427027"><ele>321.4</ele></trkpt>
    <trkpt lat="-31.761451" lon="116.427895"><ele>321.2</ele></trkpt>
    <trkpt lat="-31.761401" lon="116.428645"><ele>321.3</ele></trkpt>
    <trkpt lat="-31.761381" lon="116.429105"><ele>322.3</ele></trkpt>
    <trkpt lat="-31.761349" lon="116.429721"><ele>324.3</ele></trkpt>
    <trkpt lat="-31.761319" lon="116.430253"><ele>325.5</ele></trkpt>
    <trkpt lat="-31.761267" lon="116.430748"><ele>325.9</ele></trkpt>
    <trkpt lat="-31.761207" lon="116.431097"><ele>326.0</ele></trkpt>
    <trkpt lat="-31.761104" lon="116.431472"><ele>325.7</ele></trkpt>
    <trkpt lat="-31.760998" lon="116.431824"><ele>325.4</ele></trkpt>
    <trkpt lat="-31.760856" lon="116.432117"><ele>325.1</ele></trkpt>
    <trkpt lat="-31.760815" lon="116.432204"><ele>325.0</ele></trkpt>
    <trkpt lat="-31.760631" lon="116.432563"><ele>324.1</ele></trkpt>
    <trkpt lat="-31.760460" lon="116.432888"><ele>323.4</ele></trkpt>
    <trkpt lat="-31.760346" lon="116.433076"><ele>323.0</ele></trkpt>
    <trkpt lat="-31.760272" lon="116.433249"><ele>322.9</ele></trkpt>
    <trkpt lat="-31.760073" lon="116.433648"><ele>322.8</ele></trkpt>
    <trkpt lat="-31.759818" lon="116.434166"><ele>323.9</ele></trkpt>
    <trkpt lat="-31.759694" lon="116.434393"><ele>324.9</ele></trkpt>
    <trkpt lat="-31.759549" lon="116.434658"><ele>326.0</ele></trkpt>
    <trkpt lat="-31.759252" lon="116.434868"><ele>326.9</ele></trkpt>
    <trkpt lat="-31.759342" lon="116.435059"><ele>327.4</ele></trkpt>
    <trkpt lat="-31.759055" lon="116.435524"><ele>327.8</ele></trkpt>
    <trkpt lat="-31.758817" lon="116.435880"><ele>327.7</ele></trkpt>
    <trkpt lat="-31.758491" lon="116.436377"><ele>327.6</ele></trkpt>
    <trkpt lat="-31.758269" lon="116.436670"><ele>327.7</ele></trkpt>
    <trkpt lat="-31.757892" lon="116.437132"><ele>327.6</ele></trkpt>
    <trkpt lat="-31.757472" lon="116.437619"><ele>327.0</ele></trkpt>
    <trkpt lat="-31.757207" lon="116.437901"><ele>326.2</ele></trkpt>
    <trkpt lat="-31.756904" lon="116.438203"><ele>325.3</ele></trkpt>
    <trkpt lat="-31.756805" lon="116.438302"><ele>325.0</ele></trkpt>
    <trkpt lat="-31.756236" lon="116.438836"><ele>324.4</ele></trkpt>
    <trkpt lat="-31.756015" lon="116.439010"><ele>324.4</ele></trkpt>
    <trkpt lat="-31.755544" lon="116.439364"><ele>324.3</ele></trkpt>
    <trkpt lat="-31.754863" lon="116.439832"><ele>324.2</ele></trkpt>
    <trkpt lat="-31.754448" lon="116.440074"><ele>324.2</ele></trkpt>
    <trkpt lat="-31.753959" lon="116.440341"><ele>324.9</ele></trkpt>
    <trkpt lat="-31.753311" lon="116.440673"><ele>326.8</ele></trkpt>
    <trkpt lat="-31.753080" lon="116.440778"><ele>327.2</ele></trkpt>
    <trkpt lat="-31.752758" lon="116.440925"><ele>327.6</ele></trkpt>
    <trkpt lat="-31.752048" lon="116.441303"><ele>328.4</ele></trkpt>
    <trkpt lat="-31.751532" lon="116.441688"><ele>329.1</ele></trkpt>
    <trkpt lat="-31.751207" lon="116.441999"><ele>328.8</ele></trkpt>
    <trkpt lat="-31.750889" lon="116.442334"><ele>327.6</ele></trkpt>
    <trkpt lat="-31.750590" lon="116.442725"><ele>326.1</ele></trkpt>
    <trkpt lat="-31.750317" lon="116.443196"><ele>324.2</ele></trkpt>
    <trkpt lat="-31.750128" lon="116.443594"><ele>322.7</ele></trkpt>
    <trkpt lat="-31.749961" lon="116.444055"><ele>321.0</ele></trkpt>
    <trkpt lat="-31.749832" lon="116.444516"><ele>319.3</ele></trkpt>
    <trkpt lat="-31.749710" lon="116.445205"><ele>317.5</ele></trkpt>
    <trkpt lat="-31.749674" lon="116.445679"><ele>316.3</ele></trkpt>
    <trkpt lat="-31.749679" lon="116.446074"><ele>315.7</ele></trkpt>
    <trkpt lat="-31.749784" lon="116.447334"><ele>313.6</ele></trkpt>
    <trkpt lat="-31.749947" lon="116.449161"><ele>311.2</ele></trkpt>
    <trkpt lat="-31.749987" lon="116.449556"><ele>310.7</ele></trkpt>
    <trkpt lat="-31.750007" lon="116.449890"><ele>310.2</ele></trkpt>
    <trkpt lat="-31.750012" lon="116.450311"><ele>309.6</ele></trkpt>
    <trkpt lat="-31.749995" lon="116.450613"><ele>309.5</ele></trkpt>
    <trkpt lat="-31.749995" lon="116.450722"><ele>309.5</ele></trkpt>
    <trkpt lat="-31.749995" lon="116.450841"><ele>309.5</ele></trkpt>
    <trkpt lat="-31.749992" lon="116.451120"><ele>309.7</ele></trkpt>
    <trkpt lat="-31.749947" lon="116.451637"><ele>309.9</ele></trkpt>
    <trkpt lat="-31.749897" lon="116.452353"><ele>308.9</ele></trkpt>
    <trkpt lat="-31.749806" lon="116.452990"><ele>305.9</ele></trkpt>
    <trkpt lat="-31.749710" lon="116.453491"><ele>303.1</ele></trkpt>
    <trkpt lat="-31.749617" lon="116.453875"><ele>301.1</ele></trkpt>
    <trkpt lat="-31.749468" lon="116.454280"><ele>299.4</ele></trkpt>
    <trkpt lat="-31.749319" lon="116.454684"><ele>298.0</ele></trkpt>
    <trkpt lat="-31.749147" lon="116.455082"><ele>297.3</ele></trkpt>
    <trkpt lat="-31.748896" lon="116.455546"><ele>297.1</ele></trkpt>
    <trkpt lat="-31.748543" lon="116.456130"><ele>297.9</ele></trkpt>
    <trkpt lat="-31.748422" lon="116.456308"><ele>297.8</ele></trkpt>
    <trkpt lat="-31.748343" lon="116.456425"><ele>297.6</ele></trkpt>
    <trkpt lat="-31.748182" lon="116.456624"><ele>297.1</ele></trkpt>
    <trkpt lat="-31.748005" lon="116.456922"><ele>296.3</ele></trkpt>
    <trkpt lat="-31.747427" lon="116.457708"><ele>294.7</ele></trkpt>
    <trkpt lat="-31.747184" lon="116.458020"><ele>294.4</ele></trkpt>
    <trkpt lat="-31.746981" lon="116.458268"><ele>294.2</ele></trkpt>
    <trkpt lat="-31.746795" lon="116.458510"><ele>294.0</ele></trkpt>
    <trkpt lat="-31.746697" lon="116.458663"><ele>293.8</ele></trkpt>
    <trkpt lat="-31.746575" lon="116.458832"><ele>293.7</ele></trkpt>
    <trkpt lat="-31.746454" lon="116.458958"><ele>293.6</ele></trkpt>
    <trkpt lat="-31.746285" lon="116.459200"><ele>293.5</ele></trkpt>
    <trkpt lat="-31.746127" lon="116.459455"><ele>293.2</ele></trkpt>
    <trkpt lat="-31.745978" lon="116.459684"><ele>293.0</ele></trkpt>
    <trkpt lat="-31.745755" lon="116.459989"><ele>292.8</ele></trkpt>
    <trkpt lat="-31.745504" lon="116.460370"><ele>292.4</ele></trkpt>
    <trkpt lat="-31.745383" lon="116.460546"><ele>292.2</ele></trkpt>
    <trkpt lat="-31.745236" lon="116.460748"><ele>291.9</ele></trkpt>
    <trkpt lat="-31.745075" lon="116.461000"><ele>291.5</ele></trkpt>
    <trkpt lat="-31.744723" lon="116.461507"><ele>291.0</ele></trkpt>
    <trkpt lat="-31.744385" lon="116.461985"><ele>290.8</ele></trkpt>
    <trkpt lat="-31.744267" lon="116.462154"><ele>290.7</ele></trkpt>
    <trkpt lat="-31.743990" lon="116.462555"><ele>290.2</ele></trkpt>
    <trkpt lat="-31.743776" lon="116.462880"><ele>289.4</ele></trkpt>
    <trkpt lat="-31.743533" lon="116.463255"><ele>288.5</ele></trkpt>
    <trkpt lat="-31.743240" lon="116.463659"><ele>287.9</ele></trkpt>
    <trkpt lat="-31.742913" lon="116.464140"><ele>287.1</ele></trkpt>
    <trkpt lat="-31.742529" lon="116.464693"><ele>286.0</ele></trkpt>
    <trkpt lat="-31.742276" lon="116.465055"><ele>285.0</ele></trkpt>
    <trkpt lat="-31.742044" lon="116.465413"><ele>284.1</ele></trkpt>
    <trkpt lat="-31.741822" lon="116.465708"><ele>283.3</ele></trkpt>
    <trkpt lat="-31.741653" lon="116.465943"><ele>282.8</ele></trkpt>
    <trkpt lat="-31.741489" lon="116.466189"><ele>282.3</ele></trkpt>
    <trkpt lat="-31.741182" lon="116.466653"><ele>281.4</ele></trkpt>
    <trkpt lat="-31.740934" lon="116.467021"><ele>280.8</ele></trkpt>
    <trkpt lat="-31.740745" lon="116.467323"><ele>280.5</ele></trkpt>
    <trkpt lat="-31.740573" lon="116.467634"><ele>280.3</ele></trkpt>
    <trkpt lat="-31.740392" lon="116.468025"><ele>280.2</ele></trkpt>
    <trkpt lat="-31.740257" lon="116.468340"><ele>280.2</ele></trkpt>
    <trkpt lat="-31.740099" lon="116.468762"><ele>280.1</ele></trkpt>
    <trkpt lat="-31.739944" lon="116.469212"><ele>280.2</ele></trkpt>
    <trkpt lat="-31.739831" lon="116.469614"><ele>280.4</ele></trkpt>
    <trkpt lat="-31.739713" lon="116.470181"><ele>281.1</ele></trkpt>
    <trkpt lat="-31.739543" lon="116.470910"><ele>282.1</ele></trkpt>
    <trkpt lat="-31.739391" lon="116.471566"><ele>281.8</ele></trkpt>
    <trkpt lat="-31.739194" lon="116.472422"><ele>279.5</ele></trkpt>
    <trkpt lat="-31.739013" lon="116.473251"><ele>277.9</ele></trkpt>
    <trkpt lat="-31.738926" lon="116.473605"><ele>277.2</ele></trkpt>
    <trkpt lat="-31.738395" lon="116.476044"><ele>271.6</ele></trkpt>
    <trkpt lat="-31.737947" lon="116.477892"><ele>269.5</ele></trkpt>
    <trkpt lat="-31.737621" lon="116.478849"><ele>270.9</ele></trkpt>
    <trkpt lat="-31.737507" lon="116.479099"><ele>271.1</ele></trkpt>
    <trkpt lat="-31.737230" lon="116.479720"><ele>270.9</ele></trkpt>
    <trkpt lat="-31.736807" lon="116.480419"><ele>270.3</ele></trkpt>
    <trkpt lat="-31.736155" lon="116.481271"><ele>270.7</ele></trkpt>
    <trkpt lat="-31.735178" lon="116.482516"><ele>269.3</ele></trkpt>
    <trkpt lat="-31.734451" lon="116.483448"><ele>268.4</ele></trkpt>
    <trkpt lat="-31.734364" lon="116.483560"><ele>268.1</ele></trkpt>
    <trkpt lat="-31.733558" lon="116.484575"><ele>265.8</ele></trkpt>
    <trkpt lat="-31.733214" lon="116.484980"><ele>265.1</ele></trkpt>
    <trkpt lat="-31.732960" lon="116.485280"><ele>264.2</ele></trkpt>
    <trkpt lat="-31.732427" lon="116.485858"><ele>262.4</ele></trkpt>
    <trkpt lat="-31.731886" lon="116.486464"><ele>261.8</ele></trkpt>
    <trkpt lat="-31.731601" lon="116.486799"><ele>261.7</ele></trkpt>
    <trkpt lat="-31.731313" lon="116.487151"><ele>261.8</ele></trkpt>
    <trkpt lat="-31.731123" lon="116.487392"><ele>261.8</ele></trkpt>
    <trkpt lat="-31.731011" lon="116.487507"><ele>262.0</ele></trkpt>
    <trkpt lat="-31.730853" lon="116.487679"><ele>262.1</ele></trkpt>
    <trkpt lat="-31.730593" lon="116.487984"><ele>261.9</ele></trkpt>
    <trkpt lat="-31.730225" lon="116.488394"><ele>261.1</ele></trkpt>
    <trkpt lat="-31.729905" lon="116.488780"><ele>260.0</ele></trkpt>
    <trkpt lat="-31.729635" lon="116.489098"><ele>259.1</ele></trkpt>
    <trkpt lat="-31.729442" lon="116.489345"><ele>258.6</ele></trkpt>
    <trkpt lat="-31.729358" lon="116.489491"><ele>258.2</ele></trkpt>
    <trkpt lat="-31.729278" lon="116.489623"><ele>257.9</ele></trkpt>
    <trkpt lat="-31.729134" lon="116.489816"><ele>257.4</ele></trkpt>
    <trkpt lat="-31.729024" lon="116.489957"><ele>257.0</ele></trkpt>
    <trkpt lat="-31.728955" lon="116.490091"><ele>256.7</ele></trkpt>
    <trkpt lat="-31.728822" lon="116.490319"><ele>256.3</ele></trkpt>
    <trkpt lat="-31.728686" lon="116.490553"><ele>255.8</ele></trkpt>
    <trkpt lat="-31.728590" lon="116.490747"><ele>255.5</ele></trkpt>
    <trkpt lat="-31.728515" lon="116.490900"><ele>255.3</ele></trkpt>
    <trkpt lat="-31.728485" lon="116.490994"><ele>255.2</ele></trkpt>
    <trkpt lat="-31.728417" lon="116.491108"><ele>255.0</ele></trkpt>
    <trkpt lat="-31.728340" lon="116.491281"><ele>254.7</ele></trkpt>
    <trkpt lat="-31.728238" lon="116.491475"><ele>254.4</ele></trkpt>
    <trkpt lat="-31.728116" lon="116.491743"><ele>254.2</ele></trkpt>
    <trkpt lat="-31.727961" lon="116.492202"><ele>254.3</ele></trkpt>
    <trkpt lat="-31.727939" lon="116.492263"><ele>254.3</ele></trkpt>
    <trkpt lat="-31.727886" lon="116.492403"><ele>254.4</ele></trkpt>
    <trkpt lat="-31.727821" lon="116.492511"><ele>254.5</ele></trkpt>
    <trkpt lat="-31.727752" lon="116.492640"><ele>254.7</ele></trkpt>
    <trkpt lat="-31.727625" lon="116.492995"><ele>255.6</ele></trkpt>
    <trkpt lat="-31.727554" lon="116.493241"><ele>255.9</ele></trkpt>
    <trkpt lat="-31.727489" lon="116.493399"><ele>256.1</ele></trkpt>
    <trkpt lat="-31.727420" lon="116.493538"><ele>256.3</ele></trkpt>
    <trkpt lat="-31.727369" lon="116.493655"><ele>256.5</ele></trkpt>
    <trkpt lat="-31.727342" lon="116.493775"><ele>256.7</ele></trkpt>
    <trkpt lat="-31.727283" lon="116.493933"><ele>256.9</ele></trkpt>
    <trkpt lat="-31.727202" lon="116.494165"><ele>257.0</ele></trkpt>
    <trkpt lat="-31.727129" lon="116.494333"><ele>257.1</ele></trkpt>
    <trkpt lat="-31.727076" lon="116.494469"><ele>257.1</ele></trkpt>
    <trkpt lat="-31.726976" lon="116.494701"><ele>257.2</ele></trkpt>
    <trkpt lat="-31.726939" lon="116.494826"><ele>257.1</ele></trkpt>
    <trkpt lat="-31.726819" lon="116.495125"><ele>256.5</ele></trkpt>
    <trkpt lat="-31.726660" lon="116.495465"><ele>255.5</ele></trkpt>
    <trkpt lat="-31.726528" lon="116.495707"><ele>254.6</ele></trkpt>
    <trkpt lat="-31.726383" lon="116.495984"><ele>253.4</ele></trkpt>
    <trkpt lat="-31.726219" lon="116.496264"><ele>252.6</ele></trkpt>
    <trkpt lat="-31.725995" lon="116.496611"><ele>251.8</ele></trkpt>
    <trkpt lat="-31.725675" lon="116.497016"><ele>251.2</ele></trkpt>
    <trkpt lat="-31.725563" lon="116.497114"><ele>251.1</ele></trkpt>
    <trkpt lat="-31.725070" lon="116.497813"><ele>250.4</ele></trkpt>
    <trkpt lat="-31.724331" lon="116.498758"><ele>250.5</ele></trkpt>
    <trkpt lat="-31.723973" lon="116.499192"><ele>251.2</ele></trkpt>
    <trkpt lat="-31.723733" lon="116.499510"><ele>251.7</ele></trkpt>
    <trkpt lat="-31.723321" lon="116.500029"><ele>252.0</ele></trkpt>
    <trkpt lat="-31.723091" lon="116.500343"><ele>251.9</ele></trkpt>
    <trkpt lat="-31.722875" lon="116.500599"><ele>251.6</ele></trkpt>
    <trkpt lat="-31.722692" lon="116.500827"><ele>251.2</ele></trkpt>
    <trkpt lat="-31.722450" lon="116.501123"><ele>250.6</ele></trkpt>
    <trkpt lat="-31.722275" lon="116.501351"><ele>250.1</ele></trkpt>
    <trkpt lat="-31.722118" lon="116.501564"><ele>249.8</ele></trkpt>
    <trkpt lat="-31.721953" lon="116.501796"><ele>249.5</ele></trkpt>
    <trkpt lat="-31.721723" lon="116.502100"><ele>249.3</ele></trkpt>
    <trkpt lat="-31.721583" lon="116.502270"><ele>249.1</ele></trkpt>
    <trkpt lat="-31.721092" lon="116.502866"><ele>248.7</ele></trkpt>
    <trkpt lat="-31.720778" lon="116.503256"><ele>248.1</ele></trkpt>
    <trkpt lat="-31.720552" lon="116.503596"><ele>247.9</ele></trkpt>
    <trkpt lat="-31.720340" lon="116.503967"><ele>247.8</ele></trkpt>
    <trkpt lat="-31.720145" lon="116.504343"><ele>248.1</ele></trkpt>
    <trkpt lat="-31.719952" lon="116.504812"><ele>248.9</ele></trkpt>
    <trkpt lat="-31.719776" lon="116.505331"><ele>249.8</ele></trkpt>
    <trkpt lat="-31.719679" lon="116.505743"><ele>249.9</ele></trkpt>
    <trkpt lat="-31.719587" lon="116.506121"><ele>249.5</ele></trkpt>
    <trkpt lat="-31.719553" lon="116.506358"><ele>249.2</ele></trkpt>
    <trkpt lat="-31.719530" lon="116.506693"><ele>248.4</ele></trkpt>
    <trkpt lat="-31.719481" lon="116.507289"><ele>246.9</ele></trkpt>
    <trkpt lat="-31.719471" lon="116.507557"><ele>246.2</ele></trkpt>
    <trkpt lat="-31.719481" lon="116.507746"><ele>245.7</ele></trkpt>
    <trkpt lat="-31.719489" lon="116.508702"><ele>244.3</ele></trkpt>
    <trkpt lat="-31.719489" lon="116.509834"><ele>242.5</ele></trkpt>
    <trkpt lat="-31.719494" lon="116.509928"><ele>242.4</ele></trkpt>
    <trkpt lat="-31.719502" lon="116.510095"><ele>242.4</ele></trkpt>
    <trkpt lat="-31.719522" lon="116.510289"><ele>242.4</ele></trkpt>
    <trkpt lat="-31.719502" lon="116.510475"><ele>242.4</ele></trkpt>
    <trkpt lat="-31.719489" lon="116.510695"><ele>242.3</ele></trkpt>
    <trkpt lat="-31.719500" lon="116.511406"><ele>242.0</ele></trkpt>
    <trkpt lat="-31.719500" lon="116.511658"><ele>241.6</ele></trkpt>
    <trkpt lat="-31.719498" lon="116.513575"><ele>238.1</ele></trkpt>
    <trkpt lat="-31.719498" lon="116.514083"><ele>237.9</ele></trkpt>
    <trkpt lat="-31.719504" lon="116.514497"><ele>237.9</ele></trkpt>
    <trkpt lat="-31.719520" lon="116.514899"><ele>237.4</ele></trkpt>
    <trkpt lat="-31.719557" lon="116.515339"><ele>236.7</ele></trkpt>
    <trkpt lat="-31.719569" lon="116.515462"><ele>236.6</ele></trkpt>
    <trkpt lat="-31.719607" lon="116.515844"><ele>236.6</ele></trkpt>
    <trkpt lat="-31.719650" lon="116.516074"><ele>237.0</ele></trkpt>
    <trkpt lat="-31.719701" lon="116.516208"><ele>237.4</ele></trkpt>
    <trkpt lat="-31.719720" lon="116.516435"><ele>237.8</ele></trkpt>
    <trkpt lat="-31.719720" lon="116.516646"><ele>238.0</ele></trkpt>
    <trkpt lat="-31.719740" lon="116.517070"><ele>237.8</ele></trkpt>
    <trkpt lat="-31.719785" lon="116.517479"><ele>236.9</ele></trkpt>
    <trkpt lat="-31.719819" lon="116.517958"><ele>235.1</ele></trkpt>
    <trkpt lat="-31.719870" lon="116.518441"><ele>234.0</ele></trkpt>
    <trkpt lat="-31.719943" lon="116.518738"><ele>233.6</ele></trkpt>
    <trkpt lat="-31.720025" lon="116.519004"><ele>233.1</ele></trkpt>
    <trkpt lat="-31.720082" lon="116.519152"><ele>232.8</ele></trkpt>
    <trkpt lat="-31.720175" lon="116.519223"><ele>232.7</ele></trkpt>
    <trkpt lat="-31.720282" lon="116.519254"><ele>232.6</ele></trkpt>
    <trkpt lat="-31.720472" lon="116.519240"><ele>232.5</ele></trkpt>
    <trkpt lat="-31.720586" lon="116.519230"><ele>232.5</ele></trkpt>
    <trkpt lat="-31.720590" lon="116.519419"><ele>232.4</ele></trkpt>
    <trkpt lat="-31.720574" lon="116.519803"><ele>232.5</ele></trkpt>
    <trkpt lat="-31.720446" lon="116.520825"><ele>231.1</ele></trkpt>
    <trkpt lat="-31.720420" lon="116.521235"><ele>230.0</ele></trkpt>
    <trkpt lat="-31.720437" lon="116.521418"><ele>229.6</ele></trkpt>
    <trkpt lat="-31.720537" lon="116.521766"><ele>228.8</ele></trkpt>
    <trkpt lat="-31.720630" lon="116.522149"><ele>227.7</ele></trkpt>
    <trkpt lat="-31.720656" lon="116.522261"><ele>227.3</ele></trkpt>
    <trkpt lat="-31.720559" lon="116.522299"><ele>227.0</ele></trkpt>
    <trkpt lat="-31.720518" lon="116.522362"><ele>226.8</ele></trkpt>
    <trkpt lat="-31.720449" lon="116.522457"><ele>226.5</ele></trkpt>
    <trkpt lat="-31.720308" lon="116.522755"><ele>225.5</ele></trkpt>
    <trkpt lat="-31.720273" lon="116.522911"><ele>224.9</ele></trkpt>
    <trkpt lat="-31.720288" lon="116.523097"><ele>224.3</ele></trkpt>
    <trkpt lat="-31.720223" lon="116.523412"><ele>223.7</ele></trkpt>
    <trkpt lat="-31.720212" lon="116.523466"><ele>223.6</ele></trkpt>
    <trkpt lat="-31.720153" lon="116.523750"><ele>222.9</ele></trkpt>
    <trkpt lat="-31.720124" lon="116.523889"><ele>222.5</ele></trkpt>
    <trkpt lat="-31.720182" lon="116.524106"><ele>221.8</ele></trkpt>
    <trkpt lat="-31.720208" lon="116.524127"><ele>221.6</ele></trkpt>
    <trkpt lat="-31.720348" lon="116.524243"><ele>221.0</ele></trkpt>
    <trkpt lat="-31.720168" lon="116.524543"><ele>220.0</ele></trkpt>
    <trkpt lat="-31.720029" lon="116.524758"><ele>219.4</ele></trkpt>
    <trkpt lat="-31.719861" lon="116.524904"><ele>219.1</ele></trkpt>
    <trkpt lat="-31.719704" lon="116.524976"><ele>219.1</ele></trkpt>
    <trkpt lat="-31.719561" lon="116.525014"><ele>219.3</ele></trkpt>
    <trkpt lat="-31.719417" lon="116.525019"><ele>219.5</ele></trkpt>
    <trkpt lat="-31.719275" lon="116.525006"><ele>219.7</ele></trkpt>
    <trkpt lat="-31.719105" lon="116.524960"><ele>219.8</ele></trkpt>
    <trkpt lat="-31.718959" lon="116.524899"><ele>219.9</ele></trkpt>
    <trkpt lat="-31.718939" lon="116.524891"><ele>219.9</ele></trkpt>
    <trkpt lat="-31.717982" lon="116.524505"><ele>221.8</ele></trkpt>
    <trkpt lat="-31.717226" lon="116.524200"><ele>225.4</ele></trkpt>
    <trkpt lat="-31.716922" lon="116.524074"><ele>225.8</ele></trkpt>
    <trkpt lat="-31.716853" lon="116.524045"><ele>225.9</ele></trkpt>
    <trkpt lat="-31.716357" lon="116.523985"><ele>225.6</ele></trkpt>
    <trkpt lat="-31.715758" lon="116.523985"><ele>225.4</ele></trkpt>
    <trkpt lat="-31.715320" lon="116.524114"><ele>226.2</ele></trkpt>
    <trkpt lat="-31.714444" lon="116.524526"><ele>229.0</ele></trkpt>
    <trkpt lat="-31.714101" lon="116.524595"><ele>230.6</ele></trkpt>
    <trkpt lat="-31.713845" lon="116.524638"><ele>231.6</ele></trkpt>
    <trkpt lat="-31.713370" lon="116.524663"><ele>233.8</ele></trkpt>
    <trkpt lat="-31.712341" lon="116.524457"><ele>237.3</ele></trkpt>
    <trkpt lat="-31.712107" lon="116.524457"><ele>237.6</ele></trkpt>
    <trkpt lat="-31.711728" lon="116.524569"><ele>237.5</ele></trkpt>
    <trkpt lat="-31.711494" lon="116.524715"><ele>237.0</ele></trkpt>
    <trkpt lat="-31.711224" lon="116.524947"><ele>236.0</ele></trkpt>
    <trkpt lat="-31.710941" lon="116.525354"><ele>235.5</ele></trkpt>
    <trkpt lat="-31.710890" lon="116.525428"><ele>235.6</ele></trkpt>
    <trkpt lat="-31.710731" lon="116.525656"><ele>236.2</ele></trkpt>
    <trkpt lat="-31.710705" lon="116.525693"><ele>236.4</ele></trkpt>
    <trkpt lat="-31.710034" lon="116.526715"><ele>240.9</ele></trkpt>
    <trkpt lat="-31.709668" lon="116.527221"><ele>243.5</ele></trkpt>
    <trkpt lat="-31.709311" lon="116.527547"><ele>246.6</ele></trkpt>
    <trkpt lat="-31.708785" lon="116.527968"><ele>250.9</ele></trkpt>
    <trkpt lat="-31.708391" lon="116.528268"><ele>253.1</ele></trkpt>
    <trkpt lat="-31.708055" lon="116.528577"><ele>255.6</ele></trkpt>
    <trkpt lat="-31.707821" lon="116.528938"><ele>257.4</ele></trkpt>
    <trkpt lat="-31.707697" lon="116.529247"><ele>258.6</ele></trkpt>
    <trkpt lat="-31.707558" lon="116.529890"><ele>259.9</ele></trkpt>
    <trkpt lat="-31.707602" lon="116.531805"><ele>264.6</ele></trkpt>
    <trkpt lat="-31.707587" lon="116.532156"><ele>266.3</ele></trkpt>
    <trkpt lat="-31.707507" lon="116.532500"><ele>268.0</ele></trkpt>
    <trkpt lat="-31.706441" lon="116.535469"><ele>280.0</ele></trkpt>
    <trkpt lat="-31.706353" lon="116.535796"><ele>281.3</ele></trkpt>
    <trkpt lat="-31.706280" lon="116.536242"><ele>282.3</ele></trkpt>
    <trkpt lat="-31.706222" lon="116.537358"><ele>281.2</ele></trkpt>
    <trkpt lat="-31.706222" lon="116.537735"><ele>281.5</ele></trkpt>
    <trkpt lat="-31.706324" lon="116.538164"><ele>282.6</ele></trkpt>
    <trkpt lat="-31.706704" lon="116.538843"><ele>286.2</ele></trkpt>
    <trkpt lat="-31.707441" lon="116.539770"><ele>287.3</ele></trkpt>
    <trkpt lat="-31.708150" lon="116.540456"><ele>282.6</ele></trkpt>
    <trkpt lat="-31.709961" lon="116.542078"><ele>273.0</ele></trkpt>
    <trkpt lat="-31.710333" lon="116.542396"><ele>275.4</ele></trkpt>
    <trkpt lat="-31.710589" lon="116.542722"><ele>277.5</ele></trkpt>
    <trkpt lat="-31.710822" lon="116.543143"><ele>280.0</ele></trkpt>
    <trkpt lat="-31.710929" lon="116.543525"><ele>281.5</ele></trkpt>
    <trkpt lat="-31.710968" lon="116.543666"><ele>282.1</ele></trkpt>
    <trkpt lat="-31.711005" lon="116.544070"><ele>283.4</ele></trkpt>
    <trkpt lat="-31.710917" lon="116.545512"><ele>289.0</ele></trkpt>
    <trkpt lat="-31.710786" lon="116.546619"><ele>293.3</ele></trkpt>
    <trkpt lat="-31.710647" lon="116.547589"><ele>295.4</ele></trkpt>
    <trkpt lat="-31.710625" lon="116.548301"><ele>297.4</ele></trkpt>
    <trkpt lat="-31.710632" lon="116.548919"><ele>299.8</ele></trkpt>
    <trkpt lat="-31.710647" lon="116.549717"><ele>302.7</ele></trkpt>
    <trkpt lat="-31.710603" lon="116.550498"><ele>306.4</ele></trkpt>
    <trkpt lat="-31.710311" lon="116.552241"><ele>315.2</ele></trkpt>
    <trkpt lat="-31.709946" lon="116.553777"><ele>315.6</ele></trkpt>
    <trkpt lat="-31.709464" lon="116.555562"><ele>312.9</ele></trkpt>
    <trkpt lat="-31.709340" lon="116.556017"><ele>311.8</ele></trkpt>
    <trkpt lat="-31.709063" lon="116.557142"><ele>306.7</ele></trkpt>
    <trkpt lat="-31.708865" lon="116.557631"><ele>303.8</ele></trkpt>
    <trkpt lat="-31.708420" lon="116.558403"><ele>298.9</ele></trkpt>
    <trkpt lat="-31.707821" lon="116.559245"><ele>293.5</ele></trkpt>
    <trkpt lat="-31.707011" lon="116.560180"><ele>288.0</ele></trkpt>
    <trkpt lat="-31.705609" lon="116.561665"><ele>278.2</ele></trkpt>
    <trkpt lat="-31.705112" lon="116.562249"><ele>275.7</ele></trkpt>
    <trkpt lat="-31.704389" lon="116.562815"><ele>274.0</ele></trkpt>
    <trkpt lat="-31.703717" lon="116.563227"><ele>272.3</ele></trkpt>
    <trkpt lat="-31.703265" lon="116.563390"><ele>270.4</ele></trkpt>
    <trkpt lat="-31.702403" lon="116.563459"><ele>265.3</ele></trkpt>
    <trkpt lat="-31.701629" lon="116.563562"><ele>261.1</ele></trkpt>
    <trkpt lat="-31.701300" lon="116.563639"><ele>259.1</ele></trkpt>
    <trkpt lat="-31.700891" lon="116.563854"><ele>256.7</ele></trkpt>
    <trkpt lat="-31.700380" lon="116.564257"><ele>253.9</ele></trkpt>
    <trkpt lat="-31.699964" lon="116.564806"><ele>254.8</ele></trkpt>
    <trkpt lat="-31.699380" lon="116.565793"><ele>261.1</ele></trkpt>
    <trkpt lat="-31.699029" lon="116.566257"><ele>263.3</ele></trkpt>
    <trkpt lat="-31.698606" lon="116.566626"><ele>264.5</ele></trkpt>
    <trkpt lat="-31.697817" lon="116.567029"><ele>266.4</ele></trkpt>
    <trkpt lat="-31.696721" lon="116.567501"><ele>272.9</ele></trkpt>
    <trkpt lat="-31.696313" lon="116.567690"><ele>274.7</ele></trkpt>
    <trkpt lat="-31.695969" lon="116.567982"><ele>276.1</ele></trkpt>
    <trkpt lat="-31.695750" lon="116.568265"><ele>276.5</ele></trkpt>
    <trkpt lat="-31.695517" lon="116.568798"><ele>276.2</ele></trkpt>
    <trkpt lat="-31.695465" lon="116.569055"><ele>276.2</ele></trkpt>
    <trkpt lat="-31.695422" lon="116.569381"><ele>276.1</ele></trkpt>
    <trkpt lat="-31.695477" lon="116.570050"><ele>276.0</ele></trkpt>
    <trkpt lat="-31.695519" lon="116.570385"><ele>276.3</ele></trkpt>
    <trkpt lat="-31.695546" lon="116.570746"><ele>276.7</ele></trkpt>
    <trkpt lat="-31.695538" lon="116.571021"><ele>277.2</ele></trkpt>
    <trkpt lat="-31.695458" lon="116.571518"><ele>278.6</ele></trkpt>
    <trkpt lat="-31.695224" lon="116.571990"><ele>280.8</ele></trkpt>
    <trkpt lat="-31.694991" lon="116.572325"><ele>283.1</ele></trkpt>
    <trkpt lat="-31.694545" lon="116.572806"><ele>287.5</ele></trkpt>
    <trkpt lat="-31.693866" lon="116.573570"><ele>295.0</ele></trkpt>
    <trkpt lat="-31.693603" lon="116.574016"><ele>297.3</ele></trkpt>
    <trkpt lat="-31.693311" lon="116.574686"><ele>298.2</ele></trkpt>
    <trkpt lat="-31.693121" lon="116.575338"><ele>298.4</ele></trkpt>
    <trkpt lat="-31.693041" lon="116.576033"><ele>299.4</ele></trkpt>
    <trkpt lat="-31.693048" lon="116.579252"><ele>305.9</ele></trkpt>
    <trkpt lat="-31.693019" lon="116.579595"><ele>306.3</ele></trkpt>
    <trkpt lat="-31.692902" lon="116.580196"><ele>306.8</ele></trkpt>
    <trkpt lat="-31.692900" lon="116.580244"><ele>306.9</ele></trkpt>
    <trkpt lat="-31.692837" lon="116.580528"><ele>307.0</ele></trkpt>
    <trkpt lat="-31.692678" lon="116.580981"><ele>306.8</ele></trkpt>
    <trkpt lat="-31.692457" lon="116.581579"><ele>306.6</ele></trkpt>
    <trkpt lat="-31.692199" lon="116.582208"><ele>305.6</ele></trkpt>
    <trkpt lat="-31.692031" lon="116.582592"><ele>304.5</ele></trkpt>
    <trkpt lat="-31.691849" lon="116.583000"><ele>302.4</ele></trkpt>
    <trkpt lat="-31.691735" lon="116.583298"><ele>300.8</ele></trkpt>
    <trkpt lat="-31.691496" lon="116.583891"><ele>297.4</ele></trkpt>
    <trkpt lat="-31.691321" lon="116.584322"><ele>295.2</ele></trkpt>
    <trkpt lat="-31.691181" lon="116.584641"><ele>293.7</ele></trkpt>
    <trkpt lat="-31.691004" lon="116.585038"><ele>292.1</ele></trkpt>
    <trkpt lat="-31.690883" lon="116.585280"><ele>290.9</ele></trkpt>
    <trkpt lat="-31.690737" lon="116.585615"><ele>289.3</ele></trkpt>
    <trkpt lat="-31.690497" lon="116.586213"><ele>286.0</ele></trkpt>
    <trkpt lat="-31.690175" lon="116.586995"><ele>282.5</ele></trkpt>
    <trkpt lat="-31.689613" lon="116.588337"><ele>277.9</ele></trkpt>
    <trkpt lat="-31.689559" lon="116.588510"><ele>277.5</ele></trkpt>
    <trkpt lat="-31.689530" lon="116.588640"><ele>277.2</ele></trkpt>
    <trkpt lat="-31.689455" lon="116.588843"><ele>276.8</ele></trkpt>
    <trkpt lat="-31.688822" lon="116.590385"><ele>274.6</ele></trkpt>
    <trkpt lat="-31.688504" lon="116.591123"><ele>274.0</ele></trkpt>
    <trkpt lat="-31.688381" lon="116.591389"><ele>274.3</ele></trkpt>
    <trkpt lat="-31.688329" lon="116.591453"><ele>274.4</ele></trkpt>
    <trkpt lat="-31.688309" lon="116.591500"><ele>274.5</ele></trkpt>
    <trkpt lat="-31.688238" lon="116.591667"><ele>274.9</ele></trkpt>
    <trkpt lat="-31.688169" lon="116.591934"><ele>275.5</ele></trkpt>
    <trkpt lat="-31.688051" lon="116.592253"><ele>276.4</ele></trkpt>
    <trkpt lat="-31.687794" lon="116.592879"><ele>278.3</ele></trkpt>
    <trkpt lat="-31.687294" lon="116.594075"><ele>280.2</ele></trkpt>
    <trkpt lat="-31.686869" lon="116.595098"><ele>279.1</ele></trkpt>
    <trkpt lat="-31.686700" lon="116.595494"><ele>278.1</ele></trkpt>
    <trkpt lat="-31.686646" lon="116.595592"><ele>277.9</ele></trkpt>
    <trkpt lat="-31.686559" lon="116.595706"><ele>277.5</ele></trkpt>
    <trkpt lat="-31.686213" lon="116.596109"><ele>276.1</ele></trkpt>
    <trkpt lat="-31.686129" lon="116.596202"><ele>275.7</ele></trkpt>
    <trkpt lat="-31.686121" lon="116.596259"><ele>275.6</ele></trkpt>
    <trkpt lat="-31.686134" lon="116.596299"><ele>275.4</ele></trkpt>
    <trkpt lat="-31.686078" lon="116.596399"><ele>275.1</ele></trkpt>
    <trkpt lat="-31.685560" lon="116.596962"><ele>274.1</ele></trkpt>
    <trkpt lat="-31.685240" lon="116.597334"><ele>274.1</ele></trkpt>
    <trkpt lat="-31.684677" lon="116.597972"><ele>275.1</ele></trkpt>
    <trkpt lat="-31.683947" lon="116.598810"><ele>276.1</ele></trkpt>
    <trkpt lat="-31.683530" lon="116.599300"><ele>277.1</ele></trkpt>
    <trkpt lat="-31.683352" lon="116.599515"><ele>277.6</ele></trkpt>
    <trkpt lat="-31.683228" lon="116.599694"><ele>278.1</ele></trkpt>
    <trkpt lat="-31.683140" lon="116.599838"><ele>278.5</ele></trkpt>
    <trkpt lat="-31.683041" lon="116.600016"><ele>278.9</ele></trkpt>
    <trkpt lat="-31.682863" lon="116.600346"><ele>279.4</ele></trkpt>
    <trkpt lat="-31.682609" lon="116.600880"><ele>280.4</ele></trkpt>
    <trkpt lat="-31.681955" lon="116.602269"><ele>280.7</ele></trkpt>
    <trkpt lat="-31.681625" lon="116.602948"><ele>277.2</ele></trkpt>
    <trkpt lat="-31.681282" lon="116.603669"><ele>273.2</ele></trkpt>
    <trkpt lat="-31.680909" lon="116.604462"><ele>270.7</ele></trkpt>
    <trkpt lat="-31.680849" lon="116.604602"><ele>270.5</ele></trkpt>
    <trkpt lat="-31.680653" lon="116.605027"><ele>269.7</ele></trkpt>
    <trkpt lat="-31.680402" lon="116.605525"><ele>270.0</ele></trkpt>
    <trkpt lat="-31.680294" lon="116.605791"><ele>271.1</ele></trkpt>
    <trkpt lat="-31.680184" lon="116.605999"><ele>272.3</ele></trkpt>
    <trkpt lat="-31.680100" lon="116.606189"><ele>273.7</ele></trkpt>
    <trkpt lat="-31.680031" lon="116.606329"><ele>274.9</ele></trkpt>
    <trkpt lat="-31.679953" lon="116.606506"><ele>276.3</ele></trkpt>
    <trkpt lat="-31.679894" lon="116.606726"><ele>277.9</ele></trkpt>
    <trkpt lat="-31.679810" lon="116.606901"><ele>279.3</ele></trkpt>
    <trkpt lat="-31.679713" lon="116.607200"><ele>281.0</ele></trkpt>
    <trkpt lat="-31.679537" lon="116.607651"><ele>283.0</ele></trkpt>
    <trkpt lat="-31.679440" lon="116.607910"><ele>283.9</ele></trkpt>
    <trkpt lat="-31.679328" lon="116.608140"><ele>284.7</ele></trkpt>
    <trkpt lat="-31.679250" lon="116.608243"><ele>285.0</ele></trkpt>
    <trkpt lat="-31.679190" lon="116.608335"><ele>285.3</ele></trkpt>
    <trkpt lat="-31.679075" lon="116.608527"><ele>285.8</ele></trkpt>
    <trkpt lat="-31.679018" lon="116.608686"><ele>286.0</ele></trkpt>
    <trkpt lat="-31.678931" lon="116.608864"><ele>286.2</ele></trkpt>
    <trkpt lat="-31.678839" lon="116.609060"><ele>286.1</ele></trkpt>
    <trkpt lat="-31.678717" lon="116.609265"><ele>285.8</ele></trkpt>
    <trkpt lat="-31.678627" lon="116.609448"><ele>285.6</ele></trkpt>
    <trkpt lat="-31.678580" lon="116.609539"><ele>285.4</ele></trkpt>
    <trkpt lat="-31.678537" lon="116.609617"><ele>285.3</ele></trkpt>
    <trkpt lat="-31.678515" lon="116.609683"><ele>285.2</ele></trkpt>
    <trkpt lat="-31.678476" lon="116.609799"><ele>285.1</ele></trkpt>
    <trkpt lat="-31.678452" lon="116.609851"><ele>285.1</ele></trkpt>
    <trkpt lat="-31.678383" lon="116.609945"><ele>285.0</ele></trkpt>
    <trkpt lat="-31.678270" lon="116.610096"><ele>284.8</ele></trkpt>
    <trkpt lat="-31.678183" lon="116.610253"><ele>284.7</ele></trkpt>
    <trkpt lat="-31.677785" lon="116.611094"><ele>285.9</ele></trkpt>
    <trkpt lat="-31.677418" lon="116.611817"><ele>288.9</ele></trkpt>
    <trkpt lat="-31.677422" lon="116.612081"><ele>290.2</ele></trkpt>
    <trkpt lat="-31.677394" lon="116.612267"><ele>291.2</ele></trkpt>
    <trkpt lat="-31.677164" lon="116.612754"><ele>294.3</ele></trkpt>
    <trkpt lat="-31.677048" lon="116.612984"><ele>295.8</ele></trkpt>
    <trkpt lat="-31.676877" lon="116.613294"><ele>297.7</ele></trkpt>
    <trkpt lat="-31.676715" lon="116.613549"><ele>299.1</ele></trkpt>
    <trkpt lat="-31.676594" lon="116.613807"><ele>300.1</ele></trkpt>
    <trkpt lat="-31.676453" lon="116.614013"><ele>300.9</ele></trkpt>
    <trkpt lat="-31.676351" lon="116.614293"><ele>301.8</ele></trkpt>
    <trkpt lat="-31.676150" lon="116.614718"><ele>303.1</ele></trkpt>
    <trkpt lat="-31.675806" lon="116.615468"><ele>303.4</ele></trkpt>
    <trkpt lat="-31.675695" lon="116.615544"><ele>302.9</ele></trkpt>
    <trkpt lat="-31.675562" lon="116.615572"><ele>302.4</ele></trkpt>
    <trkpt lat="-31.675474" lon="116.615502"><ele>301.8</ele></trkpt>
    <trkpt lat="-31.675364" lon="116.615423"><ele>301.0</ele></trkpt>
    <trkpt lat="-31.675202" lon="116.615376"><ele>299.7</ele></trkpt>
    <trkpt lat="-31.675042" lon="116.615304"><ele>298.3</ele></trkpt>
    <trkpt lat="-31.674324" lon="116.614790"><ele>292.4</ele></trkpt>
    <trkpt lat="-31.674286" lon="116.614697"><ele>292.0</ele></trkpt>
    <trkpt lat="-31.674294" lon="116.614597"><ele>291.5</ele></trkpt>
    <trkpt lat="-31.674345" lon="116.614490"><ele>291.1</ele></trkpt>
    <trkpt lat="-31.674394" lon="116.614450"><ele>290.8</ele></trkpt>
    <trkpt lat="-31.674428" lon="116.614403"><ele>290.6</ele></trkpt>
    <trkpt lat="-31.674454" lon="116.614323"><ele>290.3</ele></trkpt>
    <trkpt lat="-31.674467" lon="116.614239"><ele>290.0</ele></trkpt>
    <trkpt lat="-31.674410" lon="116.614223"><ele>289.8</ele></trkpt>
    <trkpt lat="-31.674361" lon="116.614254"><ele>289.5</ele></trkpt>
    <trkpt lat="-31.673884" lon="116.614548"><ele>286.6</ele></trkpt>
    <trkpt lat="-31.673134" lon="116.615068"><ele>280.9</ele></trkpt>
    <trkpt lat="-31.672911" lon="116.615257"><ele>279.3</ele></trkpt>
    <trkpt lat="-31.672713" lon="116.615347"><ele>277.9</ele></trkpt>
    <trkpt lat="-31.672567" lon="116.615473"><ele>276.7</ele></trkpt>
    <trkpt lat="-31.672407" lon="116.615606"><ele>275.5</ele></trkpt>
    <trkpt lat="-31.672274" lon="116.615745"><ele>274.4</ele></trkpt>
    <trkpt lat="-31.672162" lon="116.615899"><ele>273.4</ele></trkpt>
    <trkpt lat="-31.672041" lon="116.616114"><ele>272.1</ele></trkpt>
    <trkpt lat="-31.671945" lon="116.616300"><ele>270.9</ele></trkpt>
    <trkpt lat="-31.671791" lon="116.616522"><ele>269.4</ele></trkpt>
    <trkpt lat="-31.671687" lon="116.616703"><ele>268.2</ele></trkpt>
    <trkpt lat="-31.671483" lon="116.616984"><ele>266.0</ele></trkpt>
    <trkpt lat="-31.670938" lon="116.617805"><ele>260.6</ele></trkpt>
    <trkpt lat="-31.670872" lon="116.617939"><ele>260.1</ele></trkpt>
    <trkpt lat="-31.670864" lon="116.618040"><ele>259.7</ele></trkpt>
    <trkpt lat="-31.670803" lon="116.618152"><ele>259.3</ele></trkpt>
    <trkpt lat="-31.670697" lon="116.618282"><ele>258.9</ele></trkpt>
    <trkpt lat="-31.670672" lon="116.618353"><ele>258.7</ele></trkpt>
    <trkpt lat="-31.670666" lon="116.618431"><ele>258.5</ele></trkpt>
    <trkpt lat="-31.670624" lon="116.618511"><ele>258.3</ele></trkpt>
    <trkpt lat="-31.670443" lon="116.618743"><ele>257.6</ele></trkpt>
    <trkpt lat="-31.670408" lon="116.618861"><ele>257.3</ele></trkpt>
    <trkpt lat="-31.670354" lon="116.618976"><ele>257.0</ele></trkpt>
    <trkpt lat="-31.670223" lon="116.619068"><ele>256.6</ele></trkpt>
    <trkpt lat="-31.670119" lon="116.619083"><ele>256.3</ele></trkpt>
    <trkpt lat="-31.670071" lon="116.619132"><ele>256.1</ele></trkpt>
    <trkpt lat="-31.669942" lon="116.619330"><ele>255.3</ele></trkpt>
    <trkpt lat="-31.669751" lon="116.619594"><ele>254.2</ele></trkpt>
    <trkpt lat="-31.669663" lon="116.619743"><ele>253.6</ele></trkpt>
    <trkpt lat="-31.669593" lon="116.619939"><ele>252.8</ele></trkpt>
    <trkpt lat="-31.669543" lon="116.620029"><ele>252.3</ele></trkpt>
    <trkpt lat="-31.669462" lon="116.620080"><ele>251.9</ele></trkpt>
    <trkpt lat="-31.669356" lon="116.620161"><ele>251.3</ele></trkpt>
    <trkpt lat="-31.669297" lon="116.620266"><ele>250.8</ele></trkpt>
    <trkpt lat="-31.669268" lon="116.620366"><ele>250.5</ele></trkpt>
    <trkpt lat="-31.669223" lon="116.620435"><ele>250.1</ele></trkpt>
    <trkpt lat="-31.669145" lon="116.620496"><ele>249.7</ele></trkpt>
    <trkpt lat="-31.669069" lon="116.620598"><ele>249.3</ele></trkpt>
    <trkpt lat="-31.668861" lon="116.620916"><ele>248.1</ele></trkpt>
    <trkpt lat="-31.668840" lon="116.620997"><ele>247.9</ele></trkpt>
    <trkpt lat="-31.668836" lon="116.621060"><ele>247.9</ele></trkpt>
    <trkpt lat="-31.668784" lon="116.621119"><ele>247.8</ele></trkpt>
    <trkpt lat="-31.668688" lon="116.621197"><ele>247.6</ele></trkpt>
    <trkpt lat="-31.668630" lon="116.621258"><ele>247.6</ele></trkpt>
    <trkpt lat="-31.668432" lon="116.621532"><ele>247.4</ele></trkpt>
    <trkpt lat="-31.668353" lon="116.621693"><ele>247.3</ele></trkpt>
    <trkpt lat="-31.668316" lon="116.621813"><ele>247.3</ele></trkpt>
    <trkpt lat="-31.668216" lon="116.621940"><ele>247.4</ele></trkpt>
    <trkpt lat="-31.667963" lon="116.622290"><ele>247.0</ele></trkpt>
    <trkpt lat="-31.667850" lon="116.622452"><ele>246.8</ele></trkpt>
    <trkpt lat="-31.667769" lon="116.622693"><ele>246.0</ele></trkpt>
    <trkpt lat="-31.667621" lon="116.622827"><ele>245.1</ele></trkpt>
    <trkpt lat="-31.667399" lon="116.623151"><ele>243.1</ele></trkpt>
    <trkpt lat="-31.667253" lon="116.623322"><ele>242.0</ele></trkpt>
    <trkpt lat="-31.667151" lon="116.623402"><ele>241.3</ele></trkpt>
    <trkpt lat="-31.667085" lon="116.623416"><ele>240.9</ele></trkpt>
    <trkpt lat="-31.667008" lon="116.623453"><ele>240.4</ele></trkpt>
    <trkpt lat="-31.666956" lon="116.623462"><ele>240.1</ele></trkpt>
    <trkpt lat="-31.666617" lon="116.623968"><ele>237.5</ele></trkpt>
    <trkpt lat="-31.666124" lon="116.624710"><ele>234.0</ele></trkpt>
    <trkpt lat="-31.666011" lon="116.624870"><ele>233.3</ele></trkpt>
    <trkpt lat="-31.665917" lon="116.624926"><ele>233.0</ele></trkpt>
    <trkpt lat="-31.665832" lon="116.624956"><ele>232.7</ele></trkpt>
    <trkpt lat="-31.665780" lon="116.625032"><ele>232.5</ele></trkpt>
    <trkpt lat="-31.665564" lon="116.625344"><ele>231.6</ele></trkpt>
    <trkpt lat="-31.665426" lon="116.625699"><ele>230.8</ele></trkpt>
    <trkpt lat="-31.665349" lon="116.625826"><ele>230.4</ele></trkpt>
    <trkpt lat="-31.665267" lon="116.626056"><ele>229.9</ele></trkpt>
    <trkpt lat="-31.665157" lon="116.626346"><ele>229.1</ele></trkpt>
    <trkpt lat="-31.665054" lon="116.626722"><ele>228.1</ele></trkpt>
    <trkpt lat="-31.665008" lon="116.626870"><ele>227.6</ele></trkpt>
    <trkpt lat="-31.664947" lon="116.627118"><ele>227.1</ele></trkpt>
    <trkpt lat="-31.664927" lon="116.627468"><ele>226.4</ele></trkpt>
    <trkpt lat="-31.664895" lon="116.627851"><ele>225.4</ele></trkpt>
    <trkpt lat="-31.664843" lon="116.628167"><ele>224.2</ele></trkpt>
    <trkpt lat="-31.664787" lon="116.628593"><ele>222.5</ele></trkpt>
    <trkpt lat="-31.664836" lon="116.628913"><ele>221.3</ele></trkpt>
    <trkpt lat="-31.664833" lon="116.629040"><ele>220.8</ele></trkpt>
    <trkpt lat="-31.664825" lon="116.629096"><ele>220.7</ele></trkpt>
    <trkpt lat="-31.664811" lon="116.629175"><ele>220.6</ele></trkpt>
    <trkpt lat="-31.664766" lon="116.629332"><ele>220.5</ele></trkpt>
    <trkpt lat="-31.664654" lon="116.629469"><ele>220.6</ele></trkpt>
    <trkpt lat="-31.664581" lon="116.629525"><ele>220.7</ele></trkpt>
    <trkpt lat="-31.664495" lon="116.629520"><ele>220.9</ele></trkpt>
    <trkpt lat="-31.664447" lon="116.629500"><ele>221.1</ele></trkpt>
    <trkpt lat="-31.664374" lon="116.629476"><ele>221.4</ele></trkpt>
    <trkpt lat="-31.664307" lon="116.629453"><ele>221.7</ele></trkpt>
    <trkpt lat="-31.664234" lon="116.629411"><ele>222.1</ele></trkpt>
    <trkpt lat="-31.664172" lon="116.629320"><ele>222.6</ele></trkpt>
    <trkpt lat="-31.664158" lon="116.629118"><ele>223.6</ele></trkpt>
    <trkpt lat="-31.664178" lon="116.628891"><ele>224.6</ele></trkpt>
    <trkpt lat="-31.664181" lon="116.628730"><ele>225.0</ele></trkpt>
    <trkpt lat="-31.664097" lon="116.628702"><ele>225.3</ele></trkpt>
    <trkpt lat="-31.664018" lon="116.628656"><ele>225.5</ele></trkpt>
    <trkpt lat="-31.663953" lon="116.628787"><ele>225.6</ele></trkpt>
    <trkpt lat="-31.663831" lon="116.629043"><ele>225.6</ele></trkpt>
    <trkpt lat="-31.663626" lon="116.629551"><ele>224.4</ele></trkpt>
    <trkpt lat="-31.663471" lon="116.629910"><ele>223.7</ele></trkpt>
    <trkpt lat="-31.663231" lon="116.630351"><ele>223.6</ele></trkpt>
    <trkpt lat="-31.663118" lon="116.630534"><ele>223.7</ele></trkpt>
    <trkpt lat="-31.663009" lon="116.630711"><ele>223.9</ele></trkpt>
    <trkpt lat="-31.662951" lon="116.630803"><ele>224.0</ele></trkpt>
    <trkpt lat="-31.662886" lon="116.630991"><ele>224.3</ele></trkpt>
    <trkpt lat="-31.662842" lon="116.631196"><ele>224.6</ele></trkpt>
    <trkpt lat="-31.662661" lon="116.631695"><ele>225.0</ele></trkpt>
    <trkpt lat="-31.662416" lon="116.632214"><ele>224.6</ele></trkpt>
    <trkpt lat="-31.661578" lon="116.634121"><ele>213.5</ele></trkpt>
    <trkpt lat="-31.661200" lon="116.634944"><ele>208.9</ele></trkpt>
    <trkpt lat="-31.660435" lon="116.636479"><ele>215.6</ele></trkpt>
    <trkpt lat="-31.660210" lon="116.636982"><ele>215.7</ele></trkpt>
    <trkpt lat="-31.660100" lon="116.637260"><ele>214.1</ele></trkpt>
    <trkpt lat="-31.660013" lon="116.637626"><ele>211.1</ele></trkpt>
    <trkpt lat="-31.659972" lon="116.637928"><ele>208.1</ele></trkpt>
    <trkpt lat="-31.659962" lon="116.638133"><ele>205.8</ele></trkpt>
    <trkpt lat="-31.659984" lon="116.638472"><ele>201.8</ele></trkpt>
    <trkpt lat="-31.660104" lon="116.640519"><ele>179.6</ele></trkpt>
    <trkpt lat="-31.660156" lon="116.640820"><ele>177.3</ele></trkpt>
    <trkpt lat="-31.660165" lon="116.641066"><ele>175.7</ele></trkpt>
    <trkpt lat="-31.660247" lon="116.641206"><ele>174.9</ele></trkpt>
    <trkpt lat="-31.660347" lon="116.641298"><ele>174.2</ele></trkpt>
    <trkpt lat="-31.660426" lon="116.641479"><ele>173.5</ele></trkpt>
    <trkpt lat="-31.660589" lon="116.641980"><ele>171.4</ele></trkpt>
    <trkpt lat="-31.660933" lon="116.642971"><ele>168.1</ele></trkpt>
    <trkpt lat="-31.661038" lon="116.643597"><ele>165.8</ele></trkpt>
    <trkpt lat="-31.661069" lon="116.643875"><ele>165.1</ele></trkpt>
    <trkpt lat="-31.661056" lon="116.644289"><ele>164.2</ele></trkpt>
    <trkpt lat="-31.661033" lon="116.644383"><ele>164.0</ele></trkpt>
    <trkpt lat="-31.660971" lon="116.644494"><ele>163.8</ele></trkpt>
    <trkpt lat="-31.660956" lon="116.644708"><ele>163.5</ele></trkpt>
    <trkpt lat="-31.660964" lon="116.645368"><ele>162.8</ele></trkpt>
    <trkpt lat="-31.660996" lon="116.645919"><ele>162.4</ele></trkpt>
    <trkpt lat="-31.661042" lon="116.646872"><ele>162.0</ele></trkpt>
    <trkpt lat="-31.661093" lon="116.647352"><ele>161.3</ele></trkpt>
    <trkpt lat="-31.661154" lon="116.647822"><ele>160.5</ele></trkpt>
    <trkpt lat="-31.661233" lon="116.648230"><ele>159.8</ele></trkpt>
    <trkpt lat="-31.661378" lon="116.648915"><ele>158.8</ele></trkpt>
    <trkpt lat="-31.661519" lon="116.649367"><ele>158.3</ele></trkpt>
    <trkpt lat="-31.661725" lon="116.650129"><ele>157.7</ele></trkpt>
    <trkpt lat="-31.661721" lon="116.650224"><ele>157.7</ele></trkpt>
    <trkpt lat="-31.661687" lon="116.650341"><ele>157.8</ele></trkpt>
    <trkpt lat="-31.661623" lon="116.650546"><ele>157.9</ele></trkpt>
    <trkpt lat="-31.661539" lon="116.650858"><ele>158.0</ele></trkpt>
    <trkpt lat="-31.661448" lon="116.651157"><ele>157.9</ele></trkpt>
    <trkpt lat="-31.661396" lon="116.651443"><ele>157.9</ele></trkpt>
    <trkpt lat="-31.661326" lon="116.651614"><ele>157.8</ele></trkpt>
    <trkpt lat="-31.661286" lon="116.651819"><ele>157.5</ele></trkpt>
    <trkpt lat="-31.661253" lon="116.652146"><ele>157.1</ele></trkpt>
    <trkpt lat="-31.661128" lon="116.652517"><ele>156.6</ele></trkpt>
    <trkpt lat="-31.660904" lon="116.653089"><ele>156.2</ele></trkpt>
    <trkpt lat="-31.660737" lon="116.653413"><ele>156.4</ele></trkpt>
    <trkpt lat="-31.660619" lon="116.653706"><ele>156.2</ele></trkpt>
    <trkpt lat="-31.660460" lon="116.654018"><ele>155.9</ele></trkpt>
    <trkpt lat="-31.660703" lon="116.654160"><ele>155.8</ele></trkpt>
    <trkpt lat="-31.660744" lon="116.654187"><ele>155.8</ele></trkpt>
    <trkpt lat="-31.660211" lon="116.655409"><ele>156.4</ele></trkpt>
    <trkpt lat="-31.660206" lon="116.655516"><ele>156.3</ele></trkpt>
    <trkpt lat="-31.659972" lon="116.656205"><ele>154.8</ele></trkpt>
    <trkpt lat="-31.659912" lon="116.656452"><ele>154.2</ele></trkpt>
    <trkpt lat="-31.659835" lon="116.656838"><ele>153.1</ele></trkpt>
    <trkpt lat="-31.659790" lon="116.657154"><ele>152.5</ele></trkpt>
    <trkpt lat="-31.659744" lon="116.657528"><ele>152.0</ele></trkpt>
    <trkpt lat="-31.659754" lon="116.657709"><ele>151.9</ele></trkpt>
    <trkpt lat="-31.659751" lon="116.657851"><ele>152.0</ele></trkpt>
    <trkpt lat="-31.659692" lon="116.657933"><ele>152.0</ele></trkpt>
    <trkpt lat="-31.659613" lon="116.658042"><ele>152.2</ele></trkpt>
    <trkpt lat="-31.659528" lon="116.657985"><ele>152.5</ele></trkpt>
    <trkpt lat="-31.659222" lon="116.657646"><ele>153.3</ele></trkpt>
    <trkpt lat="-31.659123" lon="116.657629"><ele>153.4</ele></trkpt>
    <trkpt lat="-31.658994" lon="116.657647"><ele>153.7</ele></trkpt>
  </trkseg></trk>
</gpx>
