<?xml version="1.0" encoding="UTF-8"?>
<gpx version="1.1" creator="trail-maps from OpenStreetMap (ODbL) route relation and waypoints; elevation Copernicus GLO-30" xmlns="http://www.topografix.com/GPX/1/1">
  <metadata><name>The Coast Track (Royal National Park)</name></metadata>
  <wpt lat="-34.176972" lon="151.056453"><ele>6.9</ele><name>North Era Beach Campground</name><type>campsite</type></wpt>
  <wpt lat="-34.211467" lon="151.010581"><ele>178.3</ele><name>Otford Lookout</name><type>poi</type></wpt>
  <wpt lat="-34.198796" lon="151.022575"><ele>221.2</ele><name>Werrong Lookout</name><type>poi</type></wpt>
  <wpt lat="-34.091975" lon="151.157323"><ele>52.8</ele><name>Drinking water</name><type>water</type></wpt>
  <trk><name>Main route</name><trkseg>
    <trkpt lat="-34.091667" lon="151.157086"><ele>52.8</ele></trkpt>
    <trkpt lat="-34.091792" lon="151.157243"><ele>52.8</ele></trkpt>
    <trkpt lat="-34.091812" lon="151.157272"><ele>52.8</ele></trkpt>
    <trkpt lat="-34.092014" lon="151.157417"><ele>52.8</ele></trkpt>
    <trkpt lat="-34.092229" lon="151.157559"><ele>53.0</ele></trkpt>
    <trkpt lat="-34.092509" lon="151.157693"><ele>53.4</ele></trkpt>
    <trkpt lat="-34.092722" lon="151.157736"><ele>54.0</ele></trkpt>
    <trkpt lat="-34.092984" lon="151.157717"><ele>54.8</ele></trkpt>
    <trkpt lat="-34.093300" lon="151.157535"><ele>55.7</ele></trkpt>
    <trkpt lat="-34.093369" lon="151.157648"><ele>55.9</ele></trkpt>
    <trkpt lat="-34.093597" lon="151.157891"><ele>56.5</ele></trkpt>
    <trkpt lat="-34.093776" lon="151.158146"><ele>56.8</ele></trkpt>
    <trkpt lat="-34.094017" lon="151.158517"><ele>57.2</ele></trkpt>
    <trkpt lat="-34.094436" lon="151.158903"><ele>58.4</ele></trkpt>
    <trkpt lat="-34.094997" lon="151.159418"><ele>59.4</ele></trkpt>
    <trkpt lat="-34.095516" lon="151.159968"><ele>59.2</ele></trkpt>
    <trkpt lat="-34.095878" lon="151.160480"><ele>58.4</ele></trkpt>
    <trkpt lat="-34.096220" lon="151.161075"><ele>56.6</ele></trkpt>
    <trkpt lat="-34.096449" lon="151.161400"><ele>55.3</ele></trkpt>
    <trkpt lat="-34.096580" lon="151.161523"><ele>54.6</ele></trkpt>
    <trkpt lat="-34.096738" lon="151.161478"><ele>53.8</ele></trkpt>
    <trkpt lat="-34.096947" lon="151.161677"><ele>52.3</ele></trkpt>
    <trkpt lat="-34.097060" lon="151.161692"><ele>51.7</ele></trkpt>
    <trkpt lat="-34.097150" lon="151.161768"><ele>51.1</ele></trkpt>
    <trkpt lat="-34.097219" lon="151.161933"><ele>50.4</ele></trkpt>
    <trkpt lat="-34.097291" lon="151.161985"><ele>50.1</ele></trkpt>
    <trkpt lat="-34.097374" lon="151.162004"><ele>49.7</ele></trkpt>
    <trkpt lat="-34.097466" lon="151.161972"><ele>49.3</ele></trkpt>
    <trkpt lat="-34.097562" lon="151.161867"><ele>48.9</ele></trkpt>
    <trkpt lat="-34.097552" lon="151.161751"><ele>48.7</ele></trkpt>
    <trkpt lat="-34.097594" lon="151.161592"><ele>48.6</ele></trkpt>
    <trkpt lat="-34.097643" lon="151.161494"><ele>48.7</ele></trkpt>
    <trkpt lat="-34.097719" lon="151.161423"><ele>48.7</ele></trkpt>
    <trkpt lat="-34.097743" lon="151.161401"><ele>48.8</ele></trkpt>
    <trkpt lat="-34.097802" lon="151.161288"><ele>48.9</ele></trkpt>
    <trkpt lat="-34.097803" lon="151.161135"><ele>49.1</ele></trkpt>
    <trkpt lat="-34.097820" lon="151.160944"><ele>49.2</ele></trkpt>
    <trkpt lat="-34.097857" lon="151.160826"><ele>49.2</ele></trkpt>
    <trkpt lat="-34.097912" lon="151.160733"><ele>49.2</ele></trkpt>
    <trkpt lat="-34.097998" lon="151.160632"><ele>49.2</ele></trkpt>
    <trkpt lat="-34.098089" lon="151.160568"><ele>49.1</ele></trkpt>
    <trkpt lat="-34.098130" lon="151.160541"><ele>49.1</ele></trkpt>
    <trkpt lat="-34.098158" lon="151.160491"><ele>49.1</ele></trkpt>
    <trkpt lat="-34.098203" lon="151.160383"><ele>49.1</ele></trkpt>
    <trkpt lat="-34.098268" lon="151.160322"><ele>48.9</ele></trkpt>
    <trkpt lat="-34.098361" lon="151.160320"><ele>48.8</ele></trkpt>
    <trkpt lat="-34.098433" lon="151.160179"><ele>48.5</ele></trkpt>
    <trkpt lat="-34.098500" lon="151.159819"><ele>48.0</ele></trkpt>
    <trkpt lat="-34.098617" lon="151.159504"><ele>48.2</ele></trkpt>
    <trkpt lat="-34.098653" lon="151.159305"><ele>48.5</ele></trkpt>
    <trkpt lat="-34.098633" lon="151.159255"><ele>48.6</ele></trkpt>
    <trkpt lat="-34.098631" lon="151.159152"><ele>48.8</ele></trkpt>
    <trkpt lat="-34.098608" lon="151.159043"><ele>49.0</ele></trkpt>
    <trkpt lat="-34.098633" lon="151.158920"><ele>49.3</ele></trkpt>
    <trkpt lat="-34.098652" lon="151.158777"><ele>49.6</ele></trkpt>
    <trkpt lat="-34.098639" lon="151.158682"><ele>49.8</ele></trkpt>
    <trkpt lat="-34.098649" lon="151.158583"><ele>50.0</ele></trkpt>
    <trkpt lat="-34.098636" lon="151.158455"><ele>50.2</ele></trkpt>
    <trkpt lat="-34.098665" lon="151.158380"><ele>50.4</ele></trkpt>
    <trkpt lat="-34.098794" lon="151.158172"><ele>50.7</ele></trkpt>
    <trkpt lat="-34.098837" lon="151.158140"><ele>50.7</ele></trkpt>
    <trkpt lat="-34.098939" lon="151.158115"><ele>51.0</ele></trkpt>
    <trkpt lat="-34.099054" lon="151.158039"><ele>51.3</ele></trkpt>
    <trkpt lat="-34.099238" lon="151.157969"><ele>51.7</ele></trkpt>
    <trkpt lat="-34.099374" lon="151.157850"><ele>52.1</ele></trkpt>
    <trkpt lat="-34.099403" lon="151.157789"><ele>52.3</ele></trkpt>
    <trkpt lat="-34.099402" lon="151.157718"><ele>52.4</ele></trkpt>
    <trkpt lat="-34.099362" lon="151.157619"><ele>52.7</ele></trkpt>
    <trkpt lat="-34.099418" lon="151.157482"><ele>53.2</ele></trkpt>
    <trkpt lat="-34.099454" lon="151.157375"><ele>53.6</ele></trkpt>
    <trkpt lat="-34.099495" lon="151.157247"><ele>54.1</ele></trkpt>
    <trkpt lat="-34.099581" lon="151.157132"><ele>54.7</ele></trkpt>
    <trkpt lat="-34.099709" lon="151.157095"><ele>55.2</ele></trkpt>
    <trkpt lat="-34.099844" lon="151.157008"><ele>55.4</ele></trkpt>
    <trkpt lat="-34.100140" lon="151.156869"><ele>55.5</ele></trkpt>
    <trkpt lat="-34.100474" lon="151.157014"><ele>54.2</ele></trkpt>
    <trkpt lat="-34.100738" lon="151.157004"><ele>52.1</ele></trkpt>
    <trkpt lat="-34.100947" lon="151.157017"><ele>49.7</ele></trkpt>
    <trkpt lat="-34.101028" lon="151.157155"><ele>47.9</ele></trkpt>
    <trkpt lat="-34.101096" lon="151.157296"><ele>46.2</ele></trkpt>
    <trkpt lat="-34.101189" lon="151.157385"><ele>44.5</ele></trkpt>
    <trkpt lat="-34.101395" lon="151.157468"><ele>41.5</ele></trkpt>
    <trkpt lat="-34.101485" lon="151.157563"><ele>39.8</ele></trkpt>
    <trkpt lat="-34.101545" lon="151.157672"><ele>38.3</ele></trkpt>
    <trkpt lat="-34.101596" lon="151.157720"><ele>37.5</ele></trkpt>
    <trkpt lat="-34.101692" lon="151.157769"><ele>36.2</ele></trkpt>
    <trkpt lat="-34.101763" lon="151.157773"><ele>35.3</ele></trkpt>
    <trkpt lat="-34.101835" lon="151.157718"><ele>34.1</ele></trkpt>
    <trkpt lat="-34.102068" lon="151.157653"><ele>30.2</ele></trkpt>
    <trkpt lat="-34.102150" lon="151.157596"><ele>28.3</ele></trkpt>
    <trkpt lat="-34.102295" lon="151.157532"><ele>25.1</ele></trkpt>
    <trkpt lat="-34.102489" lon="151.157495"><ele>21.8</ele></trkpt>
    <trkpt lat="-34.102616" lon="151.157549"><ele>19.3</ele></trkpt>
    <trkpt lat="-34.102681" lon="151.157547"><ele>18.1</ele></trkpt>
    <trkpt lat="-34.102762" lon="151.157540"><ele>16.6</ele></trkpt>
    <trkpt lat="-34.102854" lon="151.157493"><ele>14.8</ele></trkpt>
    <trkpt lat="-34.102866" lon="151.157463"><ele>14.3</ele></trkpt>
    <trkpt lat="-34.102920" lon="151.157334"><ele>12.2</ele></trkpt>
    <trkpt lat="-34.103002" lon="151.157309"><ele>10.6</ele></trkpt>
    <trkpt lat="-34.103048" lon="151.157242"><ele>10.0</ele></trkpt>
    <trkpt lat="-34.103249" lon="151.157164"><ele>8.4</ele></trkpt>
    <trkpt lat="-34.103386" lon="151.157099"><ele>9.2</ele></trkpt>
    <trkpt lat="-34.103458" lon="151.157019"><ele>9.6</ele></trkpt>
    <trkpt lat="-34.103492" lon="151.156814"><ele>10.5</ele></trkpt>
    <trkpt lat="-34.103586" lon="151.156691"><ele>11.1</ele></trkpt>
    <trkpt lat="-34.103538" lon="151.156565"><ele>11.6</ele></trkpt>
    <trkpt lat="-34.103521" lon="151.156516"><ele>11.8</ele></trkpt>
    <trkpt lat="-34.103566" lon="151.156359"><ele>12.8</ele></trkpt>
    <trkpt lat="-34.103522" lon="151.156253"><ele>13.7</ele></trkpt>
    <trkpt lat="-34.103505" lon="151.156180"><ele>14.3</ele></trkpt>
    <trkpt lat="-34.103533" lon="151.156144"><ele>14.7</ele></trkpt>
    <trkpt lat="-34.103584" lon="151.156134"><ele>15.2</ele></trkpt>
    <trkpt lat="-34.103651" lon="151.156152"><ele>15.9</ele></trkpt>
    <trkpt lat="-34.103700" lon="151.156189"><ele>16.4</ele></trkpt>
    <trkpt lat="-34.103765" lon="151.156162"><ele>17.1</ele></trkpt>
    <trkpt lat="-34.103776" lon="151.156158"><ele>17.2</ele></trkpt>
    <trkpt lat="-34.103799" lon="151.156093"><ele>17.6</ele></trkpt>
    <trkpt lat="-34.103763" lon="151.155987"><ele>18.2</ele></trkpt>
    <trkpt lat="-34.103661" lon="151.155861"><ele>19.0</ele></trkpt>
    <trkpt lat="-34.103652" lon="151.155786"><ele>19.5</ele></trkpt>
    <trkpt lat="-34.103704" lon="151.155760"><ele>19.9</ele></trkpt>
    <trkpt lat="-34.103831" lon="151.155776"><ele>20.9</ele></trkpt>
    <trkpt lat="-34.104046" lon="151.155831"><ele>23.7</ele></trkpt>
    <trkpt lat="-34.104282" lon="151.155778"><ele>26.9</ele></trkpt>
    <trkpt lat="-34.104578" lon="151.155680"><ele>30.7</ele></trkpt>
    <trkpt lat="-34.104703" lon="151.155565"><ele>32.8</ele></trkpt>
    <trkpt lat="-34.104818" lon="151.155468"><ele>34.6</ele></trkpt>
    <trkpt lat="-34.104901" lon="151.155282"><ele>36.9</ele></trkpt>
    <trkpt lat="-34.105041" lon="151.155174"><ele>39.1</ele></trkpt>
    <trkpt lat="-34.105135" lon="151.155020"><ele>41.2</ele></trkpt>
    <trkpt lat="-34.105276" lon="151.154922"><ele>43.3</ele></trkpt>
    <trkpt lat="-34.105530" lon="151.154716"><ele>46.9</ele></trkpt>
    <trkpt lat="-34.105580" lon="151.154497"><ele>48.9</ele></trkpt>
    <trkpt lat="-34.105596" lon="151.154094"><ele>52.3</ele></trkpt>
    <trkpt lat="-34.105637" lon="151.153895"><ele>53.9</ele></trkpt>
    <trkpt lat="-34.105816" lon="151.153565"><ele>56.3</ele></trkpt>
    <trkpt lat="-34.106025" lon="151.153514"><ele>57.5</ele></trkpt>
    <trkpt lat="-34.106345" lon="151.153421"><ele>57.6</ele></trkpt>
    <trkpt lat="-34.106415" lon="151.153482"><ele>57.0</ele></trkpt>
    <trkpt lat="-34.106527" lon="151.153550"><ele>56.2</ele></trkpt>
    <trkpt lat="-34.106650" lon="151.153582"><ele>54.7</ele></trkpt>
    <trkpt lat="-34.106736" lon="151.153596"><ele>53.7</ele></trkpt>
    <trkpt lat="-34.107004" lon="151.153606"><ele>51.8</ele></trkpt>
    <trkpt lat="-34.107195" lon="151.153620"><ele>51.1</ele></trkpt>
    <trkpt lat="-34.107269" lon="151.153519"><ele>50.8</ele></trkpt>
    <trkpt lat="-34.107310" lon="151.153408"><ele>50.5</ele></trkpt>
    <trkpt lat="-34.107403" lon="151.153215"><ele>50.1</ele></trkpt>
    <trkpt lat="-34.107416" lon="151.153165"><ele>50.1</ele></trkpt>
    <trkpt lat="-34.107452" lon="151.153072"><ele>50.1</ele></trkpt>
    <trkpt lat="-34.107489" lon="151.152975"><ele>50.2</ele></trkpt>
    <trkpt lat="-34.107587" lon="151.152921"><ele>50.3</ele></trkpt>
    <trkpt lat="-34.107784" lon="151.152814"><ele>50.5</ele></trkpt>
    <trkpt lat="-34.107967" lon="151.152761"><ele>49.5</ele></trkpt>
    <trkpt lat="-34.108124" lon="151.152798"><ele>48.3</ele></trkpt>
    <trkpt lat="-34.108193" lon="151.152795"><ele>47.7</ele></trkpt>
    <trkpt lat="-34.108262" lon="151.152774"><ele>47.0</ele></trkpt>
    <trkpt lat="-34.108336" lon="151.152757"><ele>46.3</ele></trkpt>
    <trkpt lat="-34.108424" lon="151.152736"><ele>45.3</ele></trkpt>
    <trkpt lat="-34.108484" lon="151.152721"><ele>44.6</ele></trkpt>
    <trkpt lat="-34.108612" lon="151.152664"><ele>43.1</ele></trkpt>
    <trkpt lat="-34.108680" lon="151.152613"><ele>42.1</ele></trkpt>
    <trkpt lat="-34.108786" lon="151.152564"><ele>40.7</ele></trkpt>
    <trkpt lat="-34.108814" lon="151.152537"><ele>40.3</ele></trkpt>
    <trkpt lat="-34.108903" lon="151.152454"><ele>39.6</ele></trkpt>
    <trkpt lat="-34.109107" lon="151.152240"><ele>39.3</ele></trkpt>
    <trkpt lat="-34.109296" lon="151.152118"><ele>40.2</ele></trkpt>
    <trkpt lat="-34.109417" lon="151.151818"><ele>41.9</ele></trkpt>
    <trkpt lat="-34.109470" lon="151.151535"><ele>44.5</ele></trkpt>
    <trkpt lat="-34.109588" lon="151.151419"><ele>47.5</ele></trkpt>
    <trkpt lat="-34.109717" lon="151.151387"><ele>50.1</ele></trkpt>
    <trkpt lat="-34.109836" lon="151.151257"><ele>53.1</ele></trkpt>
    <trkpt lat="-34.109919" lon="151.151090"><ele>55.1</ele></trkpt>
    <trkpt lat="-34.109925" lon="151.150949"><ele>56.2</ele></trkpt>
    <trkpt lat="-34.110027" lon="151.150895"><ele>57.2</ele></trkpt>
    <trkpt lat="-34.110185" lon="151.150743"><ele>59.1</ele></trkpt>
    <trkpt lat="-34.110400" lon="151.150710"><ele>60.9</ele></trkpt>
    <trkpt lat="-34.110581" lon="151.150667"><ele>61.4</ele></trkpt>
    <trkpt lat="-34.110740" lon="151.150654"><ele>61.3</ele></trkpt>
    <trkpt lat="-34.111064" lon="151.150583"><ele>59.7</ele></trkpt>
    <trkpt lat="-34.111438" lon="151.150540"><ele>56.6</ele></trkpt>
    <trkpt lat="-34.111749" lon="151.150609"><ele>54.2</ele></trkpt>
    <trkpt lat="-34.111964" lon="151.150636"><ele>53.6</ele></trkpt>
    <trkpt lat="-34.112205" lon="151.150644"><ele>53.7</ele></trkpt>
    <trkpt lat="-34.112360" lon="151.150596"><ele>54.1</ele></trkpt>
    <trkpt lat="-34.112693" lon="151.150408"><ele>56.2</ele></trkpt>
    <trkpt lat="-34.112941" lon="151.150312"><ele>57.8</ele></trkpt>
    <trkpt lat="-34.113126" lon="151.150343"><ele>58.6</ele></trkpt>
    <trkpt lat="-34.113316" lon="151.150190"><ele>59.0</ele></trkpt>
    <trkpt lat="-34.113572" lon="151.149910"><ele>59.0</ele></trkpt>
    <trkpt lat="-34.113806" lon="151.149700"><ele>58.6</ele></trkpt>
    <trkpt lat="-34.113698" lon="151.149504"><ele>58.1</ele></trkpt>
    <trkpt lat="-34.113670" lon="151.149321"><ele>57.6</ele></trkpt>
    <trkpt lat="-34.113721" lon="151.149222"><ele>57.3</ele></trkpt>
    <trkpt lat="-34.113895" lon="151.148832"><ele>55.9</ele></trkpt>
    <trkpt lat="-34.114106" lon="151.148656"><ele>55.0</ele></trkpt>
    <trkpt lat="-34.114292" lon="151.148544"><ele>54.2</ele></trkpt>
    <trkpt lat="-34.114432" lon="151.148502"><ele>53.6</ele></trkpt>
    <trkpt lat="-34.114583" lon="151.148492"><ele>53.0</ele></trkpt>
    <trkpt lat="-34.114671" lon="151.148510"><ele>52.5</ele></trkpt>
    <trkpt lat="-34.114865" lon="151.148418"><ele>51.4</ele></trkpt>
    <trkpt lat="-34.114903" lon="151.148199"><ele>50.1</ele></trkpt>
    <trkpt lat="-34.115077" lon="151.148008"><ele>47.4</ele></trkpt>
    <trkpt lat="-34.115390" lon="151.147782"><ele>40.4</ele></trkpt>
    <trkpt lat="-34.115446" lon="151.147771"><ele>39.4</ele></trkpt>
    <trkpt lat="-34.115569" lon="151.147674"><ele>37.0</ele></trkpt>
    <trkpt lat="-34.115843" lon="151.147574"><ele>33.6</ele></trkpt>
    <trkpt lat="-34.115944" lon="151.147516"><ele>32.6</ele></trkpt>
    <trkpt lat="-34.115920" lon="151.147461"><ele>32.2</ele></trkpt>
    <trkpt lat="-34.115924" lon="151.147268"><ele>31.3</ele></trkpt>
    <trkpt lat="-34.115975" lon="151.147153"><ele>31.1</ele></trkpt>
    <trkpt lat="-34.115921" lon="151.147044"><ele>31.0</ele></trkpt>
    <trkpt lat="-34.115887" lon="151.146964"><ele>31.3</ele></trkpt>
    <trkpt lat="-34.115919" lon="151.146748"><ele>32.1</ele></trkpt>
    <trkpt lat="-34.115858" lon="151.146632"><ele>32.3</ele></trkpt>
    <trkpt lat="-34.115870" lon="151.146514"><ele>32.4</ele></trkpt>
    <trkpt lat="-34.115834" lon="151.146431"><ele>32.4</ele></trkpt>
    <trkpt lat="-34.115902" lon="151.146206"><ele>31.9</ele></trkpt>
    <trkpt lat="-34.116085" lon="151.145927"><ele>30.7</ele></trkpt>
    <trkpt lat="-34.116022" lon="151.145866"><ele>30.1</ele></trkpt>
    <trkpt lat="-34.116039" lon="151.145757"><ele>29.2</ele></trkpt>
    <trkpt lat="-34.115978" lon="151.145540"><ele>27.5</ele></trkpt>
    <trkpt lat="-34.115986" lon="151.145424"><ele>26.8</ele></trkpt>
    <trkpt lat="-34.116015" lon="151.145268"><ele>25.8</ele></trkpt>
    <trkpt lat="-34.116067" lon="151.145231"><ele>25.3</ele></trkpt>
    <trkpt lat="-34.116143" lon="151.145194"><ele>24.6</ele></trkpt>
    <trkpt lat="-34.116177" lon="151.145136"><ele>24.1</ele></trkpt>
    <trkpt lat="-34.116218" lon="151.144926"><ele>22.0</ele></trkpt>
    <trkpt lat="-34.116237" lon="151.144778"><ele>20.3</ele></trkpt>
    <trkpt lat="-34.116224" lon="151.144726"><ele>19.7</ele></trkpt>
    <trkpt lat="-34.116344" lon="151.144657"><ele>18.0</ele></trkpt>
    <trkpt lat="-34.116370" lon="151.144580"><ele>17.2</ele></trkpt>
    <trkpt lat="-34.116430" lon="151.144480"><ele>16.1</ele></trkpt>
    <trkpt lat="-34.116465" lon="151.144370"><ele>15.3</ele></trkpt>
    <trkpt lat="-34.116561" lon="151.144258"><ele>14.3</ele></trkpt>
    <trkpt lat="-34.116652" lon="151.144141"><ele>13.4</ele></trkpt>
    <trkpt lat="-34.116611" lon="151.143916"><ele>12.1</ele></trkpt>
    <trkpt lat="-34.116609" lon="151.143846"><ele>11.7</ele></trkpt>
    <trkpt lat="-34.116581" lon="151.143774"><ele>11.3</ele></trkpt>
    <trkpt lat="-34.116352" lon="151.143583"><ele>9.7</ele></trkpt>
    <trkpt lat="-34.116136" lon="151.143574"><ele>8.4</ele></trkpt>
    <trkpt lat="-34.116073" lon="151.143571"><ele>8.0</ele></trkpt>
    <trkpt lat="-34.115999" lon="151.143350"><ele>6.5</ele></trkpt>
    <trkpt lat="-34.115954" lon="151.143135"><ele>5.0</ele></trkpt>
    <trkpt lat="-34.116070" lon="151.142655"><ele>2.3</ele></trkpt>
    <trkpt lat="-34.115939" lon="151.141960"><ele>1.5</ele></trkpt>
    <trkpt lat="-34.115939" lon="151.141541"><ele>1.2</ele></trkpt>
    <trkpt lat="-34.116149" lon="151.140673"><ele>0.9</ele></trkpt>
    <trkpt lat="-34.116465" lon="151.139922"><ele>1.6</ele></trkpt>
    <trkpt lat="-34.116768" lon="151.139535"><ele>3.1</ele></trkpt>
    <trkpt lat="-34.117070" lon="151.139263"><ele>4.7</ele></trkpt>
    <trkpt lat="-34.117145" lon="151.139229"><ele>5.0</ele></trkpt>
    <trkpt lat="-34.117249" lon="151.139268"><ele>5.5</ele></trkpt>
    <trkpt lat="-34.117473" lon="151.139254"><ele>6.5</ele></trkpt>
    <trkpt lat="-34.117616" lon="151.139207"><ele>7.1</ele></trkpt>
    <trkpt lat="-34.117835" lon="151.139184"><ele>7.8</ele></trkpt>
    <trkpt lat="-34.118037" lon="151.139085"><ele>8.3</ele></trkpt>
    <trkpt lat="-34.118139" lon="151.138978"><ele>8.5</ele></trkpt>
    <trkpt lat="-34.118235" lon="151.138808"><ele>8.8</ele></trkpt>
    <trkpt lat="-34.118268" lon="151.138592"><ele>9.0</ele></trkpt>
    <trkpt lat="-34.118351" lon="151.138401"><ele>9.4</ele></trkpt>
    <trkpt lat="-34.118446" lon="151.138271"><ele>9.6</ele></trkpt>
    <trkpt lat="-34.118550" lon="151.138093"><ele>9.8</ele></trkpt>
    <trkpt lat="-34.118604" lon="151.138012"><ele>9.9</ele></trkpt>
    <trkpt lat="-34.118615" lon="151.137912"><ele>9.9</ele></trkpt>
    <trkpt lat="-34.118581" lon="151.137836"><ele>9.9</ele></trkpt>
    <trkpt lat="-34.118587" lon="151.137793"><ele>9.9</ele></trkpt>
    <trkpt lat="-34.118667" lon="151.137726"><ele>10.0</ele></trkpt>
    <trkpt lat="-34.118741" lon="151.137689"><ele>10.0</ele></trkpt>
    <trkpt lat="-34.118849" lon="151.137619"><ele>10.1</ele></trkpt>
    <trkpt lat="-34.118928" lon="151.137559"><ele>10.1</ele></trkpt>
    <trkpt lat="-34.119053" lon="151.137519"><ele>10.2</ele></trkpt>
    <trkpt lat="-34.119191" lon="151.137381"><ele>10.1</ele></trkpt>
    <trkpt lat="-34.119275" lon="151.137276"><ele>10.0</ele></trkpt>
    <trkpt lat="-34.119524" lon="151.137038"><ele>10.0</ele></trkpt>
    <trkpt lat="-34.119594" lon="151.136909"><ele>9.9</ele></trkpt>
    <trkpt lat="-34.119620" lon="151.136726"><ele>9.8</ele></trkpt>
    <trkpt lat="-34.119624" lon="151.136546"><ele>9.6</ele></trkpt>
    <trkpt lat="-34.119605" lon="151.136411"><ele>9.5</ele></trkpt>
    <trkpt lat="-34.119646" lon="151.136305"><ele>9.4</ele></trkpt>
    <trkpt lat="-34.119776" lon="151.136134"><ele>9.1</ele></trkpt>
    <trkpt lat="-34.119793" lon="151.135961"><ele>8.9</ele></trkpt>
    <trkpt lat="-34.119880" lon="151.135868"><ele>8.7</ele></trkpt>
    <trkpt lat="-34.119952" lon="151.135740"><ele>8.5</ele></trkpt>
    <trkpt lat="-34.120038" lon="151.135642"><ele>8.2</ele></trkpt>
    <trkpt lat="-34.120112" lon="151.135548"><ele>7.8</ele></trkpt>
    <trkpt lat="-34.120183" lon="151.135466"><ele>7.5</ele></trkpt>
    <trkpt lat="-34.120337" lon="151.135208"><ele>6.2</ele></trkpt>
    <trkpt lat="-34.120678" lon="151.135060"><ele>4.6</ele></trkpt>
    <trkpt lat="-34.120804" lon="151.135222"><ele>3.8</ele></trkpt>
    <trkpt lat="-34.120896" lon="151.135291"><ele>3.3</ele></trkpt>
    <trkpt lat="-34.121123" lon="151.135394"><ele>2.5</ele></trkpt>
    <trkpt lat="-34.121464" lon="151.135463"><ele>2.8</ele></trkpt>
    <trkpt lat="-34.121820" lon="151.135634"><ele>4.4</ele></trkpt>
    <trkpt lat="-34.121857" lon="151.135643"><ele>4.6</ele></trkpt>
    <trkpt lat="-34.121996" lon="151.135674"><ele>5.4</ele></trkpt>
    <trkpt lat="-34.122132" lon="151.135720"><ele>6.1</ele></trkpt>
    <trkpt lat="-34.122298" lon="151.135674"><ele>7.2</ele></trkpt>
    <trkpt lat="-34.122367" lon="151.135680"><ele>7.6</ele></trkpt>
    <trkpt lat="-34.122434" lon="151.135713"><ele>8.1</ele></trkpt>
    <trkpt lat="-34.122648" lon="151.135804"><ele>9.4</ele></trkpt>
    <trkpt lat="-34.122719" lon="151.135788"><ele>9.7</ele></trkpt>
    <trkpt lat="-34.122771" lon="151.135735"><ele>10.1</ele></trkpt>
    <trkpt lat="-34.122853" lon="151.135533"><ele>10.7</ele></trkpt>
    <trkpt lat="-34.122929" lon="151.135487"><ele>10.7</ele></trkpt>
    <trkpt lat="-34.123007" lon="151.135474"><ele>10.8</ele></trkpt>
    <trkpt lat="-34.123165" lon="151.135445"><ele>10.8</ele></trkpt>
    <trkpt lat="-34.123309" lon="151.135368"><ele>11.0</ele></trkpt>
    <trkpt lat="-34.123419" lon="151.135409"><ele>11.5</ele></trkpt>
    <trkpt lat="-34.123496" lon="151.135404"><ele>11.8</ele></trkpt>
    <trkpt lat="-34.123574" lon="151.135388"><ele>12.3</ele></trkpt>
    <trkpt lat="-34.123738" lon="151.135405"><ele>13.3</ele></trkpt>
    <trkpt lat="-34.123765" lon="151.135369"><ele>13.5</ele></trkpt>
    <trkpt lat="-34.123823" lon="151.135162"><ele>15.1</ele></trkpt>
    <trkpt lat="-34.123965" lon="151.134948"><ele>18.1</ele></trkpt>
    <trkpt lat="-34.124180" lon="151.134742"><ele>23.1</ele></trkpt>
    <trkpt lat="-34.124308" lon="151.134639"><ele>26.3</ele></trkpt>
    <trkpt lat="-34.124339" lon="151.134621"><ele>26.9</ele></trkpt>
    <trkpt lat="-34.124388" lon="151.134591"><ele>27.8</ele></trkpt>
    <trkpt lat="-34.124529" lon="151.134505"><ele>30.4</ele></trkpt>
    <trkpt lat="-34.124593" lon="151.134445"><ele>31.5</ele></trkpt>
    <trkpt lat="-34.124703" lon="151.134360"><ele>32.9</ele></trkpt>
    <trkpt lat="-34.124770" lon="151.134236"><ele>34.1</ele></trkpt>
    <trkpt lat="-34.124815" lon="151.134220"><ele>34.2</ele></trkpt>
    <trkpt lat="-34.124923" lon="151.134241"><ele>34.5</ele></trkpt>
    <trkpt lat="-34.125002" lon="151.134206"><ele>34.7</ele></trkpt>
    <trkpt lat="-34.125136" lon="151.134237"><ele>33.8</ele></trkpt>
    <trkpt lat="-34.125221" lon="151.134217"><ele>33.2</ele></trkpt>
    <trkpt lat="-34.125332" lon="151.134212"><ele>32.1</ele></trkpt>
    <trkpt lat="-34.125435" lon="151.134169"><ele>31.0</ele></trkpt>
    <trkpt lat="-34.125564" lon="151.134089"><ele>29.4</ele></trkpt>
    <trkpt lat="-34.125613" lon="151.134069"><ele>28.9</ele></trkpt>
    <trkpt lat="-34.125741" lon="151.134047"><ele>27.5</ele></trkpt>
    <trkpt lat="-34.125864" lon="151.133992"><ele>26.4</ele></trkpt>
    <trkpt lat="-34.125937" lon="151.133916"><ele>25.7</ele></trkpt>
    <trkpt lat="-34.126057" lon="151.133640"><ele>24.3</ele></trkpt>
    <trkpt lat="-34.126147" lon="151.133345"><ele>23.9</ele></trkpt>
    <trkpt lat="-34.126312" lon="151.133040"><ele>25.2</ele></trkpt>
    <trkpt lat="-34.126354" lon="151.132931"><ele>25.7</ele></trkpt>
    <trkpt lat="-34.126480" lon="151.132782"><ele>26.6</ele></trkpt>
    <trkpt lat="-34.126515" lon="151.132703"><ele>26.9</ele></trkpt>
    <trkpt lat="-34.126651" lon="151.132400"><ele>27.0</ele></trkpt>
    <trkpt lat="-34.126797" lon="151.132202"><ele>27.3</ele></trkpt>
    <trkpt lat="-34.126935" lon="151.132064"><ele>27.9</ele></trkpt>
    <trkpt lat="-34.127013" lon="151.132038"><ele>28.2</ele></trkpt>
    <trkpt lat="-34.127113" lon="151.131961"><ele>27.9</ele></trkpt>
    <trkpt lat="-34.127212" lon="151.131901"><ele>27.4</ele></trkpt>
    <trkpt lat="-34.127305" lon="151.131695"><ele>26.7</ele></trkpt>
    <trkpt lat="-34.127323" lon="151.131685"><ele>26.6</ele></trkpt>
    <trkpt lat="-34.127397" lon="151.131644"><ele>26.4</ele></trkpt>
    <trkpt lat="-34.127509" lon="151.131582"><ele>26.6</ele></trkpt>
    <trkpt lat="-34.127639" lon="151.131583"><ele>27.0</ele></trkpt>
    <trkpt lat="-34.127724" lon="151.131480"><ele>27.7</ele></trkpt>
    <trkpt lat="-34.127944" lon="151.131334"><ele>29.4</ele></trkpt>
    <trkpt lat="-34.128129" lon="151.131220"><ele>28.4</ele></trkpt>
    <trkpt lat="-34.128230" lon="151.131041"><ele>27.6</ele></trkpt>
    <trkpt lat="-34.128287" lon="151.130977"><ele>27.3</ele></trkpt>
    <trkpt lat="-34.128349" lon="151.130987"><ele>27.0</ele></trkpt>
    <trkpt lat="-34.128472" lon="151.131034"><ele>26.1</ele></trkpt>
    <trkpt lat="-34.128602" lon="151.131036"><ele>25.3</ele></trkpt>
    <trkpt lat="-34.128748" lon="151.131010"><ele>24.0</ele></trkpt>
    <trkpt lat="-34.128827" lon="151.130854"><ele>22.5</ele></trkpt>
    <trkpt lat="-34.129019" lon="151.130526"><ele>18.9</ele></trkpt>
    <trkpt lat="-34.129067" lon="151.130340"><ele>18.5</ele></trkpt>
    <trkpt lat="-34.129168" lon="151.130177"><ele>18.5</ele></trkpt>
    <trkpt lat="-34.129234" lon="151.130041"><ele>18.3</ele></trkpt>
    <trkpt lat="-34.129273" lon="151.129935"><ele>18.1</ele></trkpt>
    <trkpt lat="-34.129378" lon="151.129752"><ele>17.4</ele></trkpt>
    <trkpt lat="-34.129483" lon="151.129648"><ele>16.6</ele></trkpt>
    <trkpt lat="-34.129566" lon="151.129503"><ele>15.9</ele></trkpt>
    <trkpt lat="-34.129714" lon="151.129383"><ele>15.5</ele></trkpt>
    <trkpt lat="-34.129990" lon="151.129188"><ele>15.7</ele></trkpt>
    <trkpt lat="-34.130055" lon="151.129129"><ele>16.3</ele></trkpt>
    <trkpt lat="-34.130256" lon="151.128947"><ele>19.0</ele></trkpt>
    <trkpt lat="-34.130330" lon="151.128876"><ele>20.8</ele></trkpt>
    <trkpt lat="-34.130438" lon="151.128772"><ele>23.6</ele></trkpt>
    <trkpt lat="-34.130678" lon="151.128541"><ele>31.7</ele></trkpt>
    <trkpt lat="-34.130785" lon="151.128423"><ele>36.3</ele></trkpt>
    <trkpt lat="-34.130887" lon="151.128313"><ele>40.9</ele></trkpt>
    <trkpt lat="-34.130965" lon="151.128308"><ele>43.7</ele></trkpt>
    <trkpt lat="-34.131078" lon="151.128241"><ele>48.1</ele></trkpt>
    <trkpt lat="-34.131216" lon="151.128042"><ele>55.4</ele></trkpt>
    <trkpt lat="-34.131218" lon="151.127948"><ele>57.7</ele></trkpt>
    <trkpt lat="-34.131282" lon="151.127777"><ele>61.7</ele></trkpt>
    <trkpt lat="-34.131398" lon="151.127632"><ele>65.8</ele></trkpt>
    <trkpt lat="-34.131577" lon="151.127345"><ele>71.6</ele></trkpt>
    <trkpt lat="-34.131697" lon="151.127224"><ele>73.8</ele></trkpt>
    <trkpt lat="-34.131799" lon="151.127080"><ele>74.7</ele></trkpt>
    <trkpt lat="-34.131787" lon="151.126961"><ele>75.3</ele></trkpt>
    <trkpt lat="-34.131674" lon="151.126813"><ele>75.6</ele></trkpt>
    <trkpt lat="-34.131668" lon="151.126647"><ele>75.8</ele></trkpt>
    <trkpt lat="-34.131548" lon="151.126376"><ele>76.1</ele></trkpt>
    <trkpt lat="-34.131515" lon="151.126064"><ele>76.6</ele></trkpt>
    <trkpt lat="-34.131273" lon="151.125350"><ele>77.5</ele></trkpt>
    <trkpt lat="-34.131180" lon="151.125168"><ele>77.8</ele></trkpt>
    <trkpt lat="-34.131105" lon="151.124842"><ele>78.2</ele></trkpt>
    <trkpt lat="-34.131037" lon="151.124654"><ele>78.4</ele></trkpt>
    <trkpt lat="-34.130963" lon="151.124389"><ele>78.7</ele></trkpt>
    <trkpt lat="-34.130863" lon="151.124183"><ele>78.9</ele></trkpt>
    <trkpt lat="-34.130798" lon="151.123911"><ele>79.3</ele></trkpt>
    <trkpt lat="-34.130684" lon="151.123644"><ele>79.6</ele></trkpt>
    <trkpt lat="-34.130662" lon="151.123473"><ele>79.8</ele></trkpt>
    <trkpt lat="-34.130632" lon="151.123235"><ele>80.1</ele></trkpt>
    <trkpt lat="-34.130565" lon="151.123077"><ele>80.3</ele></trkpt>
    <trkpt lat="-34.130443" lon="151.122780"><ele>80.8</ele></trkpt>
    <trkpt lat="-34.130358" lon="151.122596"><ele>81.0</ele></trkpt>
    <trkpt lat="-34.130346" lon="151.122459"><ele>81.2</ele></trkpt>
    <trkpt lat="-34.130319" lon="151.122147"><ele>81.4</ele></trkpt>
    <trkpt lat="-34.130225" lon="151.121785"><ele>81.3</ele></trkpt>
    <trkpt lat="-34.130204" lon="151.121616"><ele>81.1</ele></trkpt>
    <trkpt lat="-34.130256" lon="151.121476"><ele>80.9</ele></trkpt>
    <trkpt lat="-34.130356" lon="151.121375"><ele>80.5</ele></trkpt>
    <trkpt lat="-34.130432" lon="151.121225"><ele>80.1</ele></trkpt>
    <trkpt lat="-34.130586" lon="151.121020"><ele>79.3</ele></trkpt>
    <trkpt lat="-34.130663" lon="151.120881"><ele>78.7</ele></trkpt>
    <trkpt lat="-34.130766" lon="151.120753"><ele>78.1</ele></trkpt>
    <trkpt lat="-34.130839" lon="151.120607"><ele>77.5</ele></trkpt>
    <trkpt lat="-34.130954" lon="151.120480"><ele>76.8</ele></trkpt>
    <trkpt lat="-34.131073" lon="151.120411"><ele>76.2</ele></trkpt>
    <trkpt lat="-34.131137" lon="151.120310"><ele>75.7</ele></trkpt>
    <trkpt lat="-34.131243" lon="151.120176"><ele>74.9</ele></trkpt>
    <trkpt lat="-34.131338" lon="151.120147"><ele>74.5</ele></trkpt>
    <trkpt lat="-34.131451" lon="151.119978"><ele>73.5</ele></trkpt>
    <trkpt lat="-34.131629" lon="151.119799"><ele>72.2</ele></trkpt>
    <trkpt lat="-34.131697" lon="151.119633"><ele>71.2</ele></trkpt>
    <trkpt lat="-34.131768" lon="151.119518"><ele>70.5</ele></trkpt>
    <trkpt lat="-34.131947" lon="151.119442"><ele>69.4</ele></trkpt>
    <trkpt lat="-34.132073" lon="151.119413"><ele>68.7</ele></trkpt>
    <trkpt lat="-34.132184" lon="151.119333"><ele>67.9</ele></trkpt>
    <trkpt lat="-34.132237" lon="151.119204"><ele>67.1</ele></trkpt>
    <trkpt lat="-34.132243" lon="151.119064"><ele>66.3</ele></trkpt>
    <trkpt lat="-34.132327" lon="151.118937"><ele>65.4</ele></trkpt>
    <trkpt lat="-34.132454" lon="151.118878"><ele>64.5</ele></trkpt>
    <trkpt lat="-34.132542" lon="151.118714"><ele>63.4</ele></trkpt>
    <trkpt lat="-34.132569" lon="151.118487"><ele>61.9</ele></trkpt>
    <trkpt lat="-34.132551" lon="151.118317"><ele>60.6</ele></trkpt>
    <trkpt lat="-34.132576" lon="151.118019"><ele>58.1</ele></trkpt>
    <trkpt lat="-34.132549" lon="151.117898"><ele>56.9</ele></trkpt>
    <trkpt lat="-34.132543" lon="151.117649"><ele>54.6</ele></trkpt>
    <trkpt lat="-34.132441" lon="151.117549"><ele>53.0</ele></trkpt>
    <trkpt lat="-34.132435" lon="151.117469"><ele>52.2</ele></trkpt>
    <trkpt lat="-34.132485" lon="151.117412"><ele>51.4</ele></trkpt>
    <trkpt lat="-34.132498" lon="151.117308"><ele>50.3</ele></trkpt>
    <trkpt lat="-34.132465" lon="151.117212"><ele>49.2</ele></trkpt>
    <trkpt lat="-34.132447" lon="151.117102"><ele>48.0</ele></trkpt>
    <trkpt lat="-34.132392" lon="151.117039"><ele>47.1</ele></trkpt>
    <trkpt lat="-34.132322" lon="151.116998"><ele>46.1</ele></trkpt>
    <trkpt lat="-34.132286" lon="151.116965"><ele>45.5</ele></trkpt>
    <trkpt lat="-34.132291" lon="151.116903"><ele>44.9</ele></trkpt>
    <trkpt lat="-34.132407" lon="151.116744"><ele>42.8</ele></trkpt>
    <trkpt lat="-34.132522" lon="151.116535"><ele>40.5</ele></trkpt>
    <trkpt lat="-34.132548" lon="151.116421"><ele>39.5</ele></trkpt>
    <trkpt lat="-34.132468" lon="151.116281"><ele>38.1</ele></trkpt>
    <trkpt lat="-34.132413" lon="151.116026"><ele>36.2</ele></trkpt>
    <trkpt lat="-34.132442" lon="151.115842"><ele>35.1</ele></trkpt>
    <trkpt lat="-34.132459" lon="151.115715"><ele>34.3</ele></trkpt>
    <trkpt lat="-34.132420" lon="151.115613"><ele>33.8</ele></trkpt>
    <trkpt lat="-34.132287" lon="151.115496"><ele>33.1</ele></trkpt>
    <trkpt lat="-34.132221" lon="151.115335"><ele>32.6</ele></trkpt>
    <trkpt lat="-34.132223" lon="151.115252"><ele>32.4</ele></trkpt>
    <trkpt lat="-34.132206" lon="151.115015"><ele>31.9</ele></trkpt>
    <trkpt lat="-34.132239" lon="151.114972"><ele>31.7</ele></trkpt>
    <trkpt lat="-34.132326" lon="151.114862"><ele>31.4</ele></trkpt>
    <trkpt lat="-34.132460" lon="151.114733"><ele>30.9</ele></trkpt>
    <trkpt lat="-34.132823" lon="151.114510"><ele>30.1</ele></trkpt>
    <trkpt lat="-34.133008" lon="151.114443"><ele>29.6</ele></trkpt>
    <trkpt lat="-34.133314" lon="151.114305"><ele>29.0</ele></trkpt>
    <trkpt lat="-34.133615" lon="151.114307"><ele>28.7</ele></trkpt>
    <trkpt lat="-34.133683" lon="151.114286"><ele>28.6</ele></trkpt>
    <trkpt lat="-34.133853" lon="151.114139"><ele>28.3</ele></trkpt>
    <trkpt lat="-34.134307" lon="151.114106"><ele>27.5</ele></trkpt>
    <trkpt lat="-34.134621" lon="151.114100"><ele>26.9</ele></trkpt>
    <trkpt lat="-34.134757" lon="151.114073"><ele>26.7</ele></trkpt>
    <trkpt lat="-34.134979" lon="151.114096"><ele>26.5</ele></trkpt>
    <trkpt lat="-34.135280" lon="151.114115"><ele>26.2</ele></trkpt>
    <trkpt lat="-34.135640" lon="151.114300"><ele>25.5</ele></trkpt>
    <trkpt lat="-34.135905" lon="151.114531"><ele>23.7</ele></trkpt>
    <trkpt lat="-34.136031" lon="151.114453"><ele>22.5</ele></trkpt>
    <trkpt lat="-34.136180" lon="151.114398"><ele>21.2</ele></trkpt>
    <trkpt lat="-34.136351" lon="151.114492"><ele>19.6</ele></trkpt>
    <trkpt lat="-34.136572" lon="151.114542"><ele>18.0</ele></trkpt>
    <trkpt lat="-34.136682" lon="151.114425"><ele>16.9</ele></trkpt>
    <trkpt lat="-34.136825" lon="151.114231"><ele>15.5</ele></trkpt>
    <trkpt lat="-34.136904" lon="151.114204"><ele>15.2</ele></trkpt>
    <trkpt lat="-34.137008" lon="151.114248"><ele>14.7</ele></trkpt>
    <trkpt lat="-34.137183" lon="151.114246"><ele>14.9</ele></trkpt>
    <trkpt lat="-34.137185" lon="151.114329"><ele>15.1</ele></trkpt>
    <trkpt lat="-34.137200" lon="151.114376"><ele>15.2</ele></trkpt>
    <trkpt lat="-34.137261" lon="151.114405"><ele>15.4</ele></trkpt>
    <trkpt lat="-34.137328" lon="151.114439"><ele>15.7</ele></trkpt>
    <trkpt lat="-34.137426" lon="151.114535"><ele>16.2</ele></trkpt>
    <trkpt lat="-34.137435" lon="151.114540"><ele>16.3</ele></trkpt>
    <trkpt lat="-34.137460" lon="151.114553"><ele>16.4</ele></trkpt>
    <trkpt lat="-34.137494" lon="151.114552"><ele>16.6</ele></trkpt>
    <trkpt lat="-34.137520" lon="151.114533"><ele>16.8</ele></trkpt>
    <trkpt lat="-34.137600" lon="151.114485"><ele>17.3</ele></trkpt>
    <trkpt lat="-34.137652" lon="151.114473"><ele>17.7</ele></trkpt>
    <trkpt lat="-34.137707" lon="151.114481"><ele>18.0</ele></trkpt>
    <trkpt lat="-34.137763" lon="151.114511"><ele>18.5</ele></trkpt>
    <trkpt lat="-34.137778" lon="151.114520"><ele>18.6</ele></trkpt>
    <trkpt lat="-34.137835" lon="151.114576"><ele>19.2</ele></trkpt>
    <trkpt lat="-34.137934" lon="151.114492"><ele>20.1</ele></trkpt>
    <trkpt lat="-34.138027" lon="151.114475"><ele>20.9</ele></trkpt>
    <trkpt lat="-34.138103" lon="151.114545"><ele>21.7</ele></trkpt>
    <trkpt lat="-34.138207" lon="151.114721"><ele>23.1</ele></trkpt>
    <trkpt lat="-34.138240" lon="151.114776"><ele>23.5</ele></trkpt>
    <trkpt lat="-34.138292" lon="151.114863"><ele>24.2</ele></trkpt>
    <trkpt lat="-34.138331" lon="151.114931"><ele>24.9</ele></trkpt>
    <trkpt lat="-34.138373" lon="151.115003"><ele>25.5</ele></trkpt>
    <trkpt lat="-34.138446" lon="151.115121"><ele>26.7</ele></trkpt>
    <trkpt lat="-34.138530" lon="151.115118"><ele>27.3</ele></trkpt>
    <trkpt lat="-34.138688" lon="151.115088"><ele>28.6</ele></trkpt>
    <trkpt lat="-34.138780" lon="151.115028"><ele>29.4</ele></trkpt>
    <trkpt lat="-34.138863" lon="151.114950"><ele>30.0</ele></trkpt>
    <trkpt lat="-34.138909" lon="151.114946"><ele>30.3</ele></trkpt>
    <trkpt lat="-34.139026" lon="151.114871"><ele>31.3</ele></trkpt>
    <trkpt lat="-34.139124" lon="151.114608"><ele>33.2</ele></trkpt>
    <trkpt lat="-34.139203" lon="151.114119"><ele>35.9</ele></trkpt>
    <trkpt lat="-34.139300" lon="151.114152"><ele>36.5</ele></trkpt>
    <trkpt lat="-34.139424" lon="151.114223"><ele>37.5</ele></trkpt>
    <trkpt lat="-34.139559" lon="151.114341"><ele>38.8</ele></trkpt>
    <trkpt lat="-34.139685" lon="151.114501"><ele>40.1</ele></trkpt>
    <trkpt lat="-34.139796" lon="151.114805"><ele>41.9</ele></trkpt>
    <trkpt lat="-34.139859" lon="151.114979"><ele>42.9</ele></trkpt>
    <trkpt lat="-34.139818" lon="151.115235"><ele>44.3</ele></trkpt>
    <trkpt lat="-34.139862" lon="151.115453"><ele>45.5</ele></trkpt>
    <trkpt lat="-34.139893" lon="151.115710"><ele>46.6</ele></trkpt>
    <trkpt lat="-34.139908" lon="151.115979"><ele>47.9</ele></trkpt>
    <trkpt lat="-34.139986" lon="151.116355"><ele>50.1</ele></trkpt>
    <trkpt lat="-34.140155" lon="151.116459"><ele>51.2</ele></trkpt>
    <trkpt lat="-34.140412" lon="151.116542"><ele>52.1</ele></trkpt>
    <trkpt lat="-34.140645" lon="151.116684"><ele>52.5</ele></trkpt>
    <trkpt lat="-34.140766" lon="151.116774"><ele>52.7</ele></trkpt>
    <trkpt lat="-34.140918" lon="151.116729"><ele>52.5</ele></trkpt>
    <trkpt lat="-34.141057" lon="151.116829"><ele>52.2</ele></trkpt>
    <trkpt lat="-34.141180" lon="151.116884"><ele>51.8</ele></trkpt>
    <trkpt lat="-34.141361" lon="151.116872"><ele>51.0</ele></trkpt>
    <trkpt lat="-34.141533" lon="151.116935"><ele>50.0</ele></trkpt>
    <trkpt lat="-34.141721" lon="151.116801"><ele>48.1</ele></trkpt>
    <trkpt lat="-34.141915" lon="151.116772"><ele>46.1</ele></trkpt>
    <trkpt lat="-34.141998" lon="151.116832"><ele>44.9</ele></trkpt>
    <trkpt lat="-34.142055" lon="151.117008"><ele>42.9</ele></trkpt>
    <trkpt lat="-34.142130" lon="151.117086"><ele>41.6</ele></trkpt>
    <trkpt lat="-34.142261" lon="151.117046"><ele>39.4</ele></trkpt>
    <trkpt lat="-34.142312" lon="151.117052"><ele>38.5</ele></trkpt>
    <trkpt lat="-34.142449" lon="151.117086"><ele>36.1</ele></trkpt>
    <trkpt lat="-34.142612" lon="151.116972"><ele>34.6</ele></trkpt>
    <trkpt lat="-34.142782" lon="151.116959"><ele>33.6</ele></trkpt>
    <trkpt lat="-34.142868" lon="151.116908"><ele>33.2</ele></trkpt>
    <trkpt lat="-34.142932" lon="151.116816"><ele>32.9</ele></trkpt>
    <trkpt lat="-34.142888" lon="151.116686"><ele>32.6</ele></trkpt>
    <trkpt lat="-34.142866" lon="151.116557"><ele>32.2</ele></trkpt>
    <trkpt lat="-34.142958" lon="151.116383"><ele>31.3</ele></trkpt>
    <trkpt lat="-34.143025" lon="151.116278"><ele>30.6</ele></trkpt>
    <trkpt lat="-34.143082" lon="151.116212"><ele>30.2</ele></trkpt>
    <trkpt lat="-34.143174" lon="151.116164"><ele>29.6</ele></trkpt>
    <trkpt lat="-34.143292" lon="151.116073"><ele>28.8</ele></trkpt>
    <trkpt lat="-34.143348" lon="151.116019"><ele>28.2</ele></trkpt>
    <trkpt lat="-34.143552" lon="151.116019"><ele>26.4</ele></trkpt>
    <trkpt lat="-34.143727" lon="151.115974"><ele>25.1</ele></trkpt>
    <trkpt lat="-34.143805" lon="151.115907"><ele>24.5</ele></trkpt>
    <trkpt lat="-34.143862" lon="151.115707"><ele>23.7</ele></trkpt>
    <trkpt lat="-34.143852" lon="151.115575"><ele>23.5</ele></trkpt>
    <trkpt lat="-34.143798" lon="151.115432"><ele>23.8</ele></trkpt>
    <trkpt lat="-34.143756" lon="151.115244"><ele>24.3</ele></trkpt>
    <trkpt lat="-34.143726" lon="151.115094"><ele>24.9</ele></trkpt>
    <trkpt lat="-34.143681" lon="151.114866"><ele>25.4</ele></trkpt>
    <trkpt lat="-34.143609" lon="151.114701"><ele>25.6</ele></trkpt>
    <trkpt lat="-34.143585" lon="151.114634"><ele>25.5</ele></trkpt>
    <trkpt lat="-34.143476" lon="151.114347"><ele>25.3</ele></trkpt>
    <trkpt lat="-34.143307" lon="151.114201"><ele>25.2</ele></trkpt>
    <trkpt lat="-34.143217" lon="151.114023"><ele>24.8</ele></trkpt>
    <trkpt lat="-34.143227" lon="151.113846"><ele>24.4</ele></trkpt>
    <trkpt lat="-34.143272" lon="151.113640"><ele>24.0</ele></trkpt>
    <trkpt lat="-34.143289" lon="151.113466"><ele>23.4</ele></trkpt>
    <trkpt lat="-34.143404" lon="151.113399"><ele>22.7</ele></trkpt>
    <trkpt lat="-34.143430" lon="151.113347"><ele>22.5</ele></trkpt>
    <trkpt lat="-34.143396" lon="151.113225"><ele>22.1</ele></trkpt>
    <trkpt lat="-34.143341" lon="151.113095"><ele>21.7</ele></trkpt>
    <trkpt lat="-34.143365" lon="151.112840"><ele>20.9</ele></trkpt>
    <trkpt lat="-34.143394" lon="151.112758"><ele>20.7</ele></trkpt>
    <trkpt lat="-34.143367" lon="151.112632"><ele>20.5</ele></trkpt>
    <trkpt lat="-34.143388" lon="151.112524"><ele>20.3</ele></trkpt>
    <trkpt lat="-34.143437" lon="151.112448"><ele>20.2</ele></trkpt>
    <trkpt lat="-34.143505" lon="151.112385"><ele>20.0</ele></trkpt>
    <trkpt lat="-34.143607" lon="151.112293"><ele>19.6</ele></trkpt>
    <trkpt lat="-34.143712" lon="151.112157"><ele>19.5</ele></trkpt>
    <trkpt lat="-34.143801" lon="151.112081"><ele>19.6</ele></trkpt>
    <trkpt lat="-34.143829" lon="151.112012"><ele>19.6</ele></trkpt>
    <trkpt lat="-34.143900" lon="151.111977"><ele>19.5</ele></trkpt>
    <trkpt lat="-34.143940" lon="151.111845"><ele>19.3</ele></trkpt>
    <trkpt lat="-34.143988" lon="151.111815"><ele>19.2</ele></trkpt>
    <trkpt lat="-34.144072" lon="151.111749"><ele>18.9</ele></trkpt>
    <trkpt lat="-34.144155" lon="151.111676"><ele>18.7</ele></trkpt>
    <trkpt lat="-34.144115" lon="151.111566"><ele>18.4</ele></trkpt>
    <trkpt lat="-34.144175" lon="151.111460"><ele>18.3</ele></trkpt>
    <trkpt lat="-34.144348" lon="151.111401"><ele>18.0</ele></trkpt>
    <trkpt lat="-34.144444" lon="151.111279"><ele>17.7</ele></trkpt>
    <trkpt lat="-34.144521" lon="151.111136"><ele>17.3</ele></trkpt>
    <trkpt lat="-34.144520" lon="151.110970"><ele>16.9</ele></trkpt>
    <trkpt lat="-34.144535" lon="151.110849"><ele>16.6</ele></trkpt>
    <trkpt lat="-34.144663" lon="151.110793"><ele>16.4</ele></trkpt>
    <trkpt lat="-34.144774" lon="151.110706"><ele>16.3</ele></trkpt>
    <trkpt lat="-34.144908" lon="151.110596"><ele>15.8</ele></trkpt>
    <trkpt lat="-34.144924" lon="151.110467"><ele>15.5</ele></trkpt>
    <trkpt lat="-34.144971" lon="151.110337"><ele>14.8</ele></trkpt>
    <trkpt lat="-34.144978" lon="151.110208"><ele>14.0</ele></trkpt>
    <trkpt lat="-34.145043" lon="151.109948"><ele>12.5</ele></trkpt>
    <trkpt lat="-34.145085" lon="151.109756"><ele>11.4</ele></trkpt>
    <trkpt lat="-34.145189" lon="151.109502"><ele>10.0</ele></trkpt>
    <trkpt lat="-34.145372" lon="151.109307"><ele>9.3</ele></trkpt>
    <trkpt lat="-34.145436" lon="151.109288"><ele>9.2</ele></trkpt>
    <trkpt lat="-34.145494" lon="151.109270"><ele>9.2</ele></trkpt>
    <trkpt lat="-34.145629" lon="151.109168"><ele>9.3</ele></trkpt>
    <trkpt lat="-34.145703" lon="151.109080"><ele>9.9</ele></trkpt>
    <trkpt lat="-34.145770" lon="151.109111"><ele>10.3</ele></trkpt>
    <trkpt lat="-34.145879" lon="151.109079"><ele>11.0</ele></trkpt>
    <trkpt lat="-34.146017" lon="151.108989"><ele>12.6</ele></trkpt>
    <trkpt lat="-34.146159" lon="151.108938"><ele>14.1</ele></trkpt>
    <trkpt lat="-34.146308" lon="151.109043"><ele>15.9</ele></trkpt>
    <trkpt lat="-34.146528" lon="151.109097"><ele>18.2</ele></trkpt>
    <trkpt lat="-34.146693" lon="151.109072"><ele>20.0</ele></trkpt>
    <trkpt lat="-34.146781" lon="151.108981"><ele>21.3</ele></trkpt>
    <trkpt lat="-34.146937" lon="151.108910"><ele>23.1</ele></trkpt>
    <trkpt lat="-34.147019" lon="151.108946"><ele>24.1</ele></trkpt>
    <trkpt lat="-34.147157" lon="151.108838"><ele>26.0</ele></trkpt>
    <trkpt lat="-34.147325" lon="151.108817"><ele>27.9</ele></trkpt>
    <trkpt lat="-34.147384" lon="151.108855"><ele>28.5</ele></trkpt>
    <trkpt lat="-34.147381" lon="151.108954"><ele>29.2</ele></trkpt>
    <trkpt lat="-34.147434" lon="151.108969"><ele>29.6</ele></trkpt>
    <trkpt lat="-34.147482" lon="151.109064"><ele>30.3</ele></trkpt>
    <trkpt lat="-34.147580" lon="151.109073"><ele>30.4</ele></trkpt>
    <trkpt lat="-34.147646" lon="151.109210"><ele>30.6</ele></trkpt>
    <trkpt lat="-34.147744" lon="151.109333"><ele>30.4</ele></trkpt>
    <trkpt lat="-34.147863" lon="151.109461"><ele>30.1</ele></trkpt>
    <trkpt lat="-34.148020" lon="151.109478"><ele>28.8</ele></trkpt>
    <trkpt lat="-34.148155" lon="151.109405"><ele>27.5</ele></trkpt>
    <trkpt lat="-34.148284" lon="151.109330"><ele>25.9</ele></trkpt>
    <trkpt lat="-34.148441" lon="151.109111"><ele>24.6</ele></trkpt>
    <trkpt lat="-34.148503" lon="151.109069"><ele>24.4</ele></trkpt>
    <trkpt lat="-34.148543" lon="151.109001"><ele>24.4</ele></trkpt>
    <trkpt lat="-34.148589" lon="151.108987"><ele>24.6</ele></trkpt>
    <trkpt lat="-34.148650" lon="151.108944"><ele>24.9</ele></trkpt>
    <trkpt lat="-34.148657" lon="151.108894"><ele>25.1</ele></trkpt>
    <trkpt lat="-34.148660" lon="151.108521"><ele>27.6</ele></trkpt>
    <trkpt lat="-34.148716" lon="151.108469"><ele>28.4</ele></trkpt>
    <trkpt lat="-34.148777" lon="151.108325"><ele>30.4</ele></trkpt>
    <trkpt lat="-34.148825" lon="151.108175"><ele>32.3</ele></trkpt>
    <trkpt lat="-34.148824" lon="151.107927"><ele>34.5</ele></trkpt>
    <trkpt lat="-34.148808" lon="151.107761"><ele>34.7</ele></trkpt>
    <trkpt lat="-34.148828" lon="151.107581"><ele>34.3</ele></trkpt>
    <trkpt lat="-34.148948" lon="151.107506"><ele>33.5</ele></trkpt>
    <trkpt lat="-34.149040" lon="151.107442"><ele>32.7</ele></trkpt>
    <trkpt lat="-34.149128" lon="151.107469"><ele>31.9</ele></trkpt>
    <trkpt lat="-34.149222" lon="151.107452"><ele>30.7</ele></trkpt>
    <trkpt lat="-34.149297" lon="151.107402"><ele>29.7</ele></trkpt>
    <trkpt lat="-34.149426" lon="151.107321"><ele>28.5</ele></trkpt>
    <trkpt lat="-34.149507" lon="151.107176"><ele>27.6</ele></trkpt>
    <trkpt lat="-34.149594" lon="151.107095"><ele>27.7</ele></trkpt>
    <trkpt lat="-34.149719" lon="151.106981"><ele>28.4</ele></trkpt>
    <trkpt lat="-34.149794" lon="151.106796"><ele>29.5</ele></trkpt>
    <trkpt lat="-34.149869" lon="151.106534"><ele>31.6</ele></trkpt>
    <trkpt lat="-34.149948" lon="151.106428"><ele>33.0</ele></trkpt>
    <trkpt lat="-34.150074" lon="151.106367"><ele>35.1</ele></trkpt>
    <trkpt lat="-34.150212" lon="151.106207"><ele>38.5</ele></trkpt>
    <trkpt lat="-34.150315" lon="151.106015"><ele>41.9</ele></trkpt>
    <trkpt lat="-34.150512" lon="151.105764"><ele>47.2</ele></trkpt>
    <trkpt lat="-34.150610" lon="151.105596"><ele>50.1</ele></trkpt>
    <trkpt lat="-34.150637" lon="151.105431"><ele>52.4</ele></trkpt>
    <trkpt lat="-34.150679" lon="151.105232"><ele>53.7</ele></trkpt>
    <trkpt lat="-34.150772" lon="151.105078"><ele>54.5</ele></trkpt>
    <trkpt lat="-34.150914" lon="151.104943"><ele>55.1</ele></trkpt>
    <trkpt lat="-34.151096" lon="151.104896"><ele>54.6</ele></trkpt>
    <trkpt lat="-34.151187" lon="151.104762"><ele>53.9</ele></trkpt>
    <trkpt lat="-34.151252" lon="151.104664"><ele>53.0</ele></trkpt>
    <trkpt lat="-34.151292" lon="151.104536"><ele>52.1</ele></trkpt>
    <trkpt lat="-34.151396" lon="151.104288"><ele>50.3</ele></trkpt>
    <trkpt lat="-34.151509" lon="151.104122"><ele>49.3</ele></trkpt>
    <trkpt lat="-34.151549" lon="151.104037"><ele>49.1</ele></trkpt>
    <trkpt lat="-34.151544" lon="151.103912"><ele>48.8</ele></trkpt>
    <trkpt lat="-34.151590" lon="151.103825"><ele>48.9</ele></trkpt>
    <trkpt lat="-34.151641" lon="151.103745"><ele>48.9</ele></trkpt>
    <trkpt lat="-34.151721" lon="151.103589"><ele>48.8</ele></trkpt>
    <trkpt lat="-34.151837" lon="151.103360"><ele>48.3</ele></trkpt>
    <trkpt lat="-34.151938" lon="151.103069"><ele>48.7</ele></trkpt>
    <trkpt lat="-34.152045" lon="151.102877"><ele>50.4</ele></trkpt>
    <trkpt lat="-34.152093" lon="151.102710"><ele>51.5</ele></trkpt>
    <trkpt lat="-34.152091" lon="151.102524"><ele>52.4</ele></trkpt>
    <trkpt lat="-34.152108" lon="151.102402"><ele>52.3</ele></trkpt>
    <trkpt lat="-34.152140" lon="151.102265"><ele>51.3</ele></trkpt>
    <trkpt lat="-34.152303" lon="151.102150"><ele>49.0</ele></trkpt>
    <trkpt lat="-34.152393" lon="151.102040"><ele>47.1</ele></trkpt>
    <trkpt lat="-34.152566" lon="151.101920"><ele>43.9</ele></trkpt>
    <trkpt lat="-34.152746" lon="151.101824"><ele>40.4</ele></trkpt>
    <trkpt lat="-34.152937" lon="151.101635"><ele>35.4</ele></trkpt>
    <trkpt lat="-34.152941" lon="151.101298"><ele>31.9</ele></trkpt>
    <trkpt lat="-34.153104" lon="151.101234"><ele>31.6</ele></trkpt>
    <trkpt lat="-34.153195" lon="151.101111"><ele>33.1</ele></trkpt>
    <trkpt lat="-34.153200" lon="151.100937"><ele>35.4</ele></trkpt>
    <trkpt lat="-34.153180" lon="151.100685"><ele>37.9</ele></trkpt>
    <trkpt lat="-34.153092" lon="151.100559"><ele>39.5</ele></trkpt>
    <trkpt lat="-34.152959" lon="151.100559"><ele>41.3</ele></trkpt>
    <trkpt lat="-34.152842" lon="151.100502"><ele>42.9</ele></trkpt>
    <trkpt lat="-34.152775" lon="151.100123"><ele>46.2</ele></trkpt>
    <trkpt lat="-34.152759" lon="151.100073"><ele>46.5</ele></trkpt>
    <trkpt lat="-34.152656" lon="151.099765"><ele>46.9</ele></trkpt>
    <trkpt lat="-34.152547" lon="151.099579"><ele>46.1</ele></trkpt>
    <trkpt lat="-34.152537" lon="151.099420"><ele>45.3</ele></trkpt>
    <trkpt lat="-34.152542" lon="151.099270"><ele>44.6</ele></trkpt>
    <trkpt lat="-34.152515" lon="151.099038"><ele>43.8</ele></trkpt>
    <trkpt lat="-34.152405" lon="151.098911"><ele>43.4</ele></trkpt>
    <trkpt lat="-34.152338" lon="151.098859"><ele>43.2</ele></trkpt>
    <trkpt lat="-34.152291" lon="151.098754"><ele>43.1</ele></trkpt>
    <trkpt lat="-34.152277" lon="151.098724"><ele>43.1</ele></trkpt>
    <trkpt lat="-34.152261" lon="151.098696"><ele>43.0</ele></trkpt>
    <trkpt lat="-34.152224" lon="151.098636"><ele>43.0</ele></trkpt>
    <trkpt lat="-34.152180" lon="151.098563"><ele>43.0</ele></trkpt>
    <trkpt lat="-34.152191" lon="151.098521"><ele>42.9</ele></trkpt>
    <trkpt lat="-34.152254" lon="151.098274"><ele>43.0</ele></trkpt>
    <trkpt lat="-34.152364" lon="151.098214"><ele>43.0</ele></trkpt>
    <trkpt lat="-34.152455" lon="151.098098"><ele>42.9</ele></trkpt>
    <trkpt lat="-34.152751" lon="151.098093"><ele>41.1</ele></trkpt>
    <trkpt lat="-34.152884" lon="151.097990"><ele>38.5</ele></trkpt>
    <trkpt lat="-34.153040" lon="151.098042"><ele>35.3</ele></trkpt>
    <trkpt lat="-34.153165" lon="151.098042"><ele>33.1</ele></trkpt>
    <trkpt lat="-34.153244" lon="151.098111"><ele>31.4</ele></trkpt>
    <trkpt lat="-34.153440" lon="151.098117"><ele>28.7</ele></trkpt>
    <trkpt lat="-34.153601" lon="151.098059"><ele>26.7</ele></trkpt>
    <trkpt lat="-34.153664" lon="151.097956"><ele>25.4</ele></trkpt>
    <trkpt lat="-34.153741" lon="151.097807"><ele>23.8</ele></trkpt>
    <trkpt lat="-34.153868" lon="151.097572"><ele>23.7</ele></trkpt>
    <trkpt lat="-34.154058" lon="151.097431"><ele>26.4</ele></trkpt>
    <trkpt lat="-34.154216" lon="151.097257"><ele>28.9</ele></trkpt>
    <trkpt lat="-34.154294" lon="151.097005"><ele>30.6</ele></trkpt>
    <trkpt lat="-34.154336" lon="151.096937"><ele>30.9</ele></trkpt>
    <trkpt lat="-34.154410" lon="151.096860"><ele>31.2</ele></trkpt>
    <trkpt lat="-34.154561" lon="151.096749"><ele>32.7</ele></trkpt>
    <trkpt lat="-34.154594" lon="151.096664"><ele>33.3</ele></trkpt>
    <trkpt lat="-34.154643" lon="151.096585"><ele>34.0</ele></trkpt>
    <trkpt lat="-34.154712" lon="151.096543"><ele>34.6</ele></trkpt>
    <trkpt lat="-34.154785" lon="151.096538"><ele>35.1</ele></trkpt>
    <trkpt lat="-34.154825" lon="151.096526"><ele>35.4</ele></trkpt>
    <trkpt lat="-34.154847" lon="151.096513"><ele>35.6</ele></trkpt>
    <trkpt lat="-34.154899" lon="151.096480"><ele>36.0</ele></trkpt>
    <trkpt lat="-34.154922" lon="151.096459"><ele>36.2</ele></trkpt>
    <trkpt lat="-34.154955" lon="151.096403"><ele>36.6</ele></trkpt>
    <trkpt lat="-34.154981" lon="151.096330"><ele>37.1</ele></trkpt>
    <trkpt lat="-34.155022" lon="151.096202"><ele>37.8</ele></trkpt>
    <trkpt lat="-34.155113" lon="151.095957"><ele>39.3</ele></trkpt>
    <trkpt lat="-34.155159" lon="151.095923"><ele>39.4</ele></trkpt>
    <trkpt lat="-34.155262" lon="151.095823"><ele>39.8</ele></trkpt>
    <trkpt lat="-34.155434" lon="151.095767"><ele>39.5</ele></trkpt>
    <trkpt lat="-34.155622" lon="151.095916"><ele>38.2</ele></trkpt>
    <trkpt lat="-34.155775" lon="151.096020"><ele>36.3</ele></trkpt>
    <trkpt lat="-34.155989" lon="151.096058"><ele>33.6</ele></trkpt>
    <trkpt lat="-34.156288" lon="151.096038"><ele>30.1</ele></trkpt>
    <trkpt lat="-34.156470" lon="151.096022"><ele>29.2</ele></trkpt>
    <trkpt lat="-34.156557" lon="151.095942"><ele>28.9</ele></trkpt>
    <trkpt lat="-34.156766" lon="151.095782"><ele>29.4</ele></trkpt>
    <trkpt lat="-34.156917" lon="151.095627"><ele>29.8</ele></trkpt>
    <trkpt lat="-34.157130" lon="151.095414"><ele>30.3</ele></trkpt>
    <trkpt lat="-34.157318" lon="151.095240"><ele>29.5</ele></trkpt>
    <trkpt lat="-34.157467" lon="151.095121"><ele>28.2</ele></trkpt>
    <trkpt lat="-34.157492" lon="151.095032"><ele>27.7</ele></trkpt>
    <trkpt lat="-34.157580" lon="151.094862"><ele>26.8</ele></trkpt>
    <trkpt lat="-34.157689" lon="151.094743"><ele>26.3</ele></trkpt>
    <trkpt lat="-34.157750" lon="151.094731"><ele>26.1</ele></trkpt>
    <trkpt lat="-34.157801" lon="151.094731"><ele>25.9</ele></trkpt>
    <trkpt lat="-34.157857" lon="151.094685"><ele>26.3</ele></trkpt>
    <trkpt lat="-34.157874" lon="151.094659"><ele>26.4</ele></trkpt>
    <trkpt lat="-34.157901" lon="151.094620"><ele>26.7</ele></trkpt>
    <trkpt lat="-34.157921" lon="151.094488"><ele>27.3</ele></trkpt>
    <trkpt lat="-34.157948" lon="151.094324"><ele>29.4</ele></trkpt>
    <trkpt lat="-34.158078" lon="151.094116"><ele>33.5</ele></trkpt>
    <trkpt lat="-34.158101" lon="151.094010"><ele>35.9</ele></trkpt>
    <trkpt lat="-34.158149" lon="151.093760"><ele>41.1</ele></trkpt>
    <trkpt lat="-34.158149" lon="151.093507"><ele>45.7</ele></trkpt>
    <trkpt lat="-34.158223" lon="151.093290"><ele>49.5</ele></trkpt>
    <trkpt lat="-34.158223" lon="151.093064"><ele>52.1</ele></trkpt>
    <trkpt lat="-34.158289" lon="151.092828"><ele>53.4</ele></trkpt>
    <trkpt lat="-34.158324" lon="151.092672"><ele>53.0</ele></trkpt>
    <trkpt lat="-34.158605" lon="151.092365"><ele>51.4</ele></trkpt>
    <trkpt lat="-34.158890" lon="151.092072"><ele>50.1</ele></trkpt>
    <trkpt lat="-34.159053" lon="151.091753"><ele>50.5</ele></trkpt>
    <trkpt lat="-34.159199" lon="151.091575"><ele>52.6</ele></trkpt>
    <trkpt lat="-34.159316" lon="151.091445"><ele>54.8</ele></trkpt>
    <trkpt lat="-34.159359" lon="151.091380"><ele>56.1</ele></trkpt>
    <trkpt lat="-34.159433" lon="151.091242"><ele>58.7</ele></trkpt>
    <trkpt lat="-34.159523" lon="151.090992"><ele>63.7</ele></trkpt>
    <trkpt lat="-34.159653" lon="151.090726"><ele>69.9</ele></trkpt>
    <trkpt lat="-34.159651" lon="151.090570"><ele>72.9</ele></trkpt>
    <trkpt lat="-34.159688" lon="151.090357"><ele>76.6</ele></trkpt>
    <trkpt lat="-34.159753" lon="151.090111"><ele>80.3</ele></trkpt>
    <trkpt lat="-34.159818" lon="151.089851"><ele>83.6</ele></trkpt>
    <trkpt lat="-34.159788" lon="151.089670"><ele>85.6</ele></trkpt>
    <trkpt lat="-34.159837" lon="151.089359"><ele>88.0</ele></trkpt>
    <trkpt lat="-34.159932" lon="151.089109"><ele>90.0</ele></trkpt>
    <trkpt lat="-34.160012" lon="151.088793"><ele>92.5</ele></trkpt>
    <trkpt lat="-34.160144" lon="151.088636"><ele>94.2</ele></trkpt>
    <trkpt lat="-34.160281" lon="151.088327"><ele>96.6</ele></trkpt>
    <trkpt lat="-34.160284" lon="151.087982"><ele>98.6</ele></trkpt>
    <trkpt lat="-34.160361" lon="151.087817"><ele>99.5</ele></trkpt>
    <trkpt lat="-34.160565" lon="151.087792"><ele>100.7</ele></trkpt>
    <trkpt lat="-34.160697" lon="151.087722"><ele>101.5</ele></trkpt>
    <trkpt lat="-34.160787" lon="151.087510"><ele>102.5</ele></trkpt>
    <trkpt lat="-34.160958" lon="151.087379"><ele>103.5</ele></trkpt>
    <trkpt lat="-34.161030" lon="151.087164"><ele>104.3</ele></trkpt>
    <trkpt lat="-34.161027" lon="151.086895"><ele>105.2</ele></trkpt>
    <trkpt lat="-34.161014" lon="151.086565"><ele>106.1</ele></trkpt>
    <trkpt lat="-34.161086" lon="151.086360"><ele>106.6</ele></trkpt>
    <trkpt lat="-34.161251" lon="151.086255"><ele>106.9</ele></trkpt>
    <trkpt lat="-34.161481" lon="151.086049"><ele>107.6</ele></trkpt>
    <trkpt lat="-34.161850" lon="151.085689"><ele>109.2</ele></trkpt>
    <trkpt lat="-34.161966" lon="151.085531"><ele>109.4</ele></trkpt>
    <trkpt lat="-34.162062" lon="151.085368"><ele>109.5</ele></trkpt>
    <trkpt lat="-34.162215" lon="151.085306"><ele>109.1</ele></trkpt>
    <trkpt lat="-34.162257" lon="151.085212"><ele>108.9</ele></trkpt>
    <trkpt lat="-34.162402" lon="151.085143"><ele>108.3</ele></trkpt>
    <trkpt lat="-34.162518" lon="151.085065"><ele>107.7</ele></trkpt>
    <trkpt lat="-34.162638" lon="151.084912"><ele>106.9</ele></trkpt>
    <trkpt lat="-34.162985" lon="151.084374"><ele>105.0</ele></trkpt>
    <trkpt lat="-34.163268" lon="151.084091"><ele>106.3</ele></trkpt>
    <trkpt lat="-34.163346" lon="151.083859"><ele>107.8</ele></trkpt>
    <trkpt lat="-34.163246" lon="151.083728"><ele>108.7</ele></trkpt>
    <trkpt lat="-34.163148" lon="151.083562"><ele>109.7</ele></trkpt>
    <trkpt lat="-34.163132" lon="151.083406"><ele>110.4</ele></trkpt>
    <trkpt lat="-34.163193" lon="151.083218"><ele>111.3</ele></trkpt>
    <trkpt lat="-34.163172" lon="151.082955"><ele>112.0</ele></trkpt>
    <trkpt lat="-34.163316" lon="151.082761"><ele>112.2</ele></trkpt>
    <trkpt lat="-34.163341" lon="151.082574"><ele>112.1</ele></trkpt>
    <trkpt lat="-34.163465" lon="151.082360"><ele>111.8</ele></trkpt>
    <trkpt lat="-34.163630" lon="151.082262"><ele>111.4</ele></trkpt>
    <trkpt lat="-34.164025" lon="151.082109"><ele>110.4</ele></trkpt>
    <trkpt lat="-34.164358" lon="151.081987"><ele>108.4</ele></trkpt>
    <trkpt lat="-34.164569" lon="151.081812"><ele>105.9</ele></trkpt>
    <trkpt lat="-34.164768" lon="151.081747"><ele>104.5</ele></trkpt>
    <trkpt lat="-34.164999" lon="151.081671"><ele>104.2</ele></trkpt>
    <trkpt lat="-34.165040" lon="151.081551"><ele>103.8</ele></trkpt>
    <trkpt lat="-34.165153" lon="151.081458"><ele>103.1</ele></trkpt>
    <trkpt lat="-34.165155" lon="151.081220"><ele>100.7</ele></trkpt>
    <trkpt lat="-34.165200" lon="151.081032"><ele>98.9</ele></trkpt>
    <trkpt lat="-34.165275" lon="151.080974"><ele>98.0</ele></trkpt>
    <trkpt lat="-34.165472" lon="151.080811"><ele>94.3</ele></trkpt>
    <trkpt lat="-34.165529" lon="151.080704"><ele>92.4</ele></trkpt>
    <trkpt lat="-34.165587" lon="151.080453"><ele>86.5</ele></trkpt>
    <trkpt lat="-34.165661" lon="151.080311"><ele>83.0</ele></trkpt>
    <trkpt lat="-34.165888" lon="151.080113"><ele>77.6</ele></trkpt>
    <trkpt lat="-34.165923" lon="151.079870"><ele>75.9</ele></trkpt>
    <trkpt lat="-34.166012" lon="151.079612"><ele>76.1</ele></trkpt>
    <trkpt lat="-34.166004" lon="151.079466"><ele>77.5</ele></trkpt>
    <trkpt lat="-34.166097" lon="151.079214"><ele>80.5</ele></trkpt>
    <trkpt lat="-34.166114" lon="151.078991"><ele>83.5</ele></trkpt>
    <trkpt lat="-34.166237" lon="151.078643"><ele>89.4</ele></trkpt>
    <trkpt lat="-34.166325" lon="151.078274"><ele>92.7</ele></trkpt>
    <trkpt lat="-34.166407" lon="151.077970"><ele>93.7</ele></trkpt>
    <trkpt lat="-34.166429" lon="151.077858"><ele>94.2</ele></trkpt>
    <trkpt lat="-34.166443" lon="151.077818"><ele>94.4</ele></trkpt>
    <trkpt lat="-34.166491" lon="151.077715"><ele>94.9</ele></trkpt>
    <trkpt lat="-34.166544" lon="151.077628"><ele>95.3</ele></trkpt>
    <trkpt lat="-34.166569" lon="151.077531"><ele>95.7</ele></trkpt>
    <trkpt lat="-34.166564" lon="151.077431"><ele>95.9</ele></trkpt>
    <trkpt lat="-34.166513" lon="151.077299"><ele>95.7</ele></trkpt>
    <trkpt lat="-34.166508" lon="151.077209"><ele>95.6</ele></trkpt>
    <trkpt lat="-34.166581" lon="151.077079"><ele>95.6</ele></trkpt>
    <trkpt lat="-34.166533" lon="151.076987"><ele>95.6</ele></trkpt>
    <trkpt lat="-34.166486" lon="151.076907"><ele>95.6</ele></trkpt>
    <trkpt lat="-34.166541" lon="151.076788"><ele>95.4</ele></trkpt>
    <trkpt lat="-34.166522" lon="151.076704"><ele>95.3</ele></trkpt>
    <trkpt lat="-34.166556" lon="151.076617"><ele>95.1</ele></trkpt>
    <trkpt lat="-34.166485" lon="151.076618"><ele>94.6</ele></trkpt>
    <trkpt lat="-34.166435" lon="151.076606"><ele>94.1</ele></trkpt>
    <trkpt lat="-34.166433" lon="151.076551"><ele>93.7</ele></trkpt>
    <trkpt lat="-34.166522" lon="151.076532"><ele>92.8</ele></trkpt>
    <trkpt lat="-34.166547" lon="151.076496"><ele>92.4</ele></trkpt>
    <trkpt lat="-34.166609" lon="151.076449"><ele>91.2</ele></trkpt>
    <trkpt lat="-34.166699" lon="151.076430"><ele>89.7</ele></trkpt>
    <trkpt lat="-34.166664" lon="151.076391"><ele>88.9</ele></trkpt>
    <trkpt lat="-34.166598" lon="151.076328"><ele>87.5</ele></trkpt>
    <trkpt lat="-34.166543" lon="151.076250"><ele>85.9</ele></trkpt>
    <trkpt lat="-34.166420" lon="151.076185"><ele>83.4</ele></trkpt>
    <trkpt lat="-34.166332" lon="151.076125"><ele>81.1</ele></trkpt>
    <trkpt lat="-34.166352" lon="151.076076"><ele>80.1</ele></trkpt>
    <trkpt lat="-34.166444" lon="151.076072"><ele>78.0</ele></trkpt>
    <trkpt lat="-34.166513" lon="151.076055"><ele>76.4</ele></trkpt>
    <trkpt lat="-34.166447" lon="151.076001"><ele>74.2</ele></trkpt>
    <trkpt lat="-34.166404" lon="151.075979"><ele>73.0</ele></trkpt>
    <trkpt lat="-34.166405" lon="151.075927"><ele>71.9</ele></trkpt>
    <trkpt lat="-34.166500" lon="151.075896"><ele>69.3</ele></trkpt>
    <trkpt lat="-34.166635" lon="151.075834"><ele>65.4</ele></trkpt>
    <trkpt lat="-34.166762" lon="151.075795"><ele>61.8</ele></trkpt>
    <trkpt lat="-34.166843" lon="151.075734"><ele>59.2</ele></trkpt>
    <trkpt lat="-34.166890" lon="151.075677"><ele>57.3</ele></trkpt>
    <trkpt lat="-34.167001" lon="151.075658"><ele>54.3</ele></trkpt>
    <trkpt lat="-34.166899" lon="151.075563"><ele>51.2</ele></trkpt>
    <trkpt lat="-34.166996" lon="151.075498"><ele>48.5</ele></trkpt>
    <trkpt lat="-34.167118" lon="151.075474"><ele>45.5</ele></trkpt>
    <trkpt lat="-34.167078" lon="151.075425"><ele>44.2</ele></trkpt>
    <trkpt lat="-34.167083" lon="151.075349"><ele>42.7</ele></trkpt>
    <trkpt lat="-34.167142" lon="151.075309"><ele>41.2</ele></trkpt>
    <trkpt lat="-34.167217" lon="151.075351"><ele>39.3</ele></trkpt>
    <trkpt lat="-34.167248" lon="151.075334"><ele>38.6</ele></trkpt>
    <trkpt lat="-34.167295" lon="151.075291"><ele>37.3</ele></trkpt>
    <trkpt lat="-34.167360" lon="151.075289"><ele>35.9</ele></trkpt>
    <trkpt lat="-34.167341" lon="151.075187"><ele>34.0</ele></trkpt>
    <trkpt lat="-34.167357" lon="151.075038"><ele>31.3</ele></trkpt>
    <trkpt lat="-34.167371" lon="151.074928"><ele>29.3</ele></trkpt>
    <trkpt lat="-34.167336" lon="151.074777"><ele>26.8</ele></trkpt>
    <trkpt lat="-34.167369" lon="151.074662"><ele>24.9</ele></trkpt>
    <trkpt lat="-34.167338" lon="151.074591"><ele>23.6</ele></trkpt>
    <trkpt lat="-34.167368" lon="151.074511"><ele>22.3</ele></trkpt>
    <trkpt lat="-34.167346" lon="151.074446"><ele>21.1</ele></trkpt>
    <trkpt lat="-34.167406" lon="151.074347"><ele>19.3</ele></trkpt>
    <trkpt lat="-34.167404" lon="151.074227"><ele>17.6</ele></trkpt>
    <trkpt lat="-34.167379" lon="151.074175"><ele>16.8</ele></trkpt>
    <trkpt lat="-34.167488" lon="151.074028"><ele>14.3</ele></trkpt>
    <trkpt lat="-34.167467" lon="151.073829"><ele>11.9</ele></trkpt>
    <trkpt lat="-34.167481" lon="151.073636"><ele>9.9</ele></trkpt>
    <trkpt lat="-34.167553" lon="151.073442"><ele>7.8</ele></trkpt>
    <trkpt lat="-34.167634" lon="151.073342"><ele>6.6</ele></trkpt>
    <trkpt lat="-34.167695" lon="151.073267"><ele>5.7</ele></trkpt>
    <trkpt lat="-34.167693" lon="151.073052"><ele>4.5</ele></trkpt>
    <trkpt lat="-34.167724" lon="151.072951"><ele>4.0</ele></trkpt>
    <trkpt lat="-34.168204" lon="151.071378"><ele>1.1</ele></trkpt>
    <trkpt lat="-34.168441" lon="151.070763"><ele>0.5</ele></trkpt>
    <trkpt lat="-34.168863" lon="151.069669"><ele>1.5</ele></trkpt>
    <trkpt lat="-34.169101" lon="151.069395"><ele>2.7</ele></trkpt>
    <trkpt lat="-34.169301" lon="151.069164"><ele>4.0</ele></trkpt>
    <trkpt lat="-34.169640" lon="151.068597"><ele>5.3</ele></trkpt>
    <trkpt lat="-34.169794" lon="151.068384"><ele>5.1</ele></trkpt>
    <trkpt lat="-34.169888" lon="151.068126"><ele>5.0</ele></trkpt>
    <trkpt lat="-34.170059" lon="151.067620"><ele>4.9</ele></trkpt>
    <trkpt lat="-34.170097" lon="151.067341"><ele>5.3</ele></trkpt>
    <trkpt lat="-34.170062" lon="151.067101"><ele>5.9</ele></trkpt>
    <trkpt lat="-34.170026" lon="151.066924"><ele>6.6</ele></trkpt>
    <trkpt lat="-34.169991" lon="151.066717"><ele>7.2</ele></trkpt>
    <trkpt lat="-34.170001" lon="151.066620"><ele>7.5</ele></trkpt>
    <trkpt lat="-34.170019" lon="151.066595"><ele>7.6</ele></trkpt>
    <trkpt lat="-34.170077" lon="151.066516"><ele>7.9</ele></trkpt>
    <trkpt lat="-34.170159" lon="151.066460"><ele>8.0</ele></trkpt>
    <trkpt lat="-34.170241" lon="151.066404"><ele>8.0</ele></trkpt>
    <trkpt lat="-34.170325" lon="151.066340"><ele>7.9</ele></trkpt>
    <trkpt lat="-34.170454" lon="151.066461"><ele>7.4</ele></trkpt>
    <trkpt lat="-34.170494" lon="151.066489"><ele>7.2</ele></trkpt>
    <trkpt lat="-34.170550" lon="151.066529"><ele>7.0</ele></trkpt>
    <trkpt lat="-34.170828" lon="151.066543"><ele>6.1</ele></trkpt>
    <trkpt lat="-34.170918" lon="151.066532"><ele>5.7</ele></trkpt>
    <trkpt lat="-34.171031" lon="151.066477"><ele>5.3</ele></trkpt>
    <trkpt lat="-34.171229" lon="151.066324"><ele>5.5</ele></trkpt>
    <trkpt lat="-34.171546" lon="151.066078"><ele>7.0</ele></trkpt>
    <trkpt lat="-34.171692" lon="151.065911"><ele>8.6</ele></trkpt>
    <trkpt lat="-34.171850" lon="151.065747"><ele>10.5</ele></trkpt>
    <trkpt lat="-34.171998" lon="151.065665"><ele>12.2</ele></trkpt>
    <trkpt lat="-34.172121" lon="151.065486"><ele>14.1</ele></trkpt>
    <trkpt lat="-34.172228" lon="151.065306"><ele>15.2</ele></trkpt>
    <trkpt lat="-34.172423" lon="151.065005"><ele>16.5</ele></trkpt>
    <trkpt lat="-34.172713" lon="151.064672"><ele>15.7</ele></trkpt>
    <trkpt lat="-34.172813" lon="151.064560"><ele>15.3</ele></trkpt>
    <trkpt lat="-34.172946" lon="151.064501"><ele>14.5</ele></trkpt>
    <trkpt lat="-34.173038" lon="151.064396"><ele>13.8</ele></trkpt>
    <trkpt lat="-34.173230" lon="151.064138"><ele>11.9</ele></trkpt>
    <trkpt lat="-34.173402" lon="151.063912"><ele>10.7</ele></trkpt>
    <trkpt lat="-34.173497" lon="151.063769"><ele>10.4</ele></trkpt>
    <trkpt lat="-34.173546" lon="151.063637"><ele>10.3</ele></trkpt>
    <trkpt lat="-34.173721" lon="151.063204"><ele>8.4</ele></trkpt>
    <trkpt lat="-34.173830" lon="151.062942"><ele>8.0</ele></trkpt>
    <trkpt lat="-34.173931" lon="151.062755"><ele>8.2</ele></trkpt>
    <trkpt lat="-34.173901" lon="151.062650"><ele>8.6</ele></trkpt>
    <trkpt lat="-34.173920" lon="151.062593"><ele>8.8</ele></trkpt>
    <trkpt lat="-34.173938" lon="151.062536"><ele>9.0</ele></trkpt>
    <trkpt lat="-34.173999" lon="151.062347"><ele>9.8</ele></trkpt>
    <trkpt lat="-34.174079" lon="151.062287"><ele>10.3</ele></trkpt>
    <trkpt lat="-34.174143" lon="151.062293"><ele>10.6</ele></trkpt>
    <trkpt lat="-34.174185" lon="151.062255"><ele>11.0</ele></trkpt>
    <trkpt lat="-34.174225" lon="151.062171"><ele>11.8</ele></trkpt>
    <trkpt lat="-34.174288" lon="151.062144"><ele>12.4</ele></trkpt>
    <trkpt lat="-34.174325" lon="151.062105"><ele>12.9</ele></trkpt>
    <trkpt lat="-34.174418" lon="151.062060"><ele>14.0</ele></trkpt>
    <trkpt lat="-34.174501" lon="151.062067"><ele>14.9</ele></trkpt>
    <trkpt lat="-34.174618" lon="151.062030"><ele>16.3</ele></trkpt>
    <trkpt lat="-34.174729" lon="151.062031"><ele>17.3</ele></trkpt>
    <trkpt lat="-34.174832" lon="151.061988"><ele>18.3</ele></trkpt>
    <trkpt lat="-34.174871" lon="151.061897"><ele>19.1</ele></trkpt>
    <trkpt lat="-34.174915" lon="151.061786"><ele>19.9</ele></trkpt>
    <trkpt lat="-34.174985" lon="151.061728"><ele>20.6</ele></trkpt>
    <trkpt lat="-34.175022" lon="151.061712"><ele>21.0</ele></trkpt>
    <trkpt lat="-34.175078" lon="151.061723"><ele>21.3</ele></trkpt>
    <trkpt lat="-34.175121" lon="151.061733"><ele>21.6</ele></trkpt>
    <trkpt lat="-34.175157" lon="151.061744"><ele>21.8</ele></trkpt>
    <trkpt lat="-34.175233" lon="151.061762"><ele>22.3</ele></trkpt>
    <trkpt lat="-34.175289" lon="151.061747"><ele>22.7</ele></trkpt>
    <trkpt lat="-34.175386" lon="151.061767"><ele>23.2</ele></trkpt>
    <trkpt lat="-34.175428" lon="151.061796"><ele>23.4</ele></trkpt>
    <trkpt lat="-34.175470" lon="151.061797"><ele>23.6</ele></trkpt>
    <trkpt lat="-34.175546" lon="151.061803"><ele>23.9</ele></trkpt>
    <trkpt lat="-34.175634" lon="151.061865"><ele>24.4</ele></trkpt>
    <trkpt lat="-34.175696" lon="151.061964"><ele>24.9</ele></trkpt>
    <trkpt lat="-34.175734" lon="151.062039"><ele>25.3</ele></trkpt>
    <trkpt lat="-34.175774" lon="151.062095"><ele>25.5</ele></trkpt>
    <trkpt lat="-34.175864" lon="151.062192"><ele>25.8</ele></trkpt>
    <trkpt lat="-34.175900" lon="151.062238"><ele>25.9</ele></trkpt>
    <trkpt lat="-34.175966" lon="151.062173"><ele>26.5</ele></trkpt>
    <trkpt lat="-34.175969" lon="151.062127"><ele>26.8</ele></trkpt>
    <trkpt lat="-34.176003" lon="151.062085"><ele>27.2</ele></trkpt>
    <trkpt lat="-34.176059" lon="151.062104"><ele>27.8</ele></trkpt>
    <trkpt lat="-34.176095" lon="151.062096"><ele>28.1</ele></trkpt>
    <trkpt lat="-34.176116" lon="151.062092"><ele>28.3</ele></trkpt>
    <trkpt lat="-34.176171" lon="151.062103"><ele>28.8</ele></trkpt>
    <trkpt lat="-34.176211" lon="151.062020"><ele>29.5</ele></trkpt>
    <trkpt lat="-34.176251" lon="151.062012"><ele>29.9</ele></trkpt>
    <trkpt lat="-34.176299" lon="151.062047"><ele>30.4</ele></trkpt>
    <trkpt lat="-34.176342" lon="151.062027"><ele>30.8</ele></trkpt>
    <trkpt lat="-34.176368" lon="151.061961"><ele>31.9</ele></trkpt>
    <trkpt lat="-34.176368" lon="151.061859"><ele>33.7</ele></trkpt>
    <trkpt lat="-34.176364" lon="151.061697"><ele>36.6</ele></trkpt>
    <trkpt lat="-34.176412" lon="151.061609"><ele>39.1</ele></trkpt>
    <trkpt lat="-34.176486" lon="151.061633"><ele>41.4</ele></trkpt>
    <trkpt lat="-34.176526" lon="151.061605"><ele>42.8</ele></trkpt>
    <trkpt lat="-34.176572" lon="151.061528"><ele>45.2</ele></trkpt>
    <trkpt lat="-34.176550" lon="151.061437"><ele>48.1</ele></trkpt>
    <trkpt lat="-34.176590" lon="151.061376"><ele>50.5</ele></trkpt>
    <trkpt lat="-34.176598" lon="151.061295"><ele>53.0</ele></trkpt>
    <trkpt lat="-34.176569" lon="151.061142"><ele>57.4</ele></trkpt>
    <trkpt lat="-34.176499" lon="151.060979"><ele>62.3</ele></trkpt>
    <trkpt lat="-34.176471" lon="151.060840"><ele>66.3</ele></trkpt>
    <trkpt lat="-34.176499" lon="151.060746"><ele>69.3</ele></trkpt>
    <trkpt lat="-34.176670" lon="151.060673"><ele>74.3</ele></trkpt>
    <trkpt lat="-34.176775" lon="151.060604"><ele>76.5</ele></trkpt>
    <trkpt lat="-34.176829" lon="151.060426"><ele>77.8</ele></trkpt>
    <trkpt lat="-34.176867" lon="151.060365"><ele>77.9</ele></trkpt>
    <trkpt lat="-34.176972" lon="151.060308"><ele>78.1</ele></trkpt>
    <trkpt lat="-34.177013" lon="151.060283"><ele>77.6</ele></trkpt>
    <trkpt lat="-34.177010" lon="151.060196"><ele>76.8</ele></trkpt>
    <trkpt lat="-34.177033" lon="151.060147"><ele>76.3</ele></trkpt>
    <trkpt lat="-34.177078" lon="151.060037"><ele>75.2</ele></trkpt>
    <trkpt lat="-34.177117" lon="151.059905"><ele>72.9</ele></trkpt>
    <trkpt lat="-34.177117" lon="151.059733"><ele>70.1</ele></trkpt>
    <trkpt lat="-34.177176" lon="151.059648"><ele>67.6</ele></trkpt>
    <trkpt lat="-34.177213" lon="151.059508"><ele>64.0</ele></trkpt>
    <trkpt lat="-34.177267" lon="151.059204"><ele>56.7</ele></trkpt>
    <trkpt lat="-34.177256" lon="151.059142"><ele>55.2</ele></trkpt>
    <trkpt lat="-34.177280" lon="151.059100"><ele>54.0</ele></trkpt>
    <trkpt lat="-34.177280" lon="151.059053"><ele>52.9</ele></trkpt>
    <trkpt lat="-34.177309" lon="151.059008"><ele>51.6</ele></trkpt>
    <trkpt lat="-34.177366" lon="151.058988"><ele>50.0</ele></trkpt>
    <trkpt lat="-34.177394" lon="151.058910"><ele>48.1</ele></trkpt>
    <trkpt lat="-34.177386" lon="151.058706"><ele>43.7</ele></trkpt>
    <trkpt lat="-34.177362" lon="151.058630"><ele>42.0</ele></trkpt>
    <trkpt lat="-34.177349" lon="151.058494"><ele>39.2</ele></trkpt>
    <trkpt lat="-34.177314" lon="151.058349"><ele>36.1</ele></trkpt>
    <trkpt lat="-34.177320" lon="151.058259"><ele>34.3</ele></trkpt>
    <trkpt lat="-34.177285" lon="151.058134"><ele>31.8</ele></trkpt>
    <trkpt lat="-34.177182" lon="151.057910"><ele>27.3</ele></trkpt>
    <trkpt lat="-34.177163" lon="151.057755"><ele>24.5</ele></trkpt>
    <trkpt lat="-34.177109" lon="151.057653"><ele>22.4</ele></trkpt>
    <trkpt lat="-34.177061" lon="151.057495"><ele>19.7</ele></trkpt>
    <trkpt lat="-34.176990" lon="151.057209"><ele>15.2</ele></trkpt>
    <trkpt lat="-34.177004" lon="151.057134"><ele>14.2</ele></trkpt>
    <trkpt lat="-34.177045" lon="151.057084"><ele>13.2</ele></trkpt>
    <trkpt lat="-34.177119" lon="151.057068"><ele>12.0</ele></trkpt>
    <trkpt lat="-34.177185" lon="151.057092"><ele>11.2</ele></trkpt>
    <trkpt lat="-34.177223" lon="151.057055"><ele>10.6</ele></trkpt>
    <trkpt lat="-34.177270" lon="151.057019"><ele>9.9</ele></trkpt>
    <trkpt lat="-34.177394" lon="151.057020"><ele>8.6</ele></trkpt>
    <trkpt lat="-34.177535" lon="151.057128"><ele>7.4</ele></trkpt>
    <trkpt lat="-34.177652" lon="151.057130"><ele>6.8</ele></trkpt>
    <trkpt lat="-34.177659" lon="151.057097"><ele>6.7</ele></trkpt>
    <trkpt lat="-34.177670" lon="151.057051"><ele>6.6</ele></trkpt>
    <trkpt lat="-34.177534" lon="151.056986"><ele>6.2</ele></trkpt>
    <trkpt lat="-34.177395" lon="151.056894"><ele>6.0</ele></trkpt>
    <trkpt lat="-34.177350" lon="151.056697"><ele>6.0</ele></trkpt>
    <trkpt lat="-34.177326" lon="151.056456"><ele>6.4</ele></trkpt>
    <trkpt lat="-34.177287" lon="151.056226"><ele>6.9</ele></trkpt>
    <trkpt lat="-34.177426" lon="151.056031"><ele>7.4</ele></trkpt>
    <trkpt lat="-34.177497" lon="151.055872"><ele>7.7</ele></trkpt>
    <trkpt lat="-34.177771" lon="151.055781"><ele>8.4</ele></trkpt>
    <trkpt lat="-34.177851" lon="151.055776"><ele>8.9</ele></trkpt>
    <trkpt lat="-34.177968" lon="151.055805"><ele>9.6</ele></trkpt>
    <trkpt lat="-34.178071" lon="151.055912"><ele>10.5</ele></trkpt>
    <trkpt lat="-34.178115" lon="151.055813"><ele>11.2</ele></trkpt>
    <trkpt lat="-34.178165" lon="151.055598"><ele>12.9</ele></trkpt>
    <trkpt lat="-34.178264" lon="151.055453"><ele>14.5</ele></trkpt>
    <trkpt lat="-34.178401" lon="151.055339"><ele>16.6</ele></trkpt>
    <trkpt lat="-34.178567" lon="151.055280"><ele>19.1</ele></trkpt>
    <trkpt lat="-34.178666" lon="151.055119"><ele>21.8</ele></trkpt>
    <trkpt lat="-34.178764" lon="151.055097"><ele>23.4</ele></trkpt>
    <trkpt lat="-34.178908" lon="151.055043"><ele>25.7</ele></trkpt>
    <trkpt lat="-34.179099" lon="151.054991"><ele>28.2</ele></trkpt>
    <trkpt lat="-34.179266" lon="151.054824"><ele>30.0</ele></trkpt>
    <trkpt lat="-34.179364" lon="151.054764"><ele>30.4</ele></trkpt>
    <trkpt lat="-34.179433" lon="151.054659"><ele>30.6</ele></trkpt>
    <trkpt lat="-34.179499" lon="151.054434"><ele>29.5</ele></trkpt>
    <trkpt lat="-34.179551" lon="151.054225"><ele>27.4</ele></trkpt>
    <trkpt lat="-34.179627" lon="151.054079"><ele>25.5</ele></trkpt>
    <trkpt lat="-34.179671" lon="151.053996"><ele>23.8</ele></trkpt>
    <trkpt lat="-34.179758" lon="151.053797"><ele>20.0</ele></trkpt>
    <trkpt lat="-34.179841" lon="151.053601"><ele>16.4</ele></trkpt>
    <trkpt lat="-34.179857" lon="151.053471"><ele>14.3</ele></trkpt>
    <trkpt lat="-34.179927" lon="151.053334"><ele>12.0</ele></trkpt>
    <trkpt lat="-34.179974" lon="151.053256"><ele>10.6</ele></trkpt>
    <trkpt lat="-34.180114" lon="151.053214"><ele>8.7</ele></trkpt>
    <trkpt lat="-34.180189" lon="151.053285"><ele>7.5</ele></trkpt>
    <trkpt lat="-34.180260" lon="151.053393"><ele>6.3</ele></trkpt>
    <trkpt lat="-34.180407" lon="151.053424"><ele>5.1</ele></trkpt>
    <trkpt lat="-34.180671" lon="151.053219"><ele>3.9</ele></trkpt>
    <trkpt lat="-34.180833" lon="151.052880"><ele>4.5</ele></trkpt>
    <trkpt lat="-34.180897" lon="151.052713"><ele>5.7</ele></trkpt>
    <trkpt lat="-34.180955" lon="151.052560"><ele>7.1</ele></trkpt>
    <trkpt lat="-34.181092" lon="151.052177"><ele>11.9</ele></trkpt>
    <trkpt lat="-34.181166" lon="151.052083"><ele>13.6</ele></trkpt>
    <trkpt lat="-34.181229" lon="151.052047"><ele>14.8</ele></trkpt>
    <trkpt lat="-34.181257" lon="151.051965"><ele>16.1</ele></trkpt>
    <trkpt lat="-34.181386" lon="151.051935"><ele>18.4</ele></trkpt>
    <trkpt lat="-34.181533" lon="151.052023"><ele>21.3</ele></trkpt>
    <trkpt lat="-34.181655" lon="151.051986"><ele>23.6</ele></trkpt>
    <trkpt lat="-34.181791" lon="151.051891"><ele>26.2</ele></trkpt>
    <trkpt lat="-34.182098" lon="151.051603"><ele>32.2</ele></trkpt>
    <trkpt lat="-34.182183" lon="151.051582"><ele>33.4</ele></trkpt>
    <trkpt lat="-34.182363" lon="151.051542"><ele>36.0</ele></trkpt>
    <trkpt lat="-34.182508" lon="151.051490"><ele>37.8</ele></trkpt>
    <trkpt lat="-34.182611" lon="151.051453"><ele>39.1</ele></trkpt>
    <trkpt lat="-34.182801" lon="151.051211"><ele>41.6</ele></trkpt>
    <trkpt lat="-34.182945" lon="151.051041"><ele>43.0</ele></trkpt>
    <trkpt lat="-34.183115" lon="151.050946"><ele>44.1</ele></trkpt>
    <trkpt lat="-34.183305" lon="151.050699"><ele>45.5</ele></trkpt>
    <trkpt lat="-34.183464" lon="151.050405"><ele>46.9</ele></trkpt>
    <trkpt lat="-34.183531" lon="151.050264"><ele>47.7</ele></trkpt>
    <trkpt lat="-34.183544" lon="151.050234"><ele>47.8</ele></trkpt>
    <trkpt lat="-34.183636" lon="151.050161"><ele>48.5</ele></trkpt>
    <trkpt lat="-34.183784" lon="151.050016"><ele>49.6</ele></trkpt>
    <trkpt lat="-34.183805" lon="151.049914"><ele>50.1</ele></trkpt>
    <trkpt lat="-34.183814" lon="151.049750"><ele>50.8</ele></trkpt>
    <trkpt lat="-34.183830" lon="151.049577"><ele>51.8</ele></trkpt>
    <trkpt lat="-34.183970" lon="151.049408"><ele>53.1</ele></trkpt>
    <trkpt lat="-34.184104" lon="151.049216"><ele>54.5</ele></trkpt>
    <trkpt lat="-34.184107" lon="151.049149"><ele>54.8</ele></trkpt>
    <trkpt lat="-34.184111" lon="151.049050"><ele>55.1</ele></trkpt>
    <trkpt lat="-34.184204" lon="151.048871"><ele>55.8</ele></trkpt>
    <trkpt lat="-34.184250" lon="151.048768"><ele>56.0</ele></trkpt>
    <trkpt lat="-34.184249" lon="151.048569"><ele>56.5</ele></trkpt>
    <trkpt lat="-34.184339" lon="151.048469"><ele>56.9</ele></trkpt>
    <trkpt lat="-34.184439" lon="151.048430"><ele>57.2</ele></trkpt>
    <trkpt lat="-34.184578" lon="151.048346"><ele>57.4</ele></trkpt>
    <trkpt lat="-34.184726" lon="151.048223"><ele>57.5</ele></trkpt>
    <trkpt lat="-34.184883" lon="151.048131"><ele>57.2</ele></trkpt>
    <trkpt lat="-34.184976" lon="151.047960"><ele>57.1</ele></trkpt>
    <trkpt lat="-34.184972" lon="151.047897"><ele>57.1</ele></trkpt>
    <trkpt lat="-34.185116" lon="151.047765"><ele>56.9</ele></trkpt>
    <trkpt lat="-34.185158" lon="151.047640"><ele>56.7</ele></trkpt>
    <trkpt lat="-34.185113" lon="151.047406"><ele>55.6</ele></trkpt>
    <trkpt lat="-34.185125" lon="151.047330"><ele>55.2</ele></trkpt>
    <trkpt lat="-34.185040" lon="151.047248"><ele>53.9</ele></trkpt>
    <trkpt lat="-34.184949" lon="151.047103"><ele>51.5</ele></trkpt>
    <trkpt lat="-34.184848" lon="151.046892"><ele>47.5</ele></trkpt>
    <trkpt lat="-34.184735" lon="151.046754"><ele>44.1</ele></trkpt>
    <trkpt lat="-34.184656" lon="151.046561"><ele>39.8</ele></trkpt>
    <trkpt lat="-34.184645" lon="151.046485"><ele>38.3</ele></trkpt>
    <trkpt lat="-34.184644" lon="151.046427"><ele>37.1</ele></trkpt>
    <trkpt lat="-34.184693" lon="151.046358"><ele>35.4</ele></trkpt>
    <trkpt lat="-34.184622" lon="151.046141"><ele>30.9</ele></trkpt>
    <trkpt lat="-34.184636" lon="151.045975"><ele>28.0</ele></trkpt>
    <trkpt lat="-34.184614" lon="151.045804"><ele>25.4</ele></trkpt>
    <trkpt lat="-34.184636" lon="151.045586"><ele>22.6</ele></trkpt>
    <trkpt lat="-34.184689" lon="151.045433"><ele>21.1</ele></trkpt>
    <trkpt lat="-34.184735" lon="151.045344"><ele>20.2</ele></trkpt>
    <trkpt lat="-34.184810" lon="151.045284"><ele>19.3</ele></trkpt>
    <trkpt lat="-34.184908" lon="151.045272"><ele>18.6</ele></trkpt>
    <trkpt lat="-34.184951" lon="151.045229"><ele>18.1</ele></trkpt>
    <trkpt lat="-34.184975" lon="151.045146"><ele>17.6</ele></trkpt>
    <trkpt lat="-34.185013" lon="151.045071"><ele>17.0</ele></trkpt>
    <trkpt lat="-34.185093" lon="151.044950"><ele>15.9</ele></trkpt>
    <trkpt lat="-34.185198" lon="151.044797"><ele>14.6</ele></trkpt>
    <trkpt lat="-34.185249" lon="151.044746"><ele>14.2</ele></trkpt>
    <trkpt lat="-34.185365" lon="151.044714"><ele>13.5</ele></trkpt>
    <trkpt lat="-34.185581" lon="151.044677"><ele>12.7</ele></trkpt>
    <trkpt lat="-34.185647" lon="151.044644"><ele>12.5</ele></trkpt>
    <trkpt lat="-34.185708" lon="151.044588"><ele>12.4</ele></trkpt>
    <trkpt lat="-34.185738" lon="151.044508"><ele>12.4</ele></trkpt>
    <trkpt lat="-34.185756" lon="151.044430"><ele>12.4</ele></trkpt>
    <trkpt lat="-34.185767" lon="151.044339"><ele>12.4</ele></trkpt>
    <trkpt lat="-34.185774" lon="151.044303"><ele>12.6</ele></trkpt>
    <trkpt lat="-34.185774" lon="151.044256"><ele>12.8</ele></trkpt>
    <trkpt lat="-34.185778" lon="151.044203"><ele>13.0</ele></trkpt>
    <trkpt lat="-34.185790" lon="151.044169"><ele>13.1</ele></trkpt>
    <trkpt lat="-34.185803" lon="151.044129"><ele>13.3</ele></trkpt>
    <trkpt lat="-34.185810" lon="151.044093"><ele>13.4</ele></trkpt>
    <trkpt lat="-34.185815" lon="151.044074"><ele>13.5</ele></trkpt>
    <trkpt lat="-34.185875" lon="151.044008"><ele>14.1</ele></trkpt>
    <trkpt lat="-34.185990" lon="151.043877"><ele>15.4</ele></trkpt>
    <trkpt lat="-34.186002" lon="151.043784"><ele>16.0</ele></trkpt>
    <trkpt lat="-34.186055" lon="151.043703"><ele>16.7</ele></trkpt>
    <trkpt lat="-34.186161" lon="151.043347"><ele>19.2</ele></trkpt>
    <trkpt lat="-34.186274" lon="151.043064"><ele>21.6</ele></trkpt>
    <trkpt lat="-34.186473" lon="151.042858"><ele>23.9</ele></trkpt>
    <trkpt lat="-34.186571" lon="151.042406"><ele>25.7</ele></trkpt>
    <trkpt lat="-34.186657" lon="151.042262"><ele>26.0</ele></trkpt>
    <trkpt lat="-34.186750" lon="151.042106"><ele>26.3</ele></trkpt>
    <trkpt lat="-34.186974" lon="151.041863"><ele>26.6</ele></trkpt>
    <trkpt lat="-34.187169" lon="151.041634"><ele>25.9</ele></trkpt>
    <trkpt lat="-34.187314" lon="151.041557"><ele>25.1</ele></trkpt>
    <trkpt lat="-34.187602" lon="151.041486"><ele>23.9</ele></trkpt>
    <trkpt lat="-34.187754" lon="151.041422"><ele>23.3</ele></trkpt>
    <trkpt lat="-34.187875" lon="151.041371"><ele>22.9</ele></trkpt>
    <trkpt lat="-34.187927" lon="151.041311"><ele>22.7</ele></trkpt>
    <trkpt lat="-34.187980" lon="151.041279"><ele>22.6</ele></trkpt>
    <trkpt lat="-34.188092" lon="151.041213"><ele>22.2</ele></trkpt>
    <trkpt lat="-34.188471" lon="151.040976"><ele>22.3</ele></trkpt>
    <trkpt lat="-34.188834" lon="151.040523"><ele>25.4</ele></trkpt>
    <trkpt lat="-34.189006" lon="151.040400"><ele>27.4</ele></trkpt>
    <trkpt lat="-34.189098" lon="151.040336"><ele>28.3</ele></trkpt>
    <trkpt lat="-34.189168" lon="151.040293"><ele>29.1</ele></trkpt>
    <trkpt lat="-34.189284" lon="151.040255"><ele>30.3</ele></trkpt>
    <trkpt lat="-34.189597" lon="151.040077"><ele>34.0</ele></trkpt>
    <trkpt lat="-34.189734" lon="151.039965"><ele>35.7</ele></trkpt>
    <trkpt lat="-34.189798" lon="151.039939"><ele>36.3</ele></trkpt>
    <trkpt lat="-34.189860" lon="151.039913"><ele>36.9</ele></trkpt>
    <trkpt lat="-34.189872" lon="151.039839"><ele>37.5</ele></trkpt>
    <trkpt lat="-34.189948" lon="151.039727"><ele>38.3</ele></trkpt>
    <trkpt lat="-34.190022" lon="151.039666"><ele>38.9</ele></trkpt>
    <trkpt lat="-34.190167" lon="151.039563"><ele>40.0</ele></trkpt>
    <trkpt lat="-34.190350" lon="151.039554"><ele>41.1</ele></trkpt>
    <trkpt lat="-34.190591" lon="151.039555"><ele>42.3</ele></trkpt>
    <trkpt lat="-34.190703" lon="151.039376"><ele>42.9</ele></trkpt>
    <trkpt lat="-34.190790" lon="151.039107"><ele>43.5</ele></trkpt>
    <trkpt lat="-34.190819" lon="151.038878"><ele>43.9</ele></trkpt>
    <trkpt lat="-34.190854" lon="151.038784"><ele>44.1</ele></trkpt>
    <trkpt lat="-34.190982" lon="151.038630"><ele>44.5</ele></trkpt>
    <trkpt lat="-34.191074" lon="151.038466"><ele>44.8</ele></trkpt>
    <trkpt lat="-34.191124" lon="151.038363"><ele>45.0</ele></trkpt>
    <trkpt lat="-34.191408" lon="151.038140"><ele>45.7</ele></trkpt>
    <trkpt lat="-34.191635" lon="151.037917"><ele>46.7</ele></trkpt>
    <trkpt lat="-34.191792" lon="151.037832"><ele>47.4</ele></trkpt>
    <trkpt lat="-34.191865" lon="151.037793"><ele>47.8</ele></trkpt>
    <trkpt lat="-34.191940" lon="151.037710"><ele>48.2</ele></trkpt>
    <trkpt lat="-34.192081" lon="151.037668"><ele>48.8</ele></trkpt>
    <trkpt lat="-34.192290" lon="151.037564"><ele>49.6</ele></trkpt>
    <trkpt lat="-34.192486" lon="151.037591"><ele>50.0</ele></trkpt>
    <trkpt lat="-34.192694" lon="151.037631"><ele>49.9</ele></trkpt>
    <trkpt lat="-34.192826" lon="151.037719"><ele>49.6</ele></trkpt>
    <trkpt lat="-34.193003" lon="151.037842"><ele>48.6</ele></trkpt>
    <trkpt lat="-34.193143" lon="151.037813"><ele>48.2</ele></trkpt>
    <trkpt lat="-34.193216" lon="151.037884"><ele>48.0</ele></trkpt>
    <trkpt lat="-34.193437" lon="151.037935"><ele>47.6</ele></trkpt>
    <trkpt lat="-34.193560" lon="151.037882"><ele>47.5</ele></trkpt>
    <trkpt lat="-34.193611" lon="151.037759"><ele>47.5</ele></trkpt>
    <trkpt lat="-34.193616" lon="151.037495"><ele>48.0</ele></trkpt>
    <trkpt lat="-34.193558" lon="151.037165"><ele>49.6</ele></trkpt>
    <trkpt lat="-34.193490" lon="151.036940"><ele>51.3</ele></trkpt>
    <trkpt lat="-34.193494" lon="151.036769"><ele>52.4</ele></trkpt>
    <trkpt lat="-34.193523" lon="151.036647"><ele>53.2</ele></trkpt>
    <trkpt lat="-34.193576" lon="151.036555"><ele>54.0</ele></trkpt>
    <trkpt lat="-34.193623" lon="151.036297"><ele>55.8</ele></trkpt>
    <trkpt lat="-34.193748" lon="151.036056"><ele>57.6</ele></trkpt>
    <trkpt lat="-34.193822" lon="151.035900"><ele>58.4</ele></trkpt>
    <trkpt lat="-34.193936" lon="151.035633"><ele>59.6</ele></trkpt>
    <trkpt lat="-34.194038" lon="151.035424"><ele>60.4</ele></trkpt>
    <trkpt lat="-34.194033" lon="151.035271"><ele>61.0</ele></trkpt>
    <trkpt lat="-34.194172" lon="151.035046"><ele>62.1</ele></trkpt>
    <trkpt lat="-34.194148" lon="151.034896"><ele>62.8</ele></trkpt>
    <trkpt lat="-34.194179" lon="151.034721"><ele>63.5</ele></trkpt>
    <trkpt lat="-34.194233" lon="151.034532"><ele>64.3</ele></trkpt>
    <trkpt lat="-34.194272" lon="151.034338"><ele>65.0</ele></trkpt>
    <trkpt lat="-34.194298" lon="151.034162"><ele>65.5</ele></trkpt>
    <trkpt lat="-34.194426" lon="151.034016"><ele>66.1</ele></trkpt>
    <trkpt lat="-34.194559" lon="151.033917"><ele>66.0</ele></trkpt>
    <trkpt lat="-34.194639" lon="151.033781"><ele>65.9</ele></trkpt>
    <trkpt lat="-34.194760" lon="151.033665"><ele>65.8</ele></trkpt>
    <trkpt lat="-34.194924" lon="151.033549"><ele>65.4</ele></trkpt>
    <trkpt lat="-34.195072" lon="151.033466"><ele>65.2</ele></trkpt>
    <trkpt lat="-34.195195" lon="151.033279"><ele>65.7</ele></trkpt>
    <trkpt lat="-34.195399" lon="151.033024"><ele>66.1</ele></trkpt>
    <trkpt lat="-34.195466" lon="151.032816"><ele>67.0</ele></trkpt>
    <trkpt lat="-34.195473" lon="151.032680"><ele>67.6</ele></trkpt>
    <trkpt lat="-34.195572" lon="151.032519"><ele>68.7</ele></trkpt>
    <trkpt lat="-34.195618" lon="151.032436"><ele>69.2</ele></trkpt>
    <trkpt lat="-34.195676" lon="151.032411"><ele>69.7</ele></trkpt>
    <trkpt lat="-34.195785" lon="151.032287"><ele>71.4</ele></trkpt>
    <trkpt lat="-34.195810" lon="151.032165"><ele>72.6</ele></trkpt>
    <trkpt lat="-34.195916" lon="151.031996"><ele>74.2</ele></trkpt>
    <trkpt lat="-34.196037" lon="151.031762"><ele>77.1</ele></trkpt>
    <trkpt lat="-34.196075" lon="151.031539"><ele>79.8</ele></trkpt>
    <trkpt lat="-34.196157" lon="151.031392"><ele>82.0</ele></trkpt>
    <trkpt lat="-34.196325" lon="151.030956"><ele>87.0</ele></trkpt>
    <trkpt lat="-34.196431" lon="151.030842"><ele>88.0</ele></trkpt>
    <trkpt lat="-34.196497" lon="151.030691"><ele>89.0</ele></trkpt>
    <trkpt lat="-34.196636" lon="151.030580"><ele>90.1</ele></trkpt>
    <trkpt lat="-34.196714" lon="151.030592"><ele>90.3</ele></trkpt>
    <trkpt lat="-34.196782" lon="151.030515"><ele>90.4</ele></trkpt>
    <trkpt lat="-34.196862" lon="151.030506"><ele>90.6</ele></trkpt>
    <trkpt lat="-34.196933" lon="151.030361"><ele>90.7</ele></trkpt>
    <trkpt lat="-34.197040" lon="151.030332"><ele>90.8</ele></trkpt>
    <trkpt lat="-34.197074" lon="151.030241"><ele>90.9</ele></trkpt>
    <trkpt lat="-34.197139" lon="151.030229"><ele>91.0</ele></trkpt>
    <trkpt lat="-34.197314" lon="151.030093"><ele>91.4</ele></trkpt>
    <trkpt lat="-34.197776" lon="151.029446"><ele>95.7</ele></trkpt>
    <trkpt lat="-34.197890" lon="151.029285"><ele>98.2</ele></trkpt>
    <trkpt lat="-34.198011" lon="151.029163"><ele>100.7</ele></trkpt>
    <trkpt lat="-34.198099" lon="151.029090"><ele>102.5</ele></trkpt>
    <trkpt lat="-34.198135" lon="151.028959"><ele>104.3</ele></trkpt>
    <trkpt lat="-34.198240" lon="151.028623"><ele>110.3</ele></trkpt>
    <trkpt lat="-34.198316" lon="151.028597"><ele>112.1</ele></trkpt>
    <trkpt lat="-34.198479" lon="151.028231"><ele>119.4</ele></trkpt>
    <trkpt lat="-34.198548" lon="151.028090"><ele>121.9</ele></trkpt>
    <trkpt lat="-34.198671" lon="151.028033"><ele>124.2</ele></trkpt>
    <trkpt lat="-34.198744" lon="151.027923"><ele>126.1</ele></trkpt>
    <trkpt lat="-34.198940" lon="151.027763"><ele>130.8</ele></trkpt>
    <trkpt lat="-34.199050" lon="151.027584"><ele>134.4</ele></trkpt>
    <trkpt lat="-34.199142" lon="151.027345"><ele>138.9</ele></trkpt>
    <trkpt lat="-34.199279" lon="151.026775"><ele>152.5</ele></trkpt>
    <trkpt lat="-34.199355" lon="151.026138"><ele>168.2</ele></trkpt>
    <trkpt lat="-34.199404" lon="151.025824"><ele>174.8</ele></trkpt>
    <trkpt lat="-34.199421" lon="151.025595"><ele>179.3</ele></trkpt>
    <trkpt lat="-34.199546" lon="151.025394"><ele>184.1</ele></trkpt>
    <trkpt lat="-34.199647" lon="151.025186"><ele>188.4</ele></trkpt>
    <trkpt lat="-34.199697" lon="151.025028"><ele>191.1</ele></trkpt>
    <trkpt lat="-34.199738" lon="151.024791"><ele>194.3</ele></trkpt>
    <trkpt lat="-34.199834" lon="151.024540"><ele>197.4</ele></trkpt>
    <trkpt lat="-34.200003" lon="151.024256"><ele>200.8</ele></trkpt>
    <trkpt lat="-34.200170" lon="151.023930"><ele>204.5</ele></trkpt>
    <trkpt lat="-34.200205" lon="151.023749"><ele>206.5</ele></trkpt>
    <trkpt lat="-34.200078" lon="151.023632"><ele>209.0</ele></trkpt>
    <trkpt lat="-34.199760" lon="151.023584"><ele>214.5</ele></trkpt>
    <trkpt lat="-34.199457" lon="151.023646"><ele>220.1</ele></trkpt>
    <trkpt lat="-34.199126" lon="151.023561"><ele>224.3</ele></trkpt>
    <trkpt lat="-34.198916" lon="151.023516"><ele>225.9</ele></trkpt>
    <trkpt lat="-34.198832" lon="151.023451"><ele>226.5</ele></trkpt>
    <trkpt lat="-34.198833" lon="151.023307"><ele>227.1</ele></trkpt>
    <trkpt lat="-34.198834" lon="151.023103"><ele>227.8</ele></trkpt>
    <trkpt lat="-34.198769" lon="151.022971"><ele>228.3</ele></trkpt>
    <trkpt lat="-34.198663" lon="151.022811"><ele>229.0</ele></trkpt>
    <trkpt lat="-34.198601" lon="151.022613"><ele>229.7</ele></trkpt>
    <trkpt lat="-34.198557" lon="151.022459"><ele>230.2</ele></trkpt>
    <trkpt lat="-34.198422" lon="151.022098"><ele>231.5</ele></trkpt>
    <trkpt lat="-34.198337" lon="151.021772"><ele>232.5</ele></trkpt>
    <trkpt lat="-34.198268" lon="151.021519"><ele>233.1</ele></trkpt>
    <trkpt lat="-34.198060" lon="151.021446"><ele>233.7</ele></trkpt>
    <trkpt lat="-34.198058" lon="151.021293"><ele>234.2</ele></trkpt>
    <trkpt lat="-34.198032" lon="151.020983"><ele>235.4</ele></trkpt>
    <trkpt lat="-34.198025" lon="151.020854"><ele>235.9</ele></trkpt>
    <trkpt lat="-34.197939" lon="151.020734"><ele>236.6</ele></trkpt>
    <trkpt lat="-34.197918" lon="151.020528"><ele>237.1</ele></trkpt>
    <trkpt lat="-34.197848" lon="151.020443"><ele>237.3</ele></trkpt>
    <trkpt lat="-34.197725" lon="151.020225"><ele>238.4</ele></trkpt>
    <trkpt lat="-34.197669" lon="151.019868"><ele>239.8</ele></trkpt>
    <trkpt lat="-34.197633" lon="151.019683"><ele>240.3</ele></trkpt>
    <trkpt lat="-34.197485" lon="151.019524"><ele>241.0</ele></trkpt>
    <trkpt lat="-34.197418" lon="151.019057"><ele>242.3</ele></trkpt>
    <trkpt lat="-34.197508" lon="151.018685"><ele>243.0</ele></trkpt>
    <trkpt lat="-34.197406" lon="151.018371"><ele>243.3</ele></trkpt>
    <trkpt lat="-34.197542" lon="151.018172"><ele>243.6</ele></trkpt>
    <trkpt lat="-34.197928" lon="151.017698"><ele>243.2</ele></trkpt>
    <trkpt lat="-34.198231" lon="151.017082"><ele>242.9</ele></trkpt>
    <trkpt lat="-34.198771" lon="151.016346"><ele>245.3</ele></trkpt>
    <trkpt lat="-34.199322" lon="151.015858"><ele>248.7</ele></trkpt>
    <trkpt lat="-34.199609" lon="151.015589"><ele>250.9</ele></trkpt>
    <trkpt lat="-34.199989" lon="151.015249"><ele>252.7</ele></trkpt>
    <trkpt lat="-34.200176" lon="151.015085"><ele>253.1</ele></trkpt>
    <trkpt lat="-34.200392" lon="151.015078"><ele>252.9</ele></trkpt>
    <trkpt lat="-34.200806" lon="151.014972"><ele>251.2</ele></trkpt>
    <trkpt lat="-34.201142" lon="151.014882"><ele>248.7</ele></trkpt>
    <trkpt lat="-34.201712" lon="151.014681"><ele>243.3</ele></trkpt>
    <trkpt lat="-34.202045" lon="151.014441"><ele>241.5</ele></trkpt>
    <trkpt lat="-34.202353" lon="151.014292"><ele>241.6</ele></trkpt>
    <trkpt lat="-34.202607" lon="151.014115"><ele>243.3</ele></trkpt>
    <trkpt lat="-34.203085" lon="151.013727"><ele>248.7</ele></trkpt>
    <trkpt lat="-34.203142" lon="151.013598"><ele>250.0</ele></trkpt>
    <trkpt lat="-34.203222" lon="151.013504"><ele>251.1</ele></trkpt>
    <trkpt lat="-34.203336" lon="151.013465"><ele>252.5</ele></trkpt>
    <trkpt lat="-34.203514" lon="151.013482"><ele>254.5</ele></trkpt>
    <trkpt lat="-34.203679" lon="151.013515"><ele>256.5</ele></trkpt>
    <trkpt lat="-34.203922" lon="151.013553"><ele>259.3</ele></trkpt>
    <trkpt lat="-34.204038" lon="151.013639"><ele>260.7</ele></trkpt>
    <trkpt lat="-34.204107" lon="151.013663"><ele>261.3</ele></trkpt>
    <trkpt lat="-34.204278" lon="151.013645"><ele>262.6</ele></trkpt>
    <trkpt lat="-34.204408" lon="151.013585"><ele>263.3</ele></trkpt>
    <trkpt lat="-34.204515" lon="151.013565"><ele>263.9</ele></trkpt>
    <trkpt lat="-34.204625" lon="151.013565"><ele>264.4</ele></trkpt>
    <trkpt lat="-34.204747" lon="151.013535"><ele>264.9</ele></trkpt>
    <trkpt lat="-34.204811" lon="151.013506"><ele>265.1</ele></trkpt>
    <trkpt lat="-34.204876" lon="151.013499"><ele>265.4</ele></trkpt>
    <trkpt lat="-34.205021" lon="151.013491"><ele>265.8</ele></trkpt>
    <trkpt lat="-34.205092" lon="151.013440"><ele>266.1</ele></trkpt>
    <trkpt lat="-34.205176" lon="151.013421"><ele>266.2</ele></trkpt>
    <trkpt lat="-34.205390" lon="151.013503"><ele>266.6</ele></trkpt>
    <trkpt lat="-34.205658" lon="151.013506"><ele>266.8</ele></trkpt>
    <trkpt lat="-34.206039" lon="151.013660"><ele>267.6</ele></trkpt>
    <trkpt lat="-34.206335" lon="151.013681"><ele>268.6</ele></trkpt>
    <trkpt lat="-34.206664" lon="151.013555"><ele>269.3</ele></trkpt>
    <trkpt lat="-34.206992" lon="151.013454"><ele>269.1</ele></trkpt>
    <trkpt lat="-34.207366" lon="151.013283"><ele>266.3</ele></trkpt>
    <trkpt lat="-34.207581" lon="151.013204"><ele>262.9</ele></trkpt>
    <trkpt lat="-34.207805" lon="151.013161"><ele>258.7</ele></trkpt>
    <trkpt lat="-34.207882" lon="151.013165"><ele>257.2</ele></trkpt>
    <trkpt lat="-34.207958" lon="151.013133"><ele>255.7</ele></trkpt>
    <trkpt lat="-34.208032" lon="151.013051"><ele>253.9</ele></trkpt>
    <trkpt lat="-34.208065" lon="151.012869"><ele>251.1</ele></trkpt>
    <trkpt lat="-34.208137" lon="151.012791"><ele>249.1</ele></trkpt>
    <trkpt lat="-34.208359" lon="151.012722"><ele>244.1</ele></trkpt>
    <trkpt lat="-34.208516" lon="151.012790"><ele>240.2</ele></trkpt>
    <trkpt lat="-34.208633" lon="151.012867"><ele>236.7</ele></trkpt>
    <trkpt lat="-34.208725" lon="151.012902"><ele>234.2</ele></trkpt>
    <trkpt lat="-34.208877" lon="151.012891"><ele>230.2</ele></trkpt>
    <trkpt lat="-34.208957" lon="151.012852"><ele>227.8</ele></trkpt>
    <trkpt lat="-34.209000" lon="151.012771"><ele>225.6</ele></trkpt>
    <trkpt lat="-34.209060" lon="151.012737"><ele>223.9</ele></trkpt>
    <trkpt lat="-34.209076" lon="151.012687"><ele>222.8</ele></trkpt>
    <trkpt lat="-34.209154" lon="151.012634"><ele>220.5</ele></trkpt>
    <trkpt lat="-34.209197" lon="151.012576"><ele>218.8</ele></trkpt>
    <trkpt lat="-34.209220" lon="151.012510"><ele>217.2</ele></trkpt>
    <trkpt lat="-34.209250" lon="151.012455"><ele>215.7</ele></trkpt>
    <trkpt lat="-34.209319" lon="151.012430"><ele>213.8</ele></trkpt>
    <trkpt lat="-34.209390" lon="151.012405"><ele>211.8</ele></trkpt>
    <trkpt lat="-34.209432" lon="151.012378"><ele>210.5</ele></trkpt>
    <trkpt lat="-34.209451" lon="151.012353"><ele>209.8</ele></trkpt>
    <trkpt lat="-34.209444" lon="151.012335"><ele>209.4</ele></trkpt>
    <trkpt lat="-34.209390" lon="151.012307"><ele>207.8</ele></trkpt>
    <trkpt lat="-34.209384" lon="151.012273"><ele>207.1</ele></trkpt>
    <trkpt lat="-34.209475" lon="151.012197"><ele>204.2</ele></trkpt>
    <trkpt lat="-34.209515" lon="151.012128"><ele>202.6</ele></trkpt>
    <trkpt lat="-34.209624" lon="151.012084"><ele>199.9</ele></trkpt>
    <trkpt lat="-34.209752" lon="151.012025"><ele>197.1</ele></trkpt>
    <trkpt lat="-34.209771" lon="151.012020"><ele>196.7</ele></trkpt>
    <trkpt lat="-34.209957" lon="151.011974"><ele>193.6</ele></trkpt>
    <trkpt lat="-34.210129" lon="151.011949"><ele>190.3</ele></trkpt>
    <trkpt lat="-34.210240" lon="151.011854"><ele>187.7</ele></trkpt>
    <trkpt lat="-34.210351" lon="151.011763"><ele>185.5</ele></trkpt>
    <trkpt lat="-34.210490" lon="151.011655"><ele>182.9</ele></trkpt>
    <trkpt lat="-34.210634" lon="151.011535"><ele>180.1</ele></trkpt>
    <trkpt lat="-34.210836" lon="151.011414"><ele>178.2</ele></trkpt>
    <trkpt lat="-34.211042" lon="151.011223"><ele>177.0</ele></trkpt>
    <trkpt lat="-34.211206" lon="151.011220"><ele>176.3</ele></trkpt>
    <trkpt lat="-34.211227" lon="151.011199"><ele>176.1</ele></trkpt>
    <trkpt lat="-34.211241" lon="151.011177"><ele>176.0</ele></trkpt>
    <trkpt lat="-34.211243" lon="151.011137"><ele>175.8</ele></trkpt>
    <trkpt lat="-34.211245" lon="151.011095"><ele>175.6</ele></trkpt>
    <trkpt lat="-34.211256" lon="151.011026"><ele>175.3</ele></trkpt>
    <trkpt lat="-34.211259" lon="151.010992"><ele>175.2</ele></trkpt>
    <trkpt lat="-34.211276" lon="151.010976"><ele>175.1</ele></trkpt>
    <trkpt lat="-34.211294" lon="151.010958"><ele>175.1</ele></trkpt>
    <trkpt lat="-34.211315" lon="151.010935"><ele>175.1</ele></trkpt>
    <trkpt lat="-34.211330" lon="151.010903"><ele>175.0</ele></trkpt>
    <trkpt lat="-34.211333" lon="151.010871"><ele>175.0</ele></trkpt>
    <trkpt lat="-34.211329" lon="151.010839"><ele>174.9</ele></trkpt>
    <trkpt lat="-34.211319" lon="151.010790"><ele>174.8</ele></trkpt>
    <trkpt lat="-34.211259" lon="151.010771"><ele>174.7</ele></trkpt>
  </trkseg></trk>
</gpx>
