<?xml version="1.0" encoding="UTF-8"?>
<gpx version="1.1" creator="trail-maps from OpenStreetMap (ODbL) route relation and waypoints; elevation Copernicus GLO-30" xmlns="http://www.topografix.com/GPX/1/1">
  <metadata><name>Great North Walk</name></metadata>
  <wpt lat="-32.966008" lon="151.308454"><ele>533.1</ele><name>Barraba Campsite</name><desc>Great North Walk camp site</desc><type>campsite</type></wpt>
  <wpt lat="-33.639029" lon="151.103329"><ele>18.2</ele><name>Berowra Creek camp</name><type>campsite</type></wpt>
  <wpt lat="-33.554862" lon="151.208066"><ele>80.2</ele><name>Brooklyn Dam Campsite</name><type>campsite</type></wpt>
  <wpt lat="-33.554507" lon="151.207353"><ele>79.7</ele><name>Brooklyn Dam campsite</name><type>campsite</type></wpt>
  <wpt lat="-32.962669" lon="151.420841"><ele>453.3</ele><name>Bushrat's Camp</name><desc>Former camp of homeless Ricky the Bushrat</desc><type>campsite</type></wpt>
  <wpt lat="-33.442756" lon="151.265662"><ele>16.1</ele><name>Campsite</name><type>campsite</type></wpt>
  <wpt lat="-33.428244" lon="151.249787"><ele>13.7</ele><name>Campsite</name><type>campsite</type></wpt>
  <wpt lat="-33.261500" lon="151.264860"><ele>328.0</ele><name>Campsite</name><desc>Free campsite. Suitable for motorhomes, caravans and tents. Gravel road leading right up to the campsite. Excellent 4G and 5G mobile reception. No WiFi.</desc><type>campsite</type></wpt>
  <wpt lat="-33.635993" lon="151.108107"><ele>27.9</ele><name>Crosslands Reserve</name><type>campsite</type></wpt>
  <wpt lat="-33.628386" lon="151.107843"><ele>25.4</ele><name>Crosslands Youth Camp</name><type>campsite</type></wpt>
  <wpt lat="-32.962059" lon="151.731889"><ele>12.2</ele><name>Glenrock Scout Training Camp</name><type>campsite</type></wpt>
  <wpt lat="-33.413728" lon="151.243871"><ele>18.0</ele><name>Mooney Mooney (Upper)</name><desc>Flat area is between two creeks. Enough for perhaps 3x tents. Water seems OK to drink from (filtered), unlike from further down the creek where it becomes brackish.</desc><type>campsite</type></wpt>
  <wpt lat="-33.029129" lon="151.273438"><ele>198.8</ele><name>Mt Warrawolong Campsite</name><type>campsite</type></wpt>
  <wpt lat="-33.496118" lon="151.274543"><ele>211.2</ele><name>Mt Wondabyne Campsite</name><type>campsite</type></wpt>
  <wpt lat="-33.322995" lon="151.299259"><ele>173.7</ele><name>Palm Grove camping area</name><desc>Camping area part of the Great North Walk.</desc><type>campsite</type></wpt>
  <wpt lat="-33.538104" lon="151.279743"><ele>170.9</ele><name>Patonga Rest Area</name><type>campsite</type></wpt>
  <wpt lat="-33.593883" lon="151.135196"><ele>213.8</ele><name>Ridge Top Campground</name><type>campsite</type></wpt>
  <wpt lat="-33.289398" lon="151.267956"><ele>80.0</ele><name>Stringy Bark Point Campsite</name><type>campsite</type></wpt>
  <wpt lat="-33.719574" lon="151.057905"><ele>106.4</ele><name>The Jungo</name><desc>A small clearing by the path, room for about one to two small tents.</desc><type>campsite</type></wpt>
  <wpt lat="-33.678711" lon="151.081147"><ele>179.0</ele><name>Tunks Ridge Campground</name><type>campsite</type></wpt>
  <wpt lat="-33.127796" lon="151.255432"><ele>315.9</ele><name>Walkers Rest Campsite</name><desc>Part of the Great North Walk?</desc><type>campsite</type></wpt>
  <wpt lat="-32.975910" lon="151.412305"><ele>482.5</ele><name>Watagan Headquarters Camping Area</name><type>campsite</type></wpt>
  <wpt lat="-32.990297" lon="151.302165"><ele>211.3</ele><name>Crawford Hut</name><type>hut</type></wpt>
  <wpt lat="-33.790346" lon="151.154747"><ele>16.4</ele><name>Cubby House Kukundi</name><type>hut</type></wpt>
  <wpt lat="-33.493871" lon="151.274972"><ele>241.3</ele><name>Mount Wondabyne</name><desc>Summit 251 m.</desc><type>mountain</type></wpt>
  <wpt lat="-33.461514" lon="151.252644"><ele>230.5</ele><name>Scopas Peak</name><type>mountain</type></wpt>
  <wpt lat="-32.937884" lon="151.773596"><ele>70.4</ele><name>Shepherds Hill</name><type>mountain</type></wpt>
  <wpt lat="-33.815688" lon="151.141018"><ele>36.4</ele><name>Sugarloaf Hill</name><type>mountain</type></wpt>
  <wpt lat="-33.669078" lon="151.081719"><ele>156.2</ele><name>Tunks Ridge</name><desc>Summit 140 m.</desc><type>mountain</type></wpt>
  <wpt lat="-33.616267" lon="151.127806"><ele>193.0</ele><name>Barnett Lookout</name><type>poi</type></wpt>
  <wpt lat="-32.852605" lon="151.283160"><ele>351.5</ele><name>Bimbadeen Lookout</name><type>poi</type></wpt>
  <wpt lat="-33.789970" lon="151.146220"><ele>28.4</ele><name>Blackbutt Rotunda 2</name><type>poi</type></wpt>
  <wpt lat="-33.775969" lon="151.137104"><ele>14.4</ele><name>Blue Hole</name><type>poi</type></wpt>
  <wpt lat="-33.791436" lon="151.153026"><ele>13.1</ele><name>Blue Wren Rotunda</name><type>poi</type></wpt>
  <wpt lat="-33.861255" lon="151.210658"><ele>8.3</ele><name>Cahill Expressway Lookout</name><type>poi</type></wpt>
  <wpt lat="-33.789230" lon="151.146540"><ele>25.8</ele><name>Commandment Rock Rotunda 2</name><type>poi</type></wpt>
  <wpt lat="-33.713535" lon="151.063702"><ele>126.2</ele><name>Elouera Lookout</name><type>poi</type></wpt>
  <wpt lat="-33.692569" lon="151.084145"><ele>63.4</ele><name>Fishponds Lookout</name><type>poi</type></wpt>
  <wpt lat="-33.003276" lon="151.272017"><ele>458.2</ele><name>Flat Rock Lookout</name><type>poi</type></wpt>
  <wpt lat="-32.983765" lon="151.454971"><ele>396.4</ele><name>Heaton Lookout</name><type>poi</type></wpt>
  <wpt lat="-32.981681" lon="151.455274"><ele>432.6</ele><name>Heaton Lookout</name><type>poi</type></wpt>
  <wpt lat="-32.962421" lon="151.413594"><ele>458.3</ele><name>Hunter Lookout</name><type>poi</type></wpt>
  <wpt lat="-33.791839" lon="151.155674"><ele>14.0</ele><name>Koonjeree Rotunda</name><type>poi</type></wpt>
  <wpt lat="-32.959107" lon="151.726553"><ele>39.2</ele><name>Leichhardts Lookout</name><type>poi</type></wpt>
  <wpt lat="-32.957465" lon="151.417477"><ele>467.4</ele><name>MacLeans Lookout</name><type>poi</type></wpt>
  <wpt lat="-32.952727" lon="151.752184"><ele>62.8</ele><name>Merewether Lookout</name><type>poi</type></wpt>
  <wpt lat="-32.838718" lon="151.281323"><ele>381.1</ele><name>Mt Bright Lookout</name><type>poi</type></wpt>
  <wpt lat="-33.617972" lon="151.128081"><ele>146.3</ele><name>Naa Badu Lookout</name><type>poi</type></wpt>
  <wpt lat="-33.699630" lon="151.076810"><ele>168.9</ele><name>Quarter Sessions Road Lookout</name><type>poi</type></wpt>
  <wpt lat="-33.790541" lon="151.155023"><ele>11.8</ele><name>Shade Sail</name><type>poi</type></wpt>
  <wpt lat="-32.936809" lon="151.776891"><ele>64.9</ele><name>Strzelecki Lookout</name><type>poi</type></wpt>
  <wpt lat="-32.976616" lon="151.358729"><ele>452.3</ele><name>The Narrow Place Lookout</name><type>poi</type></wpt>
  <wpt lat="-33.753837" lon="151.102916"><ele>78.6</ele><name>The Step Lookout</name><type>poi</type></wpt>
  <wpt lat="-33.552807" lon="151.288932"><ele>109.6</ele><name>Warrah Lookout</name><type>poi</type></wpt>
  <wpt lat="-33.588830" lon="151.169857"><ele>212.2</ele><name>Cowan</name><type>town</type></wpt>
  <wpt lat="-32.927288" lon="151.781253"><ele>11.7</ele><name>Newcastle</name><type>town</type></wpt>
  <wpt lat="-33.869844" lon="151.208285"><ele>85.5</ele><name>Sydney</name><type>town</type></wpt>
  <wpt lat="-33.861424" lon="151.210631"><ele>9.9</ele><name>Drinking water</name><desc>Platform 1</desc><type>water</type></wpt>
  <wpt lat="-33.863391" lon="151.212268"><ele>45.6</ele><name>Drinking water</name><type>water</type></wpt>
  <wpt lat="-33.859072" lon="151.208076"><ele>18.7</ele><name>Drinking water</name><type>water</type></wpt>
  <wpt lat="-33.862515" lon="151.207578"><ele>47.7</ele><name>Drinking water</name><type>water</type></wpt>
  <wpt lat="-33.862795" lon="151.213007"><ele>26.9</ele><name>Drinking water</name><type>water</type></wpt>
  <wpt lat="-33.862077" lon="151.208405"><ele>37.4</ele><name>Drinking water</name><type>water</type></wpt>
  <wpt lat="-33.860488" lon="151.210950"><ele>1.4</ele><name>Drinking water</name><desc>Tagged in OpenStreetMap as not drinkable.</desc><type>water</type></wpt>
  <wpt lat="-33.862562" lon="151.210417"><ele>15.6</ele><name>Drinking water</name><type>water</type></wpt>
  <wpt lat="-33.861013" lon="151.212650"><ele>6.8</ele><name>Drinking water</name><type>water</type></wpt>
  <wpt lat="-33.792142" lon="151.155862"><ele>13.9</ele><name>Drinking water</name><type>water</type></wpt>
  <wpt lat="-33.804164" lon="151.142334"><ele>15.7</ele><name>Drinking water</name><type>water</type></wpt>
  <wpt lat="-33.794812" lon="151.157832"><ele>10.8</ele><name>Drinking water</name><type>water</type></wpt>
  <wpt lat="-33.839826" lon="151.166628"><ele>45.3</ele><name>Drinking water</name><type>water</type></wpt>
  <wpt lat="-33.842967" lon="151.168320"><ele>11.3</ele><name>Drinking water</name><type>water</type></wpt>
  <wpt lat="-33.837983" lon="151.176005"><ele>10.3</ele><name>Drinking water</name><type>water</type></wpt>
  <wpt lat="-33.816632" lon="151.137361"><ele>19.1</ele><name>Drinking water</name><type>water</type></wpt>
  <wpt lat="-33.798282" lon="151.157405"><ele>14.1</ele><name>Drinking water</name><type>water</type></wpt>
  <wpt lat="-33.802287" lon="151.146175"><ele>29.9</ele><name>Drinking water</name><type>water</type></wpt>
  <wpt lat="-33.813937" lon="151.145023"><ele>10.5</ele><name>Drinking water</name><type>water</type></wpt>
  <wpt lat="-33.813505" lon="151.144173"><ele>15.2</ele><name>Drinking water</name><type>water</type></wpt>
  <wpt lat="-33.812959" lon="151.143845"><ele>21.5</ele><name>Drinking water</name><type>water</type></wpt>
  <wpt lat="-33.791063" lon="151.152811"><ele>14.5</ele><name>Drinking water</name><type>water</type></wpt>
  <wpt lat="-33.800364" lon="151.146204"><ele>9.7</ele><name>Drinking water</name><type>water</type></wpt>
  <wpt lat="-33.839442" lon="151.169411"><ele>10.2</ele><name>Drinking water</name><type>water</type></wpt>
  <wpt lat="-33.831240" lon="151.147905"><ele>1.3</ele><name>Drinking water</name><type>water</type></wpt>
  <wpt lat="-33.840229" lon="151.167447"><ele>40.7</ele><name>Drinking water</name><type>water</type></wpt>
  <wpt lat="-33.840723" lon="151.166189"><ele>45.2</ele><name>Drinking water</name><type>water</type></wpt>
  <wpt lat="-33.834458" lon="151.150113"><ele>38.1</ele><name>Drinking water</name><type>water</type></wpt>
  <wpt lat="-33.735398" lon="151.086392"><ele>162.0</ele><name>Drinking water</name><type>water</type></wpt>
  <wpt lat="-33.748498" lon="151.101063"><ele>107.5</ele><name>Drinking water</name><type>water</type></wpt>
  <wpt lat="-33.748911" lon="151.102186"><ele>111.2</ele><name>Drinking water</name><type>water</type></wpt>
  <wpt lat="-33.749058" lon="151.101231"><ele>107.2</ele><name>Drinking water</name><type>water</type></wpt>
  <wpt lat="-33.791916" lon="151.147711"><ele>10.0</ele><name>Drinking water</name><type>water</type></wpt>
  <wpt lat="-33.792735" lon="151.148453"><ele>18.4</ele><name>Drinking water</name><type>water</type></wpt>
  <wpt lat="-33.790863" lon="151.151490"><ele>16.9</ele><name>Drinking water</name><type>water</type></wpt>
  <wpt lat="-33.783205" lon="151.145916"><ele>28.1</ele><name>Drinking water</name><type>water</type></wpt>
  <wpt lat="-33.704873" lon="151.074539"><ele>193.1</ele><name>Drinking water</name><type>water</type></wpt>
  <wpt lat="-33.683591" lon="151.091292"><ele>198.8</ele><name>Drinking water</name><type>water</type></wpt>
  <wpt lat="-33.625665" lon="151.113004"><ele>7.1</ele><name>Drinking water</name><type>water</type></wpt>
  <wpt lat="-33.631161" lon="151.108980"><ele>11.5</ele><name>Drinking water</name><type>water</type></wpt>
  <wpt lat="-33.616840" lon="151.129461"><ele>213.1</ele><name>Drinking water</name><type>water</type></wpt>
  <wpt lat="-33.600542" lon="151.126004"><ele>20.6</ele><name>Drinking water</name><type>water</type></wpt>
  <wpt lat="-33.593380" lon="151.171720"><ele>192.2</ele><name>Drinking water</name><type>water</type></wpt>
  <wpt lat="-33.589641" lon="151.171283"><ele>204.9</ele><name>Drinking water</name><type>water</type></wpt>
  <wpt lat="-33.547164" lon="151.226240"><ele>3.8</ele><name>Drinking water</name><type>water</type></wpt>
  <wpt lat="-33.261333" lon="151.265262"><ele>325.8</ele><name>Drinking water</name><desc>Tagged in OpenStreetMap as not drinkable.</desc><type>water</type></wpt>
  <wpt lat="-32.962706" lon="151.413787"><ele>467.7</ele><name>Drinking water</name><desc>Tagged in OpenStreetMap as not drinkable.</desc><type>water</type></wpt>
  <wpt lat="-32.971418" lon="151.639362"><ele>2.0</ele><name>Drinking water</name><type>water</type></wpt>
  <wpt lat="-32.971652" lon="151.640233"><ele>1.9</ele><name>Drinking water</name><type>water</type></wpt>
  <wpt lat="-32.973566" lon="151.643189"><ele>3.3</ele><name>Drinking water</name><type>water</type></wpt>
  <wpt lat="-32.962237" lon="151.616311"><ele>2.5</ele><name>Drinking water</name><type>water</type></wpt>
  <wpt lat="-32.974764" lon="151.644168"><ele>3.6</ele><name>Drinking water</name><type>water</type></wpt>
  <wpt lat="-32.965040" lon="151.622150"><ele>4.5</ele><name>Drinking water</name><type>water</type></wpt>
  <wpt lat="-32.963842" lon="151.620435"><ele>1.3</ele><name>Drinking water</name><type>water</type></wpt>
  <wpt lat="-32.966205" lon="151.694014"><ele>102.3</ele><name>Drinking water</name><type>water</type></wpt>
  <wpt lat="-32.928061" lon="151.785905"><ele>9.9</ele><name>Drinking water</name><type>water</type></wpt>
  <wpt lat="-32.935327" lon="151.779906"><ele>27.7</ele><name>Drinking water</name><type>water</type></wpt>
  <wpt lat="-32.943046" lon="151.764336"><ele>11.6</ele><name>Drinking water</name><type>water</type></wpt>
  <wpt lat="-32.929033" lon="151.785080"><ele>21.2</ele><name>Drinking water</name><type>water</type></wpt>
  <wpt lat="-32.925638" lon="151.783278"><ele>3.8</ele><name>Drinking water</name><type>water</type></wpt>
  <wpt lat="-32.925667" lon="151.781656"><ele>3.2</ele><name>Drinking water</name><type>water</type></wpt>
  <wpt lat="-32.925627" lon="151.779201"><ele>2.7</ele><name>Drinking water</name><type>water</type></wpt>
  <wpt lat="-32.926171" lon="151.779235"><ele>4.2</ele><name>Drinking water</name><type>water</type></wpt>
  <wpt lat="-32.926722" lon="151.784014"><ele>7.8</ele><name>Drinking water</name><type>water</type></wpt>
  <wpt lat="-32.938008" lon="151.773503"><ele>69.5</ele><name>Drinking water</name><type>water</type></wpt>
  <wpt lat="-32.937151" lon="151.775947"><ele>64.4</ele><name>Drinking water</name><type>water</type></wpt>
  <wpt lat="-32.948066" lon="151.756775"><ele>8.9</ele><name>Drinking water</name><type>water</type></wpt>
  <wpt lat="-32.949294" lon="151.756382"><ele>9.5</ele><name>Drinking water</name><type>water</type></wpt>
  <wpt lat="-32.944756" lon="151.761207"><ele>14.1</ele><name>Drinking water</name><desc>Tagged in OpenStreetMap as not drinkable.</desc><type>water</type></wpt>
  <wpt lat="-32.945133" lon="151.760682"><ele>12.3</ele><name>Drinking water</name><desc>Tagged in OpenStreetMap as not drinkable.</desc><type>water</type></wpt>
  <wpt lat="-32.935657" lon="151.777925"><ele>73.8</ele><name>Drinking water</name><type>water</type></wpt>
  <wpt lat="-32.931874" lon="151.776525"><ele>32.2</ele><name>Drinking water</name><type>water</type></wpt>
  <wpt lat="-32.934763" lon="151.778458"><ele>63.8</ele><name>Drinking water</name><type>water</type></wpt>
  <wpt lat="-32.930485" lon="151.785019"><ele>2.2</ele><name>Drinking water</name><type>water</type></wpt>
  <wpt lat="-32.933250" lon="151.778681"><ele>52.1</ele><name>King Edward Park Fountain</name><type>water</type></wpt>
  <wpt lat="-33.591575" lon="151.186314"><ele>39.0</ele><name>spring</name><type>water</type></wpt>
  <wpt lat="-33.626833" lon="151.110927"><ele>9.2</ele><name>tap</name><type>water</type></wpt>
  <trk><name>Main route 1/3</name><trkseg>
    <trkpt lat="-33.862134" lon="151.210521"><ele>7.0</ele></trkpt>
    <trkpt lat="-33.862093" lon="151.210526"><ele>7.1</ele></trkpt>
    <trkpt lat="-33.861728" lon="151.210572"><ele>7.5</ele></trkpt>
    <trkpt lat="-33.861628" lon="151.210585"><ele>7.4</ele></trkpt>
    <trkpt lat="-33.861539" lon="151.210597"><ele>7.3</ele></trkpt>
    <trkpt lat="-33.861533" lon="151.210597"><ele>7.3</ele></trkpt>
    <trkpt lat="-33.861467" lon="151.210606"><ele>7.0</ele></trkpt>
    <trkpt lat="-33.861446" lon="151.210382"><ele>6.2</ele></trkpt>
    <trkpt lat="-33.861323" lon="151.210398"><ele>5.8</ele></trkpt>
    <trkpt lat="-33.861203" lon="151.210413"><ele>5.5</ele></trkpt>
    <trkpt lat="-33.861148" lon="151.210420"><ele>5.4</ele></trkpt>
    <trkpt lat="-33.861089" lon="151.210428"><ele>5.2</ele></trkpt>
    <trkpt lat="-33.860935" lon="151.210444"><ele>4.9</ele></trkpt>
    <trkpt lat="-33.860825" lon="151.210464"><ele>4.7</ele></trkpt>
    <trkpt lat="-33.860712" lon="151.210486"><ele>4.3</ele></trkpt>
    <trkpt lat="-33.860663" lon="151.210495"><ele>4.0</ele></trkpt>
    <trkpt lat="-33.860527" lon="151.210517"><ele>3.3</ele></trkpt>
    <trkpt lat="-33.860521" lon="151.210463"><ele>3.0</ele></trkpt>
    <trkpt lat="-33.860518" lon="151.210442"><ele>2.9</ele></trkpt>
  </trkseg></trk>
  <trk><name>Main route 2/3</name><trkseg>
    <trkpt lat="-33.838905" lon="151.176161"><ele>1.4</ele></trkpt>
    <trkpt lat="-33.838803" lon="151.176191"><ele>2.1</ele></trkpt>
    <trkpt lat="-33.838653" lon="151.176126"><ele>3.3</ele></trkpt>
    <trkpt lat="-33.838589" lon="151.176100"><ele>3.8</ele></trkpt>
    <trkpt lat="-33.838582" lon="151.176121"><ele>4.0</ele></trkpt>
    <trkpt lat="-33.838559" lon="151.176134"><ele>4.1</ele></trkpt>
    <trkpt lat="-33.838534" lon="151.176142"><ele>4.3</ele></trkpt>
    <trkpt lat="-33.838506" lon="151.176144"><ele>4.6</ele></trkpt>
    <trkpt lat="-33.838454" lon="151.176140"><ele>4.9</ele></trkpt>
    <trkpt lat="-33.838312" lon="151.176127"><ele>6.4</ele></trkpt>
    <trkpt lat="-33.838214" lon="151.176130"><ele>7.5</ele></trkpt>
    <trkpt lat="-33.837502" lon="151.176286"><ele>14.4</ele></trkpt>
    <trkpt lat="-33.837518" lon="151.176191"><ele>14.8</ele></trkpt>
    <trkpt lat="-33.837437" lon="151.176208"><ele>15.3</ele></trkpt>
    <trkpt lat="-33.837605" lon="151.175234"><ele>14.7</ele></trkpt>
    <trkpt lat="-33.837754" lon="151.174369"><ele>13.1</ele></trkpt>
    <trkpt lat="-33.838247" lon="151.172970"><ele>15.3</ele></trkpt>
    <trkpt lat="-33.838396" lon="151.172549"><ele>15.9</ele></trkpt>
    <trkpt lat="-33.838581" lon="151.172024"><ele>17.1</ele></trkpt>
    <trkpt lat="-33.838609" lon="151.171974"><ele>17.2</ele></trkpt>
    <trkpt lat="-33.838642" lon="151.171921"><ele>17.3</ele></trkpt>
    <trkpt lat="-33.838676" lon="151.171887"><ele>17.5</ele></trkpt>
    <trkpt lat="-33.838707" lon="151.171859"><ele>17.7</ele></trkpt>
    <trkpt lat="-33.838743" lon="151.171843"><ele>17.9</ele></trkpt>
    <trkpt lat="-33.838783" lon="151.171825"><ele>18.1</ele></trkpt>
    <trkpt lat="-33.838820" lon="151.171813"><ele>18.2</ele></trkpt>
    <trkpt lat="-33.838858" lon="151.171801"><ele>18.4</ele></trkpt>
    <trkpt lat="-33.838942" lon="151.171785"><ele>18.9</ele></trkpt>
    <trkpt lat="-33.839328" lon="151.171698"><ele>21.6</ele></trkpt>
    <trkpt lat="-33.839639" lon="151.171630"><ele>23.5</ele></trkpt>
    <trkpt lat="-33.839779" lon="151.171601"><ele>24.2</ele></trkpt>
    <trkpt lat="-33.839851" lon="151.171586"><ele>24.4</ele></trkpt>
    <trkpt lat="-33.840282" lon="151.171507"><ele>25.1</ele></trkpt>
    <trkpt lat="-33.840308" lon="151.171499"><ele>25.0</ele></trkpt>
    <trkpt lat="-33.840340" lon="151.171484"><ele>24.8</ele></trkpt>
    <trkpt lat="-33.840360" lon="151.171464"><ele>24.7</ele></trkpt>
    <trkpt lat="-33.840375" lon="151.171434"><ele>24.6</ele></trkpt>
    <trkpt lat="-33.840387" lon="151.171408"><ele>24.5</ele></trkpt>
    <trkpt lat="-33.840394" lon="151.171380"><ele>24.4</ele></trkpt>
    <trkpt lat="-33.840396" lon="151.171346"><ele>24.3</ele></trkpt>
    <trkpt lat="-33.840392" lon="151.171302"><ele>24.0</ele></trkpt>
    <trkpt lat="-33.840357" lon="151.171040"><ele>22.2</ele></trkpt>
    <trkpt lat="-33.840430" lon="151.171024"><ele>21.7</ele></trkpt>
    <trkpt lat="-33.840742" lon="151.170956"><ele>20.4</ele></trkpt>
    <trkpt lat="-33.840766" lon="151.170916"><ele>20.3</ele></trkpt>
    <trkpt lat="-33.840795" lon="151.170895"><ele>20.3</ele></trkpt>
    <trkpt lat="-33.840844" lon="151.170882"><ele>20.2</ele></trkpt>
    <trkpt lat="-33.840887" lon="151.170893"><ele>20.1</ele></trkpt>
    <trkpt lat="-33.840940" lon="151.170930"><ele>20.0</ele></trkpt>
    <trkpt lat="-33.840967" lon="151.170930"><ele>19.9</ele></trkpt>
    <trkpt lat="-33.840985" lon="151.170916"><ele>19.8</ele></trkpt>
    <trkpt lat="-33.841074" lon="151.170629"><ele>19.3</ele></trkpt>
    <trkpt lat="-33.841145" lon="151.170611"><ele>19.2</ele></trkpt>
    <trkpt lat="-33.841190" lon="151.170604"><ele>19.2</ele></trkpt>
    <trkpt lat="-33.841187" lon="151.170538"><ele>19.1</ele></trkpt>
    <trkpt lat="-33.841159" lon="151.170483"><ele>19.3</ele></trkpt>
    <trkpt lat="-33.841316" lon="151.170412"><ele>19.8</ele></trkpt>
    <trkpt lat="-33.841431" lon="151.170361"><ele>20.0</ele></trkpt>
    <trkpt lat="-33.841534" lon="151.170295"><ele>20.0</ele></trkpt>
    <trkpt lat="-33.841617" lon="151.170224"><ele>19.9</ele></trkpt>
    <trkpt lat="-33.841654" lon="151.170180"><ele>19.7</ele></trkpt>
    <trkpt lat="-33.841680" lon="151.170134"><ele>19.5</ele></trkpt>
    <trkpt lat="-33.841695" lon="151.170082"><ele>19.4</ele></trkpt>
    <trkpt lat="-33.841648" lon="151.169596"><ele>17.5</ele></trkpt>
    <trkpt lat="-33.841829" lon="151.168935"><ele>17.0</ele></trkpt>
    <trkpt lat="-33.841842" lon="151.168887"><ele>17.1</ele></trkpt>
    <trkpt lat="-33.841853" lon="151.168848"><ele>17.2</ele></trkpt>
    <trkpt lat="-33.841862" lon="151.168817"><ele>17.2</ele></trkpt>
    <trkpt lat="-33.842114" lon="151.167895"><ele>23.3</ele></trkpt>
    <trkpt lat="-33.842140" lon="151.167716"><ele>25.0</ele></trkpt>
    <trkpt lat="-33.842121" lon="151.167672"><ele>25.3</ele></trkpt>
    <trkpt lat="-33.842081" lon="151.167579"><ele>26.2</ele></trkpt>
    <trkpt lat="-33.841985" lon="151.167467"><ele>27.5</ele></trkpt>
    <trkpt lat="-33.841838" lon="151.167352"><ele>29.2</ele></trkpt>
    <trkpt lat="-33.841804" lon="151.167236"><ele>30.3</ele></trkpt>
    <trkpt lat="-33.841880" lon="151.167058"><ele>32.1</ele></trkpt>
    <trkpt lat="-33.841869" lon="151.166993"><ele>32.7</ele></trkpt>
    <trkpt lat="-33.841676" lon="151.166888"><ele>34.6</ele></trkpt>
    <trkpt lat="-33.841600" lon="151.166785"><ele>35.6</ele></trkpt>
    <trkpt lat="-33.841473" lon="151.166747"><ele>36.6</ele></trkpt>
    <trkpt lat="-33.841348" lon="151.166598"><ele>38.2</ele></trkpt>
    <trkpt lat="-33.841218" lon="151.166536"><ele>39.6</ele></trkpt>
    <trkpt lat="-33.841119" lon="151.166392"><ele>41.0</ele></trkpt>
    <trkpt lat="-33.841037" lon="151.166272"><ele>42.1</ele></trkpt>
    <trkpt lat="-33.841013" lon="151.166116"><ele>42.9</ele></trkpt>
    <trkpt lat="-33.841002" lon="151.166041"><ele>43.3</ele></trkpt>
    <trkpt lat="-33.840914" lon="151.165384"><ele>45.8</ele></trkpt>
    <trkpt lat="-33.840673" lon="151.165429"><ele>46.4</ele></trkpt>
    <trkpt lat="-33.839666" lon="151.165615"><ele>45.9</ele></trkpt>
    <trkpt lat="-33.839629" lon="151.165622"><ele>45.9</ele></trkpt>
    <trkpt lat="-33.839580" lon="151.165631"><ele>45.8</ele></trkpt>
    <trkpt lat="-33.839418" lon="151.164382"><ele>42.3</ele></trkpt>
    <trkpt lat="-33.839340" lon="151.164397"><ele>41.8</ele></trkpt>
    <trkpt lat="-33.838906" lon="151.164482"><ele>38.2</ele></trkpt>
    <trkpt lat="-33.838875" lon="151.164432"><ele>37.7</ele></trkpt>
    <trkpt lat="-33.838853" lon="151.164437"><ele>37.5</ele></trkpt>
    <trkpt lat="-33.838641" lon="151.164488"><ele>35.2</ele></trkpt>
    <trkpt lat="-33.838530" lon="151.164780"><ele>31.8</ele></trkpt>
    <trkpt lat="-33.838482" lon="151.164354"><ele>26.2</ele></trkpt>
    <trkpt lat="-33.837737" lon="151.164479"><ele>15.2</ele></trkpt>
    <trkpt lat="-33.837657" lon="151.164349"><ele>14.1</ele></trkpt>
    <trkpt lat="-33.837655" lon="151.164257"><ele>13.8</ele></trkpt>
    <trkpt lat="-33.837732" lon="151.164024"><ele>13.3</ele></trkpt>
    <trkpt lat="-33.837682" lon="151.163875"><ele>13.4</ele></trkpt>
    <trkpt lat="-33.837748" lon="151.163797"><ele>13.5</ele></trkpt>
    <trkpt lat="-33.837748" lon="151.163600"><ele>14.4</ele></trkpt>
    <trkpt lat="-33.837795" lon="151.163510"><ele>14.9</ele></trkpt>
    <trkpt lat="-33.838017" lon="151.162675"><ele>17.7</ele></trkpt>
    <trkpt lat="-33.837973" lon="151.162309"><ele>20.2</ele></trkpt>
    <trkpt lat="-33.837953" lon="151.162138"><ele>21.3</ele></trkpt>
    <trkpt lat="-33.837989" lon="151.162030"><ele>22.0</ele></trkpt>
    <trkpt lat="-33.838016" lon="151.162040"><ele>22.2</ele></trkpt>
    <trkpt lat="-33.838066" lon="151.162059"><ele>22.6</ele></trkpt>
    <trkpt lat="-33.838179" lon="151.162051"><ele>23.5</ele></trkpt>
    <trkpt lat="-33.838267" lon="151.162032"><ele>24.1</ele></trkpt>
    <trkpt lat="-33.838308" lon="151.162037"><ele>24.5</ele></trkpt>
    <trkpt lat="-33.838335" lon="151.162063"><ele>24.7</ele></trkpt>
    <trkpt lat="-33.838343" lon="151.162098"><ele>25.1</ele></trkpt>
    <trkpt lat="-33.838334" lon="151.162138"><ele>25.5</ele></trkpt>
    <trkpt lat="-33.838268" lon="151.162378"><ele>28.1</ele></trkpt>
    <trkpt lat="-33.838271" lon="151.162424"><ele>28.6</ele></trkpt>
    <trkpt lat="-33.838294" lon="151.162454"><ele>29.1</ele></trkpt>
    <trkpt lat="-33.838312" lon="151.162466"><ele>29.4</ele></trkpt>
    <trkpt lat="-33.838341" lon="151.162485"><ele>29.8</ele></trkpt>
    <trkpt lat="-33.838483" lon="151.162062"><ele>33.9</ele></trkpt>
    <trkpt lat="-33.838522" lon="151.161995"><ele>34.6</ele></trkpt>
    <trkpt lat="-33.838581" lon="151.161942"><ele>35.4</ele></trkpt>
    <trkpt lat="-33.838991" lon="151.161839"><ele>39.3</ele></trkpt>
    <trkpt lat="-33.839081" lon="151.161817"><ele>39.7</ele></trkpt>
    <trkpt lat="-33.839033" lon="151.161452"><ele>40.6</ele></trkpt>
    <trkpt lat="-33.839000" lon="151.161228"><ele>40.4</ele></trkpt>
    <trkpt lat="-33.838954" lon="151.161011"><ele>39.9</ele></trkpt>
    <trkpt lat="-33.838766" lon="151.160239"><ele>38.0</ele></trkpt>
    <trkpt lat="-33.838684" lon="151.160269"><ele>37.7</ele></trkpt>
    <trkpt lat="-33.838288" lon="151.160411"><ele>36.6</ele></trkpt>
    <trkpt lat="-33.838245" lon="151.160417"><ele>36.4</ele></trkpt>
    <trkpt lat="-33.838208" lon="151.160410"><ele>36.3</ele></trkpt>
    <trkpt lat="-33.838177" lon="151.160387"><ele>36.1</ele></trkpt>
    <trkpt lat="-33.838144" lon="151.160358"><ele>36.0</ele></trkpt>
    <trkpt lat="-33.838110" lon="151.160268"><ele>35.7</ele></trkpt>
    <trkpt lat="-33.838072" lon="151.160134"><ele>35.2</ele></trkpt>
    <trkpt lat="-33.838047" lon="151.159948"><ele>34.6</ele></trkpt>
    <trkpt lat="-33.838025" lon="151.159771"><ele>34.0</ele></trkpt>
    <trkpt lat="-33.838017" lon="151.159436"><ele>32.8</ele></trkpt>
    <trkpt lat="-33.838010" lon="151.159074"><ele>31.2</ele></trkpt>
    <trkpt lat="-33.838009" lon="151.158965"><ele>30.7</ele></trkpt>
    <trkpt lat="-33.837996" lon="151.158906"><ele>30.4</ele></trkpt>
    <trkpt lat="-33.837780" lon="151.159019"><ele>29.0</ele></trkpt>
    <trkpt lat="-33.837644" lon="151.159179"><ele>27.8</ele></trkpt>
    <trkpt lat="-33.837585" lon="151.159102"><ele>27.4</ele></trkpt>
    <trkpt lat="-33.837553" lon="151.158972"><ele>27.1</ele></trkpt>
    <trkpt lat="-33.837516" lon="151.158882"><ele>26.9</ele></trkpt>
    <trkpt lat="-33.837337" lon="151.158630"><ele>26.9</ele></trkpt>
    <trkpt lat="-33.837296" lon="151.158520"><ele>27.1</ele></trkpt>
    <trkpt lat="-33.837272" lon="151.158416"><ele>27.3</ele></trkpt>
    <trkpt lat="-33.837248" lon="151.158387"><ele>27.4</ele></trkpt>
    <trkpt lat="-33.837177" lon="151.158098"><ele>28.9</ele></trkpt>
    <trkpt lat="-33.837543" lon="151.157939"><ele>31.8</ele></trkpt>
    <trkpt lat="-33.837446" lon="151.157392"><ele>34.0</ele></trkpt>
    <trkpt lat="-33.837359" lon="151.157034"><ele>34.4</ele></trkpt>
    <trkpt lat="-33.837311" lon="151.156919"><ele>34.4</ele></trkpt>
    <trkpt lat="-33.837057" lon="151.157028"><ele>34.3</ele></trkpt>
    <trkpt lat="-33.836852" lon="151.157131"><ele>34.0</ele></trkpt>
    <trkpt lat="-33.836698" lon="151.157175"><ele>33.7</ele></trkpt>
    <trkpt lat="-33.836497" lon="151.157222"><ele>33.6</ele></trkpt>
    <trkpt lat="-33.836295" lon="151.157278"><ele>33.6</ele></trkpt>
    <trkpt lat="-33.836040" lon="151.157334"><ele>33.7</ele></trkpt>
    <trkpt lat="-33.835873" lon="151.156128"><ele>34.2</ele></trkpt>
    <trkpt lat="-33.835859" lon="151.156044"><ele>34.3</ele></trkpt>
    <trkpt lat="-33.835776" lon="151.156064"><ele>34.4</ele></trkpt>
    <trkpt lat="-33.835673" lon="151.156090"><ele>34.6</ele></trkpt>
    <trkpt lat="-33.835314" lon="151.156175"><ele>34.5</ele></trkpt>
    <trkpt lat="-33.835268" lon="151.156178"><ele>34.5</ele></trkpt>
    <trkpt lat="-33.835232" lon="151.156172"><ele>34.5</ele></trkpt>
    <trkpt lat="-33.835202" lon="151.156164"><ele>34.5</ele></trkpt>
    <trkpt lat="-33.835173" lon="151.156151"><ele>34.5</ele></trkpt>
    <trkpt lat="-33.835148" lon="151.156131"><ele>34.4</ele></trkpt>
    <trkpt lat="-33.835122" lon="151.156104"><ele>34.4</ele></trkpt>
    <trkpt lat="-33.835096" lon="151.156068"><ele>34.3</ele></trkpt>
    <trkpt lat="-33.835080" lon="151.156027"><ele>34.2</ele></trkpt>
    <trkpt lat="-33.835069" lon="151.155984"><ele>34.2</ele></trkpt>
    <trkpt lat="-33.835061" lon="151.155942"><ele>34.1</ele></trkpt>
    <trkpt lat="-33.835011" lon="151.155577"><ele>32.9</ele></trkpt>
    <trkpt lat="-33.835004" lon="151.155522"><ele>32.7</ele></trkpt>
    <trkpt lat="-33.834833" lon="151.154209"><ele>30.1</ele></trkpt>
    <trkpt lat="-33.834590" lon="151.152460"><ele>40.4</ele></trkpt>
    <trkpt lat="-33.834548" lon="151.152171"><ele>41.3</ele></trkpt>
    <trkpt lat="-33.834507" lon="151.151907"><ele>41.7</ele></trkpt>
    <trkpt lat="-33.834471" lon="151.151914"><ele>41.8</ele></trkpt>
    <trkpt lat="-33.834435" lon="151.151922"><ele>41.9</ele></trkpt>
    <trkpt lat="-33.834427" lon="151.151870"><ele>41.9</ele></trkpt>
    <trkpt lat="-33.834419" lon="151.151816"><ele>42.0</ele></trkpt>
    <trkpt lat="-33.834414" lon="151.151759"><ele>42.0</ele></trkpt>
    <trkpt lat="-33.834410" lon="151.151726"><ele>42.0</ele></trkpt>
    <trkpt lat="-33.834214" lon="151.150156"><ele>36.5</ele></trkpt>
    <trkpt lat="-33.834238" lon="151.149992"><ele>35.7</ele></trkpt>
    <trkpt lat="-33.834157" lon="151.150008"><ele>35.3</ele></trkpt>
    <trkpt lat="-33.833747" lon="151.150087"><ele>31.4</ele></trkpt>
    <trkpt lat="-33.833236" lon="151.150185"><ele>26.7</ele></trkpt>
    <trkpt lat="-33.832385" lon="151.150349"><ele>14.5</ele></trkpt>
    <trkpt lat="-33.831921" lon="151.150439"><ele>6.7</ele></trkpt>
    <trkpt lat="-33.831890" lon="151.150347"><ele>5.6</ele></trkpt>
    <trkpt lat="-33.831883" lon="151.150326"><ele>5.3</ele></trkpt>
    <trkpt lat="-33.831964" lon="151.149789"><ele>1.3</ele></trkpt>
    <trkpt lat="-33.831974" lon="151.149642"><ele>0.9</ele></trkpt>
    <trkpt lat="-33.831974" lon="151.149518"><ele>0.7</ele></trkpt>
    <trkpt lat="-33.831968" lon="151.149391"><ele>0.6</ele></trkpt>
    <trkpt lat="-33.831958" lon="151.149286"><ele>0.5</ele></trkpt>
    <trkpt lat="-33.831918" lon="151.149084"><ele>0.5</ele></trkpt>
    <trkpt lat="-33.831872" lon="151.148918"><ele>0.6</ele></trkpt>
    <trkpt lat="-33.831819" lon="151.148796"><ele>0.6</ele></trkpt>
    <trkpt lat="-33.831762" lon="151.148682"><ele>0.7</ele></trkpt>
    <trkpt lat="-33.831656" lon="151.148512"><ele>0.8</ele></trkpt>
    <trkpt lat="-33.831542" lon="151.148371"><ele>1.1</ele></trkpt>
    <trkpt lat="-33.831412" lon="151.148233"><ele>1.6</ele></trkpt>
    <trkpt lat="-33.831335" lon="151.147953"><ele>2.4</ele></trkpt>
    <trkpt lat="-33.831327" lon="151.147901"><ele>2.6</ele></trkpt>
    <trkpt lat="-33.831333" lon="151.147862"><ele>2.7</ele></trkpt>
    <trkpt lat="-33.831345" lon="151.147833"><ele>2.8</ele></trkpt>
    <trkpt lat="-33.831361" lon="151.147803"><ele>2.9</ele></trkpt>
    <trkpt lat="-33.831510" lon="151.147699"><ele>3.6</ele></trkpt>
    <trkpt lat="-33.831758" lon="151.147603"><ele>5.4</ele></trkpt>
    <trkpt lat="-33.831765" lon="151.147526"><ele>5.9</ele></trkpt>
    <trkpt lat="-33.831771" lon="151.147466"><ele>6.3</ele></trkpt>
    <trkpt lat="-33.831714" lon="151.147425"><ele>6.8</ele></trkpt>
    <trkpt lat="-33.831668" lon="151.147372"><ele>7.4</ele></trkpt>
    <trkpt lat="-33.831554" lon="151.147177"><ele>8.9</ele></trkpt>
    <trkpt lat="-33.831195" lon="151.146566"><ele>12.0</ele></trkpt>
    <trkpt lat="-33.831119" lon="151.146500"><ele>12.3</ele></trkpt>
    <trkpt lat="-33.830912" lon="151.146447"><ele>12.9</ele></trkpt>
    <trkpt lat="-33.830799" lon="151.146360"><ele>13.3</ele></trkpt>
    <trkpt lat="-33.830781" lon="151.146339"><ele>13.4</ele></trkpt>
    <trkpt lat="-33.830731" lon="151.146285"><ele>13.6</ele></trkpt>
    <trkpt lat="-33.830701" lon="151.146231"><ele>13.8</ele></trkpt>
    <trkpt lat="-33.830690" lon="151.145981"><ele>14.6</ele></trkpt>
    <trkpt lat="-33.830699" lon="151.145928"><ele>14.7</ele></trkpt>
    <trkpt lat="-33.830717" lon="151.145865"><ele>15.0</ele></trkpt>
    <trkpt lat="-33.830761" lon="151.145849"><ele>15.3</ele></trkpt>
    <trkpt lat="-33.830915" lon="151.145812"><ele>16.4</ele></trkpt>
    <trkpt lat="-33.831203" lon="151.145604"><ele>19.2</ele></trkpt>
    <trkpt lat="-33.831408" lon="151.145430"><ele>21.3</ele></trkpt>
    <trkpt lat="-33.831429" lon="151.145322"><ele>22.0</ele></trkpt>
    <trkpt lat="-33.831843" lon="151.145356"><ele>25.1</ele></trkpt>
    <trkpt lat="-33.831515" lon="151.143400"><ele>37.4</ele></trkpt>
    <trkpt lat="-33.831254" lon="151.141720"><ele>41.8</ele></trkpt>
    <trkpt lat="-33.831246" lon="151.141650"><ele>41.8</ele></trkpt>
    <trkpt lat="-33.831250" lon="151.141603"><ele>41.8</ele></trkpt>
    <trkpt lat="-33.831259" lon="151.141577"><ele>41.8</ele></trkpt>
    <trkpt lat="-33.831298" lon="151.141528"><ele>41.8</ele></trkpt>
    <trkpt lat="-33.831173" lon="151.141413"><ele>41.7</ele></trkpt>
    <trkpt lat="-33.830737" lon="151.141009"><ele>41.8</ele></trkpt>
    <trkpt lat="-33.830659" lon="151.140939"><ele>42.0</ele></trkpt>
    <trkpt lat="-33.830559" lon="151.140849"><ele>42.3</ele></trkpt>
    <trkpt lat="-33.830543" lon="151.140833"><ele>42.4</ele></trkpt>
    <trkpt lat="-33.830483" lon="151.140777"><ele>42.6</ele></trkpt>
    <trkpt lat="-33.830417" lon="151.140716"><ele>42.8</ele></trkpt>
    <trkpt lat="-33.830400" lon="151.140700"><ele>42.8</ele></trkpt>
    <trkpt lat="-33.829923" lon="151.140260"><ele>44.1</ele></trkpt>
    <trkpt lat="-33.829042" lon="151.139445"><ele>45.7</ele></trkpt>
    <trkpt lat="-33.828793" lon="151.139219"><ele>45.4</ele></trkpt>
    <trkpt lat="-33.828603" lon="151.139059"><ele>45.2</ele></trkpt>
    <trkpt lat="-33.828081" lon="151.138637"><ele>44.5</ele></trkpt>
    <trkpt lat="-33.827952" lon="151.138585"><ele>44.7</ele></trkpt>
    <trkpt lat="-33.827908" lon="151.138547"><ele>44.9</ele></trkpt>
    <trkpt lat="-33.827804" lon="151.138458"><ele>45.3</ele></trkpt>
    <trkpt lat="-33.827493" lon="151.138213"><ele>45.7</ele></trkpt>
    <trkpt lat="-33.827435" lon="151.138141"><ele>45.5</ele></trkpt>
    <trkpt lat="-33.827261" lon="151.138038"><ele>45.3</ele></trkpt>
    <trkpt lat="-33.827198" lon="151.138215"><ele>45.2</ele></trkpt>
    <trkpt lat="-33.827012" lon="151.139792"><ele>35.3</ele></trkpt>
    <trkpt lat="-33.826924" lon="151.140768"><ele>30.1</ele></trkpt>
    <trkpt lat="-33.826921" lon="151.140800"><ele>29.9</ele></trkpt>
    <trkpt lat="-33.826877" lon="151.140919"><ele>29.6</ele></trkpt>
    <trkpt lat="-33.826820" lon="151.141007"><ele>29.4</ele></trkpt>
    <trkpt lat="-33.826788" lon="151.141066"><ele>29.2</ele></trkpt>
    <trkpt lat="-33.826880" lon="151.141336"><ele>28.0</ele></trkpt>
    <trkpt lat="-33.826901" lon="151.141592"><ele>26.4</ele></trkpt>
    <trkpt lat="-33.826860" lon="151.141816"><ele>24.6</ele></trkpt>
    <trkpt lat="-33.826932" lon="151.142085"><ele>22.2</ele></trkpt>
    <trkpt lat="-33.826810" lon="151.142436"><ele>18.4</ele></trkpt>
    <trkpt lat="-33.826548" lon="151.142939"><ele>14.7</ele></trkpt>
    <trkpt lat="-33.826447" lon="151.143221"><ele>14.4</ele></trkpt>
    <trkpt lat="-33.826251" lon="151.143144"><ele>14.3</ele></trkpt>
    <trkpt lat="-33.826133" lon="151.143090"><ele>14.2</ele></trkpt>
    <trkpt lat="-33.825990" lon="151.143255"><ele>14.0</ele></trkpt>
    <trkpt lat="-33.825465" lon="151.143368"><ele>14.5</ele></trkpt>
    <trkpt lat="-33.825182" lon="151.143231"><ele>15.1</ele></trkpt>
    <trkpt lat="-33.825108" lon="151.143237"><ele>15.3</ele></trkpt>
    <trkpt lat="-33.825034" lon="151.143242"><ele>15.5</ele></trkpt>
    <trkpt lat="-33.824871" lon="151.143562"><ele>17.8</ele></trkpt>
    <trkpt lat="-33.824930" lon="151.143930"><ele>20.7</ele></trkpt>
    <trkpt lat="-33.825004" lon="151.144062"><ele>21.6</ele></trkpt>
    <trkpt lat="-33.824979" lon="151.144201"><ele>22.4</ele></trkpt>
    <trkpt lat="-33.825008" lon="151.144481"><ele>23.3</ele></trkpt>
    <trkpt lat="-33.825164" lon="151.144576"><ele>23.5</ele></trkpt>
    <trkpt lat="-33.825350" lon="151.144518"><ele>23.2</ele></trkpt>
    <trkpt lat="-33.825544" lon="151.144724"><ele>21.7</ele></trkpt>
    <trkpt lat="-33.825591" lon="151.144743"><ele>21.3</ele></trkpt>
    <trkpt lat="-33.825683" lon="151.144758"><ele>20.5</ele></trkpt>
    <trkpt lat="-33.825825" lon="151.145113"><ele>17.9</ele></trkpt>
    <trkpt lat="-33.825825" lon="151.145355"><ele>16.5</ele></trkpt>
    <trkpt lat="-33.825714" lon="151.145549"><ele>15.4</ele></trkpt>
    <trkpt lat="-33.825659" lon="151.145825"><ele>14.2</ele></trkpt>
    <trkpt lat="-33.825543" lon="151.145952"><ele>13.3</ele></trkpt>
    <trkpt lat="-33.825440" lon="151.146118"><ele>12.0</ele></trkpt>
    <trkpt lat="-33.825495" lon="151.146586"><ele>9.8</ele></trkpt>
    <trkpt lat="-33.825493" lon="151.146768"><ele>9.2</ele></trkpt>
    <trkpt lat="-33.825513" lon="151.146811"><ele>9.0</ele></trkpt>
    <trkpt lat="-33.825498" lon="151.146947"><ele>8.6</ele></trkpt>
    <trkpt lat="-33.825414" lon="151.147017"><ele>8.1</ele></trkpt>
    <trkpt lat="-33.825236" lon="151.146970"><ele>7.4</ele></trkpt>
    <trkpt lat="-33.825126" lon="151.146991"><ele>7.3</ele></trkpt>
    <trkpt lat="-33.825015" lon="151.146988"><ele>7.3</ele></trkpt>
    <trkpt lat="-33.824850" lon="151.147079"><ele>8.2</ele></trkpt>
    <trkpt lat="-33.824598" lon="151.147086"><ele>9.2</ele></trkpt>
    <trkpt lat="-33.824159" lon="151.146939"><ele>10.9</ele></trkpt>
    <trkpt lat="-33.824051" lon="151.147006"><ele>11.6</ele></trkpt>
    <trkpt lat="-33.823770" lon="151.147021"><ele>13.1</ele></trkpt>
    <trkpt lat="-33.823625" lon="151.146973"><ele>13.8</ele></trkpt>
    <trkpt lat="-33.823553" lon="151.146948"><ele>14.1</ele></trkpt>
    <trkpt lat="-33.823306" lon="151.147003"><ele>15.1</ele></trkpt>
    <trkpt lat="-33.823226" lon="151.146964"><ele>15.5</ele></trkpt>
    <trkpt lat="-33.823098" lon="151.146940"><ele>15.9</ele></trkpt>
    <trkpt lat="-33.823042" lon="151.146930"><ele>16.0</ele></trkpt>
    <trkpt lat="-33.822945" lon="151.146851"><ele>16.3</ele></trkpt>
    <trkpt lat="-33.822887" lon="151.146835"><ele>16.3</ele></trkpt>
    <trkpt lat="-33.822765" lon="151.146802"><ele>16.5</ele></trkpt>
    <trkpt lat="-33.822609" lon="151.146668"><ele>16.6</ele></trkpt>
    <trkpt lat="-33.822465" lon="151.146615"><ele>16.7</ele></trkpt>
    <trkpt lat="-33.822407" lon="151.146615"><ele>16.7</ele></trkpt>
    <trkpt lat="-33.822347" lon="151.146616"><ele>16.7</ele></trkpt>
    <trkpt lat="-33.822297" lon="151.146600"><ele>16.6</ele></trkpt>
    <trkpt lat="-33.822001" lon="151.146486"><ele>15.6</ele></trkpt>
    <trkpt lat="-33.821956" lon="151.146472"><ele>15.3</ele></trkpt>
    <trkpt lat="-33.821818" lon="151.146424"><ele>15.1</ele></trkpt>
    <trkpt lat="-33.821666" lon="151.146427"><ele>15.1</ele></trkpt>
    <trkpt lat="-33.821354" lon="151.146525"><ele>15.9</ele></trkpt>
    <trkpt lat="-33.821359" lon="151.146412"><ele>16.5</ele></trkpt>
    <trkpt lat="-33.821281" lon="151.146300"><ele>17.3</ele></trkpt>
    <trkpt lat="-33.821244" lon="151.146283"><ele>17.5</ele></trkpt>
    <trkpt lat="-33.820805" lon="151.146376"><ele>20.1</ele></trkpt>
    <trkpt lat="-33.820404" lon="151.146457"><ele>20.2</ele></trkpt>
    <trkpt lat="-33.820265" lon="151.146525"><ele>20.4</ele></trkpt>
    <trkpt lat="-33.820162" lon="151.146454"><ele>20.1</ele></trkpt>
    <trkpt lat="-33.820092" lon="151.146305"><ele>19.4</ele></trkpt>
    <trkpt lat="-33.820038" lon="151.146110"><ele>18.6</ele></trkpt>
    <trkpt lat="-33.819927" lon="151.145836"><ele>18.0</ele></trkpt>
    <trkpt lat="-33.819758" lon="151.145411"><ele>19.0</ele></trkpt>
    <trkpt lat="-33.819676" lon="151.145317"><ele>19.3</ele></trkpt>
    <trkpt lat="-33.819551" lon="151.145067"><ele>19.6</ele></trkpt>
    <trkpt lat="-33.819385" lon="151.144888"><ele>19.7</ele></trkpt>
    <trkpt lat="-33.819344" lon="151.144808"><ele>19.6</ele></trkpt>
    <trkpt lat="-33.819340" lon="151.144766"><ele>19.5</ele></trkpt>
    <trkpt lat="-33.819305" lon="151.144686"><ele>19.4</ele></trkpt>
    <trkpt lat="-33.819226" lon="151.144674"><ele>19.3</ele></trkpt>
    <trkpt lat="-33.819199" lon="151.144669"><ele>19.2</ele></trkpt>
    <trkpt lat="-33.819143" lon="151.144611"><ele>18.8</ele></trkpt>
    <trkpt lat="-33.818992" lon="151.144450"><ele>17.9</ele></trkpt>
    <trkpt lat="-33.818777" lon="151.144202"><ele>16.0</ele></trkpt>
    <trkpt lat="-33.818443" lon="151.143880"><ele>14.0</ele></trkpt>
    <trkpt lat="-33.818217" lon="151.143710"><ele>13.8</ele></trkpt>
    <trkpt lat="-33.818199" lon="151.143667"><ele>13.8</ele></trkpt>
    <trkpt lat="-33.818183" lon="151.143560"><ele>14.1</ele></trkpt>
    <trkpt lat="-33.818200" lon="151.143454"><ele>14.6</ele></trkpt>
    <trkpt lat="-33.818262" lon="151.143364"><ele>15.1</ele></trkpt>
    <trkpt lat="-33.818296" lon="151.143254"><ele>15.7</ele></trkpt>
    <trkpt lat="-33.818292" lon="151.143165"><ele>16.2</ele></trkpt>
    <trkpt lat="-33.818287" lon="151.142978"><ele>17.1</ele></trkpt>
    <trkpt lat="-33.818385" lon="151.142690"><ele>18.2</ele></trkpt>
    <trkpt lat="-33.818370" lon="151.142353"><ele>18.2</ele></trkpt>
    <trkpt lat="-33.818317" lon="151.142218"><ele>18.4</ele></trkpt>
    <trkpt lat="-33.818301" lon="151.142188"><ele>18.5</ele></trkpt>
    <trkpt lat="-33.818294" lon="151.142157"><ele>18.5</ele></trkpt>
    <trkpt lat="-33.818298" lon="151.142128"><ele>18.6</ele></trkpt>
    <trkpt lat="-33.818269" lon="151.141943"><ele>18.9</ele></trkpt>
    <trkpt lat="-33.818266" lon="151.141847"><ele>19.0</ele></trkpt>
    <trkpt lat="-33.818301" lon="151.141504"><ele>19.0</ele></trkpt>
    <trkpt lat="-33.818363" lon="151.141385"><ele>19.1</ele></trkpt>
    <trkpt lat="-33.818383" lon="151.141349"><ele>19.1</ele></trkpt>
    <trkpt lat="-33.818391" lon="151.141333"><ele>19.1</ele></trkpt>
    <trkpt lat="-33.818463" lon="151.141205"><ele>19.2</ele></trkpt>
    <trkpt lat="-33.818475" lon="151.141175"><ele>19.2</ele></trkpt>
    <trkpt lat="-33.818506" lon="151.141086"><ele>19.2</ele></trkpt>
    <trkpt lat="-33.818515" lon="151.141006"><ele>19.2</ele></trkpt>
    <trkpt lat="-33.818532" lon="151.140711"><ele>18.9</ele></trkpt>
    <trkpt lat="-33.818634" lon="151.140477"><ele>18.0</ele></trkpt>
    <trkpt lat="-33.818664" lon="151.140249"><ele>16.7</ele></trkpt>
    <trkpt lat="-33.818726" lon="151.140119"><ele>15.7</ele></trkpt>
    <trkpt lat="-33.818694" lon="151.140003"><ele>14.8</ele></trkpt>
    <trkpt lat="-33.818673" lon="151.139658"><ele>12.4</ele></trkpt>
    <trkpt lat="-33.818706" lon="151.139496"><ele>11.4</ele></trkpt>
    <trkpt lat="-33.818536" lon="151.139232"><ele>9.6</ele></trkpt>
    <trkpt lat="-33.818474" lon="151.139046"><ele>8.7</ele></trkpt>
    <trkpt lat="-33.818430" lon="151.139018"><ele>8.5</ele></trkpt>
    <trkpt lat="-33.818289" lon="151.139009"><ele>8.0</ele></trkpt>
    <trkpt lat="-33.818167" lon="151.138991"><ele>7.8</ele></trkpt>
    <trkpt lat="-33.818102" lon="151.138960"><ele>7.9</ele></trkpt>
    <trkpt lat="-33.818060" lon="151.138921"><ele>7.9</ele></trkpt>
    <trkpt lat="-33.817891" lon="151.138859"><ele>8.1</ele></trkpt>
    <trkpt lat="-33.817721" lon="151.138827"><ele>8.4</ele></trkpt>
    <trkpt lat="-33.817596" lon="151.138730"><ele>8.8</ele></trkpt>
    <trkpt lat="-33.817549" lon="151.138636"><ele>9.1</ele></trkpt>
    <trkpt lat="-33.817355" lon="151.138474"><ele>9.6</ele></trkpt>
    <trkpt lat="-33.817155" lon="151.138247"><ele>9.9</ele></trkpt>
    <trkpt lat="-33.816908" lon="151.138057"><ele>9.9</ele></trkpt>
    <trkpt lat="-33.816849" lon="151.138075"><ele>9.9</ele></trkpt>
    <trkpt lat="-33.816747" lon="151.138252"><ele>9.8</ele></trkpt>
    <trkpt lat="-33.816621" lon="151.138434"><ele>9.5</ele></trkpt>
    <trkpt lat="-33.816500" lon="151.138557"><ele>9.1</ele></trkpt>
    <trkpt lat="-33.816498" lon="151.138685"><ele>8.8</ele></trkpt>
    <trkpt lat="-33.816501" lon="151.138734"><ele>8.7</ele></trkpt>
    <trkpt lat="-33.816462" lon="151.138741"><ele>8.5</ele></trkpt>
    <trkpt lat="-33.816474" lon="151.138868"><ele>8.3</ele></trkpt>
    <trkpt lat="-33.816462" lon="151.138870"><ele>8.3</ele></trkpt>
    <trkpt lat="-33.816463" lon="151.138895"><ele>8.3</ele></trkpt>
    <trkpt lat="-33.816465" lon="151.139037"><ele>8.3</ele></trkpt>
    <trkpt lat="-33.816436" lon="151.139223"><ele>8.5</ele></trkpt>
    <trkpt lat="-33.816423" lon="151.139390"><ele>8.9</ele></trkpt>
    <trkpt lat="-33.816355" lon="151.139598"><ele>10.3</ele></trkpt>
    <trkpt lat="-33.816367" lon="151.139640"><ele>10.7</ele></trkpt>
    <trkpt lat="-33.816334" lon="151.139655"><ele>11.0</ele></trkpt>
    <trkpt lat="-33.816342" lon="151.139679"><ele>11.2</ele></trkpt>
    <trkpt lat="-33.816377" lon="151.139790"><ele>12.3</ele></trkpt>
    <trkpt lat="-33.816385" lon="151.139828"><ele>12.7</ele></trkpt>
    <trkpt lat="-33.816365" lon="151.139893"><ele>13.4</ele></trkpt>
    <trkpt lat="-33.816420" lon="151.139928"><ele>14.1</ele></trkpt>
    <trkpt lat="-33.816424" lon="151.139987"><ele>14.7</ele></trkpt>
    <trkpt lat="-33.816370" lon="151.140047"><ele>15.7</ele></trkpt>
    <trkpt lat="-33.816159" lon="151.140161"><ele>19.2</ele></trkpt>
    <trkpt lat="-33.816367" lon="151.140375"><ele>22.5</ele></trkpt>
    <trkpt lat="-33.816399" lon="151.140425"><ele>23.2</ele></trkpt>
    <trkpt lat="-33.816476" lon="151.140617"><ele>25.4</ele></trkpt>
    <trkpt lat="-33.816579" lon="151.140696"><ele>26.5</ele></trkpt>
    <trkpt lat="-33.816704" lon="151.140701"><ele>27.5</ele></trkpt>
    <trkpt lat="-33.816715" lon="151.140755"><ele>27.8</ele></trkpt>
    <trkpt lat="-33.816670" lon="151.140817"><ele>28.1</ele></trkpt>
    <trkpt lat="-33.816567" lon="151.140916"><ele>28.7</ele></trkpt>
    <trkpt lat="-33.816508" lon="151.141035"><ele>28.9</ele></trkpt>
    <trkpt lat="-33.816489" lon="151.141171"><ele>29.0</ele></trkpt>
    <trkpt lat="-33.816463" lon="151.141458"><ele>29.2</ele></trkpt>
    <trkpt lat="-33.816395" lon="151.141746"><ele>29.2</ele></trkpt>
    <trkpt lat="-33.816314" lon="151.141844"><ele>29.0</ele></trkpt>
    <trkpt lat="-33.816187" lon="151.141886"><ele>28.5</ele></trkpt>
    <trkpt lat="-33.815934" lon="151.141916"><ele>27.5</ele></trkpt>
    <trkpt lat="-33.815741" lon="151.141821"><ele>26.8</ele></trkpt>
    <trkpt lat="-33.815606" lon="151.141900"><ele>26.2</ele></trkpt>
    <trkpt lat="-33.815477" lon="151.142001"><ele>25.4</ele></trkpt>
    <trkpt lat="-33.815362" lon="151.142066"><ele>24.7</ele></trkpt>
    <trkpt lat="-33.815292" lon="151.142133"><ele>24.2</ele></trkpt>
    <trkpt lat="-33.815094" lon="151.142150"><ele>22.5</ele></trkpt>
    <trkpt lat="-33.815061" lon="151.142155"><ele>22.2</ele></trkpt>
    <trkpt lat="-33.814937" lon="151.141880"><ele>20.4</ele></trkpt>
    <trkpt lat="-33.814775" lon="151.141501"><ele>19.6</ele></trkpt>
    <trkpt lat="-33.814745" lon="151.141375"><ele>20.1</ele></trkpt>
    <trkpt lat="-33.814749" lon="151.141196"><ele>20.7</ele></trkpt>
    <trkpt lat="-33.814971" lon="151.140737"><ele>21.4</ele></trkpt>
    <trkpt lat="-33.814974" lon="151.140675"><ele>21.4</ele></trkpt>
    <trkpt lat="-33.814960" lon="151.140609"><ele>21.4</ele></trkpt>
    <trkpt lat="-33.814821" lon="151.140370"><ele>20.9</ele></trkpt>
    <trkpt lat="-33.814762" lon="151.140300"><ele>20.3</ele></trkpt>
    <trkpt lat="-33.814686" lon="151.140252"><ele>19.5</ele></trkpt>
    <trkpt lat="-33.814622" lon="151.140292"><ele>19.0</ele></trkpt>
    <trkpt lat="-33.814517" lon="151.140294"><ele>17.8</ele></trkpt>
    <trkpt lat="-33.814448" lon="151.140310"><ele>17.0</ele></trkpt>
    <trkpt lat="-33.814399" lon="151.140321"><ele>16.4</ele></trkpt>
    <trkpt lat="-33.814266" lon="151.140384"><ele>15.0</ele></trkpt>
    <trkpt lat="-33.814232" lon="151.140403"><ele>14.7</ele></trkpt>
    <trkpt lat="-33.814139" lon="151.140453"><ele>13.9</ele></trkpt>
    <trkpt lat="-33.814074" lon="151.140489"><ele>13.4</ele></trkpt>
    <trkpt lat="-33.813910" lon="151.140516"><ele>12.2</ele></trkpt>
    <trkpt lat="-33.813738" lon="151.140545"><ele>11.2</ele></trkpt>
    <trkpt lat="-33.813696" lon="151.140552"><ele>11.0</ele></trkpt>
    <trkpt lat="-33.813591" lon="151.140569"><ele>10.5</ele></trkpt>
    <trkpt lat="-33.813438" lon="151.140621"><ele>10.2</ele></trkpt>
    <trkpt lat="-33.813329" lon="151.140630"><ele>10.0</ele></trkpt>
    <trkpt lat="-33.813272" lon="151.140647"><ele>9.9</ele></trkpt>
    <trkpt lat="-33.813227" lon="151.140660"><ele>9.8</ele></trkpt>
    <trkpt lat="-33.813053" lon="151.140709"><ele>9.4</ele></trkpt>
    <trkpt lat="-33.812940" lon="151.140746"><ele>9.1</ele></trkpt>
    <trkpt lat="-33.812907" lon="151.140757"><ele>9.0</ele></trkpt>
    <trkpt lat="-33.812644" lon="151.140844"><ele>8.5</ele></trkpt>
    <trkpt lat="-33.812602" lon="151.140842"><ele>8.5</ele></trkpt>
    <trkpt lat="-33.812571" lon="151.140841"><ele>8.4</ele></trkpt>
    <trkpt lat="-33.812444" lon="151.140836"><ele>8.4</ele></trkpt>
    <trkpt lat="-33.812170" lon="151.140786"><ele>8.3</ele></trkpt>
    <trkpt lat="-33.812134" lon="151.140780"><ele>8.3</ele></trkpt>
    <trkpt lat="-33.812111" lon="151.140777"><ele>8.3</ele></trkpt>
    <trkpt lat="-33.811997" lon="151.140758"><ele>8.2</ele></trkpt>
    <trkpt lat="-33.811967" lon="151.140753"><ele>8.2</ele></trkpt>
    <trkpt lat="-33.811914" lon="151.140744"><ele>8.2</ele></trkpt>
    <trkpt lat="-33.811874" lon="151.140738"><ele>8.2</ele></trkpt>
    <trkpt lat="-33.811614" lon="151.140676"><ele>8.3</ele></trkpt>
    <trkpt lat="-33.811294" lon="151.140559"><ele>7.8</ele></trkpt>
    <trkpt lat="-33.811178" lon="151.140447"><ele>7.4</ele></trkpt>
    <trkpt lat="-33.811116" lon="151.140419"><ele>7.1</ele></trkpt>
    <trkpt lat="-33.811059" lon="151.140392"><ele>6.9</ele></trkpt>
    <trkpt lat="-33.811032" lon="151.140379"><ele>6.8</ele></trkpt>
    <trkpt lat="-33.810986" lon="151.140357"><ele>6.6</ele></trkpt>
    <trkpt lat="-33.810831" lon="151.140310"><ele>6.3</ele></trkpt>
    <trkpt lat="-33.810726" lon="151.140294"><ele>6.2</ele></trkpt>
    <trkpt lat="-33.810675" lon="151.140304"><ele>6.1</ele></trkpt>
    <trkpt lat="-33.810484" lon="151.140428"><ele>6.0</ele></trkpt>
    <trkpt lat="-33.810383" lon="151.140432"><ele>6.1</ele></trkpt>
    <trkpt lat="-33.810156" lon="151.140617"><ele>6.8</ele></trkpt>
    <trkpt lat="-33.809982" lon="151.140684"><ele>7.7</ele></trkpt>
    <trkpt lat="-33.809883" lon="151.140742"><ele>8.1</ele></trkpt>
    <trkpt lat="-33.809812" lon="151.140786"><ele>8.3</ele></trkpt>
    <trkpt lat="-33.809825" lon="151.140915"><ele>8.7</ele></trkpt>
    <trkpt lat="-33.809818" lon="151.141003"><ele>8.8</ele></trkpt>
    <trkpt lat="-33.809783" lon="151.141142"><ele>8.9</ele></trkpt>
    <trkpt lat="-33.809710" lon="151.141222"><ele>8.9</ele></trkpt>
    <trkpt lat="-33.809573" lon="151.141381"><ele>8.7</ele></trkpt>
    <trkpt lat="-33.809388" lon="151.141497"><ele>8.5</ele></trkpt>
    <trkpt lat="-33.809275" lon="151.141472"><ele>8.3</ele></trkpt>
    <trkpt lat="-33.809048" lon="151.141421"><ele>8.3</ele></trkpt>
    <trkpt lat="-33.808951" lon="151.141360"><ele>8.7</ele></trkpt>
    <trkpt lat="-33.808798" lon="151.141283"><ele>9.5</ele></trkpt>
    <trkpt lat="-33.808563" lon="151.141115"><ele>10.7</ele></trkpt>
    <trkpt lat="-33.808310" lon="151.140922"><ele>12.9</ele></trkpt>
    <trkpt lat="-33.807951" lon="151.140747"><ele>14.9</ele></trkpt>
    <trkpt lat="-33.807311" lon="151.140612"><ele>15.6</ele></trkpt>
    <trkpt lat="-33.807007" lon="151.140615"><ele>15.2</ele></trkpt>
    <trkpt lat="-33.806612" lon="151.140980"><ele>15.0</ele></trkpt>
    <trkpt lat="-33.805939" lon="151.141392"><ele>16.6</ele></trkpt>
    <trkpt lat="-33.804455" lon="151.142185"><ele>15.6</ele></trkpt>
    <trkpt lat="-33.804550" lon="151.142696"><ele>14.2</ele></trkpt>
    <trkpt lat="-33.803687" lon="151.142996"><ele>13.6</ele></trkpt>
    <trkpt lat="-33.803702" lon="151.143012"><ele>13.6</ele></trkpt>
    <trkpt lat="-33.803711" lon="151.143037"><ele>13.6</ele></trkpt>
    <trkpt lat="-33.803714" lon="151.143065"><ele>13.5</ele></trkpt>
    <trkpt lat="-33.803711" lon="151.143092"><ele>13.5</ele></trkpt>
    <trkpt lat="-33.803697" lon="151.143119"><ele>13.5</ele></trkpt>
    <trkpt lat="-33.803677" lon="151.143135"><ele>13.3</ele></trkpt>
    <trkpt lat="-33.803519" lon="151.143208"><ele>11.9</ele></trkpt>
    <trkpt lat="-33.803447" lon="151.143225"><ele>11.3</ele></trkpt>
    <trkpt lat="-33.803406" lon="151.143235"><ele>11.0</ele></trkpt>
    <trkpt lat="-33.803263" lon="151.143408"><ele>9.3</ele></trkpt>
    <trkpt lat="-33.802372" lon="151.144645"><ele>9.4</ele></trkpt>
    <trkpt lat="-33.802350" lon="151.144682"><ele>9.6</ele></trkpt>
    <trkpt lat="-33.802291" lon="151.144763"><ele>10.0</ele></trkpt>
    <trkpt lat="-33.802282" lon="151.144804"><ele>10.1</ele></trkpt>
    <trkpt lat="-33.802281" lon="151.144828"><ele>10.2</ele></trkpt>
    <trkpt lat="-33.802283" lon="151.144848"><ele>10.2</ele></trkpt>
    <trkpt lat="-33.802296" lon="151.144902"><ele>10.4</ele></trkpt>
    <trkpt lat="-33.802324" lon="151.145182"><ele>10.9</ele></trkpt>
    <trkpt lat="-33.802323" lon="151.145225"><ele>10.9</ele></trkpt>
    <trkpt lat="-33.802204" lon="151.145240"><ele>10.8</ele></trkpt>
    <trkpt lat="-33.802159" lon="151.145293"><ele>10.6</ele></trkpt>
    <trkpt lat="-33.802055" lon="151.145202"><ele>10.2</ele></trkpt>
    <trkpt lat="-33.802026" lon="151.145166"><ele>10.0</ele></trkpt>
    <trkpt lat="-33.801949" lon="151.145089"><ele>9.5</ele></trkpt>
    <trkpt lat="-33.801873" lon="151.144999"><ele>9.1</ele></trkpt>
    <trkpt lat="-33.801491" lon="151.144562"><ele>6.4</ele></trkpt>
    <trkpt lat="-33.801260" lon="151.144229"><ele>4.6</ele></trkpt>
    <trkpt lat="-33.801251" lon="151.144215"><ele>4.6</ele></trkpt>
    <trkpt lat="-33.801180" lon="151.144110"><ele>4.6</ele></trkpt>
    <trkpt lat="-33.800727" lon="151.143420"><ele>5.7</ele></trkpt>
    <trkpt lat="-33.800738" lon="151.143388"><ele>5.9</ele></trkpt>
    <trkpt lat="-33.800793" lon="151.143478"><ele>6.4</ele></trkpt>
    <trkpt lat="-33.800440" lon="151.143823"><ele>9.3</ele></trkpt>
    <trkpt lat="-33.800316" lon="151.143887"><ele>9.9</ele></trkpt>
    <trkpt lat="-33.800183" lon="151.143906"><ele>10.3</ele></trkpt>
    <trkpt lat="-33.800064" lon="151.144034"><ele>10.9</ele></trkpt>
    <trkpt lat="-33.799872" lon="151.144135"><ele>12.1</ele></trkpt>
    <trkpt lat="-33.799838" lon="151.144218"><ele>12.4</ele></trkpt>
    <trkpt lat="-33.799753" lon="151.144317"><ele>12.6</ele></trkpt>
    <trkpt lat="-33.799622" lon="151.144357"><ele>12.7</ele></trkpt>
    <trkpt lat="-33.799418" lon="151.144337"><ele>12.4</ele></trkpt>
    <trkpt lat="-33.799346" lon="151.144375"><ele>12.5</ele></trkpt>
    <trkpt lat="-33.799338" lon="151.144415"><ele>12.5</ele></trkpt>
    <trkpt lat="-33.799326" lon="151.144544"><ele>12.8</ele></trkpt>
    <trkpt lat="-33.799311" lon="151.144668"><ele>13.0</ele></trkpt>
    <trkpt lat="-33.799363" lon="151.144907"><ele>13.0</ele></trkpt>
    <trkpt lat="-33.799346" lon="151.144977"><ele>12.9</ele></trkpt>
    <trkpt lat="-33.799246" lon="151.145127"><ele>12.4</ele></trkpt>
    <trkpt lat="-33.799223" lon="151.145238"><ele>12.1</ele></trkpt>
    <trkpt lat="-33.799216" lon="151.145366"><ele>12.0</ele></trkpt>
    <trkpt lat="-33.799214" lon="151.145762"><ele>12.9</ele></trkpt>
    <trkpt lat="-33.799135" lon="151.145916"><ele>14.0</ele></trkpt>
    <trkpt lat="-33.799127" lon="151.146133"><ele>15.4</ele></trkpt>
    <trkpt lat="-33.798858" lon="151.146364"><ele>19.3</ele></trkpt>
    <trkpt lat="-33.798762" lon="151.146494"><ele>21.3</ele></trkpt>
    <trkpt lat="-33.798718" lon="151.146531"><ele>22.0</ele></trkpt>
    <trkpt lat="-33.798592" lon="151.146593"><ele>23.8</ele></trkpt>
    <trkpt lat="-33.798508" lon="151.146735"><ele>25.7</ele></trkpt>
    <trkpt lat="-33.798494" lon="151.146841"><ele>26.6</ele></trkpt>
    <trkpt lat="-33.798487" lon="151.146875"><ele>26.8</ele></trkpt>
    <trkpt lat="-33.798426" lon="151.147069"><ele>28.2</ele></trkpt>
    <trkpt lat="-33.798485" lon="151.147440"><ele>29.7</ele></trkpt>
    <trkpt lat="-33.798392" lon="151.147747"><ele>30.6</ele></trkpt>
    <trkpt lat="-33.798330" lon="151.148009"><ele>30.8</ele></trkpt>
    <trkpt lat="-33.798216" lon="151.148145"><ele>31.0</ele></trkpt>
    <trkpt lat="-33.798089" lon="151.148269"><ele>31.0</ele></trkpt>
    <trkpt lat="-33.797966" lon="151.148327"><ele>30.6</ele></trkpt>
    <trkpt lat="-33.797972" lon="151.148387"><ele>30.5</ele></trkpt>
    <trkpt lat="-33.798103" lon="151.148375"><ele>29.5</ele></trkpt>
    <trkpt lat="-33.798271" lon="151.148389"><ele>27.9</ele></trkpt>
    <trkpt lat="-33.798378" lon="151.148427"><ele>26.3</ele></trkpt>
    <trkpt lat="-33.798422" lon="151.148485"><ele>25.2</ele></trkpt>
    <trkpt lat="-33.798424" lon="151.148550"><ele>24.4</ele></trkpt>
    <trkpt lat="-33.798391" lon="151.148638"><ele>23.2</ele></trkpt>
    <trkpt lat="-33.798266" lon="151.148895"><ele>19.7</ele></trkpt>
    <trkpt lat="-33.798192" lon="151.148974"><ele>18.2</ele></trkpt>
    <trkpt lat="-33.798127" lon="151.149104"><ele>16.2</ele></trkpt>
    <trkpt lat="-33.798134" lon="151.149170"><ele>15.4</ele></trkpt>
    <trkpt lat="-33.798180" lon="151.149201"><ele>14.6</ele></trkpt>
    <trkpt lat="-33.798310" lon="151.149202"><ele>12.8</ele></trkpt>
    <trkpt lat="-33.798381" lon="151.149297"><ele>11.5</ele></trkpt>
    <trkpt lat="-33.798473" lon="151.149422"><ele>10.2</ele></trkpt>
    <trkpt lat="-33.798516" lon="151.149472"><ele>9.6</ele></trkpt>
    <trkpt lat="-33.798528" lon="151.149562"><ele>9.1</ele></trkpt>
    <trkpt lat="-33.798567" lon="151.149621"><ele>8.9</ele></trkpt>
    <trkpt lat="-33.798682" lon="151.149700"><ele>8.5</ele></trkpt>
    <trkpt lat="-33.798754" lon="151.149688"><ele>8.3</ele></trkpt>
    <trkpt lat="-33.798783" lon="151.149713"><ele>8.1</ele></trkpt>
    <trkpt lat="-33.798798" lon="151.149788"><ele>7.9</ele></trkpt>
    <trkpt lat="-33.798827" lon="151.150006"><ele>7.3</ele></trkpt>
    <trkpt lat="-33.798832" lon="151.150153"><ele>7.2</ele></trkpt>
    <trkpt lat="-33.798861" lon="151.150194"><ele>7.2</ele></trkpt>
    <trkpt lat="-33.798894" lon="151.150354"><ele>7.4</ele></trkpt>
    <trkpt lat="-33.798960" lon="151.150450"><ele>7.8</ele></trkpt>
    <trkpt lat="-33.798992" lon="151.150758"><ele>9.3</ele></trkpt>
    <trkpt lat="-33.798997" lon="151.150821"><ele>9.7</ele></trkpt>
    <trkpt lat="-33.798947" lon="151.150921"><ele>10.4</ele></trkpt>
    <trkpt lat="-33.798901" lon="151.151001"><ele>11.1</ele></trkpt>
    <trkpt lat="-33.798890" lon="151.151081"><ele>11.6</ele></trkpt>
    <trkpt lat="-33.798838" lon="151.151086"><ele>12.0</ele></trkpt>
    <trkpt lat="-33.798631" lon="151.151015"><ele>13.5</ele></trkpt>
    <trkpt lat="-33.798544" lon="151.151038"><ele>14.1</ele></trkpt>
    <trkpt lat="-33.798445" lon="151.151130"><ele>14.8</ele></trkpt>
    <trkpt lat="-33.798361" lon="151.151286"><ele>15.5</ele></trkpt>
    <trkpt lat="-33.798327" lon="151.151506"><ele>16.5</ele></trkpt>
    <trkpt lat="-33.798314" lon="151.151752"><ele>17.2</ele></trkpt>
    <trkpt lat="-33.798356" lon="151.151957"><ele>17.6</ele></trkpt>
    <trkpt lat="-33.798342" lon="151.152164"><ele>17.7</ele></trkpt>
    <trkpt lat="-33.798396" lon="151.152452"><ele>18.3</ele></trkpt>
    <trkpt lat="-33.798398" lon="151.152651"><ele>18.7</ele></trkpt>
    <trkpt lat="-33.798409" lon="151.152752"><ele>18.9</ele></trkpt>
    <trkpt lat="-33.798456" lon="151.152888"><ele>19.0</ele></trkpt>
    <trkpt lat="-33.798477" lon="151.153261"><ele>18.8</ele></trkpt>
    <trkpt lat="-33.798579" lon="151.153405"><ele>18.6</ele></trkpt>
    <trkpt lat="-33.798700" lon="151.153696"><ele>18.6</ele></trkpt>
    <trkpt lat="-33.798796" lon="151.153840"><ele>18.7</ele></trkpt>
    <trkpt lat="-33.798810" lon="151.153855"><ele>18.7</ele></trkpt>
    <trkpt lat="-33.798850" lon="151.153906"><ele>18.7</ele></trkpt>
    <trkpt lat="-33.798911" lon="151.153958"><ele>18.7</ele></trkpt>
    <trkpt lat="-33.798981" lon="151.154041"><ele>19.0</ele></trkpt>
    <trkpt lat="-33.798884" lon="151.154056"><ele>19.3</ele></trkpt>
    <trkpt lat="-33.797611" lon="151.154623"><ele>31.9</ele></trkpt>
    <trkpt lat="-33.797493" lon="151.154731"><ele>33.9</ele></trkpt>
    <trkpt lat="-33.797414" lon="151.154867"><ele>35.7</ele></trkpt>
    <trkpt lat="-33.797368" lon="151.155054"><ele>37.6</ele></trkpt>
    <trkpt lat="-33.797306" lon="151.155058"><ele>38.3</ele></trkpt>
    <trkpt lat="-33.797230" lon="151.155051"><ele>39.1</ele></trkpt>
    <trkpt lat="-33.796897" lon="151.155088"><ele>41.2</ele></trkpt>
    <trkpt lat="-33.796680" lon="151.155132"><ele>42.5</ele></trkpt>
    <trkpt lat="-33.796196" lon="151.154940"><ele>45.4</ele></trkpt>
    <trkpt lat="-33.795710" lon="151.154990"><ele>49.4</ele></trkpt>
    <trkpt lat="-33.794799" lon="151.154768"><ele>55.8</ele></trkpt>
    <trkpt lat="-33.794767" lon="151.154759"><ele>55.8</ele></trkpt>
    <trkpt lat="-33.794598" lon="151.154737"><ele>56.1</ele></trkpt>
    <trkpt lat="-33.794381" lon="151.154751"><ele>56.4</ele></trkpt>
    <trkpt lat="-33.793503" lon="151.154747"><ele>52.8</ele></trkpt>
    <trkpt lat="-33.793022" lon="151.155086"><ele>47.0</ele></trkpt>
    <trkpt lat="-33.792971" lon="151.155186"><ele>45.8</ele></trkpt>
    <trkpt lat="-33.792867" lon="151.155263"><ele>44.3</ele></trkpt>
    <trkpt lat="-33.792694" lon="151.155251"><ele>42.0</ele></trkpt>
    <trkpt lat="-33.792523" lon="151.155327"><ele>39.2</ele></trkpt>
    <trkpt lat="-33.792604" lon="151.155529"><ele>35.6</ele></trkpt>
    <trkpt lat="-33.792828" lon="151.155708"><ele>29.1</ele></trkpt>
    <trkpt lat="-33.792873" lon="151.155936"><ele>24.1</ele></trkpt>
    <trkpt lat="-33.792982" lon="151.156095"><ele>19.7</ele></trkpt>
    <trkpt lat="-33.792991" lon="151.156165"><ele>18.3</ele></trkpt>
    <trkpt lat="-33.792961" lon="151.156242"><ele>16.5</ele></trkpt>
    <trkpt lat="-33.792934" lon="151.156520"><ele>11.3</ele></trkpt>
    <trkpt lat="-33.792911" lon="151.156661"><ele>8.9</ele></trkpt>
    <trkpt lat="-33.792872" lon="151.156844"><ele>6.9</ele></trkpt>
    <trkpt lat="-33.792800" lon="151.156856"><ele>6.0</ele></trkpt>
    <trkpt lat="-33.792691" lon="151.156851"><ele>5.1</ele></trkpt>
    <trkpt lat="-33.792672" lon="151.156838"><ele>5.0</ele></trkpt>
    <trkpt lat="-33.792599" lon="151.156741"><ele>4.5</ele></trkpt>
    <trkpt lat="-33.792512" lon="151.156687"><ele>4.2</ele></trkpt>
    <trkpt lat="-33.792347" lon="151.156575"><ele>3.9</ele></trkpt>
    <trkpt lat="-33.792280" lon="151.156531"><ele>3.8</ele></trkpt>
    <trkpt lat="-33.792159" lon="151.156489"><ele>3.7</ele></trkpt>
    <trkpt lat="-33.792078" lon="151.156474"><ele>3.7</ele></trkpt>
    <trkpt lat="-33.791830" lon="151.156419"><ele>3.9</ele></trkpt>
    <trkpt lat="-33.791706" lon="151.156387"><ele>4.0</ele></trkpt>
    <trkpt lat="-33.791642" lon="151.156354"><ele>4.0</ele></trkpt>
    <trkpt lat="-33.791567" lon="151.156286"><ele>4.0</ele></trkpt>
    <trkpt lat="-33.791527" lon="151.156204"><ele>4.0</ele></trkpt>
    <trkpt lat="-33.791478" lon="151.156008"><ele>4.0</ele></trkpt>
    <trkpt lat="-33.791471" lon="151.155927"><ele>4.0</ele></trkpt>
    <trkpt lat="-33.791477" lon="151.155849"><ele>4.0</ele></trkpt>
    <trkpt lat="-33.791504" lon="151.155761"><ele>4.0</ele></trkpt>
    <trkpt lat="-33.791466" lon="151.155730"><ele>4.0</ele></trkpt>
    <trkpt lat="-33.791387" lon="151.155679"><ele>4.0</ele></trkpt>
    <trkpt lat="-33.791178" lon="151.155548"><ele>3.7</ele></trkpt>
    <trkpt lat="-33.791098" lon="151.155499"><ele>3.7</ele></trkpt>
    <trkpt lat="-33.791069" lon="151.155483"><ele>3.6</ele></trkpt>
    <trkpt lat="-33.790890" lon="151.155971"><ele>4.0</ele></trkpt>
    <trkpt lat="-33.790814" lon="151.156044"><ele>4.3</ele></trkpt>
    <trkpt lat="-33.790725" lon="151.156066"><ele>4.6</ele></trkpt>
    <trkpt lat="-33.790735" lon="151.155948"><ele>5.0</ele></trkpt>
    <trkpt lat="-33.790714" lon="151.155824"><ele>5.5</ele></trkpt>
    <trkpt lat="-33.790681" lon="151.155745"><ele>5.8</ele></trkpt>
    <trkpt lat="-33.790632" lon="151.155667"><ele>6.2</ele></trkpt>
    <trkpt lat="-33.790520" lon="151.155574"><ele>7.3</ele></trkpt>
    <trkpt lat="-33.790390" lon="151.155558"><ele>8.3</ele></trkpt>
    <trkpt lat="-33.790204" lon="151.155576"><ele>9.6</ele></trkpt>
    <trkpt lat="-33.790047" lon="151.155561"><ele>10.8</ele></trkpt>
    <trkpt lat="-33.789949" lon="151.155500"><ele>11.7</ele></trkpt>
    <trkpt lat="-33.789839" lon="151.155300"><ele>13.4</ele></trkpt>
    <trkpt lat="-33.789889" lon="151.155077"><ele>15.4</ele></trkpt>
    <trkpt lat="-33.790061" lon="151.154570"><ele>21.2</ele></trkpt>
    <trkpt lat="-33.790059" lon="151.154412"><ele>23.1</ele></trkpt>
    <trkpt lat="-33.790097" lon="151.154297"><ele>24.6</ele></trkpt>
    <trkpt lat="-33.790138" lon="151.154196"><ele>26.1</ele></trkpt>
    <trkpt lat="-33.790206" lon="151.153973"><ele>29.2</ele></trkpt>
    <trkpt lat="-33.790199" lon="151.153830"><ele>31.2</ele></trkpt>
    <trkpt lat="-33.790188" lon="151.153788"><ele>31.9</ele></trkpt>
    <trkpt lat="-33.790139" lon="151.153595"><ele>34.8</ele></trkpt>
    <trkpt lat="-33.790063" lon="151.153476"><ele>36.9</ele></trkpt>
    <trkpt lat="-33.789913" lon="151.153306"><ele>40.4</ele></trkpt>
    <trkpt lat="-33.789797" lon="151.153227"><ele>42.9</ele></trkpt>
    <trkpt lat="-33.789666" lon="151.153192"><ele>45.3</ele></trkpt>
    <trkpt lat="-33.789301" lon="151.153186"><ele>50.9</ele></trkpt>
    <trkpt lat="-33.789200" lon="151.153132"><ele>52.3</ele></trkpt>
    <trkpt lat="-33.789163" lon="151.153051"><ele>53.0</ele></trkpt>
    <trkpt lat="-33.789135" lon="151.152446"><ele>55.2</ele></trkpt>
    <trkpt lat="-33.789145" lon="151.152320"><ele>55.2</ele></trkpt>
    <trkpt lat="-33.789251" lon="151.152014"><ele>55.0</ele></trkpt>
    <trkpt lat="-33.789375" lon="151.151634"><ele>54.9</ele></trkpt>
    <trkpt lat="-33.789413" lon="151.151458"><ele>55.1</ele></trkpt>
    <trkpt lat="-33.789418" lon="151.151291"><ele>55.2</ele></trkpt>
    <trkpt lat="-33.789459" lon="151.151234"><ele>55.3</ele></trkpt>
    <trkpt lat="-33.789564" lon="151.151162"><ele>55.7</ele></trkpt>
    <trkpt lat="-33.789675" lon="151.151106"><ele>56.0</ele></trkpt>
    <trkpt lat="-33.789733" lon="151.150858"><ele>56.3</ele></trkpt>
    <trkpt lat="-33.789785" lon="151.150772"><ele>56.4</ele></trkpt>
    <trkpt lat="-33.789928" lon="151.150625"><ele>56.3</ele></trkpt>
    <trkpt lat="-33.790044" lon="151.150449"><ele>56.3</ele></trkpt>
    <trkpt lat="-33.790094" lon="151.150406"><ele>56.3</ele></trkpt>
    <trkpt lat="-33.790333" lon="151.150310"><ele>56.3</ele></trkpt>
    <trkpt lat="-33.790398" lon="151.150242"><ele>56.3</ele></trkpt>
    <trkpt lat="-33.790431" lon="151.150166"><ele>56.3</ele></trkpt>
    <trkpt lat="-33.790445" lon="151.150042"><ele>56.2</ele></trkpt>
    <trkpt lat="-33.790431" lon="151.149970"><ele>56.2</ele></trkpt>
    <trkpt lat="-33.790297" lon="151.149691"><ele>55.7</ele></trkpt>
    <trkpt lat="-33.790227" lon="151.149380"><ele>55.1</ele></trkpt>
    <trkpt lat="-33.790074" lon="151.149104"><ele>54.2</ele></trkpt>
    <trkpt lat="-33.790025" lon="151.149044"><ele>53.9</ele></trkpt>
    <trkpt lat="-33.789945" lon="151.149013"><ele>53.4</ele></trkpt>
    <trkpt lat="-33.789784" lon="151.149018"><ele>52.6</ele></trkpt>
    <trkpt lat="-33.789573" lon="151.148978"><ele>51.0</ele></trkpt>
    <trkpt lat="-33.789153" lon="151.148992"><ele>47.0</ele></trkpt>
    <trkpt lat="-33.788691" lon="151.149160"><ele>42.4</ele></trkpt>
    <trkpt lat="-33.788584" lon="151.149220"><ele>41.7</ele></trkpt>
    <trkpt lat="-33.788545" lon="151.149268"><ele>41.4</ele></trkpt>
    <trkpt lat="-33.788436" lon="151.149594"><ele>40.2</ele></trkpt>
    <trkpt lat="-33.788354" lon="151.149711"><ele>40.0</ele></trkpt>
    <trkpt lat="-33.788224" lon="151.149810"><ele>39.8</ele></trkpt>
    <trkpt lat="-33.788016" lon="151.149900"><ele>39.6</ele></trkpt>
    <trkpt lat="-33.787846" lon="151.149963"><ele>39.0</ele></trkpt>
    <trkpt lat="-33.787730" lon="151.149976"><ele>38.4</ele></trkpt>
    <trkpt lat="-33.787651" lon="151.149966"><ele>38.0</ele></trkpt>
    <trkpt lat="-33.787522" lon="151.149893"><ele>36.9</ele></trkpt>
    <trkpt lat="-33.787325" lon="151.149730"><ele>35.5</ele></trkpt>
    <trkpt lat="-33.787186" lon="151.149436"><ele>34.1</ele></trkpt>
    <trkpt lat="-33.787048" lon="151.149330"><ele>33.4</ele></trkpt>
    <trkpt lat="-33.786617" lon="151.149279"><ele>32.4</ele></trkpt>
    <trkpt lat="-33.786538" lon="151.149204"><ele>32.3</ele></trkpt>
    <trkpt lat="-33.786385" lon="151.149141"><ele>32.1</ele></trkpt>
    <trkpt lat="-33.786274" lon="151.149115"><ele>32.0</ele></trkpt>
    <trkpt lat="-33.786245" lon="151.149078"><ele>31.9</ele></trkpt>
    <trkpt lat="-33.786217" lon="151.148968"><ele>31.7</ele></trkpt>
    <trkpt lat="-33.786214" lon="151.148744"><ele>31.6</ele></trkpt>
    <trkpt lat="-33.786050" lon="151.148289"><ele>31.7</ele></trkpt>
    <trkpt lat="-33.785911" lon="151.148008"><ele>32.7</ele></trkpt>
    <trkpt lat="-33.785631" lon="151.147700"><ele>33.1</ele></trkpt>
    <trkpt lat="-33.785578" lon="151.147547"><ele>32.7</ele></trkpt>
    <trkpt lat="-33.785331" lon="151.146671"><ele>30.4</ele></trkpt>
    <trkpt lat="-33.785267" lon="151.146517"><ele>29.5</ele></trkpt>
    <trkpt lat="-33.785167" lon="151.146415"><ele>28.6</ele></trkpt>
    <trkpt lat="-33.785122" lon="151.146311"><ele>27.9</ele></trkpt>
    <trkpt lat="-33.785126" lon="151.146094"><ele>26.8</ele></trkpt>
    <trkpt lat="-33.785101" lon="151.145896"><ele>25.5</ele></trkpt>
    <trkpt lat="-33.785090" lon="151.145871"><ele>25.3</ele></trkpt>
    <trkpt lat="-33.785091" lon="151.145840"><ele>25.1</ele></trkpt>
    <trkpt lat="-33.785126" lon="151.145624"><ele>23.1</ele></trkpt>
    <trkpt lat="-33.785105" lon="151.145544"><ele>22.1</ele></trkpt>
    <trkpt lat="-33.785064" lon="151.145475"><ele>21.2</ele></trkpt>
    <trkpt lat="-33.785003" lon="151.145412"><ele>20.1</ele></trkpt>
    <trkpt lat="-33.784925" lon="151.145360"><ele>19.0</ele></trkpt>
    <trkpt lat="-33.784840" lon="151.145335"><ele>18.0</ele></trkpt>
    <trkpt lat="-33.784789" lon="151.145248"><ele>16.9</ele></trkpt>
    <trkpt lat="-33.784766" lon="151.145217"><ele>16.6</ele></trkpt>
    <trkpt lat="-33.784725" lon="151.145144"><ele>15.8</ele></trkpt>
    <trkpt lat="-33.784660" lon="151.145059"><ele>14.8</ele></trkpt>
    <trkpt lat="-33.784575" lon="151.145007"><ele>13.7</ele></trkpt>
    <trkpt lat="-33.784394" lon="151.145009"><ele>11.7</ele></trkpt>
    <trkpt lat="-33.783898" lon="151.144761"><ele>9.5</ele></trkpt>
    <trkpt lat="-33.783642" lon="151.144686"><ele>12.4</ele></trkpt>
    <trkpt lat="-33.783584" lon="151.144692"><ele>13.2</ele></trkpt>
    <trkpt lat="-33.783297" lon="151.144667"><ele>17.6</ele></trkpt>
    <trkpt lat="-33.783267" lon="151.144659"><ele>18.0</ele></trkpt>
    <trkpt lat="-33.783207" lon="151.144580"><ele>18.9</ele></trkpt>
    <trkpt lat="-33.783164" lon="151.144553"><ele>19.5</ele></trkpt>
    <trkpt lat="-33.783048" lon="151.144322"><ele>22.2</ele></trkpt>
    <trkpt lat="-33.783023" lon="151.144138"><ele>24.1</ele></trkpt>
    <trkpt lat="-33.782997" lon="151.143951"><ele>25.0</ele></trkpt>
    <trkpt lat="-33.782994" lon="151.143777"><ele>25.4</ele></trkpt>
    <trkpt lat="-33.782960" lon="151.143707"><ele>25.0</ele></trkpt>
    <trkpt lat="-33.782905" lon="151.143675"><ele>24.7</ele></trkpt>
    <trkpt lat="-33.782809" lon="151.143715"><ele>24.2</ele></trkpt>
    <trkpt lat="-33.782694" lon="151.143807"><ele>23.5</ele></trkpt>
    <trkpt lat="-33.782563" lon="151.143800"><ele>22.7</ele></trkpt>
    <trkpt lat="-33.782514" lon="151.143740"><ele>22.8</ele></trkpt>
    <trkpt lat="-33.782481" lon="151.143658"><ele>22.9</ele></trkpt>
    <trkpt lat="-33.782414" lon="151.143502"><ele>22.9</ele></trkpt>
    <trkpt lat="-33.782310" lon="151.143418"><ele>22.6</ele></trkpt>
    <trkpt lat="-33.781961" lon="151.143221"><ele>21.1</ele></trkpt>
    <trkpt lat="-33.781797" lon="151.143169"><ele>21.3</ele></trkpt>
    <trkpt lat="-33.781557" lon="151.143156"><ele>21.7</ele></trkpt>
    <trkpt lat="-33.781493" lon="151.143127"><ele>21.9</ele></trkpt>
    <trkpt lat="-33.781369" lon="151.143142"><ele>22.2</ele></trkpt>
    <trkpt lat="-33.781209" lon="151.143147"><ele>22.5</ele></trkpt>
    <trkpt lat="-33.781036" lon="151.143047"><ele>23.0</ele></trkpt>
    <trkpt lat="-33.780977" lon="151.142924"><ele>23.4</ele></trkpt>
    <trkpt lat="-33.780978" lon="151.142779"><ele>23.7</ele></trkpt>
    <trkpt lat="-33.780971" lon="151.142537"><ele>24.2</ele></trkpt>
    <trkpt lat="-33.781049" lon="151.142256"><ele>24.5</ele></trkpt>
    <trkpt lat="-33.781338" lon="151.141678"><ele>26.2</ele></trkpt>
    <trkpt lat="-33.781494" lon="151.141223"><ele>27.5</ele></trkpt>
    <trkpt lat="-33.781681" lon="151.140932"><ele>27.9</ele></trkpt>
    <trkpt lat="-33.781801" lon="151.140700"><ele>27.3</ele></trkpt>
    <trkpt lat="-33.781930" lon="151.140493"><ele>26.4</ele></trkpt>
    <trkpt lat="-33.782004" lon="151.140309"><ele>25.5</ele></trkpt>
    <trkpt lat="-33.782078" lon="151.139967"><ele>24.4</ele></trkpt>
    <trkpt lat="-33.782051" lon="151.139853"><ele>24.3</ele></trkpt>
    <trkpt lat="-33.781995" lon="151.139805"><ele>24.1</ele></trkpt>
    <trkpt lat="-33.781267" lon="151.139671"><ele>25.3</ele></trkpt>
    <trkpt lat="-33.780614" lon="151.139655"><ele>27.9</ele></trkpt>
    <trkpt lat="-33.780344" lon="151.139671"><ele>28.6</ele></trkpt>
    <trkpt lat="-33.780202" lon="151.139657"><ele>28.7</ele></trkpt>
    <trkpt lat="-33.779868" lon="151.139578"><ele>28.4</ele></trkpt>
    <trkpt lat="-33.779658" lon="151.139488"><ele>28.2</ele></trkpt>
    <trkpt lat="-33.779375" lon="151.139399"><ele>27.9</ele></trkpt>
    <trkpt lat="-33.779305" lon="151.139424"><ele>27.8</ele></trkpt>
    <trkpt lat="-33.779255" lon="151.139483"><ele>27.9</ele></trkpt>
    <trkpt lat="-33.779035" lon="151.139879"><ele>29.2</ele></trkpt>
    <trkpt lat="-33.778877" lon="151.140085"><ele>30.2</ele></trkpt>
    <trkpt lat="-33.778711" lon="151.140230"><ele>30.9</ele></trkpt>
    <trkpt lat="-33.778281" lon="151.140498"><ele>31.5</ele></trkpt>
    <trkpt lat="-33.778158" lon="151.140563"><ele>31.3</ele></trkpt>
    <trkpt lat="-33.777897" lon="151.140575"><ele>30.9</ele></trkpt>
    <trkpt lat="-33.777818" lon="151.140601"><ele>30.7</ele></trkpt>
    <trkpt lat="-33.777770" lon="151.140624"><ele>30.5</ele></trkpt>
    <trkpt lat="-33.777759" lon="151.140641"><ele>30.5</ele></trkpt>
    <trkpt lat="-33.777767" lon="151.140672"><ele>30.6</ele></trkpt>
    <trkpt lat="-33.777803" lon="151.140677"><ele>30.6</ele></trkpt>
    <trkpt lat="-33.777849" lon="151.140687"><ele>30.6</ele></trkpt>
    <trkpt lat="-33.777870" lon="151.140710"><ele>30.7</ele></trkpt>
    <trkpt lat="-33.777868" lon="151.140739"><ele>30.7</ele></trkpt>
    <trkpt lat="-33.777701" lon="151.140847"><ele>30.8</ele></trkpt>
    <trkpt lat="-33.777601" lon="151.140831"><ele>30.9</ele></trkpt>
    <trkpt lat="-33.777570" lon="151.140813"><ele>30.9</ele></trkpt>
    <trkpt lat="-33.777405" lon="151.140848"><ele>31.2</ele></trkpt>
    <trkpt lat="-33.777288" lon="151.140842"><ele>31.4</ele></trkpt>
    <trkpt lat="-33.777123" lon="151.140790"><ele>31.8</ele></trkpt>
    <trkpt lat="-33.776967" lon="151.140621"><ele>32.5</ele></trkpt>
    <trkpt lat="-33.776905" lon="151.140560"><ele>33.0</ele></trkpt>
    <trkpt lat="-33.776814" lon="151.140631"><ele>33.5</ele></trkpt>
    <trkpt lat="-33.776485" lon="151.140617"><ele>34.3</ele></trkpt>
    <trkpt lat="-33.776189" lon="151.140605"><ele>34.5</ele></trkpt>
    <trkpt lat="-33.776112" lon="151.140556"><ele>34.3</ele></trkpt>
    <trkpt lat="-33.775993" lon="151.140393"><ele>33.8</ele></trkpt>
    <trkpt lat="-33.775690" lon="151.140071"><ele>32.3</ele></trkpt>
    <trkpt lat="-33.775586" lon="151.140009"><ele>32.2</ele></trkpt>
    <trkpt lat="-33.775453" lon="151.140013"><ele>32.5</ele></trkpt>
    <trkpt lat="-33.775096" lon="151.139935"><ele>34.0</ele></trkpt>
    <trkpt lat="-33.774953" lon="151.140047"><ele>35.5</ele></trkpt>
    <trkpt lat="-33.774581" lon="151.139802"><ele>38.5</ele></trkpt>
    <trkpt lat="-33.774368" lon="151.139606"><ele>39.9</ele></trkpt>
    <trkpt lat="-33.774255" lon="151.139469"><ele>40.2</ele></trkpt>
    <trkpt lat="-33.774028" lon="151.138950"><ele>38.7</ele></trkpt>
    <trkpt lat="-33.773887" lon="151.138728"><ele>36.5</ele></trkpt>
    <trkpt lat="-33.773873" lon="151.138711"><ele>36.3</ele></trkpt>
    <trkpt lat="-33.773864" lon="151.138699"><ele>36.2</ele></trkpt>
    <trkpt lat="-33.774054" lon="151.138397"><ele>32.8</ele></trkpt>
    <trkpt lat="-33.774069" lon="151.138316"><ele>32.0</ele></trkpt>
    <trkpt lat="-33.774042" lon="151.137933"><ele>27.7</ele></trkpt>
    <trkpt lat="-33.774054" lon="151.137773"><ele>25.7</ele></trkpt>
    <trkpt lat="-33.774097" lon="151.137658"><ele>24.4</ele></trkpt>
    <trkpt lat="-33.774206" lon="151.137526"><ele>22.8</ele></trkpt>
    <trkpt lat="-33.774315" lon="151.137430"><ele>21.4</ele></trkpt>
    <trkpt lat="-33.774407" lon="151.137365"><ele>20.2</ele></trkpt>
    <trkpt lat="-33.774534" lon="151.137315"><ele>18.8</ele></trkpt>
    <trkpt lat="-33.774739" lon="151.137283"><ele>17.3</ele></trkpt>
    <trkpt lat="-33.774884" lon="151.137277"><ele>16.6</ele></trkpt>
    <trkpt lat="-33.774989" lon="151.137273"><ele>16.1</ele></trkpt>
    <trkpt lat="-33.775172" lon="151.137319"><ele>15.6</ele></trkpt>
    <trkpt lat="-33.775297" lon="151.137320"><ele>15.4</ele></trkpt>
    <trkpt lat="-33.775483" lon="151.137287"><ele>17.0</ele></trkpt>
    <trkpt lat="-33.775612" lon="151.137203"><ele>18.3</ele></trkpt>
    <trkpt lat="-33.775649" lon="151.137158"><ele>18.9</ele></trkpt>
    <trkpt lat="-33.775678" lon="151.137015"><ele>20.2</ele></trkpt>
    <trkpt lat="-33.775623" lon="151.136728"><ele>22.7</ele></trkpt>
    <trkpt lat="-33.775657" lon="151.136447"><ele>25.3</ele></trkpt>
    <trkpt lat="-33.775621" lon="151.136294"><ele>26.7</ele></trkpt>
    <trkpt lat="-33.775448" lon="151.136049"><ele>28.9</ele></trkpt>
    <trkpt lat="-33.775426" lon="151.135989"><ele>29.0</ele></trkpt>
    <trkpt lat="-33.775290" lon="151.135701"><ele>29.6</ele></trkpt>
    <trkpt lat="-33.775209" lon="151.135292"><ele>30.2</ele></trkpt>
    <trkpt lat="-33.775206" lon="151.135208"><ele>30.2</ele></trkpt>
    <trkpt lat="-33.775183" lon="151.135109"><ele>30.1</ele></trkpt>
    <trkpt lat="-33.775161" lon="151.135076"><ele>30.0</ele></trkpt>
    <trkpt lat="-33.774970" lon="151.134870"><ele>29.7</ele></trkpt>
    <trkpt lat="-33.774891" lon="151.134728"><ele>29.8</ele></trkpt>
    <trkpt lat="-33.774855" lon="151.134607"><ele>29.8</ele></trkpt>
    <trkpt lat="-33.774727" lon="151.133968"><ele>30.4</ele></trkpt>
    <trkpt lat="-33.774723" lon="151.133830"><ele>30.5</ele></trkpt>
    <trkpt lat="-33.774759" lon="151.133510"><ele>30.5</ele></trkpt>
    <trkpt lat="-33.774751" lon="151.133361"><ele>30.4</ele></trkpt>
    <trkpt lat="-33.774724" lon="151.133271"><ele>30.1</ele></trkpt>
    <trkpt lat="-33.774643" lon="151.133129"><ele>29.5</ele></trkpt>
    <trkpt lat="-33.774587" lon="151.133083"><ele>29.2</ele></trkpt>
    <trkpt lat="-33.774546" lon="151.133072"><ele>29.1</ele></trkpt>
    <trkpt lat="-33.774476" lon="151.133081"><ele>28.8</ele></trkpt>
    <trkpt lat="-33.774218" lon="151.133178"><ele>27.8</ele></trkpt>
    <trkpt lat="-33.774115" lon="151.133258"><ele>27.5</ele></trkpt>
    <trkpt lat="-33.773911" lon="151.133496"><ele>27.0</ele></trkpt>
    <trkpt lat="-33.773849" lon="151.133543"><ele>26.8</ele></trkpt>
    <trkpt lat="-33.773469" lon="151.133676"><ele>26.6</ele></trkpt>
    <trkpt lat="-33.773097" lon="151.133699"><ele>28.4</ele></trkpt>
    <trkpt lat="-33.772815" lon="151.133849"><ele>29.6</ele></trkpt>
    <trkpt lat="-33.772699" lon="151.133861"><ele>29.8</ele></trkpt>
    <trkpt lat="-33.772447" lon="151.133840"><ele>30.9</ele></trkpt>
    <trkpt lat="-33.772418" lon="151.133832"><ele>31.0</ele></trkpt>
    <trkpt lat="-33.772387" lon="151.133813"><ele>31.2</ele></trkpt>
    <trkpt lat="-33.772358" lon="151.133737"><ele>31.6</ele></trkpt>
    <trkpt lat="-33.772333" lon="151.133549"><ele>32.5</ele></trkpt>
    <trkpt lat="-33.772320" lon="151.133454"><ele>32.8</ele></trkpt>
    <trkpt lat="-33.772280" lon="151.133163"><ele>33.1</ele></trkpt>
    <trkpt lat="-33.772284" lon="151.133020"><ele>32.9</ele></trkpt>
    <trkpt lat="-33.772336" lon="151.132758"><ele>32.9</ele></trkpt>
    <trkpt lat="-33.772525" lon="151.132345"><ele>32.1</ele></trkpt>
    <trkpt lat="-33.772540" lon="151.132245"><ele>31.7</ele></trkpt>
    <trkpt lat="-33.772521" lon="151.132164"><ele>31.3</ele></trkpt>
    <trkpt lat="-33.772474" lon="151.132085"><ele>30.9</ele></trkpt>
    <trkpt lat="-33.772377" lon="151.132035"><ele>30.4</ele></trkpt>
    <trkpt lat="-33.772430" lon="151.131849"><ele>29.9</ele></trkpt>
    <trkpt lat="-33.772452" lon="151.131756"><ele>29.7</ele></trkpt>
    <trkpt lat="-33.772395" lon="151.131620"><ele>29.9</ele></trkpt>
    <trkpt lat="-33.772354" lon="151.131411"><ele>30.3</ele></trkpt>
    <trkpt lat="-33.772307" lon="151.131024"><ele>32.0</ele></trkpt>
    <trkpt lat="-33.772162" lon="151.130796"><ele>34.1</ele></trkpt>
    <trkpt lat="-33.772115" lon="151.130617"><ele>35.1</ele></trkpt>
    <trkpt lat="-33.772038" lon="151.130327"><ele>36.3</ele></trkpt>
    <trkpt lat="-33.771967" lon="151.129867"><ele>36.1</ele></trkpt>
    <trkpt lat="-33.771893" lon="151.129457"><ele>35.0</ele></trkpt>
    <trkpt lat="-33.771952" lon="151.128974"><ele>33.3</ele></trkpt>
    <trkpt lat="-33.771914" lon="151.128431"><ele>32.3</ele></trkpt>
    <trkpt lat="-33.771812" lon="151.127878"><ele>30.8</ele></trkpt>
    <trkpt lat="-33.771811" lon="151.127694"><ele>30.5</ele></trkpt>
    <trkpt lat="-33.771890" lon="151.127334"><ele>30.1</ele></trkpt>
    <trkpt lat="-33.771926" lon="151.127118"><ele>29.9</ele></trkpt>
    <trkpt lat="-33.771982" lon="151.126899"><ele>30.2</ele></trkpt>
    <trkpt lat="-33.771990" lon="151.126820"><ele>30.3</ele></trkpt>
    <trkpt lat="-33.771929" lon="151.126577"><ele>30.7</ele></trkpt>
    <trkpt lat="-33.771899" lon="151.126520"><ele>30.8</ele></trkpt>
    <trkpt lat="-33.771850" lon="151.126470"><ele>30.9</ele></trkpt>
    <trkpt lat="-33.771794" lon="151.126442"><ele>30.8</ele></trkpt>
    <trkpt lat="-33.771580" lon="151.126429"><ele>30.5</ele></trkpt>
    <trkpt lat="-33.771560" lon="151.126403"><ele>30.5</ele></trkpt>
    <trkpt lat="-33.771533" lon="151.126350"><ele>30.4</ele></trkpt>
    <trkpt lat="-33.771515" lon="151.126317"><ele>30.3</ele></trkpt>
    <trkpt lat="-33.771480" lon="151.126275"><ele>30.2</ele></trkpt>
    <trkpt lat="-33.771486" lon="151.126227"><ele>30.1</ele></trkpt>
    <trkpt lat="-33.771568" lon="151.126132"><ele>29.8</ele></trkpt>
    <trkpt lat="-33.771668" lon="151.126068"><ele>29.4</ele></trkpt>
    <trkpt lat="-33.771743" lon="151.125956"><ele>29.0</ele></trkpt>
    <trkpt lat="-33.771777" lon="151.125860"><ele>28.6</ele></trkpt>
    <trkpt lat="-33.771901" lon="151.125881"><ele>28.2</ele></trkpt>
    <trkpt lat="-33.772044" lon="151.125770"><ele>27.9</ele></trkpt>
    <trkpt lat="-33.772076" lon="151.125682"><ele>27.9</ele></trkpt>
    <trkpt lat="-33.772070" lon="151.125567"><ele>27.8</ele></trkpt>
    <trkpt lat="-33.771999" lon="151.125484"><ele>27.8</ele></trkpt>
    <trkpt lat="-33.771906" lon="151.125492"><ele>27.7</ele></trkpt>
    <trkpt lat="-33.771760" lon="151.125337"><ele>27.7</ele></trkpt>
    <trkpt lat="-33.771625" lon="151.124846"><ele>28.3</ele></trkpt>
    <trkpt lat="-33.771482" lon="151.124794"><ele>28.4</ele></trkpt>
    <trkpt lat="-33.771116" lon="151.124500"><ele>28.8</ele></trkpt>
    <trkpt lat="-33.770952" lon="151.124446"><ele>29.1</ele></trkpt>
    <trkpt lat="-33.770744" lon="151.124319"><ele>29.0</ele></trkpt>
    <trkpt lat="-33.770186" lon="151.123899"><ele>27.4</ele></trkpt>
    <trkpt lat="-33.770086" lon="151.123754"><ele>27.0</ele></trkpt>
    <trkpt lat="-33.769954" lon="151.123647"><ele>26.9</ele></trkpt>
    <trkpt lat="-33.769886" lon="151.123560"><ele>27.0</ele></trkpt>
    <trkpt lat="-33.769879" lon="151.123538"><ele>27.0</ele></trkpt>
    <trkpt lat="-33.769888" lon="151.123512"><ele>27.0</ele></trkpt>
    <trkpt lat="-33.769877" lon="151.123482"><ele>27.0</ele></trkpt>
    <trkpt lat="-33.769747" lon="151.123200"><ele>28.3</ele></trkpt>
    <trkpt lat="-33.769617" lon="151.123163"><ele>28.9</ele></trkpt>
    <trkpt lat="-33.769537" lon="151.123198"><ele>29.3</ele></trkpt>
    <trkpt lat="-33.769417" lon="151.123113"><ele>30.0</ele></trkpt>
    <trkpt lat="-33.769427" lon="151.122949"><ele>30.6</ele></trkpt>
    <trkpt lat="-33.769436" lon="151.122910"><ele>30.8</ele></trkpt>
    <trkpt lat="-33.769442" lon="151.122882"><ele>30.9</ele></trkpt>
    <trkpt lat="-33.769455" lon="151.122862"><ele>31.0</ele></trkpt>
    <trkpt lat="-33.769541" lon="151.122843"><ele>31.2</ele></trkpt>
    <trkpt lat="-33.769594" lon="151.122811"><ele>31.4</ele></trkpt>
    <trkpt lat="-33.769599" lon="151.122721"><ele>31.6</ele></trkpt>
    <trkpt lat="-33.769536" lon="151.122530"><ele>31.8</ele></trkpt>
    <trkpt lat="-33.769466" lon="151.122436"><ele>31.9</ele></trkpt>
    <trkpt lat="-33.769237" lon="151.122456"><ele>31.9</ele></trkpt>
    <trkpt lat="-33.769156" lon="151.122471"><ele>32.1</ele></trkpt>
    <trkpt lat="-33.768806" lon="151.122195"><ele>34.8</ele></trkpt>
    <trkpt lat="-33.768255" lon="151.121939"><ele>38.4</ele></trkpt>
    <trkpt lat="-33.768262" lon="151.121578"><ele>39.9</ele></trkpt>
    <trkpt lat="-33.768193" lon="151.121396"><ele>39.7</ele></trkpt>
    <trkpt lat="-33.768120" lon="151.121198"><ele>39.3</ele></trkpt>
    <trkpt lat="-33.767989" lon="151.121016"><ele>38.4</ele></trkpt>
    <trkpt lat="-33.767951" lon="151.120804"><ele>37.9</ele></trkpt>
    <trkpt lat="-33.767914" lon="151.120756"><ele>37.7</ele></trkpt>
    <trkpt lat="-33.767839" lon="151.120710"><ele>37.5</ele></trkpt>
    <trkpt lat="-33.767656" lon="151.120723"><ele>37.3</ele></trkpt>
    <trkpt lat="-33.767249" lon="151.120566"><ele>38.0</ele></trkpt>
    <trkpt lat="-33.767147" lon="151.120565"><ele>38.6</ele></trkpt>
    <trkpt lat="-33.766797" lon="151.120638"><ele>39.6</ele></trkpt>
    <trkpt lat="-33.766468" lon="151.120593"><ele>39.7</ele></trkpt>
    <trkpt lat="-33.766280" lon="151.120449"><ele>39.7</ele></trkpt>
    <trkpt lat="-33.766018" lon="151.120335"><ele>39.1</ele></trkpt>
    <trkpt lat="-33.765897" lon="151.120337"><ele>38.6</ele></trkpt>
    <trkpt lat="-33.765706" lon="151.120335"><ele>38.2</ele></trkpt>
    <trkpt lat="-33.765400" lon="151.120211"><ele>38.4</ele></trkpt>
    <trkpt lat="-33.765217" lon="151.120220"><ele>38.7</ele></trkpt>
    <trkpt lat="-33.764781" lon="151.120106"><ele>38.9</ele></trkpt>
    <trkpt lat="-33.764618" lon="151.120043"><ele>39.2</ele></trkpt>
    <trkpt lat="-33.764612" lon="151.120012"><ele>39.2</ele></trkpt>
    <trkpt lat="-33.764597" lon="151.119992"><ele>39.2</ele></trkpt>
    <trkpt lat="-33.764522" lon="151.119941"><ele>39.4</ele></trkpt>
    <trkpt lat="-33.764501" lon="151.119915"><ele>39.5</ele></trkpt>
    <trkpt lat="-33.764434" lon="151.119903"><ele>39.6</ele></trkpt>
    <trkpt lat="-33.764250" lon="151.119829"><ele>40.0</ele></trkpt>
    <trkpt lat="-33.764169" lon="151.119811"><ele>40.3</ele></trkpt>
    <trkpt lat="-33.763888" lon="151.119824"><ele>40.9</ele></trkpt>
    <trkpt lat="-33.763732" lon="151.119894"><ele>41.0</ele></trkpt>
    <trkpt lat="-33.763567" lon="151.119944"><ele>40.2</ele></trkpt>
    <trkpt lat="-33.763488" lon="151.119922"><ele>39.8</ele></trkpt>
    <trkpt lat="-33.763392" lon="151.119820"><ele>39.0</ele></trkpt>
    <trkpt lat="-33.763275" lon="151.119738"><ele>38.1</ele></trkpt>
    <trkpt lat="-33.763114" lon="151.119655"><ele>37.1</ele></trkpt>
    <trkpt lat="-33.762994" lon="151.119643"><ele>36.4</ele></trkpt>
    <trkpt lat="-33.762871" lon="151.119604"><ele>35.6</ele></trkpt>
    <trkpt lat="-33.762713" lon="151.119482"><ele>34.6</ele></trkpt>
    <trkpt lat="-33.762569" lon="151.119330"><ele>34.1</ele></trkpt>
    <trkpt lat="-33.762509" lon="151.119231"><ele>34.2</ele></trkpt>
    <trkpt lat="-33.762450" lon="151.119108"><ele>34.5</ele></trkpt>
    <trkpt lat="-33.762286" lon="151.118884"><ele>35.6</ele></trkpt>
    <trkpt lat="-33.762335" lon="151.118667"><ele>36.4</ele></trkpt>
    <trkpt lat="-33.762322" lon="151.118593"><ele>36.6</ele></trkpt>
    <trkpt lat="-33.762277" lon="151.118533"><ele>36.8</ele></trkpt>
    <trkpt lat="-33.762141" lon="151.118480"><ele>37.3</ele></trkpt>
    <trkpt lat="-33.761930" lon="151.118456"><ele>38.1</ele></trkpt>
    <trkpt lat="-33.761844" lon="151.118363"><ele>38.6</ele></trkpt>
    <trkpt lat="-33.761780" lon="151.118203"><ele>39.2</ele></trkpt>
    <trkpt lat="-33.761792" lon="151.118058"><ele>39.7</ele></trkpt>
    <trkpt lat="-33.761829" lon="151.117918"><ele>40.1</ele></trkpt>
    <trkpt lat="-33.761768" lon="151.117857"><ele>40.3</ele></trkpt>
    <trkpt lat="-33.761655" lon="151.117718"><ele>40.7</ele></trkpt>
    <trkpt lat="-33.761527" lon="151.117583"><ele>41.6</ele></trkpt>
    <trkpt lat="-33.761459" lon="151.117416"><ele>42.5</ele></trkpt>
    <trkpt lat="-33.761380" lon="151.117323"><ele>43.1</ele></trkpt>
    <trkpt lat="-33.761203" lon="151.117220"><ele>44.2</ele></trkpt>
    <trkpt lat="-33.761053" lon="151.117071"><ele>45.4</ele></trkpt>
    <trkpt lat="-33.761024" lon="151.117047"><ele>45.7</ele></trkpt>
    <trkpt lat="-33.760974" lon="151.116937"><ele>46.7</ele></trkpt>
    <trkpt lat="-33.760868" lon="151.116498"><ele>50.6</ele></trkpt>
    <trkpt lat="-33.760483" lon="151.115897"><ele>58.9</ele></trkpt>
    <trkpt lat="-33.760410" lon="151.115714"><ele>61.4</ele></trkpt>
    <trkpt lat="-33.760348" lon="151.115675"><ele>62.5</ele></trkpt>
    <trkpt lat="-33.760312" lon="151.115557"><ele>64.0</ele></trkpt>
    <trkpt lat="-33.760328" lon="151.115428"><ele>65.7</ele></trkpt>
    <trkpt lat="-33.760428" lon="151.115301"><ele>67.6</ele></trkpt>
    <trkpt lat="-33.760398" lon="151.115248"><ele>68.3</ele></trkpt>
    <trkpt lat="-33.760249" lon="151.115170"><ele>69.9</ele></trkpt>
    <trkpt lat="-33.760187" lon="151.115066"><ele>70.6</ele></trkpt>
    <trkpt lat="-33.760254" lon="151.114968"><ele>71.2</ele></trkpt>
    <trkpt lat="-33.760276" lon="151.114741"><ele>71.4</ele></trkpt>
    <trkpt lat="-33.760306" lon="151.114574"><ele>71.3</ele></trkpt>
    <trkpt lat="-33.760379" lon="151.114473"><ele>71.0</ele></trkpt>
    <trkpt lat="-33.760468" lon="151.114325"><ele>70.2</ele></trkpt>
    <trkpt lat="-33.760523" lon="151.114227"><ele>69.3</ele></trkpt>
    <trkpt lat="-33.760541" lon="151.114127"><ele>68.6</ele></trkpt>
    <trkpt lat="-33.760474" lon="151.113893"><ele>66.4</ele></trkpt>
    <trkpt lat="-33.760478" lon="151.113796"><ele>65.6</ele></trkpt>
    <trkpt lat="-33.760557" lon="151.113368"><ele>62.6</ele></trkpt>
    <trkpt lat="-33.760718" lon="151.112977"><ele>61.4</ele></trkpt>
    <trkpt lat="-33.760684" lon="151.112786"><ele>61.0</ele></trkpt>
    <trkpt lat="-33.760447" lon="151.112397"><ele>59.8</ele></trkpt>
    <trkpt lat="-33.760418" lon="151.112291"><ele>59.6</ele></trkpt>
    <trkpt lat="-33.760430" lon="151.112213"><ele>59.5</ele></trkpt>
    <trkpt lat="-33.760496" lon="151.112169"><ele>59.4</ele></trkpt>
    <trkpt lat="-33.760574" lon="151.112067"><ele>59.3</ele></trkpt>
    <trkpt lat="-33.760641" lon="151.111932"><ele>59.0</ele></trkpt>
    <trkpt lat="-33.760663" lon="151.111855"><ele>58.8</ele></trkpt>
    <trkpt lat="-33.760665" lon="151.111726"><ele>58.4</ele></trkpt>
    <trkpt lat="-33.760640" lon="151.111430"><ele>57.2</ele></trkpt>
    <trkpt lat="-33.760624" lon="151.111164"><ele>56.9</ele></trkpt>
    <trkpt lat="-33.760523" lon="151.110790"><ele>56.3</ele></trkpt>
    <trkpt lat="-33.760542" lon="151.110687"><ele>56.0</ele></trkpt>
    <trkpt lat="-33.760588" lon="151.110583"><ele>55.7</ele></trkpt>
    <trkpt lat="-33.760669" lon="151.110480"><ele>55.1</ele></trkpt>
    <trkpt lat="-33.761004" lon="151.110270"><ele>52.6</ele></trkpt>
    <trkpt lat="-33.761226" lon="151.110042"><ele>50.4</ele></trkpt>
    <trkpt lat="-33.761295" lon="151.109997"><ele>49.8</ele></trkpt>
    <trkpt lat="-33.761428" lon="151.109964"><ele>49.3</ele></trkpt>
    <trkpt lat="-33.761528" lon="151.109957"><ele>49.0</ele></trkpt>
    <trkpt lat="-33.761578" lon="151.109904"><ele>48.7</ele></trkpt>
    <trkpt lat="-33.761604" lon="151.109824"><ele>48.4</ele></trkpt>
    <trkpt lat="-33.761595" lon="151.109644"><ele>47.8</ele></trkpt>
    <trkpt lat="-33.761563" lon="151.109513"><ele>47.5</ele></trkpt>
    <trkpt lat="-33.761532" lon="151.109382"><ele>47.3</ele></trkpt>
    <trkpt lat="-33.761534" lon="151.109281"><ele>47.2</ele></trkpt>
    <trkpt lat="-33.761555" lon="151.109239"><ele>47.3</ele></trkpt>
    <trkpt lat="-33.761688" lon="151.109091"><ele>47.7</ele></trkpt>
    <trkpt lat="-33.761731" lon="151.108973"><ele>47.8</ele></trkpt>
    <trkpt lat="-33.761740" lon="151.108859"><ele>48.0</ele></trkpt>
    <trkpt lat="-33.761734" lon="151.108710"><ele>48.1</ele></trkpt>
    <trkpt lat="-33.761669" lon="151.108392"><ele>48.3</ele></trkpt>
    <trkpt lat="-33.761617" lon="151.108308"><ele>48.6</ele></trkpt>
    <trkpt lat="-33.761528" lon="151.108193"><ele>49.2</ele></trkpt>
    <trkpt lat="-33.761447" lon="151.108123"><ele>49.7</ele></trkpt>
    <trkpt lat="-33.761332" lon="151.108055"><ele>50.4</ele></trkpt>
    <trkpt lat="-33.761173" lon="151.107987"><ele>51.4</ele></trkpt>
    <trkpt lat="-33.760859" lon="151.107900"><ele>53.0</ele></trkpt>
    <trkpt lat="-33.760822" lon="151.107851"><ele>53.3</ele></trkpt>
    <trkpt lat="-33.760741" lon="151.107755"><ele>53.5</ele></trkpt>
    <trkpt lat="-33.760658" lon="151.107682"><ele>53.6</ele></trkpt>
    <trkpt lat="-33.760602" lon="151.107633"><ele>53.7</ele></trkpt>
    <trkpt lat="-33.760648" lon="151.107544"><ele>53.6</ele></trkpt>
    <trkpt lat="-33.760779" lon="151.107212"><ele>53.1</ele></trkpt>
    <trkpt lat="-33.760846" lon="151.107085"><ele>52.8</ele></trkpt>
    <trkpt lat="-33.760916" lon="151.106965"><ele>52.4</ele></trkpt>
    <trkpt lat="-33.760936" lon="151.106876"><ele>52.2</ele></trkpt>
    <trkpt lat="-33.760937" lon="151.106761"><ele>51.9</ele></trkpt>
    <trkpt lat="-33.760927" lon="151.106664"><ele>51.7</ele></trkpt>
    <trkpt lat="-33.760901" lon="151.106555"><ele>51.4</ele></trkpt>
    <trkpt lat="-33.760862" lon="151.106479"><ele>51.2</ele></trkpt>
    <trkpt lat="-33.760655" lon="151.106211"><ele>50.6</ele></trkpt>
    <trkpt lat="-33.760620" lon="151.106162"><ele>50.5</ele></trkpt>
    <trkpt lat="-33.760608" lon="151.106107"><ele>50.4</ele></trkpt>
    <trkpt lat="-33.760612" lon="151.106059"><ele>50.3</ele></trkpt>
    <trkpt lat="-33.760624" lon="151.106013"><ele>50.2</ele></trkpt>
    <trkpt lat="-33.760655" lon="151.105995"><ele>50.2</ele></trkpt>
    <trkpt lat="-33.760758" lon="151.105977"><ele>49.9</ele></trkpt>
    <trkpt lat="-33.760856" lon="151.105935"><ele>49.7</ele></trkpt>
    <trkpt lat="-33.760899" lon="151.105889"><ele>49.5</ele></trkpt>
    <trkpt lat="-33.760936" lon="151.105812"><ele>49.3</ele></trkpt>
    <trkpt lat="-33.760935" lon="151.105749"><ele>49.2</ele></trkpt>
    <trkpt lat="-33.760914" lon="151.105692"><ele>49.0</ele></trkpt>
    <trkpt lat="-33.760883" lon="151.105654"><ele>48.9</ele></trkpt>
    <trkpt lat="-33.760706" lon="151.105542"><ele>48.7</ele></trkpt>
    <trkpt lat="-33.760652" lon="151.105563"><ele>48.6</ele></trkpt>
    <trkpt lat="-33.760062" lon="151.105646"><ele>49.1</ele></trkpt>
    <trkpt lat="-33.759736" lon="151.105659"><ele>49.1</ele></trkpt>
    <trkpt lat="-33.759565" lon="151.105612"><ele>48.7</ele></trkpt>
    <trkpt lat="-33.759099" lon="151.105359"><ele>48.2</ele></trkpt>
    <trkpt lat="-33.758837" lon="151.105313"><ele>49.0</ele></trkpt>
    <trkpt lat="-33.758510" lon="151.105345"><ele>50.2</ele></trkpt>
    <trkpt lat="-33.757740" lon="151.105656"><ele>53.7</ele></trkpt>
    <trkpt lat="-33.757573" lon="151.105669"><ele>54.0</ele></trkpt>
    <trkpt lat="-33.757430" lon="151.105600"><ele>54.3</ele></trkpt>
    <trkpt lat="-33.757267" lon="151.105438"><ele>54.6</ele></trkpt>
    <trkpt lat="-33.757107" lon="151.105144"><ele>54.5</ele></trkpt>
    <trkpt lat="-33.756954" lon="151.104977"><ele>54.1</ele></trkpt>
    <trkpt lat="-33.756495" lon="151.104734"><ele>54.1</ele></trkpt>
    <trkpt lat="-33.756498" lon="151.104673"><ele>54.3</ele></trkpt>
    <trkpt lat="-33.756515" lon="151.104340"><ele>55.0</ele></trkpt>
    <trkpt lat="-33.756501" lon="151.104150"><ele>55.6</ele></trkpt>
    <trkpt lat="-33.756351" lon="151.103945"><ele>57.0</ele></trkpt>
    <trkpt lat="-33.756056" lon="151.103724"><ele>59.0</ele></trkpt>
    <trkpt lat="-33.755798" lon="151.103481"><ele>59.5</ele></trkpt>
    <trkpt lat="-33.755598" lon="151.103233"><ele>59.3</ele></trkpt>
    <trkpt lat="-33.754831" lon="151.102732"><ele>55.0</ele></trkpt>
    <trkpt lat="-33.754523" lon="151.102647"><ele>51.9</ele></trkpt>
    <trkpt lat="-33.754379" lon="151.102518"><ele>50.8</ele></trkpt>
    <trkpt lat="-33.754183" lon="151.102306"><ele>49.7</ele></trkpt>
    <trkpt lat="-33.753971" lon="151.101835"><ele>48.0</ele></trkpt>
    <trkpt lat="-33.753969" lon="151.101741"><ele>47.7</ele></trkpt>
    <trkpt lat="-33.754029" lon="151.101588"><ele>47.4</ele></trkpt>
    <trkpt lat="-33.754220" lon="151.101363"><ele>48.9</ele></trkpt>
    <trkpt lat="-33.754385" lon="151.101016"><ele>51.6</ele></trkpt>
    <trkpt lat="-33.754390" lon="151.100901"><ele>52.5</ele></trkpt>
    <trkpt lat="-33.754330" lon="151.100783"><ele>53.6</ele></trkpt>
    <trkpt lat="-33.754220" lon="151.100698"><ele>54.8</ele></trkpt>
    <trkpt lat="-33.753881" lon="151.100522"><ele>57.8</ele></trkpt>
    <trkpt lat="-33.753568" lon="151.100465"><ele>57.6</ele></trkpt>
    <trkpt lat="-33.753399" lon="151.100392"><ele>56.4</ele></trkpt>
    <trkpt lat="-33.753289" lon="151.100333"><ele>55.6</ele></trkpt>
    <trkpt lat="-33.753104" lon="151.100302"><ele>54.3</ele></trkpt>
    <trkpt lat="-33.752925" lon="151.100325"><ele>54.2</ele></trkpt>
    <trkpt lat="-33.752719" lon="151.100361"><ele>54.7</ele></trkpt>
    <trkpt lat="-33.752363" lon="151.100522"><ele>57.1</ele></trkpt>
    <trkpt lat="-33.752096" lon="151.100531"><ele>58.8</ele></trkpt>
    <trkpt lat="-33.751966" lon="151.100485"><ele>59.2</ele></trkpt>
    <trkpt lat="-33.751659" lon="151.100185"><ele>59.0</ele></trkpt>
    <trkpt lat="-33.751165" lon="151.099291"><ele>58.2</ele></trkpt>
    <trkpt lat="-33.750909" lon="151.099090"><ele>60.1</ele></trkpt>
    <trkpt lat="-33.750672" lon="151.099061"><ele>61.4</ele></trkpt>
    <trkpt lat="-33.749959" lon="151.099178"><ele>62.3</ele></trkpt>
    <trkpt lat="-33.749580" lon="151.099193"><ele>62.0</ele></trkpt>
    <trkpt lat="-33.749484" lon="151.099154"><ele>61.9</ele></trkpt>
    <trkpt lat="-33.749368" lon="151.099074"><ele>61.8</ele></trkpt>
    <trkpt lat="-33.749157" lon="151.098872"><ele>61.7</ele></trkpt>
    <trkpt lat="-33.749003" lon="151.098686"><ele>61.7</ele></trkpt>
    <trkpt lat="-33.748669" lon="151.098518"><ele>60.4</ele></trkpt>
    <trkpt lat="-33.748500" lon="151.098408"><ele>59.6</ele></trkpt>
    <trkpt lat="-33.748417" lon="151.098324"><ele>59.3</ele></trkpt>
    <trkpt lat="-33.748301" lon="151.097896"><ele>58.2</ele></trkpt>
    <trkpt lat="-33.748215" lon="151.097487"><ele>57.0</ele></trkpt>
    <trkpt lat="-33.748214" lon="151.097247"><ele>56.7</ele></trkpt>
    <trkpt lat="-33.748331" lon="151.096745"><ele>55.5</ele></trkpt>
    <trkpt lat="-33.748407" lon="151.096005"><ele>53.0</ele></trkpt>
    <trkpt lat="-33.748297" lon="151.094886"><ele>55.2</ele></trkpt>
    <trkpt lat="-33.748041" lon="151.094349"><ele>57.9</ele></trkpt>
    <trkpt lat="-33.747912" lon="151.093841"><ele>58.4</ele></trkpt>
    <trkpt lat="-33.747786" lon="151.093305"><ele>59.9</ele></trkpt>
    <trkpt lat="-33.747754" lon="151.093269"><ele>60.3</ele></trkpt>
    <trkpt lat="-33.747732" lon="151.093244"><ele>60.5</ele></trkpt>
    <trkpt lat="-33.747603" lon="151.093133"><ele>61.9</ele></trkpt>
    <trkpt lat="-33.747498" lon="151.093102"><ele>63.0</ele></trkpt>
    <trkpt lat="-33.747185" lon="151.093081"><ele>66.4</ele></trkpt>
    <trkpt lat="-33.746646" lon="151.093318"><ele>71.8</ele></trkpt>
    <trkpt lat="-33.746432" lon="151.093302"><ele>72.5</ele></trkpt>
    <trkpt lat="-33.746118" lon="151.093005"><ele>72.7</ele></trkpt>
    <trkpt lat="-33.745673" lon="151.092364"><ele>75.5</ele></trkpt>
    <trkpt lat="-33.745289" lon="151.091953"><ele>79.0</ele></trkpt>
    <trkpt lat="-33.744773" lon="151.091473"><ele>81.0</ele></trkpt>
    <trkpt lat="-33.744462" lon="151.091308"><ele>78.2</ele></trkpt>
    <trkpt lat="-33.744154" lon="151.090982"><ele>74.9</ele></trkpt>
    <trkpt lat="-33.743993" lon="151.090936"><ele>74.2</ele></trkpt>
    <trkpt lat="-33.743752" lon="151.090915"><ele>73.8</ele></trkpt>
    <trkpt lat="-33.743090" lon="151.090998"><ele>77.4</ele></trkpt>
    <trkpt lat="-33.742453" lon="151.090870"><ele>78.9</ele></trkpt>
    <trkpt lat="-33.742288" lon="151.090884"><ele>78.7</ele></trkpt>
    <trkpt lat="-33.742157" lon="151.091044"><ele>78.5</ele></trkpt>
    <trkpt lat="-33.741185" lon="151.092020"><ele>75.5</ele></trkpt>
    <trkpt lat="-33.741038" lon="151.092090"><ele>75.5</ele></trkpt>
    <trkpt lat="-33.740649" lon="151.092184"><ele>77.1</ele></trkpt>
    <trkpt lat="-33.740053" lon="151.091887"><ele>79.3</ele></trkpt>
    <trkpt lat="-33.739801" lon="151.091821"><ele>79.7</ele></trkpt>
    <trkpt lat="-33.739662" lon="151.091799"><ele>79.5</ele></trkpt>
    <trkpt lat="-33.739494" lon="151.091674"><ele>78.7</ele></trkpt>
    <trkpt lat="-33.739346" lon="151.091448"><ele>77.6</ele></trkpt>
    <trkpt lat="-33.739283" lon="151.091426"><ele>77.3</ele></trkpt>
    <trkpt lat="-33.739253" lon="151.091423"><ele>77.1</ele></trkpt>
    <trkpt lat="-33.739237" lon="151.091432"><ele>77.1</ele></trkpt>
    <trkpt lat="-33.739132" lon="151.091401"><ele>76.7</ele></trkpt>
    <trkpt lat="-33.739095" lon="151.091347"><ele>76.5</ele></trkpt>
    <trkpt lat="-33.738558" lon="151.090851"><ele>79.1</ele></trkpt>
    <trkpt lat="-33.738163" lon="151.090182"><ele>85.2</ele></trkpt>
    <trkpt lat="-33.737852" lon="151.090031"><ele>89.1</ele></trkpt>
    <trkpt lat="-33.737899" lon="151.089924"><ele>90.3</ele></trkpt>
    <trkpt lat="-33.737935" lon="151.089775"><ele>91.9</ele></trkpt>
    <trkpt lat="-33.737999" lon="151.089735"><ele>93.0</ele></trkpt>
    <trkpt lat="-33.738008" lon="151.089692"><ele>93.6</ele></trkpt>
    <trkpt lat="-33.737990" lon="151.089673"><ele>94.0</ele></trkpt>
    <trkpt lat="-33.737853" lon="151.089672"><ele>96.3</ele></trkpt>
    <trkpt lat="-33.737823" lon="151.089589"><ele>97.7</ele></trkpt>
    <trkpt lat="-33.737700" lon="151.089538"><ele>100.2</ele></trkpt>
    <trkpt lat="-33.737809" lon="151.089497"><ele>102.4</ele></trkpt>
    <trkpt lat="-33.737829" lon="151.089416"><ele>103.5</ele></trkpt>
    <trkpt lat="-33.737857" lon="151.089292"><ele>105.3</ele></trkpt>
    <trkpt lat="-33.738031" lon="151.089097"><ele>109.3</ele></trkpt>
    <trkpt lat="-33.738096" lon="151.088852"><ele>112.8</ele></trkpt>
    <trkpt lat="-33.738127" lon="151.088809"><ele>113.6</ele></trkpt>
    <trkpt lat="-33.738134" lon="151.088760"><ele>114.2</ele></trkpt>
    <trkpt lat="-33.738138" lon="151.088730"><ele>114.6</ele></trkpt>
    <trkpt lat="-33.738072" lon="151.088660"><ele>115.9</ele></trkpt>
    <trkpt lat="-33.738103" lon="151.088576"><ele>117.0</ele></trkpt>
    <trkpt lat="-33.738081" lon="151.088504"><ele>117.8</ele></trkpt>
    <trkpt lat="-33.738148" lon="151.088393"><ele>119.5</ele></trkpt>
    <trkpt lat="-33.738149" lon="151.088329"><ele>120.3</ele></trkpt>
    <trkpt lat="-33.738069" lon="151.088168"><ele>122.9</ele></trkpt>
    <trkpt lat="-33.738077" lon="151.087841"><ele>126.8</ele></trkpt>
    <trkpt lat="-33.738002" lon="151.087480"><ele>131.1</ele></trkpt>
    <trkpt lat="-33.737992" lon="151.087122"><ele>135.2</ele></trkpt>
    <trkpt lat="-33.737947" lon="151.086982"><ele>137.0</ele></trkpt>
    <trkpt lat="-33.737769" lon="151.086359"><ele>144.1</ele></trkpt>
    <trkpt lat="-33.737680" lon="151.086254"><ele>145.7</ele></trkpt>
    <trkpt lat="-33.737468" lon="151.086416"><ele>148.6</ele></trkpt>
    <trkpt lat="-33.737236" lon="151.086671"><ele>151.7</ele></trkpt>
    <trkpt lat="-33.737027" lon="151.087117"><ele>155.8</ele></trkpt>
    <trkpt lat="-33.736925" lon="151.087205"><ele>156.6</ele></trkpt>
    <trkpt lat="-33.736805" lon="151.087188"><ele>157.2</ele></trkpt>
    <trkpt lat="-33.736768" lon="151.087178"><ele>157.4</ele></trkpt>
    <trkpt lat="-33.736592" lon="151.087134"><ele>158.2</ele></trkpt>
    <trkpt lat="-33.736442" lon="151.086964"><ele>159.1</ele></trkpt>
    <trkpt lat="-33.736103" lon="151.086958"><ele>159.7</ele></trkpt>
    <trkpt lat="-33.735936" lon="151.086891"><ele>159.5</ele></trkpt>
    <trkpt lat="-33.735719" lon="151.086676"><ele>159.5</ele></trkpt>
    <trkpt lat="-33.735720" lon="151.086534"><ele>159.5</ele></trkpt>
    <trkpt lat="-33.735709" lon="151.086386"><ele>159.6</ele></trkpt>
    <trkpt lat="-33.735682" lon="151.086383"><ele>159.6</ele></trkpt>
    <trkpt lat="-33.735612" lon="151.086393"><ele>159.5</ele></trkpt>
    <trkpt lat="-33.735608" lon="151.086335"><ele>159.5</ele></trkpt>
    <trkpt lat="-33.735613" lon="151.086173"><ele>159.5</ele></trkpt>
    <trkpt lat="-33.735542" lon="151.086112"><ele>159.5</ele></trkpt>
    <trkpt lat="-33.735500" lon="151.086076"><ele>159.5</ele></trkpt>
    <trkpt lat="-33.735363" lon="151.085903"><ele>159.5</ele></trkpt>
    <trkpt lat="-33.735081" lon="151.085459"><ele>159.0</ele></trkpt>
    <trkpt lat="-33.734929" lon="151.085221"><ele>158.9</ele></trkpt>
    <trkpt lat="-33.734641" lon="151.084767"><ele>159.5</ele></trkpt>
    <trkpt lat="-33.734607" lon="151.084703"><ele>159.5</ele></trkpt>
    <trkpt lat="-33.734290" lon="151.084106"><ele>161.2</ele></trkpt>
    <trkpt lat="-33.733993" lon="151.083617"><ele>162.4</ele></trkpt>
    <trkpt lat="-33.733909" lon="151.083506"><ele>162.7</ele></trkpt>
    <trkpt lat="-33.733758" lon="151.083630"><ele>163.2</ele></trkpt>
    <trkpt lat="-33.732946" lon="151.081696"><ele>167.4</ele></trkpt>
    <trkpt lat="-33.732234" lon="151.080001"><ele>169.5</ele></trkpt>
    <trkpt lat="-33.732162" lon="151.079830"><ele>169.6</ele></trkpt>
    <trkpt lat="-33.732166" lon="151.079690"><ele>169.8</ele></trkpt>
    <trkpt lat="-33.732100" lon="151.079536"><ele>169.9</ele></trkpt>
    <trkpt lat="-33.732077" lon="151.079555"><ele>169.9</ele></trkpt>
    <trkpt lat="-33.732139" lon="151.079705"><ele>169.9</ele></trkpt>
    <trkpt lat="-33.732159" lon="151.079694"><ele>170.0</ele></trkpt>
    <trkpt lat="-33.732088" lon="151.079528"><ele>170.1</ele></trkpt>
    <trkpt lat="-33.731877" lon="151.079284"><ele>170.3</ele></trkpt>
    <trkpt lat="-33.731738" lon="151.079066"><ele>170.3</ele></trkpt>
    <trkpt lat="-33.731754" lon="151.079054"><ele>170.3</ele></trkpt>
    <trkpt lat="-33.731895" lon="151.079259"><ele>170.2</ele></trkpt>
    <trkpt lat="-33.731905" lon="151.079249"><ele>170.2</ele></trkpt>
    <trkpt lat="-33.731934" lon="151.079218"><ele>170.2</ele></trkpt>
    <trkpt lat="-33.731777" lon="151.078954"><ele>170.2</ele></trkpt>
    <trkpt lat="-33.731692" lon="151.078750"><ele>170.3</ele></trkpt>
    <trkpt lat="-33.731921" lon="151.078540"><ele>170.6</ele></trkpt>
    <trkpt lat="-33.731967" lon="151.078498"><ele>170.7</ele></trkpt>
    <trkpt lat="-33.731998" lon="151.078425"><ele>170.8</ele></trkpt>
    <trkpt lat="-33.732093" lon="151.078340"><ele>170.9</ele></trkpt>
    <trkpt lat="-33.732012" lon="151.078217"><ele>171.1</ele></trkpt>
    <trkpt lat="-33.731901" lon="151.078044"><ele>171.4</ele></trkpt>
    <trkpt lat="-33.731808" lon="151.078129"><ele>171.5</ele></trkpt>
    <trkpt lat="-33.731762" lon="151.078118"><ele>171.6</ele></trkpt>
    <trkpt lat="-33.731674" lon="151.078158"><ele>171.5</ele></trkpt>
    <trkpt lat="-33.731576" lon="151.078089"><ele>171.5</ele></trkpt>
    <trkpt lat="-33.731536" lon="151.078078"><ele>171.5</ele></trkpt>
    <trkpt lat="-33.731344" lon="151.078243"><ele>171.1</ele></trkpt>
    <trkpt lat="-33.731303" lon="151.078173"><ele>170.9</ele></trkpt>
    <trkpt lat="-33.731255" lon="151.078092"><ele>170.7</ele></trkpt>
    <trkpt lat="-33.731200" lon="151.078061"><ele>170.5</ele></trkpt>
    <trkpt lat="-33.731039" lon="151.077818"><ele>169.2</ele></trkpt>
    <trkpt lat="-33.730654" lon="151.077254"><ele>164.5</ele></trkpt>
    <trkpt lat="-33.730471" lon="151.076931"><ele>161.7</ele></trkpt>
    <trkpt lat="-33.730328" lon="151.076706"><ele>159.1</ele></trkpt>
    <trkpt lat="-33.730198" lon="151.076502"><ele>156.6</ele></trkpt>
    <trkpt lat="-33.729975" lon="151.076179"><ele>152.6</ele></trkpt>
    <trkpt lat="-33.729817" lon="151.075926"><ele>149.7</ele></trkpt>
    <trkpt lat="-33.729554" lon="151.075523"><ele>145.8</ele></trkpt>
    <trkpt lat="-33.729532" lon="151.075490"><ele>145.6</ele></trkpt>
    <trkpt lat="-33.729448" lon="151.075363"><ele>144.9</ele></trkpt>
    <trkpt lat="-33.729272" lon="151.075094"><ele>144.2</ele></trkpt>
    <trkpt lat="-33.729266" lon="151.075086"><ele>144.1</ele></trkpt>
    <trkpt lat="-33.729149" lon="151.074917"><ele>143.9</ele></trkpt>
    <trkpt lat="-33.728986" lon="151.074678"><ele>143.8</ele></trkpt>
    <trkpt lat="-33.728932" lon="151.074576"><ele>143.7</ele></trkpt>
    <trkpt lat="-33.729002" lon="151.074476"><ele>143.7</ele></trkpt>
    <trkpt lat="-33.729485" lon="151.073923"><ele>144.1</ele></trkpt>
    <trkpt lat="-33.729634" lon="151.073741"><ele>144.3</ele></trkpt>
    <trkpt lat="-33.729732" lon="151.073635"><ele>144.2</ele></trkpt>
    <trkpt lat="-33.729810" lon="151.073532"><ele>144.1</ele></trkpt>
    <trkpt lat="-33.729876" lon="151.073431"><ele>144.1</ele></trkpt>
    <trkpt lat="-33.730051" lon="151.073231"><ele>144.1</ele></trkpt>
    <trkpt lat="-33.730022" lon="151.073187"><ele>144.1</ele></trkpt>
    <trkpt lat="-33.729333" lon="151.072172"><ele>146.3</ele></trkpt>
    <trkpt lat="-33.729272" lon="151.072062"><ele>146.4</ele></trkpt>
    <trkpt lat="-33.728952" lon="151.071575"><ele>144.4</ele></trkpt>
    <trkpt lat="-33.728890" lon="151.071510"><ele>144.0</ele></trkpt>
    <trkpt lat="-33.728842" lon="151.071479"><ele>143.6</ele></trkpt>
    <trkpt lat="-33.728539" lon="151.071349"><ele>140.9</ele></trkpt>
    <trkpt lat="-33.728477" lon="151.071307"><ele>140.3</ele></trkpt>
    <trkpt lat="-33.728428" lon="151.071263"><ele>139.8</ele></trkpt>
    <trkpt lat="-33.728395" lon="151.071221"><ele>139.4</ele></trkpt>
    <trkpt lat="-33.728361" lon="151.071164"><ele>139.2</ele></trkpt>
    <trkpt lat="-33.728323" lon="151.071078"><ele>138.9</ele></trkpt>
    <trkpt lat="-33.728215" lon="151.071123"><ele>138.5</ele></trkpt>
    <trkpt lat="-33.728102" lon="151.071214"><ele>138.3</ele></trkpt>
    <trkpt lat="-33.728063" lon="151.071275"><ele>138.3</ele></trkpt>
    <trkpt lat="-33.728005" lon="151.071407"><ele>138.2</ele></trkpt>
    <trkpt lat="-33.727979" lon="151.071451"><ele>138.2</ele></trkpt>
    <trkpt lat="-33.727951" lon="151.071475"><ele>138.2</ele></trkpt>
    <trkpt lat="-33.727920" lon="151.071474"><ele>138.2</ele></trkpt>
    <trkpt lat="-33.727880" lon="151.071448"><ele>138.2</ele></trkpt>
    <trkpt lat="-33.727860" lon="151.071404"><ele>138.2</ele></trkpt>
    <trkpt lat="-33.727840" lon="151.071299"><ele>138.3</ele></trkpt>
    <trkpt lat="-33.727847" lon="151.070885"><ele>138.6</ele></trkpt>
    <trkpt lat="-33.727908" lon="151.070614"><ele>138.7</ele></trkpt>
    <trkpt lat="-33.727922" lon="151.070570"><ele>138.8</ele></trkpt>
    <trkpt lat="-33.727936" lon="151.070441"><ele>138.8</ele></trkpt>
    <trkpt lat="-33.727944" lon="151.070283"><ele>138.9</ele></trkpt>
    <trkpt lat="-33.727934" lon="151.070054"><ele>138.9</ele></trkpt>
    <trkpt lat="-33.727951" lon="151.069977"><ele>138.9</ele></trkpt>
    <trkpt lat="-33.728088" lon="151.069858"><ele>138.8</ele></trkpt>
    <trkpt lat="-33.727901" lon="151.069713"><ele>138.8</ele></trkpt>
    <trkpt lat="-33.727864" lon="151.069654"><ele>138.7</ele></trkpt>
    <trkpt lat="-33.727752" lon="151.069531"><ele>138.6</ele></trkpt>
    <trkpt lat="-33.727589" lon="151.069413"><ele>138.4</ele></trkpt>
    <trkpt lat="-33.727432" lon="151.069240"><ele>137.9</ele></trkpt>
    <trkpt lat="-33.727223" lon="151.069037"><ele>137.3</ele></trkpt>
    <trkpt lat="-33.727108" lon="151.068982"><ele>137.0</ele></trkpt>
    <trkpt lat="-33.727051" lon="151.068980"><ele>136.9</ele></trkpt>
    <trkpt lat="-33.727051" lon="151.068887"><ele>136.7</ele></trkpt>
    <trkpt lat="-33.726852" lon="151.068428"><ele>136.2</ele></trkpt>
    <trkpt lat="-33.726858" lon="151.068304"><ele>136.2</ele></trkpt>
    <trkpt lat="-33.726827" lon="151.068194"><ele>136.3</ele></trkpt>
    <trkpt lat="-33.726646" lon="151.068004"><ele>136.4</ele></trkpt>
    <trkpt lat="-33.726627" lon="151.067791"><ele>136.5</ele></trkpt>
    <trkpt lat="-33.726434" lon="151.067677"><ele>136.3</ele></trkpt>
    <trkpt lat="-33.726303" lon="151.067601"><ele>136.0</ele></trkpt>
    <trkpt lat="-33.726095" lon="151.067618"><ele>135.3</ele></trkpt>
    <trkpt lat="-33.725836" lon="151.067516"><ele>133.5</ele></trkpt>
    <trkpt lat="-33.725579" lon="151.067478"><ele>131.7</ele></trkpt>
    <trkpt lat="-33.725121" lon="151.067270"><ele>128.5</ele></trkpt>
    <trkpt lat="-33.724946" lon="151.067019"><ele>127.4</ele></trkpt>
    <trkpt lat="-33.724664" lon="151.066799"><ele>126.8</ele></trkpt>
    <trkpt lat="-33.724277" lon="151.066239"><ele>125.2</ele></trkpt>
    <trkpt lat="-33.723946" lon="151.065926"><ele>124.0</ele></trkpt>
    <trkpt lat="-33.723542" lon="151.065065"><ele>121.8</ele></trkpt>
    <trkpt lat="-33.723496" lon="151.064780"><ele>121.3</ele></trkpt>
    <trkpt lat="-33.723307" lon="151.064308"><ele>120.1</ele></trkpt>
    <trkpt lat="-33.723279" lon="151.064128"><ele>119.5</ele></trkpt>
    <trkpt lat="-33.723296" lon="151.063968"><ele>119.3</ele></trkpt>
    <trkpt lat="-33.723303" lon="151.063896"><ele>119.2</ele></trkpt>
    <trkpt lat="-33.723281" lon="151.063775"><ele>119.0</ele></trkpt>
    <trkpt lat="-33.723091" lon="151.063555"><ele>118.5</ele></trkpt>
    <trkpt lat="-33.722858" lon="151.062768"><ele>118.0</ele></trkpt>
    <trkpt lat="-33.722827" lon="151.062481"><ele>118.2</ele></trkpt>
    <trkpt lat="-33.722675" lon="151.062159"><ele>118.2</ele></trkpt>
    <trkpt lat="-33.722501" lon="151.061569"><ele>118.9</ele></trkpt>
    <trkpt lat="-33.722098" lon="151.060726"><ele>119.7</ele></trkpt>
    <trkpt lat="-33.721559" lon="151.059687"><ele>120.1</ele></trkpt>
    <trkpt lat="-33.721393" lon="151.059509"><ele>120.0</ele></trkpt>
    <trkpt lat="-33.721145" lon="151.059100"><ele>119.1</ele></trkpt>
    <trkpt lat="-33.720725" lon="151.058734"><ele>117.5</ele></trkpt>
    <trkpt lat="-33.720342" lon="151.058517"><ele>115.8</ele></trkpt>
    <trkpt lat="-33.720016" lon="151.058411"><ele>113.5</ele></trkpt>
    <trkpt lat="-33.719607" lon="151.058101"><ele>108.9</ele></trkpt>
    <trkpt lat="-33.719492" lon="151.057970"><ele>107.5</ele></trkpt>
    <trkpt lat="-33.719510" lon="151.057713"><ele>106.6</ele></trkpt>
    <trkpt lat="-33.719416" lon="151.057737"><ele>106.2</ele></trkpt>
    <trkpt lat="-33.719332" lon="151.057751"><ele>106.3</ele></trkpt>
    <trkpt lat="-33.719205" lon="151.057764"><ele>106.5</ele></trkpt>
    <trkpt lat="-33.719011" lon="151.057765"><ele>107.0</ele></trkpt>
    <trkpt lat="-33.718930" lon="151.057671"><ele>107.4</ele></trkpt>
    <trkpt lat="-33.718806" lon="151.057572"><ele>107.9</ele></trkpt>
    <trkpt lat="-33.718704" lon="151.057603"><ele>108.1</ele></trkpt>
    <trkpt lat="-33.718624" lon="151.057688"><ele>108.4</ele></trkpt>
    <trkpt lat="-33.718615" lon="151.057785"><ele>108.5</ele></trkpt>
    <trkpt lat="-33.718532" lon="151.057864"><ele>108.7</ele></trkpt>
    <trkpt lat="-33.718391" lon="151.057940"><ele>108.4</ele></trkpt>
    <trkpt lat="-33.718207" lon="151.058174"><ele>107.5</ele></trkpt>
    <trkpt lat="-33.718132" lon="151.058249"><ele>107.1</ele></trkpt>
    <trkpt lat="-33.718006" lon="151.058292"><ele>106.9</ele></trkpt>
    <trkpt lat="-33.717762" lon="151.058307"><ele>106.9</ele></trkpt>
    <trkpt lat="-33.717536" lon="151.058300"><ele>107.0</ele></trkpt>
    <trkpt lat="-33.717314" lon="151.058304"><ele>106.8</ele></trkpt>
    <trkpt lat="-33.717173" lon="151.058298"><ele>106.9</ele></trkpt>
    <trkpt lat="-33.717126" lon="151.058315"><ele>107.0</ele></trkpt>
    <trkpt lat="-33.717088" lon="151.058333"><ele>107.0</ele></trkpt>
    <trkpt lat="-33.717044" lon="151.058373"><ele>107.1</ele></trkpt>
    <trkpt lat="-33.716968" lon="151.058530"><ele>107.3</ele></trkpt>
    <trkpt lat="-33.716929" lon="151.058665"><ele>107.4</ele></trkpt>
    <trkpt lat="-33.716911" lon="151.058788"><ele>107.3</ele></trkpt>
    <trkpt lat="-33.716939" lon="151.058912"><ele>107.3</ele></trkpt>
    <trkpt lat="-33.716894" lon="151.059150"><ele>107.6</ele></trkpt>
    <trkpt lat="-33.716912" lon="151.059364"><ele>108.1</ele></trkpt>
    <trkpt lat="-33.716924" lon="151.059395"><ele>108.2</ele></trkpt>
    <trkpt lat="-33.716892" lon="151.059541"><ele>108.8</ele></trkpt>
    <trkpt lat="-33.716785" lon="151.059753"><ele>109.1</ele></trkpt>
    <trkpt lat="-33.716715" lon="151.059860"><ele>109.2</ele></trkpt>
    <trkpt lat="-33.716627" lon="151.059980"><ele>109.2</ele></trkpt>
    <trkpt lat="-33.716522" lon="151.060019"><ele>109.3</ele></trkpt>
    <trkpt lat="-33.716425" lon="151.060038"><ele>109.3</ele></trkpt>
    <trkpt lat="-33.716232" lon="151.060054"><ele>109.3</ele></trkpt>
    <trkpt lat="-33.716011" lon="151.060134"><ele>108.7</ele></trkpt>
    <trkpt lat="-33.715874" lon="151.060284"><ele>108.3</ele></trkpt>
    <trkpt lat="-33.715699" lon="151.060662"><ele>108.3</ele></trkpt>
    <trkpt lat="-33.715665" lon="151.060799"><ele>108.4</ele></trkpt>
    <trkpt lat="-33.715644" lon="151.061009"><ele>108.5</ele></trkpt>
    <trkpt lat="-33.715635" lon="151.061223"><ele>108.3</ele></trkpt>
    <trkpt lat="-33.715432" lon="151.061228"><ele>108.2</ele></trkpt>
    <trkpt lat="-33.715246" lon="151.061272"><ele>108.2</ele></trkpt>
    <trkpt lat="-33.714753" lon="151.061255"><ele>107.5</ele></trkpt>
    <trkpt lat="-33.714600" lon="151.061349"><ele>108.4</ele></trkpt>
    <trkpt lat="-33.714470" lon="151.061480"><ele>109.9</ele></trkpt>
    <trkpt lat="-33.714416" lon="151.061614"><ele>111.6</ele></trkpt>
    <trkpt lat="-33.714448" lon="151.061802"><ele>113.9</ele></trkpt>
    <trkpt lat="-33.714497" lon="151.061893"><ele>115.5</ele></trkpt>
    <trkpt lat="-33.714569" lon="151.061984"><ele>117.4</ele></trkpt>
    <trkpt lat="-33.714676" lon="151.062035"><ele>119.6</ele></trkpt>
    <trkpt lat="-33.714759" lon="151.062073"><ele>121.4</ele></trkpt>
    <trkpt lat="-33.714818" lon="151.062008"><ele>123.0</ele></trkpt>
    <trkpt lat="-33.714888" lon="151.061997"><ele>124.2</ele></trkpt>
    <trkpt lat="-33.714938" lon="151.062072"><ele>125.4</ele></trkpt>
    <trkpt lat="-33.714908" lon="151.062191"><ele>127.0</ele></trkpt>
    <trkpt lat="-33.714884" lon="151.062255"><ele>127.8</ele></trkpt>
    <trkpt lat="-33.714872" lon="151.062354"><ele>128.7</ele></trkpt>
    <trkpt lat="-33.714790" lon="151.062462"><ele>130.0</ele></trkpt>
    <trkpt lat="-33.714693" lon="151.062592"><ele>131.0</ele></trkpt>
    <trkpt lat="-33.714608" lon="151.062646"><ele>131.6</ele></trkpt>
    <trkpt lat="-33.714496" lon="151.062863"><ele>132.0</ele></trkpt>
    <trkpt lat="-33.714356" lon="151.063191"><ele>131.1</ele></trkpt>
    <trkpt lat="-33.714204" lon="151.063382"><ele>130.4</ele></trkpt>
    <trkpt lat="-33.713867" lon="151.063510"><ele>129.2</ele></trkpt>
    <trkpt lat="-33.713698" lon="151.063653"><ele>128.7</ele></trkpt>
    <trkpt lat="-33.713605" lon="151.063716"><ele>128.6</ele></trkpt>
    <trkpt lat="-33.713439" lon="151.063793"><ele>128.8</ele></trkpt>
    <trkpt lat="-33.713189" lon="151.063821"><ele>129.5</ele></trkpt>
    <trkpt lat="-33.713175" lon="151.063850"><ele>129.6</ele></trkpt>
    <trkpt lat="-33.713117" lon="151.063915"><ele>129.9</ele></trkpt>
    <trkpt lat="-33.712579" lon="151.064078"><ele>131.8</ele></trkpt>
    <trkpt lat="-33.712319" lon="151.064227"><ele>131.9</ele></trkpt>
    <trkpt lat="-33.712123" lon="151.064444"><ele>131.5</ele></trkpt>
    <trkpt lat="-33.711889" lon="151.064659"><ele>131.0</ele></trkpt>
    <trkpt lat="-33.711742" lon="151.064770"><ele>130.3</ele></trkpt>
    <trkpt lat="-33.711626" lon="151.064873"><ele>129.4</ele></trkpt>
    <trkpt lat="-33.711575" lon="151.064997"><ele>128.5</ele></trkpt>
    <trkpt lat="-33.711527" lon="151.065070"><ele>127.9</ele></trkpt>
    <trkpt lat="-33.711359" lon="151.065150"><ele>126.5</ele></trkpt>
    <trkpt lat="-33.711243" lon="151.065168"><ele>125.6</ele></trkpt>
    <trkpt lat="-33.711166" lon="151.065260"><ele>124.8</ele></trkpt>
    <trkpt lat="-33.711089" lon="151.065423"><ele>123.6</ele></trkpt>
    <trkpt lat="-33.710971" lon="151.065477"><ele>122.4</ele></trkpt>
    <trkpt lat="-33.710919" lon="151.065567"><ele>121.6</ele></trkpt>
    <trkpt lat="-33.710775" lon="151.065920"><ele>117.6</ele></trkpt>
    <trkpt lat="-33.710570" lon="151.066048"><ele>113.9</ele></trkpt>
    <trkpt lat="-33.710451" lon="151.066039"><ele>111.8</ele></trkpt>
    <trkpt lat="-33.710415" lon="151.066075"><ele>111.0</ele></trkpt>
    <trkpt lat="-33.710421" lon="151.066137"><ele>110.0</ele></trkpt>
    <trkpt lat="-33.710412" lon="151.066248"><ele>108.5</ele></trkpt>
    <trkpt lat="-33.710393" lon="151.066331"><ele>107.5</ele></trkpt>
    <trkpt lat="-33.710352" lon="151.066421"><ele>106.2</ele></trkpt>
    <trkpt lat="-33.710295" lon="151.066401"><ele>105.3</ele></trkpt>
    <trkpt lat="-33.710262" lon="151.066433"><ele>104.7</ele></trkpt>
    <trkpt lat="-33.710237" lon="151.066522"><ele>103.7</ele></trkpt>
    <trkpt lat="-33.710214" lon="151.066533"><ele>103.4</ele></trkpt>
    <trkpt lat="-33.710204" lon="151.066484"><ele>102.9</ele></trkpt>
    <trkpt lat="-33.710175" lon="151.066474"><ele>102.5</ele></trkpt>
    <trkpt lat="-33.710154" lon="151.066495"><ele>102.1</ele></trkpt>
    <trkpt lat="-33.710148" lon="151.066639"><ele>100.9</ele></trkpt>
    <trkpt lat="-33.710177" lon="151.066707"><ele>100.3</ele></trkpt>
    <trkpt lat="-33.710233" lon="151.066743"><ele>99.7</ele></trkpt>
    <trkpt lat="-33.710257" lon="151.066782"><ele>99.4</ele></trkpt>
    <trkpt lat="-33.710263" lon="151.066836"><ele>99.0</ele></trkpt>
    <trkpt lat="-33.710251" lon="151.066902"><ele>98.7</ele></trkpt>
    <trkpt lat="-33.710237" lon="151.066908"><ele>98.6</ele></trkpt>
    <trkpt lat="-33.710195" lon="151.066897"><ele>98.3</ele></trkpt>
    <trkpt lat="-33.710106" lon="151.066925"><ele>97.8</ele></trkpt>
    <trkpt lat="-33.710023" lon="151.066996"><ele>97.4</ele></trkpt>
    <trkpt lat="-33.709890" lon="151.067114"><ele>96.9</ele></trkpt>
    <trkpt lat="-33.709806" lon="151.067202"><ele>96.6</ele></trkpt>
    <trkpt lat="-33.709746" lon="151.067272"><ele>96.2</ele></trkpt>
    <trkpt lat="-33.709702" lon="151.067307"><ele>96.0</ele></trkpt>
    <trkpt lat="-33.709512" lon="151.067332"><ele>95.6</ele></trkpt>
    <trkpt lat="-33.709502" lon="151.067359"><ele>95.6</ele></trkpt>
    <trkpt lat="-33.709471" lon="151.067441"><ele>95.5</ele></trkpt>
    <trkpt lat="-33.709433" lon="151.067523"><ele>95.4</ele></trkpt>
    <trkpt lat="-33.709414" lon="151.067568"><ele>95.4</ele></trkpt>
    <trkpt lat="-33.709388" lon="151.067593"><ele>95.4</ele></trkpt>
    <trkpt lat="-33.709365" lon="151.067588"><ele>95.4</ele></trkpt>
    <trkpt lat="-33.709324" lon="151.067531"><ele>95.5</ele></trkpt>
    <trkpt lat="-33.709271" lon="151.067429"><ele>95.5</ele></trkpt>
    <trkpt lat="-33.709127" lon="151.067377"><ele>96.0</ele></trkpt>
    <trkpt lat="-33.708953" lon="151.067280"><ele>96.4</ele></trkpt>
    <trkpt lat="-33.708922" lon="151.067268"><ele>96.5</ele></trkpt>
    <trkpt lat="-33.708794" lon="151.067163"><ele>96.6</ele></trkpt>
    <trkpt lat="-33.708735" lon="151.067190"><ele>96.6</ele></trkpt>
    <trkpt lat="-33.708608" lon="151.067162"><ele>96.6</ele></trkpt>
    <trkpt lat="-33.708534" lon="151.067088"><ele>96.6</ele></trkpt>
    <trkpt lat="-33.708480" lon="151.067045"><ele>96.5</ele></trkpt>
    <trkpt lat="-33.708228" lon="151.067029"><ele>96.5</ele></trkpt>
    <trkpt lat="-33.708186" lon="151.067037"><ele>96.7</ele></trkpt>
    <trkpt lat="-33.708104" lon="151.067052"><ele>97.0</ele></trkpt>
    <trkpt lat="-33.707929" lon="151.067112"><ele>98.2</ele></trkpt>
    <trkpt lat="-33.707754" lon="151.067152"><ele>99.9</ele></trkpt>
    <trkpt lat="-33.707678" lon="151.067223"><ele>100.9</ele></trkpt>
    <trkpt lat="-33.707423" lon="151.067427"><ele>104.3</ele></trkpt>
    <trkpt lat="-33.707323" lon="151.067534"><ele>105.7</ele></trkpt>
    <trkpt lat="-33.707241" lon="151.067558"><ele>106.3</ele></trkpt>
    <trkpt lat="-33.707065" lon="151.067541"><ele>107.4</ele></trkpt>
    <trkpt lat="-33.706964" lon="151.067600"><ele>107.5</ele></trkpt>
    <trkpt lat="-33.706605" lon="151.067604"><ele>106.7</ele></trkpt>
    <trkpt lat="-33.706475" lon="151.067569"><ele>105.9</ele></trkpt>
    <trkpt lat="-33.706255" lon="151.067610"><ele>104.5</ele></trkpt>
    <trkpt lat="-33.706107" lon="151.067662"><ele>103.5</ele></trkpt>
    <trkpt lat="-33.706016" lon="151.067638"><ele>103.0</ele></trkpt>
    <trkpt lat="-33.705807" lon="151.067446"><ele>102.9</ele></trkpt>
    <trkpt lat="-33.705669" lon="151.067359"><ele>103.4</ele></trkpt>
    <trkpt lat="-33.705518" lon="151.067307"><ele>103.9</ele></trkpt>
    <trkpt lat="-33.705398" lon="151.067329"><ele>104.3</ele></trkpt>
    <trkpt lat="-33.705191" lon="151.067447"><ele>105.4</ele></trkpt>
    <trkpt lat="-33.705092" lon="151.067542"><ele>106.2</ele></trkpt>
    <trkpt lat="-33.704929" lon="151.067594"><ele>107.7</ele></trkpt>
    <trkpt lat="-33.704785" lon="151.067667"><ele>109.2</ele></trkpt>
    <trkpt lat="-33.704685" lon="151.067796"><ele>110.7</ele></trkpt>
    <trkpt lat="-33.704527" lon="151.068005"><ele>112.8</ele></trkpt>
    <trkpt lat="-33.704409" lon="151.068191"><ele>114.5</ele></trkpt>
    <trkpt lat="-33.704376" lon="151.068347"><ele>115.9</ele></trkpt>
    <trkpt lat="-33.704277" lon="151.068449"><ele>117.1</ele></trkpt>
    <trkpt lat="-33.704204" lon="151.068598"><ele>118.4</ele></trkpt>
    <trkpt lat="-33.704068" lon="151.068711"><ele>119.9</ele></trkpt>
    <trkpt lat="-33.703920" lon="151.068884"><ele>121.8</ele></trkpt>
    <trkpt lat="-33.703829" lon="151.069046"><ele>123.2</ele></trkpt>
    <trkpt lat="-33.703789" lon="151.069171"><ele>124.5</ele></trkpt>
    <trkpt lat="-33.703772" lon="151.069273"><ele>125.7</ele></trkpt>
    <trkpt lat="-33.703776" lon="151.069365"><ele>126.7</ele></trkpt>
    <trkpt lat="-33.703818" lon="151.069452"><ele>127.9</ele></trkpt>
    <trkpt lat="-33.703892" lon="151.069562"><ele>129.7</ele></trkpt>
    <trkpt lat="-33.704025" lon="151.069683"><ele>132.2</ele></trkpt>
    <trkpt lat="-33.704086" lon="151.069723"><ele>133.3</ele></trkpt>
    <trkpt lat="-33.704166" lon="151.069782"><ele>134.7</ele></trkpt>
    <trkpt lat="-33.704233" lon="151.069844"><ele>136.0</ele></trkpt>
    <trkpt lat="-33.704269" lon="151.069903"><ele>136.8</ele></trkpt>
    <trkpt lat="-33.704286" lon="151.069967"><ele>137.6</ele></trkpt>
    <trkpt lat="-33.704317" lon="151.070269"><ele>140.9</ele></trkpt>
    <trkpt lat="-33.704349" lon="151.070371"><ele>141.9</ele></trkpt>
    <trkpt lat="-33.704304" lon="151.070490"><ele>142.8</ele></trkpt>
    <trkpt lat="-33.704263" lon="151.070746"><ele>143.6</ele></trkpt>
    <trkpt lat="-33.704140" lon="151.071215"><ele>141.8</ele></trkpt>
    <trkpt lat="-33.703975" lon="151.071361"><ele>140.2</ele></trkpt>
    <trkpt lat="-33.703769" lon="151.071508"><ele>138.2</ele></trkpt>
    <trkpt lat="-33.703647" lon="151.071524"><ele>137.1</ele></trkpt>
    <trkpt lat="-33.703433" lon="151.071705"><ele>134.8</ele></trkpt>
    <trkpt lat="-33.703361" lon="151.071790"><ele>134.1</ele></trkpt>
    <trkpt lat="-33.703122" lon="151.071794"><ele>133.8</ele></trkpt>
    <trkpt lat="-33.703030" lon="151.071829"><ele>133.9</ele></trkpt>
    <trkpt lat="-33.702915" lon="151.071847"><ele>134.4</ele></trkpt>
    <trkpt lat="-33.702794" lon="151.072002"><ele>135.1</ele></trkpt>
    <trkpt lat="-33.702764" lon="151.072110"><ele>135.5</ele></trkpt>
    <trkpt lat="-33.702688" lon="151.072234"><ele>136.2</ele></trkpt>
    <trkpt lat="-33.702578" lon="151.072386"><ele>137.2</ele></trkpt>
    <trkpt lat="-33.702530" lon="151.072525"><ele>137.8</ele></trkpt>
    <trkpt lat="-33.702595" lon="151.072660"><ele>138.3</ele></trkpt>
    <trkpt lat="-33.702593" lon="151.072735"><ele>138.5</ele></trkpt>
    <trkpt lat="-33.702688" lon="151.072940"><ele>138.4</ele></trkpt>
    <trkpt lat="-33.702670" lon="151.073023"><ele>138.4</ele></trkpt>
    <trkpt lat="-33.702657" lon="151.073068"><ele>138.4</ele></trkpt>
    <trkpt lat="-33.702363" lon="151.073471"><ele>137.7</ele></trkpt>
    <trkpt lat="-33.702264" lon="151.073633"><ele>137.4</ele></trkpt>
    <trkpt lat="-33.702233" lon="151.073791"><ele>137.3</ele></trkpt>
    <trkpt lat="-33.702147" lon="151.073847"><ele>137.6</ele></trkpt>
    <trkpt lat="-33.702057" lon="151.073988"><ele>138.6</ele></trkpt>
    <trkpt lat="-33.701958" lon="151.074036"><ele>139.5</ele></trkpt>
    <trkpt lat="-33.701894" lon="151.074213"><ele>141.7</ele></trkpt>
    <trkpt lat="-33.701747" lon="151.074125"><ele>144.0</ele></trkpt>
    <trkpt lat="-33.701655" lon="151.074147"><ele>145.3</ele></trkpt>
    <trkpt lat="-33.701546" lon="151.074268"><ele>147.5</ele></trkpt>
    <trkpt lat="-33.701496" lon="151.074393"><ele>149.5</ele></trkpt>
    <trkpt lat="-33.701490" lon="151.074433"><ele>150.1</ele></trkpt>
    <trkpt lat="-33.701464" lon="151.074453"><ele>150.6</ele></trkpt>
    <trkpt lat="-33.701415" lon="151.074446"><ele>151.4</ele></trkpt>
    <trkpt lat="-33.701335" lon="151.074379"><ele>152.8</ele></trkpt>
    <trkpt lat="-33.701229" lon="151.074335"><ele>154.5</ele></trkpt>
    <trkpt lat="-33.701160" lon="151.074354"><ele>155.5</ele></trkpt>
    <trkpt lat="-33.701100" lon="151.074410"><ele>156.2</ele></trkpt>
    <trkpt lat="-33.701062" lon="151.074445"><ele>156.7</ele></trkpt>
    <trkpt lat="-33.700957" lon="151.074539"><ele>158.1</ele></trkpt>
    <trkpt lat="-33.700856" lon="151.074568"><ele>158.5</ele></trkpt>
    <trkpt lat="-33.700615" lon="151.074670"><ele>158.8</ele></trkpt>
    <trkpt lat="-33.700522" lon="151.074745"><ele>158.3</ele></trkpt>
    <trkpt lat="-33.700443" lon="151.074825"><ele>157.7</ele></trkpt>
    <trkpt lat="-33.700372" lon="151.075037"><ele>155.7</ele></trkpt>
    <trkpt lat="-33.700224" lon="151.075128"><ele>153.6</ele></trkpt>
    <trkpt lat="-33.700132" lon="151.075162"><ele>152.2</ele></trkpt>
    <trkpt lat="-33.699983" lon="151.075261"><ele>150.1</ele></trkpt>
    <trkpt lat="-33.699881" lon="151.075419"><ele>148.1</ele></trkpt>
    <trkpt lat="-33.699802" lon="151.075448"><ele>147.1</ele></trkpt>
    <trkpt lat="-33.699679" lon="151.075587"><ele>144.9</ele></trkpt>
    <trkpt lat="-33.699566" lon="151.075751"><ele>143.4</ele></trkpt>
    <trkpt lat="-33.699390" lon="151.076037"><ele>141.6</ele></trkpt>
    <trkpt lat="-33.699344" lon="151.076166"><ele>141.3</ele></trkpt>
    <trkpt lat="-33.699210" lon="151.076346"><ele>141.7</ele></trkpt>
    <trkpt lat="-33.699152" lon="151.076573"><ele>141.8</ele></trkpt>
    <trkpt lat="-33.699169" lon="151.076709"><ele>141.9</ele></trkpt>
    <trkpt lat="-33.699219" lon="151.076938"><ele>142.6</ele></trkpt>
    <trkpt lat="-33.699176" lon="151.077113"><ele>143.4</ele></trkpt>
    <trkpt lat="-33.699173" lon="151.077327"><ele>144.5</ele></trkpt>
    <trkpt lat="-33.699258" lon="151.077507"><ele>145.6</ele></trkpt>
    <trkpt lat="-33.699255" lon="151.077711"><ele>146.2</ele></trkpt>
    <trkpt lat="-33.699304" lon="151.078008"><ele>146.1</ele></trkpt>
    <trkpt lat="-33.699371" lon="151.078160"><ele>145.8</ele></trkpt>
    <trkpt lat="-33.699399" lon="151.078453"><ele>143.7</ele></trkpt>
    <trkpt lat="-33.699350" lon="151.078551"><ele>142.6</ele></trkpt>
    <trkpt lat="-33.699288" lon="151.078715"><ele>140.7</ele></trkpt>
    <trkpt lat="-33.699133" lon="151.078767"><ele>138.5</ele></trkpt>
    <trkpt lat="-33.698955" lon="151.078827"><ele>135.6</ele></trkpt>
    <trkpt lat="-33.698761" lon="151.078894"><ele>132.6</ele></trkpt>
    <trkpt lat="-33.698644" lon="151.078966"><ele>130.8</ele></trkpt>
    <trkpt lat="-33.698471" lon="151.079031"><ele>128.4</ele></trkpt>
    <trkpt lat="-33.698364" lon="151.079063"><ele>127.2</ele></trkpt>
    <trkpt lat="-33.698237" lon="151.079181"><ele>125.9</ele></trkpt>
    <trkpt lat="-33.698128" lon="151.079247"><ele>125.0</ele></trkpt>
    <trkpt lat="-33.698025" lon="151.079379"><ele>124.1</ele></trkpt>
    <trkpt lat="-33.697909" lon="151.079487"><ele>123.5</ele></trkpt>
    <trkpt lat="-33.697859" lon="151.079500"><ele>123.3</ele></trkpt>
    <trkpt lat="-33.697593" lon="151.079468"><ele>122.8</ele></trkpt>
    <trkpt lat="-33.697513" lon="151.079415"><ele>122.7</ele></trkpt>
    <trkpt lat="-33.697414" lon="151.079372"><ele>122.7</ele></trkpt>
    <trkpt lat="-33.697295" lon="151.079356"><ele>122.6</ele></trkpt>
    <trkpt lat="-33.697193" lon="151.079384"><ele>122.6</ele></trkpt>
    <trkpt lat="-33.697059" lon="151.079495"><ele>122.5</ele></trkpt>
    <trkpt lat="-33.696931" lon="151.079636"><ele>122.2</ele></trkpt>
    <trkpt lat="-33.696804" lon="151.079677"><ele>121.8</ele></trkpt>
    <trkpt lat="-33.696790" lon="151.079708"><ele>121.7</ele></trkpt>
    <trkpt lat="-33.696802" lon="151.079734"><ele>121.6</ele></trkpt>
    <trkpt lat="-33.696826" lon="151.079741"><ele>121.4</ele></trkpt>
    <trkpt lat="-33.696832" lon="151.079780"><ele>121.0</ele></trkpt>
    <trkpt lat="-33.696768" lon="151.079854"><ele>120.1</ele></trkpt>
    <trkpt lat="-33.696652" lon="151.079812"><ele>118.9</ele></trkpt>
    <trkpt lat="-33.696480" lon="151.079903"><ele>115.6</ele></trkpt>
    <trkpt lat="-33.696342" lon="151.079909"><ele>112.8</ele></trkpt>
    <trkpt lat="-33.696236" lon="151.079878"><ele>110.5</ele></trkpt>
    <trkpt lat="-33.696139" lon="151.079925"><ele>108.2</ele></trkpt>
    <trkpt lat="-33.696042" lon="151.079944"><ele>105.6</ele></trkpt>
    <trkpt lat="-33.695975" lon="151.079902"><ele>103.7</ele></trkpt>
    <trkpt lat="-33.695909" lon="151.079815"><ele>101.1</ele></trkpt>
    <trkpt lat="-33.695825" lon="151.079921"><ele>98.2</ele></trkpt>
    <trkpt lat="-33.695727" lon="151.080188"><ele>93.1</ele></trkpt>
    <trkpt lat="-33.695633" lon="151.080247"><ele>91.2</ele></trkpt>
    <trkpt lat="-33.695536" lon="151.080268"><ele>89.7</ele></trkpt>
    <trkpt lat="-33.695390" lon="151.080384"><ele>87.7</ele></trkpt>
    <trkpt lat="-33.695138" lon="151.080509"><ele>85.9</ele></trkpt>
    <trkpt lat="-33.694901" lon="151.080518"><ele>85.4</ele></trkpt>
    <trkpt lat="-33.694841" lon="151.080593"><ele>85.3</ele></trkpt>
    <trkpt lat="-33.694781" lon="151.080679"><ele>84.9</ele></trkpt>
    <trkpt lat="-33.694672" lon="151.080749"><ele>84.5</ele></trkpt>
    <trkpt lat="-33.694625" lon="151.080838"><ele>84.0</ele></trkpt>
    <trkpt lat="-33.694559" lon="151.080987"><ele>82.8</ele></trkpt>
    <trkpt lat="-33.694451" lon="151.081022"><ele>81.8</ele></trkpt>
    <trkpt lat="-33.694372" lon="151.081045"><ele>80.9</ele></trkpt>
    <trkpt lat="-33.694288" lon="151.081087"><ele>80.0</ele></trkpt>
    <trkpt lat="-33.694231" lon="151.081121"><ele>79.3</ele></trkpt>
    <trkpt lat="-33.694214" lon="151.081191"><ele>78.7</ele></trkpt>
    <trkpt lat="-33.694212" lon="151.081348"><ele>77.6</ele></trkpt>
    <trkpt lat="-33.694212" lon="151.081488"><ele>76.5</ele></trkpt>
    <trkpt lat="-33.694144" lon="151.081573"><ele>75.7</ele></trkpt>
    <trkpt lat="-33.694225" lon="151.081643"><ele>74.8</ele></trkpt>
    <trkpt lat="-33.694346" lon="151.081604"><ele>73.8</ele></trkpt>
    <trkpt lat="-33.694480" lon="151.081572"><ele>72.8</ele></trkpt>
    <trkpt lat="-33.694515" lon="151.081591"><ele>72.5</ele></trkpt>
    <trkpt lat="-33.694522" lon="151.081642"><ele>72.3</ele></trkpt>
    <trkpt lat="-33.694530" lon="151.081695"><ele>72.1</ele></trkpt>
    <trkpt lat="-33.694526" lon="151.081727"><ele>72.0</ele></trkpt>
    <trkpt lat="-33.694529" lon="151.081817"><ele>71.8</ele></trkpt>
    <trkpt lat="-33.694437" lon="151.081888"><ele>71.4</ele></trkpt>
    <trkpt lat="-33.694360" lon="151.081896"><ele>71.3</ele></trkpt>
    <trkpt lat="-33.694273" lon="151.081923"><ele>71.1</ele></trkpt>
    <trkpt lat="-33.694220" lon="151.081959"><ele>71.1</ele></trkpt>
    <trkpt lat="-33.694079" lon="151.082052"><ele>70.5</ele></trkpt>
    <trkpt lat="-33.693930" lon="151.082168"><ele>69.7</ele></trkpt>
    <trkpt lat="-33.693818" lon="151.082268"><ele>69.1</ele></trkpt>
    <trkpt lat="-33.693752" lon="151.082332"><ele>68.7</ele></trkpt>
    <trkpt lat="-33.693636" lon="151.082392"><ele>68.3</ele></trkpt>
    <trkpt lat="-33.693501" lon="151.082501"><ele>67.8</ele></trkpt>
    <trkpt lat="-33.693323" lon="151.082693"><ele>67.0</ele></trkpt>
    <trkpt lat="-33.693139" lon="151.082809"><ele>66.2</ele></trkpt>
    <trkpt lat="-33.692993" lon="151.082883"><ele>65.5</ele></trkpt>
    <trkpt lat="-33.692846" lon="151.082953"><ele>64.8</ele></trkpt>
    <trkpt lat="-33.692806" lon="151.083098"><ele>64.3</ele></trkpt>
    <trkpt lat="-33.692699" lon="151.083237"><ele>64.0</ele></trkpt>
    <trkpt lat="-33.692517" lon="151.083461"><ele>64.0</ele></trkpt>
    <trkpt lat="-33.692502" lon="151.083541"><ele>64.1</ele></trkpt>
    <trkpt lat="-33.692516" lon="151.083751"><ele>64.9</ele></trkpt>
    <trkpt lat="-33.692571" lon="151.083864"><ele>65.5</ele></trkpt>
    <trkpt lat="-33.692620" lon="151.083888"><ele>65.9</ele></trkpt>
    <trkpt lat="-33.692634" lon="151.083900"><ele>66.0</ele></trkpt>
    <trkpt lat="-33.692641" lon="151.083931"><ele>66.2</ele></trkpt>
    <trkpt lat="-33.692644" lon="151.084003"><ele>66.6</ele></trkpt>
    <trkpt lat="-33.692600" lon="151.084145"><ele>67.7</ele></trkpt>
    <trkpt lat="-33.692740" lon="151.084035"><ele>69.5</ele></trkpt>
    <trkpt lat="-33.692845" lon="151.084010"><ele>70.8</ele></trkpt>
    <trkpt lat="-33.693098" lon="151.083977"><ele>74.4</ele></trkpt>
    <trkpt lat="-33.693171" lon="151.083971"><ele>75.7</ele></trkpt>
    <trkpt lat="-33.693239" lon="151.083912"><ele>77.1</ele></trkpt>
    <trkpt lat="-33.693253" lon="151.083875"><ele>77.7</ele></trkpt>
    <trkpt lat="-33.693276" lon="151.083843"><ele>78.3</ele></trkpt>
    <trkpt lat="-33.693291" lon="151.083814"><ele>78.8</ele></trkpt>
    <trkpt lat="-33.693307" lon="151.083794"><ele>79.2</ele></trkpt>
    <trkpt lat="-33.693366" lon="151.083748"><ele>80.3</ele></trkpt>
    <trkpt lat="-33.693438" lon="151.083728"><ele>81.5</ele></trkpt>
    <trkpt lat="-33.693582" lon="151.083718"><ele>84.2</ele></trkpt>
    <trkpt lat="-33.693766" lon="151.083740"><ele>87.8</ele></trkpt>
    <trkpt lat="-33.693993" lon="151.083710"><ele>92.4</ele></trkpt>
    <trkpt lat="-33.694105" lon="151.083708"><ele>94.5</ele></trkpt>
    <trkpt lat="-33.694203" lon="151.083735"><ele>96.1</ele></trkpt>
    <trkpt lat="-33.694233" lon="151.083688"><ele>96.9</ele></trkpt>
    <trkpt lat="-33.694296" lon="151.083703"><ele>98.0</ele></trkpt>
    <trkpt lat="-33.694350" lon="151.083826"><ele>99.5</ele></trkpt>
    <trkpt lat="-33.694388" lon="151.083889"><ele>100.3</ele></trkpt>
    <trkpt lat="-33.694497" lon="151.083939"><ele>101.9</ele></trkpt>
    <trkpt lat="-33.694502" lon="151.083893"><ele>102.4</ele></trkpt>
    <trkpt lat="-33.694551" lon="151.083903"><ele>103.1</ele></trkpt>
    <trkpt lat="-33.694550" lon="151.084007"><ele>104.3</ele></trkpt>
    <trkpt lat="-33.694608" lon="151.084034"><ele>105.2</ele></trkpt>
    <trkpt lat="-33.694598" lon="151.084087"><ele>105.9</ele></trkpt>
    <trkpt lat="-33.694579" lon="151.084246"><ele>107.9</ele></trkpt>
    <trkpt lat="-33.694510" lon="151.084260"><ele>109.0</ele></trkpt>
    <trkpt lat="-33.694488" lon="151.084280"><ele>109.4</ele></trkpt>
    <trkpt lat="-33.694619" lon="151.084391"><ele>112.5</ele></trkpt>
    <trkpt lat="-33.694600" lon="151.084436"><ele>113.4</ele></trkpt>
    <trkpt lat="-33.694672" lon="151.084483"><ele>115.0</ele></trkpt>
    <trkpt lat="-33.694753" lon="151.084542"><ele>117.2</ele></trkpt>
    <trkpt lat="-33.694775" lon="151.084602"><ele>118.5</ele></trkpt>
    <trkpt lat="-33.694748" lon="151.084660"><ele>119.7</ele></trkpt>
    <trkpt lat="-33.694659" lon="151.084658"><ele>121.9</ele></trkpt>
    <trkpt lat="-33.694644" lon="151.084679"><ele>122.6</ele></trkpt>
    <trkpt lat="-33.694649" lon="151.084745"><ele>124.1</ele></trkpt>
    <trkpt lat="-33.694821" lon="151.084943"><ele>130.9</ele></trkpt>
    <trkpt lat="-33.694900" lon="151.085013"><ele>134.0</ele></trkpt>
    <trkpt lat="-33.695052" lon="151.085135"><ele>139.8</ele></trkpt>
    <trkpt lat="-33.695261" lon="151.085162"><ele>146.7</ele></trkpt>
    <trkpt lat="-33.695351" lon="151.085244"><ele>150.2</ele></trkpt>
    <trkpt lat="-33.695349" lon="151.085295"><ele>151.6</ele></trkpt>
    <trkpt lat="-33.695385" lon="151.085345"><ele>153.3</ele></trkpt>
    <trkpt lat="-33.695384" lon="151.085376"><ele>154.1</ele></trkpt>
    <trkpt lat="-33.695357" lon="151.085417"><ele>155.5</ele></trkpt>
    <trkpt lat="-33.695372" lon="151.085458"><ele>156.8</ele></trkpt>
    <trkpt lat="-33.695383" lon="151.085475"><ele>157.4</ele></trkpt>
    <trkpt lat="-33.695419" lon="151.085535"><ele>159.4</ele></trkpt>
    <trkpt lat="-33.695448" lon="151.085646"><ele>162.5</ele></trkpt>
    <trkpt lat="-33.695516" lon="151.085734"><ele>165.5</ele></trkpt>
    <trkpt lat="-33.695502" lon="151.085803"><ele>167.3</ele></trkpt>
    <trkpt lat="-33.695414" lon="151.085843"><ele>170.1</ele></trkpt>
    <trkpt lat="-33.695421" lon="151.085899"><ele>171.3</ele></trkpt>
    <trkpt lat="-33.695464" lon="151.085932"><ele>172.5</ele></trkpt>
    <trkpt lat="-33.695512" lon="151.086032"><ele>174.7</ele></trkpt>
    <trkpt lat="-33.695482" lon="151.086100"><ele>176.1</ele></trkpt>
    <trkpt lat="-33.695454" lon="151.086075"><ele>176.9</ele></trkpt>
    <trkpt lat="-33.695442" lon="151.086102"><ele>177.3</ele></trkpt>
    <trkpt lat="-33.695432" lon="151.086141"><ele>177.8</ele></trkpt>
    <trkpt lat="-33.695445" lon="151.086172"><ele>178.2</ele></trkpt>
    <trkpt lat="-33.695448" lon="151.086199"><ele>178.5</ele></trkpt>
    <trkpt lat="-33.695416" lon="151.086268"><ele>179.5</ele></trkpt>
    <trkpt lat="-33.695438" lon="151.086464"><ele>181.5</ele></trkpt>
    <trkpt lat="-33.695445" lon="151.086525"><ele>182.0</ele></trkpt>
    <trkpt lat="-33.695341" lon="151.086662"><ele>183.4</ele></trkpt>
    <trkpt lat="-33.694684" lon="151.087842"><ele>184.0</ele></trkpt>
    <trkpt lat="-33.694371" lon="151.088456"><ele>181.1</ele></trkpt>
    <trkpt lat="-33.694196" lon="151.089065"><ele>180.2</ele></trkpt>
    <trkpt lat="-33.694022" lon="151.089864"><ele>185.5</ele></trkpt>
    <trkpt lat="-33.693906" lon="151.090429"><ele>190.1</ele></trkpt>
    <trkpt lat="-33.693853" lon="151.090612"><ele>191.1</ele></trkpt>
    <trkpt lat="-33.693771" lon="151.090787"><ele>191.8</ele></trkpt>
    <trkpt lat="-33.693073" lon="151.091803"><ele>196.2</ele></trkpt>
    <trkpt lat="-33.693003" lon="151.091960"><ele>196.8</ele></trkpt>
    <trkpt lat="-33.692997" lon="151.092134"><ele>197.3</ele></trkpt>
    <trkpt lat="-33.693045" lon="151.092321"><ele>197.8</ele></trkpt>
    <trkpt lat="-33.693207" lon="151.092561"><ele>198.0</ele></trkpt>
    <trkpt lat="-33.693331" lon="151.092778"><ele>198.1</ele></trkpt>
    <trkpt lat="-33.693416" lon="151.093063"><ele>198.4</ele></trkpt>
    <trkpt lat="-33.693521" lon="151.093428"><ele>199.6</ele></trkpt>
    <trkpt lat="-33.693540" lon="151.093549"><ele>199.9</ele></trkpt>
    <trkpt lat="-33.693543" lon="151.093659"><ele>199.9</ele></trkpt>
    <trkpt lat="-33.693505" lon="151.093786"><ele>199.9</ele></trkpt>
    <trkpt lat="-33.693453" lon="151.093890"><ele>199.7</ele></trkpt>
    <trkpt lat="-33.693394" lon="151.093965"><ele>199.6</ele></trkpt>
    <trkpt lat="-33.693291" lon="151.094050"><ele>199.3</ele></trkpt>
    <trkpt lat="-33.693146" lon="151.094122"><ele>198.7</ele></trkpt>
    <trkpt lat="-33.693023" lon="151.094163"><ele>198.2</ele></trkpt>
    <trkpt lat="-33.692920" lon="151.094163"><ele>197.7</ele></trkpt>
    <trkpt lat="-33.692848" lon="151.094166"><ele>197.4</ele></trkpt>
    <trkpt lat="-33.691971" lon="151.094342"><ele>195.0</ele></trkpt>
    <trkpt lat="-33.691740" lon="151.094392"><ele>194.8</ele></trkpt>
    <trkpt lat="-33.691265" lon="151.094479"><ele>194.7</ele></trkpt>
    <trkpt lat="-33.691195" lon="151.094491"><ele>194.6</ele></trkpt>
    <trkpt lat="-33.691152" lon="151.094498"><ele>194.7</ele></trkpt>
    <trkpt lat="-33.690536" lon="151.094631"><ele>195.7</ele></trkpt>
    <trkpt lat="-33.688565" lon="151.095024"><ele>193.5</ele></trkpt>
    <trkpt lat="-33.688560" lon="151.094987"><ele>193.5</ele></trkpt>
    <trkpt lat="-33.688339" lon="151.093538"><ele>184.3</ele></trkpt>
    <trkpt lat="-33.688105" lon="151.091816"><ele>174.1</ele></trkpt>
    <trkpt lat="-33.687987" lon="151.091733"><ele>174.0</ele></trkpt>
    <trkpt lat="-33.687855" lon="151.091743"><ele>173.9</ele></trkpt>
    <trkpt lat="-33.687745" lon="151.091611"><ele>174.1</ele></trkpt>
    <trkpt lat="-33.687644" lon="151.091562"><ele>174.2</ele></trkpt>
    <trkpt lat="-33.687539" lon="151.091536"><ele>174.3</ele></trkpt>
    <trkpt lat="-33.687315" lon="151.091356"><ele>174.8</ele></trkpt>
    <trkpt lat="-33.687105" lon="151.091270"><ele>175.1</ele></trkpt>
    <trkpt lat="-33.686758" lon="151.091201"><ele>174.4</ele></trkpt>
    <trkpt lat="-33.686534" lon="151.091184"><ele>173.5</ele></trkpt>
    <trkpt lat="-33.686161" lon="151.091280"><ele>171.3</ele></trkpt>
    <trkpt lat="-33.686096" lon="151.091330"><ele>170.7</ele></trkpt>
    <trkpt lat="-33.685882" lon="151.091572"><ele>167.9</ele></trkpt>
    <trkpt lat="-33.685762" lon="151.091547"><ele>166.5</ele></trkpt>
    <trkpt lat="-33.685658" lon="151.091491"><ele>165.2</ele></trkpt>
    <trkpt lat="-33.685482" lon="151.091453"><ele>163.5</ele></trkpt>
    <trkpt lat="-33.685411" lon="151.091409"><ele>162.8</ele></trkpt>
    <trkpt lat="-33.685307" lon="151.091229"><ele>161.6</ele></trkpt>
    <trkpt lat="-33.685242" lon="151.091180"><ele>161.1</ele></trkpt>
    <trkpt lat="-33.685148" lon="151.091157"><ele>160.8</ele></trkpt>
    <trkpt lat="-33.684942" lon="151.090993"><ele>160.8</ele></trkpt>
    <trkpt lat="-33.684690" lon="151.090465"><ele>163.1</ele></trkpt>
    <trkpt lat="-33.684397" lon="151.089621"><ele>166.3</ele></trkpt>
    <trkpt lat="-33.684325" lon="151.089300"><ele>166.5</ele></trkpt>
    <trkpt lat="-33.684299" lon="151.088956"><ele>167.0</ele></trkpt>
    <trkpt lat="-33.684196" lon="151.088521"><ele>167.6</ele></trkpt>
    <trkpt lat="-33.684020" lon="151.088202"><ele>167.5</ele></trkpt>
    <trkpt lat="-33.683872" lon="151.088010"><ele>167.3</ele></trkpt>
    <trkpt lat="-33.683677" lon="151.087817"><ele>167.1</ele></trkpt>
    <trkpt lat="-33.683510" lon="151.087730"><ele>166.8</ele></trkpt>
    <trkpt lat="-33.683375" lon="151.087722"><ele>166.6</ele></trkpt>
    <trkpt lat="-33.683276" lon="151.087756"><ele>166.4</ele></trkpt>
    <trkpt lat="-33.683002" lon="151.087989"><ele>165.7</ele></trkpt>
    <trkpt lat="-33.682787" lon="151.088546"><ele>166.3</ele></trkpt>
    <trkpt lat="-33.682737" lon="151.088794"><ele>166.6</ele></trkpt>
    <trkpt lat="-33.682535" lon="151.089333"><ele>167.1</ele></trkpt>
    <trkpt lat="-33.682423" lon="151.089422"><ele>167.3</ele></trkpt>
    <trkpt lat="-33.682330" lon="151.089464"><ele>167.6</ele></trkpt>
    <trkpt lat="-33.681967" lon="151.089527"><ele>168.0</ele></trkpt>
    <trkpt lat="-33.681581" lon="151.089911"><ele>164.5</ele></trkpt>
    <trkpt lat="-33.681454" lon="151.089821"><ele>162.7</ele></trkpt>
    <trkpt lat="-33.681263" lon="151.089584"><ele>158.1</ele></trkpt>
    <trkpt lat="-33.681167" lon="151.089415"><ele>154.2</ele></trkpt>
    <trkpt lat="-33.681159" lon="151.089340"><ele>152.8</ele></trkpt>
    <trkpt lat="-33.681060" lon="151.089118"><ele>147.5</ele></trkpt>
    <trkpt lat="-33.681069" lon="151.089005"><ele>145.1</ele></trkpt>
    <trkpt lat="-33.680991" lon="151.088937"><ele>142.6</ele></trkpt>
    <trkpt lat="-33.680917" lon="151.088755"><ele>138.4</ele></trkpt>
    <trkpt lat="-33.680937" lon="151.088646"><ele>136.1</ele></trkpt>
    <trkpt lat="-33.680892" lon="151.088623"><ele>134.9</ele></trkpt>
    <trkpt lat="-33.680884" lon="151.088566"><ele>133.7</ele></trkpt>
    <trkpt lat="-33.680822" lon="151.088566"><ele>132.1</ele></trkpt>
    <trkpt lat="-33.680806" lon="151.088524"><ele>131.0</ele></trkpt>
    <trkpt lat="-33.680773" lon="151.088438"><ele>128.9</ele></trkpt>
    <trkpt lat="-33.680790" lon="151.088386"><ele>127.6</ele></trkpt>
    <trkpt lat="-33.680793" lon="151.088329"><ele>126.3</ele></trkpt>
    <trkpt lat="-33.680768" lon="151.088256"><ele>124.4</ele></trkpt>
    <trkpt lat="-33.680693" lon="151.088063"><ele>119.1</ele></trkpt>
    <trkpt lat="-33.680617" lon="151.088065"><ele>116.8</ele></trkpt>
    <trkpt lat="-33.680573" lon="151.088012"><ele>114.6</ele></trkpt>
    <trkpt lat="-33.680588" lon="151.087974"><ele>113.5</ele></trkpt>
    <trkpt lat="-33.680656" lon="151.087859"><ele>109.5</ele></trkpt>
    <trkpt lat="-33.680640" lon="151.087819"><ele>108.2</ele></trkpt>
    <trkpt lat="-33.680600" lon="151.087748"><ele>106.0</ele></trkpt>
    <trkpt lat="-33.680615" lon="151.087637"><ele>103.2</ele></trkpt>
    <trkpt lat="-33.680643" lon="151.087576"><ele>101.5</ele></trkpt>
    <trkpt lat="-33.680648" lon="151.087484"><ele>99.1</ele></trkpt>
    <trkpt lat="-33.680624" lon="151.087449"><ele>98.0</ele></trkpt>
    <trkpt lat="-33.680622" lon="151.087423"><ele>97.3</ele></trkpt>
    <trkpt lat="-33.680565" lon="151.087368"><ele>95.0</ele></trkpt>
    <trkpt lat="-33.680560" lon="151.087309"><ele>93.5</ele></trkpt>
    <trkpt lat="-33.680548" lon="151.087286"><ele>92.8</ele></trkpt>
    <trkpt lat="-33.680561" lon="151.087257"><ele>91.9</ele></trkpt>
    <trkpt lat="-33.680601" lon="151.087277"><ele>90.6</ele></trkpt>
    <trkpt lat="-33.680693" lon="151.087262"><ele>88.0</ele></trkpt>
    <trkpt lat="-33.680738" lon="151.087235"><ele>86.5</ele></trkpt>
    <trkpt lat="-33.680733" lon="151.087213"><ele>86.0</ele></trkpt>
    <trkpt lat="-33.680675" lon="151.087199"><ele>84.3</ele></trkpt>
    <trkpt lat="-33.680611" lon="151.087216"><ele>82.6</ele></trkpt>
    <trkpt lat="-33.680596" lon="151.087157"><ele>81.4</ele></trkpt>
    <trkpt lat="-33.680571" lon="151.087094"><ele>80.0</ele></trkpt>
    <trkpt lat="-33.680494" lon="151.087059"><ele>78.1</ele></trkpt>
    <trkpt lat="-33.680477" lon="151.087070"><ele>77.7</ele></trkpt>
    <trkpt lat="-33.680403" lon="151.087063"><ele>76.4</ele></trkpt>
    <trkpt lat="-33.680378" lon="151.087009"><ele>75.6</ele></trkpt>
    <trkpt lat="-33.680385" lon="151.086955"><ele>74.9</ele></trkpt>
    <trkpt lat="-33.680395" lon="151.086917"><ele>74.4</ele></trkpt>
    <trkpt lat="-33.680442" lon="151.086874"><ele>73.5</ele></trkpt>
    <trkpt lat="-33.680437" lon="151.086826"><ele>72.9</ele></trkpt>
    <trkpt lat="-33.680451" lon="151.086756"><ele>72.1</ele></trkpt>
    <trkpt lat="-33.680456" lon="151.086716"><ele>71.7</ele></trkpt>
    <trkpt lat="-33.680437" lon="151.086669"><ele>71.2</ele></trkpt>
    <trkpt lat="-33.680378" lon="151.086616"><ele>70.2</ele></trkpt>
    <trkpt lat="-33.680241" lon="151.086522"><ele>68.7</ele></trkpt>
    <trkpt lat="-33.680172" lon="151.086470"><ele>68.0</ele></trkpt>
    <trkpt lat="-33.680092" lon="151.086347"><ele>67.1</ele></trkpt>
    <trkpt lat="-33.680101" lon="151.086232"><ele>66.7</ele></trkpt>
    <trkpt lat="-33.680058" lon="151.086094"><ele>66.1</ele></trkpt>
    <trkpt lat="-33.679739" lon="151.086223"><ele>65.4</ele></trkpt>
    <trkpt lat="-33.679618" lon="151.086256"><ele>65.2</ele></trkpt>
    <trkpt lat="-33.679296" lon="151.086287"><ele>63.7</ele></trkpt>
    <trkpt lat="-33.679159" lon="151.086321"><ele>62.9</ele></trkpt>
    <trkpt lat="-33.679109" lon="151.086378"><ele>62.6</ele></trkpt>
    <trkpt lat="-33.679080" lon="151.086469"><ele>62.2</ele></trkpt>
    <trkpt lat="-33.679044" lon="151.086631"><ele>61.7</ele></trkpt>
    <trkpt lat="-33.678989" lon="151.086745"><ele>61.3</ele></trkpt>
    <trkpt lat="-33.678922" lon="151.086793"><ele>61.0</ele></trkpt>
    <trkpt lat="-33.678816" lon="151.086811"><ele>60.7</ele></trkpt>
    <trkpt lat="-33.678717" lon="151.086799"><ele>60.4</ele></trkpt>
    <trkpt lat="-33.678659" lon="151.086751"><ele>60.2</ele></trkpt>
    <trkpt lat="-33.678597" lon="151.086672"><ele>60.0</ele></trkpt>
    <trkpt lat="-33.678540" lon="151.086513"><ele>59.7</ele></trkpt>
    <trkpt lat="-33.678515" lon="151.086264"><ele>59.5</ele></trkpt>
    <trkpt lat="-33.678524" lon="151.086113"><ele>59.4</ele></trkpt>
    <trkpt lat="-33.678576" lon="151.085988"><ele>59.3</ele></trkpt>
    <trkpt lat="-33.678793" lon="151.085753"><ele>59.0</ele></trkpt>
    <trkpt lat="-33.678955" lon="151.085656"><ele>58.7</ele></trkpt>
    <trkpt lat="-33.679514" lon="151.085503"><ele>59.5</ele></trkpt>
    <trkpt lat="-33.679567" lon="151.085474"><ele>59.7</ele></trkpt>
    <trkpt lat="-33.679603" lon="151.085425"><ele>60.0</ele></trkpt>
    <trkpt lat="-33.679616" lon="151.085390"><ele>60.4</ele></trkpt>
    <trkpt lat="-33.679640" lon="151.085314"><ele>61.0</ele></trkpt>
    <trkpt lat="-33.679633" lon="151.085103"><ele>62.9</ele></trkpt>
    <trkpt lat="-33.679612" lon="151.085065"><ele>63.4</ele></trkpt>
    <trkpt lat="-33.679574" lon="151.085042"><ele>63.9</ele></trkpt>
    <trkpt lat="-33.679413" lon="151.084986"><ele>66.0</ele></trkpt>
    <trkpt lat="-33.678760" lon="151.084897"><ele>73.2</ele></trkpt>
    <trkpt lat="-33.677932" lon="151.085068"><ele>81.9</ele></trkpt>
    <trkpt lat="-33.677845" lon="151.085143"><ele>82.9</ele></trkpt>
    <trkpt lat="-33.677753" lon="151.085256"><ele>83.5</ele></trkpt>
    <trkpt lat="-33.677690" lon="151.085445"><ele>84.2</ele></trkpt>
    <trkpt lat="-33.677600" lon="151.085744"><ele>83.4</ele></trkpt>
    <trkpt lat="-33.677549" lon="151.085949"><ele>82.3</ele></trkpt>
    <trkpt lat="-33.677550" lon="151.086315"><ele>80.7</ele></trkpt>
    <trkpt lat="-33.677453" lon="151.086727"><ele>80.8</ele></trkpt>
    <trkpt lat="-33.677405" lon="151.086848"><ele>81.6</ele></trkpt>
    <trkpt lat="-33.677332" lon="151.086936"><ele>82.3</ele></trkpt>
    <trkpt lat="-33.677247" lon="151.086940"><ele>83.2</ele></trkpt>
    <trkpt lat="-33.677124" lon="151.086908"><ele>84.6</ele></trkpt>
    <trkpt lat="-33.677008" lon="151.086869"><ele>86.0</ele></trkpt>
    <trkpt lat="-33.676673" lon="151.086706"><ele>89.6</ele></trkpt>
    <trkpt lat="-33.675990" lon="151.086535"><ele>91.1</ele></trkpt>
    <trkpt lat="-33.675764" lon="151.086452"><ele>91.3</ele></trkpt>
    <trkpt lat="-33.675378" lon="151.086225"><ele>90.9</ele></trkpt>
    <trkpt lat="-33.675273" lon="151.086207"><ele>90.9</ele></trkpt>
    <trkpt lat="-33.675158" lon="151.086231"><ele>91.0</ele></trkpt>
    <trkpt lat="-33.675048" lon="151.086239"><ele>91.1</ele></trkpt>
    <trkpt lat="-33.674413" lon="151.086169"><ele>91.3</ele></trkpt>
    <trkpt lat="-33.674111" lon="151.086097"><ele>90.5</ele></trkpt>
    <trkpt lat="-33.673747" lon="151.085939"><ele>89.9</ele></trkpt>
    <trkpt lat="-33.673637" lon="151.085883"><ele>90.0</ele></trkpt>
    <trkpt lat="-33.673565" lon="151.085816"><ele>90.1</ele></trkpt>
    <trkpt lat="-33.673523" lon="151.085726"><ele>90.2</ele></trkpt>
    <trkpt lat="-33.673460" lon="151.085509"><ele>90.9</ele></trkpt>
    <trkpt lat="-33.673430" lon="151.085272"><ele>92.1</ele></trkpt>
    <trkpt lat="-33.673355" lon="151.085072"><ele>93.7</ele></trkpt>
    <trkpt lat="-33.673305" lon="151.084926"><ele>95.3</ele></trkpt>
    <trkpt lat="-33.673202" lon="151.084496"><ele>100.3</ele></trkpt>
    <trkpt lat="-33.673200" lon="151.084387"><ele>101.7</ele></trkpt>
    <trkpt lat="-33.673230" lon="151.084308"><ele>102.8</ele></trkpt>
    <trkpt lat="-33.673267" lon="151.084283"><ele>103.4</ele></trkpt>
    <trkpt lat="-33.673318" lon="151.084273"><ele>104.2</ele></trkpt>
    <trkpt lat="-33.673531" lon="151.084342"><ele>107.9</ele></trkpt>
    <trkpt lat="-33.673743" lon="151.084368"><ele>111.6</ele></trkpt>
    <trkpt lat="-33.673848" lon="151.084397"><ele>113.5</ele></trkpt>
    <trkpt lat="-33.674034" lon="151.084517"><ele>117.3</ele></trkpt>
    <trkpt lat="-33.674297" lon="151.084631"><ele>121.6</ele></trkpt>
    <trkpt lat="-33.674529" lon="151.084738"><ele>124.6</ele></trkpt>
    <trkpt lat="-33.674635" lon="151.084747"><ele>125.8</ele></trkpt>
    <trkpt lat="-33.674759" lon="151.084715"><ele>127.2</ele></trkpt>
    <trkpt lat="-33.674898" lon="151.084659"><ele>128.7</ele></trkpt>
    <trkpt lat="-33.675216" lon="151.084477"><ele>132.6</ele></trkpt>
    <trkpt lat="-33.675492" lon="151.084330"><ele>135.9</ele></trkpt>
    <trkpt lat="-33.675610" lon="151.084242"><ele>137.4</ele></trkpt>
    <trkpt lat="-33.675755" lon="151.084089"><ele>139.4</ele></trkpt>
    <trkpt lat="-33.675816" lon="151.083962"><ele>140.6</ele></trkpt>
    <trkpt lat="-33.675950" lon="151.083412"><ele>145.1</ele></trkpt>
    <trkpt lat="-33.675973" lon="151.083355"><ele>145.6</ele></trkpt>
    <trkpt lat="-33.676023" lon="151.083296"><ele>146.2</ele></trkpt>
    <trkpt lat="-33.676093" lon="151.083230"><ele>146.9</ele></trkpt>
    <trkpt lat="-33.676350" lon="151.083122"><ele>149.0</ele></trkpt>
    <trkpt lat="-33.676630" lon="151.082976"><ele>151.3</ele></trkpt>
    <trkpt lat="-33.676806" lon="151.082936"><ele>152.4</ele></trkpt>
    <trkpt lat="-33.677186" lon="151.082889"><ele>153.8</ele></trkpt>
    <trkpt lat="-33.677287" lon="151.082858"><ele>154.2</ele></trkpt>
    <trkpt lat="-33.677393" lon="151.082800"><ele>154.7</ele></trkpt>
    <trkpt lat="-33.677770" lon="151.082492"><ele>157.6</ele></trkpt>
    <trkpt lat="-33.678165" lon="151.082034"><ele>163.5</ele></trkpt>
    <trkpt lat="-33.678304" lon="151.081832"><ele>166.6</ele></trkpt>
    <trkpt lat="-33.678372" lon="151.081730"><ele>168.4</ele></trkpt>
    <trkpt lat="-33.678560" lon="151.080900"><ele>177.0</ele></trkpt>
    <trkpt lat="-33.678401" lon="151.080688"><ele>177.9</ele></trkpt>
    <trkpt lat="-33.678314" lon="151.080610"><ele>177.8</ele></trkpt>
    <trkpt lat="-33.678185" lon="151.080577"><ele>177.7</ele></trkpt>
    <trkpt lat="-33.678112" lon="151.080579"><ele>177.3</ele></trkpt>
    <trkpt lat="-33.677834" lon="151.080649"><ele>175.4</ele></trkpt>
    <trkpt lat="-33.677709" lon="151.080635"><ele>174.5</ele></trkpt>
    <trkpt lat="-33.677512" lon="151.080570"><ele>173.4</ele></trkpt>
    <trkpt lat="-33.677259" lon="151.080453"><ele>171.9</ele></trkpt>
    <trkpt lat="-33.677002" lon="151.080206"><ele>170.8</ele></trkpt>
    <trkpt lat="-33.676832" lon="151.080123"><ele>170.7</ele></trkpt>
    <trkpt lat="-33.676648" lon="151.080095"><ele>170.5</ele></trkpt>
    <trkpt lat="-33.676534" lon="151.080094"><ele>170.4</ele></trkpt>
    <trkpt lat="-33.676412" lon="151.080123"><ele>170.2</ele></trkpt>
    <trkpt lat="-33.676166" lon="151.080213"><ele>169.9</ele></trkpt>
    <trkpt lat="-33.675977" lon="151.080215"><ele>170.6</ele></trkpt>
    <trkpt lat="-33.675744" lon="151.080161"><ele>171.6</ele></trkpt>
    <trkpt lat="-33.675612" lon="151.080100"><ele>172.3</ele></trkpt>
    <trkpt lat="-33.675499" lon="151.079977"><ele>173.0</ele></trkpt>
    <trkpt lat="-33.675303" lon="151.079633"><ele>174.2</ele></trkpt>
    <trkpt lat="-33.675181" lon="151.079553"><ele>174.5</ele></trkpt>
    <trkpt lat="-33.675084" lon="151.079528"><ele>174.8</ele></trkpt>
    <trkpt lat="-33.675008" lon="151.079533"><ele>174.9</ele></trkpt>
    <trkpt lat="-33.674614" lon="151.079673"><ele>175.2</ele></trkpt>
    <trkpt lat="-33.674464" lon="151.079724"><ele>175.4</ele></trkpt>
    <trkpt lat="-33.674313" lon="151.079811"><ele>175.7</ele></trkpt>
    <trkpt lat="-33.674095" lon="151.079816"><ele>175.8</ele></trkpt>
    <trkpt lat="-33.673992" lon="151.079863"><ele>175.9</ele></trkpt>
    <trkpt lat="-33.673888" lon="151.079954"><ele>175.8</ele></trkpt>
    <trkpt lat="-33.673794" lon="151.080076"><ele>175.8</ele></trkpt>
    <trkpt lat="-33.673729" lon="151.080276"><ele>175.3</ele></trkpt>
    <trkpt lat="-33.673608" lon="151.080457"><ele>174.1</ele></trkpt>
    <trkpt lat="-33.673411" lon="151.080630"><ele>171.8</ele></trkpt>
    <trkpt lat="-33.673312" lon="151.080683"><ele>170.6</ele></trkpt>
    <trkpt lat="-33.673140" lon="151.080681"><ele>168.6</ele></trkpt>
    <trkpt lat="-33.673004" lon="151.080659"><ele>167.0</ele></trkpt>
    <trkpt lat="-33.672746" lon="151.080573"><ele>163.3</ele></trkpt>
    <trkpt lat="-33.672625" lon="151.080572"><ele>161.5</ele></trkpt>
    <trkpt lat="-33.672168" lon="151.080736"><ele>154.2</ele></trkpt>
    <trkpt lat="-33.672081" lon="151.080829"><ele>152.4</ele></trkpt>
    <trkpt lat="-33.671930" lon="151.081059"><ele>148.9</ele></trkpt>
    <trkpt lat="-33.671860" lon="151.081126"><ele>147.7</ele></trkpt>
    <trkpt lat="-33.671055" lon="151.081549"><ele>145.5</ele></trkpt>
    <trkpt lat="-33.670869" lon="151.081589"><ele>147.0</ele></trkpt>
    <trkpt lat="-33.670660" lon="151.081627"><ele>149.0</ele></trkpt>
    <trkpt lat="-33.670390" lon="151.081810"><ele>152.3</ele></trkpt>
    <trkpt lat="-33.669911" lon="151.081964"><ele>156.1</ele></trkpt>
    <trkpt lat="-33.669830" lon="151.081938"><ele>156.4</ele></trkpt>
    <trkpt lat="-33.669683" lon="151.081865"><ele>156.8</ele></trkpt>
    <trkpt lat="-33.669534" lon="151.081839"><ele>156.9</ele></trkpt>
    <trkpt lat="-33.669431" lon="151.081798"><ele>156.9</ele></trkpt>
    <trkpt lat="-33.668923" lon="151.081343"><ele>154.5</ele></trkpt>
    <trkpt lat="-33.668643" lon="151.081205"><ele>152.1</ele></trkpt>
    <trkpt lat="-33.668489" lon="151.081134"><ele>150.5</ele></trkpt>
    <trkpt lat="-33.668091" lon="151.080873"><ele>145.8</ele></trkpt>
    <trkpt lat="-33.667988" lon="151.080815"><ele>144.1</ele></trkpt>
    <trkpt lat="-33.667822" lon="151.080789"><ele>141.5</ele></trkpt>
    <trkpt lat="-33.667766" lon="151.080805"><ele>140.4</ele></trkpt>
    <trkpt lat="-33.667707" lon="151.080837"><ele>139.2</ele></trkpt>
    <trkpt lat="-33.667417" lon="151.080765"><ele>133.2</ele></trkpt>
    <trkpt lat="-33.667250" lon="151.080712"><ele>129.0</ele></trkpt>
    <trkpt lat="-33.667232" lon="151.080590"><ele>126.1</ele></trkpt>
    <trkpt lat="-33.667155" lon="151.080527"><ele>123.5</ele></trkpt>
    <trkpt lat="-33.667127" lon="151.080458"><ele>121.4</ele></trkpt>
    <trkpt lat="-33.667110" lon="151.080422"><ele>120.3</ele></trkpt>
    <trkpt lat="-33.667044" lon="151.080477"><ele>117.7</ele></trkpt>
    <trkpt lat="-33.667032" lon="151.080463"><ele>117.2</ele></trkpt>
    <trkpt lat="-33.667036" lon="151.080362"><ele>114.5</ele></trkpt>
    <trkpt lat="-33.666948" lon="151.080283"><ele>111.3</ele></trkpt>
    <trkpt lat="-33.666880" lon="151.080168"><ele>107.8</ele></trkpt>
    <trkpt lat="-33.666711" lon="151.080127"><ele>102.9</ele></trkpt>
    <trkpt lat="-33.666450" lon="151.080276"><ele>95.0</ele></trkpt>
    <trkpt lat="-33.666192" lon="151.080502"><ele>87.6</ele></trkpt>
    <trkpt lat="-33.666054" lon="151.080686"><ele>83.2</ele></trkpt>
    <trkpt lat="-33.666026" lon="151.080676"><ele>82.6</ele></trkpt>
    <trkpt lat="-33.666006" lon="151.080591"><ele>81.0</ele></trkpt>
    <trkpt lat="-33.665997" lon="151.080309"><ele>75.2</ele></trkpt>
    <trkpt lat="-33.665951" lon="151.080311"><ele>74.1</ele></trkpt>
    <trkpt lat="-33.665806" lon="151.080408"><ele>70.0</ele></trkpt>
    <trkpt lat="-33.665794" lon="151.080391"><ele>69.5</ele></trkpt>
    <trkpt lat="-33.665813" lon="151.080354"><ele>68.7</ele></trkpt>
    <trkpt lat="-33.665803" lon="151.080342"><ele>68.3</ele></trkpt>
    <trkpt lat="-33.665771" lon="151.080361"><ele>67.4</ele></trkpt>
    <trkpt lat="-33.665753" lon="151.080354"><ele>66.9</ele></trkpt>
    <trkpt lat="-33.665761" lon="151.080322"><ele>66.1</ele></trkpt>
    <trkpt lat="-33.665757" lon="151.080318"><ele>66.0</ele></trkpt>
    <trkpt lat="-33.665660" lon="151.080510"><ele>60.5</ele></trkpt>
    <trkpt lat="-33.665567" lon="151.080532"><ele>57.7</ele></trkpt>
    <trkpt lat="-33.665526" lon="151.080245"><ele>50.6</ele></trkpt>
    <trkpt lat="-33.665471" lon="151.080250"><ele>49.1</ele></trkpt>
    <trkpt lat="-33.665341" lon="151.080407"><ele>44.1</ele></trkpt>
    <trkpt lat="-33.665330" lon="151.080300"><ele>42.2</ele></trkpt>
    <trkpt lat="-33.665275" lon="151.080346"><ele>40.9</ele></trkpt>
    <trkpt lat="-33.665267" lon="151.080287"><ele>40.0</ele></trkpt>
    <trkpt lat="-33.665236" lon="151.080325"><ele>39.1</ele></trkpt>
    <trkpt lat="-33.665220" lon="151.080280"><ele>38.4</ele></trkpt>
    <trkpt lat="-33.665217" lon="151.080270"><ele>38.3</ele></trkpt>
    <trkpt lat="-33.665197" lon="151.080310"><ele>37.9</ele></trkpt>
    <trkpt lat="-33.665097" lon="151.080325"><ele>36.8</ele></trkpt>
    <trkpt lat="-33.665035" lon="151.080186"><ele>35.6</ele></trkpt>
    <trkpt lat="-33.665014" lon="151.080225"><ele>35.6</ele></trkpt>
    <trkpt lat="-33.665001" lon="151.080248"><ele>35.6</ele></trkpt>
    <trkpt lat="-33.664984" lon="151.080266"><ele>35.6</ele></trkpt>
    <trkpt lat="-33.664934" lon="151.080318"><ele>35.6</ele></trkpt>
    <trkpt lat="-33.664904" lon="151.080331"><ele>35.5</ele></trkpt>
    <trkpt lat="-33.664855" lon="151.080296"><ele>35.5</ele></trkpt>
    <trkpt lat="-33.664794" lon="151.080209"><ele>36.2</ele></trkpt>
    <trkpt lat="-33.664653" lon="151.080159"><ele>37.5</ele></trkpt>
    <trkpt lat="-33.664598" lon="151.080127"><ele>38.1</ele></trkpt>
    <trkpt lat="-33.664555" lon="151.080133"><ele>38.7</ele></trkpt>
    <trkpt lat="-33.664544" lon="151.080190"><ele>39.4</ele></trkpt>
    <trkpt lat="-33.664622" lon="151.080203"><ele>40.5</ele></trkpt>
    <trkpt lat="-33.664637" lon="151.080234"><ele>40.9</ele></trkpt>
    <trkpt lat="-33.664628" lon="151.080239"><ele>41.1</ele></trkpt>
    <trkpt lat="-33.664530" lon="151.080273"><ele>42.5</ele></trkpt>
    <trkpt lat="-33.664473" lon="151.080268"><ele>43.3</ele></trkpt>
    <trkpt lat="-33.664472" lon="151.080289"><ele>43.5</ele></trkpt>
    <trkpt lat="-33.664456" lon="151.080301"><ele>43.8</ele></trkpt>
    <trkpt lat="-33.664243" lon="151.080223"><ele>46.4</ele></trkpt>
    <trkpt lat="-33.664038" lon="151.080206"><ele>48.3</ele></trkpt>
    <trkpt lat="-33.663793" lon="151.080130"><ele>49.9</ele></trkpt>
    <trkpt lat="-33.663631" lon="151.080098"><ele>50.5</ele></trkpt>
    <trkpt lat="-33.663454" lon="151.080113"><ele>51.0</ele></trkpt>
    <trkpt lat="-33.663312" lon="151.080160"><ele>51.4</ele></trkpt>
    <trkpt lat="-33.663265" lon="151.080197"><ele>51.3</ele></trkpt>
    <trkpt lat="-33.663234" lon="151.080238"><ele>51.2</ele></trkpt>
    <trkpt lat="-33.663194" lon="151.080306"><ele>50.9</ele></trkpt>
    <trkpt lat="-33.663172" lon="151.080367"><ele>50.8</ele></trkpt>
    <trkpt lat="-33.663145" lon="151.080482"><ele>50.5</ele></trkpt>
    <trkpt lat="-33.663101" lon="151.080683"><ele>50.1</ele></trkpt>
    <trkpt lat="-33.662957" lon="151.080902"><ele>50.1</ele></trkpt>
    <trkpt lat="-33.662961" lon="151.081067"><ele>50.3</ele></trkpt>
    <trkpt lat="-33.662947" lon="151.081181"><ele>50.5</ele></trkpt>
    <trkpt lat="-33.662790" lon="151.081603"><ele>52.2</ele></trkpt>
    <trkpt lat="-33.662628" lon="151.081908"><ele>54.3</ele></trkpt>
    <trkpt lat="-33.662388" lon="151.082244"><ele>54.7</ele></trkpt>
    <trkpt lat="-33.662325" lon="151.082252"><ele>54.6</ele></trkpt>
    <trkpt lat="-33.662263" lon="151.082254"><ele>54.6</ele></trkpt>
    <trkpt lat="-33.662186" lon="151.082186"><ele>54.1</ele></trkpt>
    <trkpt lat="-33.662054" lon="151.082241"><ele>53.0</ele></trkpt>
    <trkpt lat="-33.661861" lon="151.082363"><ele>50.6</ele></trkpt>
    <trkpt lat="-33.661776" lon="151.082398"><ele>49.5</ele></trkpt>
    <trkpt lat="-33.661586" lon="151.082529"><ele>48.0</ele></trkpt>
    <trkpt lat="-33.661492" lon="151.082543"><ele>47.5</ele></trkpt>
    <trkpt lat="-33.661335" lon="151.082632"><ele>47.3</ele></trkpt>
    <trkpt lat="-33.661250" lon="151.082755"><ele>47.3</ele></trkpt>
    <trkpt lat="-33.661255" lon="151.082788"><ele>47.4</ele></trkpt>
    <trkpt lat="-33.661284" lon="151.082822"><ele>47.5</ele></trkpt>
    <trkpt lat="-33.661287" lon="151.082858"><ele>47.6</ele></trkpt>
    <trkpt lat="-33.661239" lon="151.082924"><ele>47.8</ele></trkpt>
    <trkpt lat="-33.661131" lon="151.082996"><ele>48.5</ele></trkpt>
    <trkpt lat="-33.661083" lon="151.083086"><ele>49.2</ele></trkpt>
    <trkpt lat="-33.661024" lon="151.083142"><ele>49.7</ele></trkpt>
    <trkpt lat="-33.660989" lon="151.083213"><ele>50.5</ele></trkpt>
    <trkpt lat="-33.661006" lon="151.083264"><ele>51.2</ele></trkpt>
    <trkpt lat="-33.660969" lon="151.083349"><ele>52.3</ele></trkpt>
    <trkpt lat="-33.660810" lon="151.083562"><ele>55.3</ele></trkpt>
    <trkpt lat="-33.660710" lon="151.083759"><ele>57.4</ele></trkpt>
    <trkpt lat="-33.660688" lon="151.083852"><ele>58.1</ele></trkpt>
    <trkpt lat="-33.660697" lon="151.083933"><ele>58.7</ele></trkpt>
    <trkpt lat="-33.660679" lon="151.084033"><ele>59.5</ele></trkpt>
    <trkpt lat="-33.660451" lon="151.084270"><ele>61.5</ele></trkpt>
    <trkpt lat="-33.660180" lon="151.084710"><ele>61.7</ele></trkpt>
    <trkpt lat="-33.660041" lon="151.084886"><ele>60.8</ele></trkpt>
    <trkpt lat="-33.659803" lon="151.084976"><ele>59.6</ele></trkpt>
    <trkpt lat="-33.659652" lon="151.085058"><ele>58.5</ele></trkpt>
    <trkpt lat="-33.659494" lon="151.085282"><ele>56.3</ele></trkpt>
    <trkpt lat="-33.659163" lon="151.085398"><ele>52.0</ele></trkpt>
    <trkpt lat="-33.658730" lon="151.085752"><ele>47.8</ele></trkpt>
    <trkpt lat="-33.658608" lon="151.085989"><ele>47.5</ele></trkpt>
    <trkpt lat="-33.658700" lon="151.086236"><ele>48.7</ele></trkpt>
    <trkpt lat="-33.658777" lon="151.086358"><ele>50.5</ele></trkpt>
    <trkpt lat="-33.658750" lon="151.086473"><ele>51.9</ele></trkpt>
    <trkpt lat="-33.658800" lon="151.086675"><ele>55.3</ele></trkpt>
    <trkpt lat="-33.658761" lon="151.086831"><ele>58.0</ele></trkpt>
    <trkpt lat="-33.658737" lon="151.086983"><ele>60.7</ele></trkpt>
    <trkpt lat="-33.658745" lon="151.087077"><ele>62.4</ele></trkpt>
    <trkpt lat="-33.658807" lon="151.087124"><ele>64.0</ele></trkpt>
    <trkpt lat="-33.658783" lon="151.087311"><ele>66.6</ele></trkpt>
    <trkpt lat="-33.658954" lon="151.087629"><ele>72.3</ele></trkpt>
    <trkpt lat="-33.658828" lon="151.087957"><ele>77.3</ele></trkpt>
    <trkpt lat="-33.658875" lon="151.088182"><ele>80.9</ele></trkpt>
    <trkpt lat="-33.658943" lon="151.088300"><ele>83.2</ele></trkpt>
    <trkpt lat="-33.658949" lon="151.088418"><ele>84.6</ele></trkpt>
    <trkpt lat="-33.658908" lon="151.088539"><ele>86.1</ele></trkpt>
    <trkpt lat="-33.658953" lon="151.088642"><ele>87.5</ele></trkpt>
    <trkpt lat="-33.659015" lon="151.088934"><ele>90.5</ele></trkpt>
    <trkpt lat="-33.658967" lon="151.088961"><ele>90.8</ele></trkpt>
    <trkpt lat="-33.658769" lon="151.088960"><ele>91.9</ele></trkpt>
    <trkpt lat="-33.658413" lon="151.088901"><ele>92.3</ele></trkpt>
    <trkpt lat="-33.658241" lon="151.088914"><ele>91.8</ele></trkpt>
    <trkpt lat="-33.658072" lon="151.088874"><ele>91.7</ele></trkpt>
    <trkpt lat="-33.657552" lon="151.088993"><ele>91.7</ele></trkpt>
    <trkpt lat="-33.657310" lon="151.088997"><ele>91.9</ele></trkpt>
    <trkpt lat="-33.657056" lon="151.088979"><ele>91.3</ele></trkpt>
    <trkpt lat="-33.656680" lon="151.088899"><ele>88.7</ele></trkpt>
    <trkpt lat="-33.656495" lon="151.088804"><ele>87.2</ele></trkpt>
    <trkpt lat="-33.656343" lon="151.088800"><ele>86.0</ele></trkpt>
    <trkpt lat="-33.656047" lon="151.088774"><ele>82.3</ele></trkpt>
    <trkpt lat="-33.655792" lon="151.088838"><ele>78.5</ele></trkpt>
    <trkpt lat="-33.655626" lon="151.088803"><ele>76.1</ele></trkpt>
    <trkpt lat="-33.655429" lon="151.088710"><ele>73.0</ele></trkpt>
    <trkpt lat="-33.655225" lon="151.088734"><ele>70.3</ele></trkpt>
    <trkpt lat="-33.655166" lon="151.088776"><ele>69.5</ele></trkpt>
    <trkpt lat="-33.655129" lon="151.088843"><ele>68.7</ele></trkpt>
    <trkpt lat="-33.655088" lon="151.089057"><ele>67.7</ele></trkpt>
    <trkpt lat="-33.655147" lon="151.089337"><ele>66.9</ele></trkpt>
    <trkpt lat="-33.655226" lon="151.089844"><ele>67.6</ele></trkpt>
    <trkpt lat="-33.655195" lon="151.089911"><ele>68.0</ele></trkpt>
    <trkpt lat="-33.655155" lon="151.090089"><ele>68.8</ele></trkpt>
    <trkpt lat="-33.655118" lon="151.090439"><ele>70.0</ele></trkpt>
    <trkpt lat="-33.655006" lon="151.090748"><ele>70.5</ele></trkpt>
    <trkpt lat="-33.654630" lon="151.091173"><ele>71.4</ele></trkpt>
    <trkpt lat="-33.654211" lon="151.091407"><ele>72.4</ele></trkpt>
    <trkpt lat="-33.654189" lon="151.091481"><ele>72.6</ele></trkpt>
    <trkpt lat="-33.654206" lon="151.091617"><ele>72.8</ele></trkpt>
    <trkpt lat="-33.654198" lon="151.091719"><ele>73.0</ele></trkpt>
    <trkpt lat="-33.654217" lon="151.092096"><ele>73.8</ele></trkpt>
    <trkpt lat="-33.654255" lon="151.092215"><ele>74.0</ele></trkpt>
    <trkpt lat="-33.654297" lon="151.092343"><ele>74.1</ele></trkpt>
    <trkpt lat="-33.654290" lon="151.092403"><ele>74.2</ele></trkpt>
    <trkpt lat="-33.654196" lon="151.092466"><ele>74.2</ele></trkpt>
    <trkpt lat="-33.654162" lon="151.092551"><ele>74.2</ele></trkpt>
    <trkpt lat="-33.654080" lon="151.092583"><ele>74.3</ele></trkpt>
    <trkpt lat="-33.653999" lon="151.092550"><ele>74.3</ele></trkpt>
    <trkpt lat="-33.653914" lon="151.092554"><ele>74.2</ele></trkpt>
    <trkpt lat="-33.653838" lon="151.092593"><ele>74.2</ele></trkpt>
    <trkpt lat="-33.653755" lon="151.092612"><ele>74.1</ele></trkpt>
    <trkpt lat="-33.653721" lon="151.092652"><ele>74.2</ele></trkpt>
    <trkpt lat="-33.653697" lon="151.092717"><ele>74.3</ele></trkpt>
    <trkpt lat="-33.653543" lon="151.092871"><ele>74.6</ele></trkpt>
    <trkpt lat="-33.653443" lon="151.092902"><ele>74.8</ele></trkpt>
    <trkpt lat="-33.653086" lon="151.093181"><ele>75.5</ele></trkpt>
    <trkpt lat="-33.652939" lon="151.093239"><ele>75.3</ele></trkpt>
    <trkpt lat="-33.652878" lon="151.093293"><ele>75.2</ele></trkpt>
    <trkpt lat="-33.652667" lon="151.093371"><ele>75.1</ele></trkpt>
    <trkpt lat="-33.652561" lon="151.093457"><ele>74.8</ele></trkpt>
    <trkpt lat="-33.652518" lon="151.093505"><ele>74.7</ele></trkpt>
    <trkpt lat="-33.652431" lon="151.093487"><ele>74.4</ele></trkpt>
    <trkpt lat="-33.652365" lon="151.093532"><ele>74.1</ele></trkpt>
    <trkpt lat="-33.652312" lon="151.093617"><ele>73.6</ele></trkpt>
    <trkpt lat="-33.652205" lon="151.093667"><ele>72.8</ele></trkpt>
    <trkpt lat="-33.652011" lon="151.093867"><ele>71.1</ele></trkpt>
    <trkpt lat="-33.651954" lon="151.093946"><ele>70.5</ele></trkpt>
    <trkpt lat="-33.651868" lon="151.093962"><ele>70.0</ele></trkpt>
    <trkpt lat="-33.651695" lon="151.093870"><ele>69.0</ele></trkpt>
    <trkpt lat="-33.651619" lon="151.093866"><ele>68.6</ele></trkpt>
    <trkpt lat="-33.651238" lon="151.093991"><ele>67.0</ele></trkpt>
    <trkpt lat="-33.651077" lon="151.094068"><ele>67.6</ele></trkpt>
    <trkpt lat="-33.650831" lon="151.094119"><ele>68.9</ele></trkpt>
    <trkpt lat="-33.650715" lon="151.094240"><ele>69.6</ele></trkpt>
    <trkpt lat="-33.650704" lon="151.094288"><ele>69.7</ele></trkpt>
    <trkpt lat="-33.650583" lon="151.094413"><ele>70.2</ele></trkpt>
    <trkpt lat="-33.650585" lon="151.094484"><ele>70.4</ele></trkpt>
    <trkpt lat="-33.650405" lon="151.094573"><ele>70.9</ele></trkpt>
    <trkpt lat="-33.650333" lon="151.094543"><ele>71.0</ele></trkpt>
    <trkpt lat="-33.650241" lon="151.094575"><ele>71.1</ele></trkpt>
    <trkpt lat="-33.650143" lon="151.094577"><ele>71.2</ele></trkpt>
    <trkpt lat="-33.649832" lon="151.094754"><ele>68.3</ele></trkpt>
    <trkpt lat="-33.649734" lon="151.094885"><ele>66.1</ele></trkpt>
    <trkpt lat="-33.649679" lon="151.094996"><ele>64.5</ele></trkpt>
    <trkpt lat="-33.649583" lon="151.095011"><ele>62.6</ele></trkpt>
    <trkpt lat="-33.649555" lon="151.094908"><ele>60.8</ele></trkpt>
    <trkpt lat="-33.649421" lon="151.094990"><ele>57.6</ele></trkpt>
    <trkpt lat="-33.649340" lon="151.094944"><ele>55.3</ele></trkpt>
    <trkpt lat="-33.649251" lon="151.094748"><ele>50.6</ele></trkpt>
    <trkpt lat="-33.649040" lon="151.094780"><ele>45.2</ele></trkpt>
    <trkpt lat="-33.648920" lon="151.094906"><ele>41.5</ele></trkpt>
    <trkpt lat="-33.648824" lon="151.094928"><ele>39.3</ele></trkpt>
    <trkpt lat="-33.648769" lon="151.095064"><ele>36.9</ele></trkpt>
    <trkpt lat="-33.648815" lon="151.095199"><ele>34.8</ele></trkpt>
    <trkpt lat="-33.648906" lon="151.095338"><ele>32.6</ele></trkpt>
    <trkpt lat="-33.648831" lon="151.095497"><ele>30.7</ele></trkpt>
    <trkpt lat="-33.648916" lon="151.095680"><ele>29.6</ele></trkpt>
    <trkpt lat="-33.648986" lon="151.095939"><ele>27.9</ele></trkpt>
    <trkpt lat="-33.649257" lon="151.096298"><ele>25.7</ele></trkpt>
    <trkpt lat="-33.649235" lon="151.096629"><ele>25.1</ele></trkpt>
    <trkpt lat="-33.649453" lon="151.096990"><ele>22.7</ele></trkpt>
    <trkpt lat="-33.649438" lon="151.097106"><ele>22.1</ele></trkpt>
    <trkpt lat="-33.649494" lon="151.097287"><ele>21.3</ele></trkpt>
    <trkpt lat="-33.649457" lon="151.097352"><ele>21.2</ele></trkpt>
    <trkpt lat="-33.649489" lon="151.097520"><ele>20.9</ele></trkpt>
    <trkpt lat="-33.649554" lon="151.097635"><ele>21.5</ele></trkpt>
    <trkpt lat="-33.649581" lon="151.097802"><ele>22.3</ele></trkpt>
    <trkpt lat="-33.649458" lon="151.098045"><ele>25.3</ele></trkpt>
    <trkpt lat="-33.649400" lon="151.098223"><ele>27.6</ele></trkpt>
    <trkpt lat="-33.649421" lon="151.098380"><ele>29.5</ele></trkpt>
    <trkpt lat="-33.649411" lon="151.098479"><ele>30.7</ele></trkpt>
    <trkpt lat="-33.649277" lon="151.098664"><ele>33.6</ele></trkpt>
    <trkpt lat="-33.648961" lon="151.098854"><ele>35.5</ele></trkpt>
    <trkpt lat="-33.648863" lon="151.099003"><ele>35.0</ele></trkpt>
    <trkpt lat="-33.648520" lon="151.099211"><ele>30.6</ele></trkpt>
    <trkpt lat="-33.648385" lon="151.099411"><ele>28.0</ele></trkpt>
    <trkpt lat="-33.648252" lon="151.099568"><ele>25.6</ele></trkpt>
    <trkpt lat="-33.648130" lon="151.099640"><ele>24.5</ele></trkpt>
    <trkpt lat="-33.648063" lon="151.099785"><ele>23.7</ele></trkpt>
    <trkpt lat="-33.647826" lon="151.099847"><ele>22.2</ele></trkpt>
    <trkpt lat="-33.647551" lon="151.100098"><ele>21.4</ele></trkpt>
    <trkpt lat="-33.647317" lon="151.100216"><ele>22.4</ele></trkpt>
    <trkpt lat="-33.647186" lon="151.100438"><ele>24.4</ele></trkpt>
    <trkpt lat="-33.647046" lon="151.100630"><ele>26.0</ele></trkpt>
    <trkpt lat="-33.646890" lon="151.100813"><ele>27.7</ele></trkpt>
    <trkpt lat="-33.646683" lon="151.100954"><ele>29.0</ele></trkpt>
    <trkpt lat="-33.646283" lon="151.100959"><ele>29.0</ele></trkpt>
    <trkpt lat="-33.646077" lon="151.101030"><ele>27.6</ele></trkpt>
    <trkpt lat="-33.645950" lon="151.100992"><ele>26.6</ele></trkpt>
    <trkpt lat="-33.645928" lon="151.100982"><ele>26.5</ele></trkpt>
    <trkpt lat="-33.645871" lon="151.100980"><ele>26.2</ele></trkpt>
    <trkpt lat="-33.645612" lon="151.100943"><ele>25.0</ele></trkpt>
    <trkpt lat="-33.645454" lon="151.100830"><ele>24.2</ele></trkpt>
    <trkpt lat="-33.645180" lon="151.100829"><ele>23.5</ele></trkpt>
    <trkpt lat="-33.645081" lon="151.100695"><ele>23.5</ele></trkpt>
    <trkpt lat="-33.644830" lon="151.100623"><ele>24.0</ele></trkpt>
    <trkpt lat="-33.644594" lon="151.100631"><ele>24.7</ele></trkpt>
    <trkpt lat="-33.644451" lon="151.100763"><ele>25.0</ele></trkpt>
    <trkpt lat="-33.644382" lon="151.100838"><ele>25.1</ele></trkpt>
    <trkpt lat="-33.644191" lon="151.100988"><ele>25.7</ele></trkpt>
    <trkpt lat="-33.643867" lon="151.101095"><ele>26.9</ele></trkpt>
    <trkpt lat="-33.643820" lon="151.101109"><ele>27.1</ele></trkpt>
    <trkpt lat="-33.643766" lon="151.101120"><ele>27.2</ele></trkpt>
    <trkpt lat="-33.643421" lon="151.101240"><ele>25.8</ele></trkpt>
    <trkpt lat="-33.643011" lon="151.101428"><ele>23.8</ele></trkpt>
    <trkpt lat="-33.642706" lon="151.101568"><ele>21.9</ele></trkpt>
    <trkpt lat="-33.641936" lon="151.101698"><ele>22.5</ele></trkpt>
    <trkpt lat="-33.641390" lon="151.101850"><ele>25.4</ele></trkpt>
    <trkpt lat="-33.640912" lon="151.101844"><ele>26.9</ele></trkpt>
    <trkpt lat="-33.639886" lon="151.101867"><ele>23.8</ele></trkpt>
    <trkpt lat="-33.639319" lon="151.101823"><ele>20.7</ele></trkpt>
    <trkpt lat="-33.639011" lon="151.101874"><ele>18.4</ele></trkpt>
    <trkpt lat="-33.638865" lon="151.101979"><ele>16.9</ele></trkpt>
    <trkpt lat="-33.638720" lon="151.102203"><ele>14.6</ele></trkpt>
    <trkpt lat="-33.638608" lon="151.102594"><ele>11.3</ele></trkpt>
    <trkpt lat="-33.638604" lon="151.102886"><ele>9.7</ele></trkpt>
    <trkpt lat="-33.638683" lon="151.103315"><ele>8.7</ele></trkpt>
    <trkpt lat="-33.638815" lon="151.103823"><ele>10.4</ele></trkpt>
    <trkpt lat="-33.638848" lon="151.103787"><ele>10.8</ele></trkpt>
    <trkpt lat="-33.638871" lon="151.103795"><ele>10.9</ele></trkpt>
    <trkpt lat="-33.638858" lon="151.103877"><ele>11.4</ele></trkpt>
    <trkpt lat="-33.638827" lon="151.103915"><ele>11.7</ele></trkpt>
    <trkpt lat="-33.638854" lon="151.104256"><ele>12.9</ele></trkpt>
    <trkpt lat="-33.638827" lon="151.104618"><ele>13.1</ele></trkpt>
    <trkpt lat="-33.638792" lon="151.104945"><ele>13.2</ele></trkpt>
    <trkpt lat="-33.638349" lon="151.105763"><ele>15.9</ele></trkpt>
    <trkpt lat="-33.637988" lon="151.106029"><ele>18.3</ele></trkpt>
    <trkpt lat="-33.637715" lon="151.106292"><ele>18.4</ele></trkpt>
    <trkpt lat="-33.637519" lon="151.106431"><ele>17.6</ele></trkpt>
    <trkpt lat="-33.637426" lon="151.106554"><ele>17.2</ele></trkpt>
    <trkpt lat="-33.637389" lon="151.106695"><ele>16.8</ele></trkpt>
    <trkpt lat="-33.636900" lon="151.106813"><ele>15.5</ele></trkpt>
    <trkpt lat="-33.636557" lon="151.106987"><ele>17.1</ele></trkpt>
    <trkpt lat="-33.636190" lon="151.107324"><ele>18.7</ele></trkpt>
    <trkpt lat="-33.635961" lon="151.107420"><ele>19.1</ele></trkpt>
    <trkpt lat="-33.635568" lon="151.107783"><ele>18.2</ele></trkpt>
    <trkpt lat="-33.635291" lon="151.108251"><ele>18.5</ele></trkpt>
    <trkpt lat="-33.635251" lon="151.108484"><ele>19.5</ele></trkpt>
    <trkpt lat="-33.635209" lon="151.108563"><ele>20.1</ele></trkpt>
    <trkpt lat="-33.635191" lon="151.108595"><ele>20.3</ele></trkpt>
    <trkpt lat="-33.635171" lon="151.108630"><ele>20.6</ele></trkpt>
    <trkpt lat="-33.635141" lon="151.108682"><ele>21.0</ele></trkpt>
    <trkpt lat="-33.635141" lon="151.108894"><ele>21.5</ele></trkpt>
    <trkpt lat="-33.635100" lon="151.109099"><ele>21.6</ele></trkpt>
    <trkpt lat="-33.635017" lon="151.109355"><ele>21.3</ele></trkpt>
    <trkpt lat="-33.634910" lon="151.109447"><ele>20.8</ele></trkpt>
    <trkpt lat="-33.634835" lon="151.109564"><ele>20.4</ele></trkpt>
    <trkpt lat="-33.634782" lon="151.109649"><ele>19.9</ele></trkpt>
    <trkpt lat="-33.634715" lon="151.109728"><ele>19.5</ele></trkpt>
    <trkpt lat="-33.634671" lon="151.109866"><ele>19.0</ele></trkpt>
    <trkpt lat="-33.634648" lon="151.110027"><ele>18.6</ele></trkpt>
    <trkpt lat="-33.634582" lon="151.110196"><ele>19.0</ele></trkpt>
    <trkpt lat="-33.634573" lon="151.110240"><ele>19.3</ele></trkpt>
    <trkpt lat="-33.634027" lon="151.110976"><ele>26.8</ele></trkpt>
    <trkpt lat="-33.633642" lon="151.110874"><ele>27.9</ele></trkpt>
    <trkpt lat="-33.633410" lon="151.110770"><ele>25.2</ele></trkpt>
    <trkpt lat="-33.633149" lon="151.110513"><ele>21.0</ele></trkpt>
    <trkpt lat="-33.633029" lon="151.110380"><ele>20.0</ele></trkpt>
    <trkpt lat="-33.632910" lon="151.110268"><ele>19.1</ele></trkpt>
    <trkpt lat="-33.632791" lon="151.110151"><ele>18.3</ele></trkpt>
    <trkpt lat="-33.632220" lon="151.109632"><ele>17.8</ele></trkpt>
    <trkpt lat="-33.632208" lon="151.109548"><ele>17.8</ele></trkpt>
    <trkpt lat="-33.632076" lon="151.109471"><ele>17.6</ele></trkpt>
    <trkpt lat="-33.631689" lon="151.109188"><ele>14.9</ele></trkpt>
    <trkpt lat="-33.631370" lon="151.108991"><ele>12.4</ele></trkpt>
    <trkpt lat="-33.631217" lon="151.108863"><ele>10.9</ele></trkpt>
    <trkpt lat="-33.631180" lon="151.108816"><ele>10.6</ele></trkpt>
    <trkpt lat="-33.631140" lon="151.108754"><ele>10.3</ele></trkpt>
    <trkpt lat="-33.631015" lon="151.108482"><ele>8.6</ele></trkpt>
    <trkpt lat="-33.630636" lon="151.108241"><ele>6.5</ele></trkpt>
    <trkpt lat="-33.630399" lon="151.108080"><ele>5.9</ele></trkpt>
    <trkpt lat="-33.630301" lon="151.108059"><ele>5.6</ele></trkpt>
    <trkpt lat="-33.630226" lon="151.108076"><ele>5.5</ele></trkpt>
    <trkpt lat="-33.630032" lon="151.108138"><ele>4.8</ele></trkpt>
    <trkpt lat="-33.629905" lon="151.108186"><ele>4.3</ele></trkpt>
    <trkpt lat="-33.629773" lon="151.108258"><ele>4.1</ele></trkpt>
    <trkpt lat="-33.629620" lon="151.108384"><ele>4.1</ele></trkpt>
    <trkpt lat="-33.629456" lon="151.108495"><ele>4.0</ele></trkpt>
    <trkpt lat="-33.629120" lon="151.108752"><ele>4.6</ele></trkpt>
    <trkpt lat="-33.628925" lon="151.108919"><ele>5.1</ele></trkpt>
    <trkpt lat="-33.628817" lon="151.109037"><ele>5.4</ele></trkpt>
    <trkpt lat="-33.628767" lon="151.109014"><ele>5.5</ele></trkpt>
    <trkpt lat="-33.628729" lon="151.109016"><ele>5.5</ele></trkpt>
    <trkpt lat="-33.628718" lon="151.109016"><ele>5.5</ele></trkpt>
    <trkpt lat="-33.628580" lon="151.109066"><ele>5.5</ele></trkpt>
    <trkpt lat="-33.628413" lon="151.109186"><ele>5.6</ele></trkpt>
    <trkpt lat="-33.628243" lon="151.109334"><ele>5.6</ele></trkpt>
    <trkpt lat="-33.628151" lon="151.109399"><ele>5.5</ele></trkpt>
    <trkpt lat="-33.628034" lon="151.109447"><ele>5.3</ele></trkpt>
    <trkpt lat="-33.627952" lon="151.109548"><ele>5.1</ele></trkpt>
    <trkpt lat="-33.627881" lon="151.109628"><ele>4.9</ele></trkpt>
    <trkpt lat="-33.627841" lon="151.109713"><ele>4.7</ele></trkpt>
    <trkpt lat="-33.627816" lon="151.109730"><ele>4.7</ele></trkpt>
    <trkpt lat="-33.627789" lon="151.109749"><ele>4.6</ele></trkpt>
    <trkpt lat="-33.627714" lon="151.109778"><ele>4.5</ele></trkpt>
    <trkpt lat="-33.627630" lon="151.109812"><ele>4.3</ele></trkpt>
    <trkpt lat="-33.627547" lon="151.109870"><ele>4.5</ele></trkpt>
    <trkpt lat="-33.627470" lon="151.109956"><ele>4.7</ele></trkpt>
    <trkpt lat="-33.627420" lon="151.110046"><ele>5.0</ele></trkpt>
    <trkpt lat="-33.627350" lon="151.110119"><ele>5.2</ele></trkpt>
    <trkpt lat="-33.627290" lon="151.110160"><ele>5.3</ele></trkpt>
    <trkpt lat="-33.627225" lon="151.110224"><ele>5.5</ele></trkpt>
    <trkpt lat="-33.627154" lon="151.110294"><ele>5.8</ele></trkpt>
    <trkpt lat="-33.627087" lon="151.110368"><ele>6.2</ele></trkpt>
    <trkpt lat="-33.627061" lon="151.110445"><ele>6.4</ele></trkpt>
    <trkpt lat="-33.627057" lon="151.110517"><ele>6.7</ele></trkpt>
    <trkpt lat="-33.627043" lon="151.110585"><ele>6.9</ele></trkpt>
    <trkpt lat="-33.626854" lon="151.110855"><ele>8.2</ele></trkpt>
    <trkpt lat="-33.626547" lon="151.111295"><ele>9.3</ele></trkpt>
    <trkpt lat="-33.626295" lon="151.111771"><ele>9.9</ele></trkpt>
    <trkpt lat="-33.626213" lon="151.111979"><ele>10.4</ele></trkpt>
    <trkpt lat="-33.626126" lon="151.112518"><ele>11.1</ele></trkpt>
    <trkpt lat="-33.626103" lon="151.112627"><ele>11.3</ele></trkpt>
    <trkpt lat="-33.626089" lon="151.112719"><ele>11.5</ele></trkpt>
    <trkpt lat="-33.626097" lon="151.112860"><ele>12.0</ele></trkpt>
    <trkpt lat="-33.626106" lon="151.112989"><ele>12.3</ele></trkpt>
    <trkpt lat="-33.626216" lon="151.112956"><ele>12.7</ele></trkpt>
    <trkpt lat="-33.626249" lon="151.112946"><ele>12.8</ele></trkpt>
    <trkpt lat="-33.626296" lon="151.112941"><ele>12.9</ele></trkpt>
    <trkpt lat="-33.626400" lon="151.112932"><ele>13.2</ele></trkpt>
    <trkpt lat="-33.626655" lon="151.112954"><ele>13.9</ele></trkpt>
    <trkpt lat="-33.626790" lon="151.113006"><ele>14.3</ele></trkpt>
    <trkpt lat="-33.627020" lon="151.113048"><ele>14.9</ele></trkpt>
    <trkpt lat="-33.627233" lon="151.113163"><ele>15.5</ele></trkpt>
    <trkpt lat="-33.627404" lon="151.113282"><ele>15.6</ele></trkpt>
    <trkpt lat="-33.627539" lon="151.113410"><ele>15.5</ele></trkpt>
    <trkpt lat="-33.627741" lon="151.113541"><ele>15.0</ele></trkpt>
    <trkpt lat="-33.627987" lon="151.113770"><ele>14.0</ele></trkpt>
    <trkpt lat="-33.628003" lon="151.113768"><ele>13.9</ele></trkpt>
    <trkpt lat="-33.628111" lon="151.113854"><ele>13.6</ele></trkpt>
    <trkpt lat="-33.628262" lon="151.113974"><ele>13.2</ele></trkpt>
    <trkpt lat="-33.628615" lon="151.114288"><ele>11.4</ele></trkpt>
    <trkpt lat="-33.628795" lon="151.114470"><ele>11.2</ele></trkpt>
    <trkpt lat="-33.628903" lon="151.114665"><ele>11.4</ele></trkpt>
    <trkpt lat="-33.628999" lon="151.114776"><ele>11.6</ele></trkpt>
    <trkpt lat="-33.629080" lon="151.114915"><ele>11.9</ele></trkpt>
    <trkpt lat="-33.629087" lon="151.115017"><ele>12.0</ele></trkpt>
    <trkpt lat="-33.629200" lon="151.115255"><ele>12.1</ele></trkpt>
    <trkpt lat="-33.629277" lon="151.115334"><ele>12.5</ele></trkpt>
    <trkpt lat="-33.629319" lon="151.115443"><ele>13.0</ele></trkpt>
    <trkpt lat="-33.629289" lon="151.115506"><ele>13.2</ele></trkpt>
    <trkpt lat="-33.629284" lon="151.115672"><ele>13.4</ele></trkpt>
    <trkpt lat="-33.629273" lon="151.115718"><ele>13.4</ele></trkpt>
    <trkpt lat="-33.629267" lon="151.115789"><ele>13.5</ele></trkpt>
    <trkpt lat="-33.629288" lon="151.115850"><ele>13.6</ele></trkpt>
    <trkpt lat="-33.629305" lon="151.115929"><ele>13.8</ele></trkpt>
    <trkpt lat="-33.629295" lon="151.116025"><ele>13.9</ele></trkpt>
    <trkpt lat="-33.629288" lon="151.116104"><ele>14.1</ele></trkpt>
    <trkpt lat="-33.629202" lon="151.116258"><ele>14.4</ele></trkpt>
    <trkpt lat="-33.629153" lon="151.116430"><ele>14.7</ele></trkpt>
    <trkpt lat="-33.629128" lon="151.116525"><ele>14.9</ele></trkpt>
    <trkpt lat="-33.628992" lon="151.116725"><ele>15.6</ele></trkpt>
    <trkpt lat="-33.628827" lon="151.116941"><ele>16.6</ele></trkpt>
    <trkpt lat="-33.628754" lon="151.116978"><ele>16.6</ele></trkpt>
    <trkpt lat="-33.628699" lon="151.117059"><ele>16.7</ele></trkpt>
    <trkpt lat="-33.628669" lon="151.117154"><ele>16.8</ele></trkpt>
    <trkpt lat="-33.628605" lon="151.117198"><ele>16.6</ele></trkpt>
    <trkpt lat="-33.628532" lon="151.117360"><ele>16.3</ele></trkpt>
    <trkpt lat="-33.628451" lon="151.117460"><ele>16.2</ele></trkpt>
    <trkpt lat="-33.628353" lon="151.117573"><ele>16.2</ele></trkpt>
    <trkpt lat="-33.628286" lon="151.117666"><ele>16.2</ele></trkpt>
    <trkpt lat="-33.628197" lon="151.117726"><ele>16.2</ele></trkpt>
    <trkpt lat="-33.628143" lon="151.117792"><ele>16.2</ele></trkpt>
    <trkpt lat="-33.628084" lon="151.117968"><ele>15.7</ele></trkpt>
    <trkpt lat="-33.627988" lon="151.118098"><ele>14.9</ele></trkpt>
    <trkpt lat="-33.627892" lon="151.118197"><ele>15.3</ele></trkpt>
    <trkpt lat="-33.627684" lon="151.118494"><ele>17.8</ele></trkpt>
    <trkpt lat="-33.627627" lon="151.118533"><ele>18.5</ele></trkpt>
    <trkpt lat="-33.627608" lon="151.118612"><ele>19.2</ele></trkpt>
    <trkpt lat="-33.627576" lon="151.118691"><ele>19.6</ele></trkpt>
    <trkpt lat="-33.627571" lon="151.118780"><ele>20.0</ele></trkpt>
    <trkpt lat="-33.627589" lon="151.118845"><ele>20.4</ele></trkpt>
    <trkpt lat="-33.627589" lon="151.118898"><ele>20.6</ele></trkpt>
    <trkpt lat="-33.627578" lon="151.118987"><ele>20.8</ele></trkpt>
    <trkpt lat="-33.627582" lon="151.119003"><ele>20.8</ele></trkpt>
    <trkpt lat="-33.627553" lon="151.119082"><ele>21.0</ele></trkpt>
    <trkpt lat="-33.627517" lon="151.119122"><ele>21.1</ele></trkpt>
    <trkpt lat="-33.627485" lon="151.119183"><ele>21.2</ele></trkpt>
    <trkpt lat="-33.627469" lon="151.119262"><ele>21.2</ele></trkpt>
    <trkpt lat="-33.627474" lon="151.119357"><ele>21.2</ele></trkpt>
    <trkpt lat="-33.627447" lon="151.119444"><ele>21.2</ele></trkpt>
    <trkpt lat="-33.627433" lon="151.119544"><ele>20.8</ele></trkpt>
    <trkpt lat="-33.627464" lon="151.119636"><ele>19.7</ele></trkpt>
    <trkpt lat="-33.627527" lon="151.119661"><ele>18.9</ele></trkpt>
    <trkpt lat="-33.627581" lon="151.119642"><ele>18.1</ele></trkpt>
    <trkpt lat="-33.627580" lon="151.119653"><ele>18.0</ele></trkpt>
    <trkpt lat="-33.627579" lon="151.119671"><ele>17.8</ele></trkpt>
    <trkpt lat="-33.627530" lon="151.119754"><ele>16.3</ele></trkpt>
    <trkpt lat="-33.627507" lon="151.119784"><ele>15.7</ele></trkpt>
    <trkpt lat="-33.627547" lon="151.119797"><ele>14.9</ele></trkpt>
    <trkpt lat="-33.627570" lon="151.119792"><ele>14.5</ele></trkpt>
    <trkpt lat="-33.627707" lon="151.120093"><ele>9.5</ele></trkpt>
    <trkpt lat="-33.627705" lon="151.120126"><ele>9.0</ele></trkpt>
    <trkpt lat="-33.627669" lon="151.120258"><ele>7.7</ele></trkpt>
    <trkpt lat="-33.627743" lon="151.120540"><ele>6.3</ele></trkpt>
    <trkpt lat="-33.627756" lon="151.120669"><ele>6.5</ele></trkpt>
    <trkpt lat="-33.627722" lon="151.120716"><ele>6.6</ele></trkpt>
    <trkpt lat="-33.627733" lon="151.120818"><ele>6.8</ele></trkpt>
    <trkpt lat="-33.627766" lon="151.120924"><ele>7.6</ele></trkpt>
    <trkpt lat="-33.627823" lon="151.121034"><ele>8.5</ele></trkpt>
    <trkpt lat="-33.627794" lon="151.121220"><ele>10.3</ele></trkpt>
    <trkpt lat="-33.627631" lon="151.121411"><ele>13.5</ele></trkpt>
    <trkpt lat="-33.627518" lon="151.121447"><ele>15.5</ele></trkpt>
    <trkpt lat="-33.627357" lon="151.121562"><ele>17.6</ele></trkpt>
    <trkpt lat="-33.627069" lon="151.121567"><ele>19.1</ele></trkpt>
    <trkpt lat="-33.626882" lon="151.121634"><ele>19.3</ele></trkpt>
    <trkpt lat="-33.626677" lon="151.121532"><ele>19.0</ele></trkpt>
    <trkpt lat="-33.626511" lon="151.121519"><ele>18.5</ele></trkpt>
    <trkpt lat="-33.626247" lon="151.121482"><ele>17.6</ele></trkpt>
    <trkpt lat="-33.625960" lon="151.121453"><ele>17.6</ele></trkpt>
    <trkpt lat="-33.625513" lon="151.121639"><ele>18.5</ele></trkpt>
    <trkpt lat="-33.625383" lon="151.121758"><ele>18.9</ele></trkpt>
    <trkpt lat="-33.625263" lon="151.121747"><ele>19.6</ele></trkpt>
    <trkpt lat="-33.624849" lon="151.121931"><ele>21.5</ele></trkpt>
    <trkpt lat="-33.624746" lon="151.122048"><ele>21.4</ele></trkpt>
    <trkpt lat="-33.624356" lon="151.122206"><ele>22.5</ele></trkpt>
    <trkpt lat="-33.624086" lon="151.122361"><ele>23.1</ele></trkpt>
    <trkpt lat="-33.623307" lon="151.122808"><ele>19.5</ele></trkpt>
    <trkpt lat="-33.623155" lon="151.123018"><ele>18.1</ele></trkpt>
    <trkpt lat="-33.623002" lon="151.123146"><ele>17.0</ele></trkpt>
    <trkpt lat="-33.622814" lon="151.123505"><ele>15.4</ele></trkpt>
    <trkpt lat="-33.622504" lon="151.124080"><ele>14.7</ele></trkpt>
    <trkpt lat="-33.622401" lon="151.124194"><ele>14.8</ele></trkpt>
    <trkpt lat="-33.622364" lon="151.124320"><ele>14.8</ele></trkpt>
    <trkpt lat="-33.622042" lon="151.124786"><ele>16.7</ele></trkpt>
    <trkpt lat="-33.621826" lon="151.124889"><ele>17.9</ele></trkpt>
    <trkpt lat="-33.621677" lon="151.125117"><ele>18.7</ele></trkpt>
    <trkpt lat="-33.621474" lon="151.125246"><ele>19.2</ele></trkpt>
    <trkpt lat="-33.621298" lon="151.125243"><ele>19.5</ele></trkpt>
    <trkpt lat="-33.621079" lon="151.125330"><ele>19.6</ele></trkpt>
    <trkpt lat="-33.620656" lon="151.125413"><ele>20.3</ele></trkpt>
    <trkpt lat="-33.620162" lon="151.125514"><ele>22.9</ele></trkpt>
    <trkpt lat="-33.619973" lon="151.125586"><ele>22.9</ele></trkpt>
    <trkpt lat="-33.619859" lon="151.125694"><ele>22.7</ele></trkpt>
    <trkpt lat="-33.619771" lon="151.125895"><ele>22.1</ele></trkpt>
    <trkpt lat="-33.619625" lon="151.125978"><ele>20.9</ele></trkpt>
    <trkpt lat="-33.619572" lon="151.126130"><ele>19.5</ele></trkpt>
    <trkpt lat="-33.619560" lon="151.126256"><ele>18.4</ele></trkpt>
    <trkpt lat="-33.619627" lon="151.126474"><ele>16.1</ele></trkpt>
    <trkpt lat="-33.619637" lon="151.126675"><ele>14.6</ele></trkpt>
    <trkpt lat="-33.619687" lon="151.126878"><ele>13.9</ele></trkpt>
    <trkpt lat="-33.619813" lon="151.127052"><ele>14.2</ele></trkpt>
    <trkpt lat="-33.619957" lon="151.127128"><ele>14.5</ele></trkpt>
    <trkpt lat="-33.620052" lon="151.127254"><ele>14.8</ele></trkpt>
    <trkpt lat="-33.620223" lon="151.127376"><ele>15.7</ele></trkpt>
    <trkpt lat="-33.620461" lon="151.127455"><ele>17.4</ele></trkpt>
    <trkpt lat="-33.620657" lon="151.127637"><ele>18.9</ele></trkpt>
    <trkpt lat="-33.620710" lon="151.127722"><ele>19.5</ele></trkpt>
    <trkpt lat="-33.620932" lon="151.127873"><ele>20.0</ele></trkpt>
    <trkpt lat="-33.621116" lon="151.128115"><ele>19.5</ele></trkpt>
    <trkpt lat="-33.621252" lon="151.128367"><ele>19.8</ele></trkpt>
    <trkpt lat="-33.621345" lon="151.128599"><ele>19.6</ele></trkpt>
    <trkpt lat="-33.621470" lon="151.128918"><ele>18.6</ele></trkpt>
    <trkpt lat="-33.621599" lon="151.129105"><ele>17.9</ele></trkpt>
    <trkpt lat="-33.621650" lon="151.129230"><ele>17.6</ele></trkpt>
    <trkpt lat="-33.621705" lon="151.129341"><ele>18.1</ele></trkpt>
    <trkpt lat="-33.621788" lon="151.129438"><ele>19.0</ele></trkpt>
    <trkpt lat="-33.621827" lon="151.129472"><ele>19.3</ele></trkpt>
    <trkpt lat="-33.621835" lon="151.129509"><ele>19.5</ele></trkpt>
    <trkpt lat="-33.621832" lon="151.129558"><ele>19.8</ele></trkpt>
    <trkpt lat="-33.621817" lon="151.129591"><ele>20.1</ele></trkpt>
    <trkpt lat="-33.621792" lon="151.129660"><ele>20.5</ele></trkpt>
    <trkpt lat="-33.621687" lon="151.129684"><ele>21.2</ele></trkpt>
    <trkpt lat="-33.621620" lon="151.129720"><ele>22.0</ele></trkpt>
    <trkpt lat="-33.621536" lon="151.129790"><ele>23.1</ele></trkpt>
    <trkpt lat="-33.621527" lon="151.129824"><ele>23.5</ele></trkpt>
    <trkpt lat="-33.621527" lon="151.129892"><ele>24.1</ele></trkpt>
    <trkpt lat="-33.621499" lon="151.129907"><ele>24.5</ele></trkpt>
    <trkpt lat="-33.621471" lon="151.129831"><ele>25.8</ele></trkpt>
    <trkpt lat="-33.621455" lon="151.129874"><ele>26.6</ele></trkpt>
    <trkpt lat="-33.621487" lon="151.129963"><ele>28.1</ele></trkpt>
    <trkpt lat="-33.621480" lon="151.130032"><ele>29.3</ele></trkpt>
    <trkpt lat="-33.621439" lon="151.130054"><ele>30.3</ele></trkpt>
    <trkpt lat="-33.621402" lon="151.130048"><ele>31.1</ele></trkpt>
    <trkpt lat="-33.621341" lon="151.129865"><ele>35.0</ele></trkpt>
    <trkpt lat="-33.621307" lon="151.129770"><ele>37.0</ele></trkpt>
    <trkpt lat="-33.621291" lon="151.129782"><ele>37.5</ele></trkpt>
    <trkpt lat="-33.621259" lon="151.129935"><ele>40.6</ele></trkpt>
    <trkpt lat="-33.621242" lon="151.130066"><ele>43.6</ele></trkpt>
    <trkpt lat="-33.621220" lon="151.130081"><ele>44.4</ele></trkpt>
    <trkpt lat="-33.621183" lon="151.129925"><ele>48.7</ele></trkpt>
    <trkpt lat="-33.621136" lon="151.129833"><ele>51.5</ele></trkpt>
    <trkpt lat="-33.621098" lon="151.129849"><ele>52.7</ele></trkpt>
    <trkpt lat="-33.621080" lon="151.129945"><ele>55.2</ele></trkpt>
    <trkpt lat="-33.621044" lon="151.130007"><ele>57.1</ele></trkpt>
    <trkpt lat="-33.620962" lon="151.130238"><ele>62.5</ele></trkpt>
    <trkpt lat="-33.620812" lon="151.130266"><ele>66.3</ele></trkpt>
    <trkpt lat="-33.620769" lon="151.130160"><ele>68.9</ele></trkpt>
    <trkpt lat="-33.620767" lon="151.129978"><ele>72.9</ele></trkpt>
    <trkpt lat="-33.620756" lon="151.129844"><ele>75.7</ele></trkpt>
    <trkpt lat="-33.620721" lon="151.129752"><ele>77.7</ele></trkpt>
    <trkpt lat="-33.620717" lon="151.129627"><ele>80.2</ele></trkpt>
    <trkpt lat="-33.620696" lon="151.129558"><ele>81.5</ele></trkpt>
    <trkpt lat="-33.620671" lon="151.129565"><ele>82.0</ele></trkpt>
    <trkpt lat="-33.620584" lon="151.129750"><ele>85.8</ele></trkpt>
    <trkpt lat="-33.620568" lon="151.129791"><ele>86.7</ele></trkpt>
    <trkpt lat="-33.620548" lon="151.129799"><ele>87.2</ele></trkpt>
    <trkpt lat="-33.620435" lon="151.129662"><ele>91.0</ele></trkpt>
    <trkpt lat="-33.620327" lon="151.129584"><ele>94.7</ele></trkpt>
    <trkpt lat="-33.620293" lon="151.129611"><ele>95.9</ele></trkpt>
    <trkpt lat="-33.620267" lon="151.129705"><ele>98.4</ele></trkpt>
    <trkpt lat="-33.620267" lon="151.129944"><ele>104.0</ele></trkpt>
    <trkpt lat="-33.620256" lon="151.130037"><ele>106.2</ele></trkpt>
    <trkpt lat="-33.620257" lon="151.130155"><ele>108.9</ele></trkpt>
    <trkpt lat="-33.620263" lon="151.130231"><ele>110.7</ele></trkpt>
    <trkpt lat="-33.620234" lon="151.130271"><ele>111.9</ele></trkpt>
    <trkpt lat="-33.620194" lon="151.130216"><ele>113.6</ele></trkpt>
    <trkpt lat="-33.620171" lon="151.130204"><ele>114.2</ele></trkpt>
    <trkpt lat="-33.620140" lon="151.130218"><ele>115.2</ele></trkpt>
    <trkpt lat="-33.620108" lon="151.130165"><ele>116.7</ele></trkpt>
    <trkpt lat="-33.620052" lon="151.130053"><ele>119.7</ele></trkpt>
    <trkpt lat="-33.619979" lon="151.129938"><ele>123.1</ele></trkpt>
    <trkpt lat="-33.619934" lon="151.129815"><ele>126.5</ele></trkpt>
    <trkpt lat="-33.619905" lon="151.129833"><ele>127.4</ele></trkpt>
    <trkpt lat="-33.619877" lon="151.129820"><ele>128.3</ele></trkpt>
    <trkpt lat="-33.619857" lon="151.129817"><ele>128.9</ele></trkpt>
    <trkpt lat="-33.619832" lon="151.129777"><ele>130.1</ele></trkpt>
    <trkpt lat="-33.619788" lon="151.129713"><ele>132.4</ele></trkpt>
    <trkpt lat="-33.619720" lon="151.129701"><ele>134.6</ele></trkpt>
    <trkpt lat="-33.619625" lon="151.129734"><ele>137.8</ele></trkpt>
    <trkpt lat="-33.619534" lon="151.129734"><ele>140.7</ele></trkpt>
    <trkpt lat="-33.619334" lon="151.129883"><ele>148.0</ele></trkpt>
    <trkpt lat="-33.619303" lon="151.130043"><ele>151.6</ele></trkpt>
    <trkpt lat="-33.619226" lon="151.130169"><ele>154.8</ele></trkpt>
    <trkpt lat="-33.619123" lon="151.130233"><ele>156.7</ele></trkpt>
    <trkpt lat="-33.618916" lon="151.130057"><ele>159.9</ele></trkpt>
    <trkpt lat="-33.618817" lon="151.129937"><ele>161.2</ele></trkpt>
    <trkpt lat="-33.618770" lon="151.129749"><ele>161.6</ele></trkpt>
    <trkpt lat="-33.618714" lon="151.129580"><ele>161.7</ele></trkpt>
    <trkpt lat="-33.618578" lon="151.129384"><ele>161.4</ele></trkpt>
    <trkpt lat="-33.618449" lon="151.129241"><ele>160.8</ele></trkpt>
    <trkpt lat="-33.618183" lon="151.129117"><ele>159.9</ele></trkpt>
    <trkpt lat="-33.618019" lon="151.128842"><ele>159.0</ele></trkpt>
    <trkpt lat="-33.617910" lon="151.128453"><ele>157.5</ele></trkpt>
    <trkpt lat="-33.617856" lon="151.128210"><ele>155.8</ele></trkpt>
    <trkpt lat="-33.617811" lon="151.128092"><ele>155.0</ele></trkpt>
    <trkpt lat="-33.617683" lon="151.127916"><ele>154.0</ele></trkpt>
    <trkpt lat="-33.617630" lon="151.127809"><ele>153.7</ele></trkpt>
    <trkpt lat="-33.617568" lon="151.127607"><ele>153.7</ele></trkpt>
    <trkpt lat="-33.617457" lon="151.127441"><ele>153.8</ele></trkpt>
    <trkpt lat="-33.617266" lon="151.127264"><ele>154.0</ele></trkpt>
    <trkpt lat="-33.617162" lon="151.127220"><ele>154.1</ele></trkpt>
    <trkpt lat="-33.616746" lon="151.127072"><ele>154.7</ele></trkpt>
    <trkpt lat="-33.616431" lon="151.126994"><ele>153.7</ele></trkpt>
    <trkpt lat="-33.616270" lon="151.126910"><ele>152.8</ele></trkpt>
    <trkpt lat="-33.616129" lon="151.126844"><ele>151.9</ele></trkpt>
    <trkpt lat="-33.615999" lon="151.126826"><ele>151.2</ele></trkpt>
    <trkpt lat="-33.615792" lon="151.126834"><ele>150.2</ele></trkpt>
    <trkpt lat="-33.615587" lon="151.126910"><ele>149.3</ele></trkpt>
    <trkpt lat="-33.615429" lon="151.127001"><ele>148.9</ele></trkpt>
    <trkpt lat="-33.615314" lon="151.127166"><ele>148.7</ele></trkpt>
    <trkpt lat="-33.615234" lon="151.127339"><ele>148.7</ele></trkpt>
    <trkpt lat="-33.615193" lon="151.127535"><ele>148.6</ele></trkpt>
    <trkpt lat="-33.615163" lon="151.127930"><ele>148.0</ele></trkpt>
    <trkpt lat="-33.615176" lon="151.128311"><ele>147.0</ele></trkpt>
    <trkpt lat="-33.615160" lon="151.128369"><ele>146.8</ele></trkpt>
    <trkpt lat="-33.615099" lon="151.128511"><ele>146.4</ele></trkpt>
    <trkpt lat="-33.615078" lon="151.128568"><ele>146.2</ele></trkpt>
    <trkpt lat="-33.615020" lon="151.128878"><ele>144.4</ele></trkpt>
    <trkpt lat="-33.614985" lon="151.129431"><ele>139.8</ele></trkpt>
    <trkpt lat="-33.614925" lon="151.129458"><ele>139.3</ele></trkpt>
    <trkpt lat="-33.614789" lon="151.129510"><ele>138.6</ele></trkpt>
    <trkpt lat="-33.614720" lon="151.129538"><ele>138.4</ele></trkpt>
    <trkpt lat="-33.614665" lon="151.129540"><ele>138.3</ele></trkpt>
    <trkpt lat="-33.614555" lon="151.129587"><ele>138.2</ele></trkpt>
    <trkpt lat="-33.614476" lon="151.129634"><ele>138.2</ele></trkpt>
    <trkpt lat="-33.614403" lon="151.129673"><ele>138.1</ele></trkpt>
    <trkpt lat="-33.614276" lon="151.129533"><ele>138.4</ele></trkpt>
    <trkpt lat="-33.614173" lon="151.129551"><ele>138.8</ele></trkpt>
    <trkpt lat="-33.614089" lon="151.129573"><ele>139.1</ele></trkpt>
    <trkpt lat="-33.614010" lon="151.129498"><ele>139.8</ele></trkpt>
    <trkpt lat="-33.613862" lon="151.129349"><ele>141.0</ele></trkpt>
    <trkpt lat="-33.613714" lon="151.128861"><ele>142.3</ele></trkpt>
    <trkpt lat="-33.613604" lon="151.128650"><ele>142.9</ele></trkpt>
    <trkpt lat="-33.613453" lon="151.128496"><ele>144.0</ele></trkpt>
    <trkpt lat="-33.613331" lon="151.128377"><ele>145.2</ele></trkpt>
    <trkpt lat="-33.613303" lon="151.128355"><ele>145.4</ele></trkpt>
    <trkpt lat="-33.613235" lon="151.128351"><ele>146.0</ele></trkpt>
    <trkpt lat="-33.613124" lon="151.128368"><ele>147.1</ele></trkpt>
    <trkpt lat="-33.613076" lon="151.128391"><ele>147.6</ele></trkpt>
    <trkpt lat="-33.613032" lon="151.128427"><ele>148.1</ele></trkpt>
    <trkpt lat="-33.612943" lon="151.128469"><ele>149.2</ele></trkpt>
    <trkpt lat="-33.612900" lon="151.128455"><ele>149.7</ele></trkpt>
    <trkpt lat="-33.612797" lon="151.128372"><ele>151.0</ele></trkpt>
    <trkpt lat="-33.612688" lon="151.128178"><ele>154.5</ele></trkpt>
    <trkpt lat="-33.612569" lon="151.127866"><ele>159.9</ele></trkpt>
    <trkpt lat="-33.612480" lon="151.127885"><ele>161.8</ele></trkpt>
    <trkpt lat="-33.612361" lon="151.127992"><ele>165.2</ele></trkpt>
    <trkpt lat="-33.612251" lon="151.127935"><ele>167.9</ele></trkpt>
    <trkpt lat="-33.612224" lon="151.127929"><ele>168.6</ele></trkpt>
    <trkpt lat="-33.612214" lon="151.127971"><ele>169.6</ele></trkpt>
    <trkpt lat="-33.612181" lon="151.127991"><ele>170.5</ele></trkpt>
    <trkpt lat="-33.611977" lon="151.127963"><ele>175.6</ele></trkpt>
    <trkpt lat="-33.611839" lon="151.128039"><ele>179.3</ele></trkpt>
    <trkpt lat="-33.611495" lon="151.128312"><ele>184.7</ele></trkpt>
    <trkpt lat="-33.611188" lon="151.128330"><ele>184.2</ele></trkpt>
    <trkpt lat="-33.611139" lon="151.128282"><ele>183.7</ele></trkpt>
    <trkpt lat="-33.610980" lon="151.128025"><ele>180.1</ele></trkpt>
    <trkpt lat="-33.610772" lon="151.127838"><ele>174.7</ele></trkpt>
    <trkpt lat="-33.610647" lon="151.127920"><ele>171.4</ele></trkpt>
    <trkpt lat="-33.610579" lon="151.127876"><ele>169.4</ele></trkpt>
    <trkpt lat="-33.610587" lon="151.127637"><ele>164.4</ele></trkpt>
    <trkpt lat="-33.610492" lon="151.127537"><ele>161.1</ele></trkpt>
    <trkpt lat="-33.610363" lon="151.127482"><ele>157.6</ele></trkpt>
    <trkpt lat="-33.610141" lon="151.127553"><ele>151.8</ele></trkpt>
    <trkpt lat="-33.610060" lon="151.127468"><ele>149.4</ele></trkpt>
    <trkpt lat="-33.609935" lon="151.127380"><ele>146.2</ele></trkpt>
    <trkpt lat="-33.609828" lon="151.127267"><ele>143.4</ele></trkpt>
    <trkpt lat="-33.609702" lon="151.127277"><ele>140.9</ele></trkpt>
    <trkpt lat="-33.609619" lon="151.127391"><ele>138.6</ele></trkpt>
    <trkpt lat="-33.609503" lon="151.127435"><ele>136.4</ele></trkpt>
    <trkpt lat="-33.608938" lon="151.127472"><ele>127.6</ele></trkpt>
    <trkpt lat="-33.608747" lon="151.127372"><ele>124.5</ele></trkpt>
    <trkpt lat="-33.608680" lon="151.127294"><ele>123.1</ele></trkpt>
    <trkpt lat="-33.608557" lon="151.127222"><ele>121.2</ele></trkpt>
    <trkpt lat="-33.608412" lon="151.127208"><ele>119.1</ele></trkpt>
    <trkpt lat="-33.608307" lon="151.127250"><ele>117.5</ele></trkpt>
    <trkpt lat="-33.608245" lon="151.127237"><ele>116.5</ele></trkpt>
    <trkpt lat="-33.608142" lon="151.127157"><ele>114.8</ele></trkpt>
    <trkpt lat="-33.608007" lon="151.127219"><ele>113.0</ele></trkpt>
    <trkpt lat="-33.607985" lon="151.127171"><ele>112.4</ele></trkpt>
    <trkpt lat="-33.607985" lon="151.127114"><ele>111.9</ele></trkpt>
    <trkpt lat="-33.607905" lon="151.127042"><ele>110.9</ele></trkpt>
    <trkpt lat="-33.607795" lon="151.127021"><ele>109.8</ele></trkpt>
    <trkpt lat="-33.607719" lon="151.126889"><ele>108.6</ele></trkpt>
    <trkpt lat="-33.607363" lon="151.126663"><ele>105.6</ele></trkpt>
    <trkpt lat="-33.606988" lon="151.126223"><ele>104.5</ele></trkpt>
    <trkpt lat="-33.606839" lon="151.125961"><ele>104.5</ele></trkpt>
    <trkpt lat="-33.606752" lon="151.125642"><ele>105.3</ele></trkpt>
    <trkpt lat="-33.606382" lon="151.125096"><ele>104.7</ele></trkpt>
    <trkpt lat="-33.606336" lon="151.124735"><ele>103.6</ele></trkpt>
    <trkpt lat="-33.606225" lon="151.124215"><ele>100.3</ele></trkpt>
    <trkpt lat="-33.606220" lon="151.124028"><ele>98.7</ele></trkpt>
    <trkpt lat="-33.605660" lon="151.123634"><ele>90.6</ele></trkpt>
    <trkpt lat="-33.605454" lon="151.123491"><ele>87.8</ele></trkpt>
    <trkpt lat="-33.605327" lon="151.123345"><ele>86.1</ele></trkpt>
    <trkpt lat="-33.605244" lon="151.123323"><ele>85.5</ele></trkpt>
    <trkpt lat="-33.605147" lon="151.123364"><ele>84.8</ele></trkpt>
    <trkpt lat="-33.605045" lon="151.123323"><ele>84.6</ele></trkpt>
    <trkpt lat="-33.604881" lon="151.123397"><ele>84.2</ele></trkpt>
    <trkpt lat="-33.604698" lon="151.123438"><ele>84.4</ele></trkpt>
    <trkpt lat="-33.604636" lon="151.123607"><ele>84.2</ele></trkpt>
    <trkpt lat="-33.604541" lon="151.123689"><ele>83.9</ele></trkpt>
    <trkpt lat="-33.604386" lon="151.123756"><ele>82.6</ele></trkpt>
    <trkpt lat="-33.604275" lon="151.123893"><ele>80.7</ele></trkpt>
    <trkpt lat="-33.604095" lon="151.123991"><ele>77.4</ele></trkpt>
    <trkpt lat="-33.603992" lon="151.124008"><ele>75.4</ele></trkpt>
    <trkpt lat="-33.603920" lon="151.123959"><ele>73.2</ele></trkpt>
    <trkpt lat="-33.603901" lon="151.123872"><ele>71.1</ele></trkpt>
    <trkpt lat="-33.603870" lon="151.123806"><ele>69.4</ele></trkpt>
    <trkpt lat="-33.603800" lon="151.123807"><ele>67.4</ele></trkpt>
    <trkpt lat="-33.603787" lon="151.123851"><ele>66.2</ele></trkpt>
    <trkpt lat="-33.603777" lon="151.123857"><ele>65.8</ele></trkpt>
    <trkpt lat="-33.603769" lon="151.123837"><ele>65.3</ele></trkpt>
    <trkpt lat="-33.603701" lon="151.123807"><ele>63.1</ele></trkpt>
    <trkpt lat="-33.603667" lon="151.123845"><ele>61.6</ele></trkpt>
    <trkpt lat="-33.603627" lon="151.123900"><ele>59.7</ele></trkpt>
    <trkpt lat="-33.603543" lon="151.123926"><ele>56.5</ele></trkpt>
    <trkpt lat="-33.603533" lon="151.123920"><ele>56.1</ele></trkpt>
    <trkpt lat="-33.603528" lon="151.123892"><ele>55.2</ele></trkpt>
    <trkpt lat="-33.603513" lon="151.123887"><ele>54.6</ele></trkpt>
    <trkpt lat="-33.603475" lon="151.123929"><ele>52.7</ele></trkpt>
    <trkpt lat="-33.603442" lon="151.123893"><ele>51.1</ele></trkpt>
    <trkpt lat="-33.603460" lon="151.123870"><ele>50.1</ele></trkpt>
    <trkpt lat="-33.603450" lon="151.123848"><ele>49.3</ele></trkpt>
    <trkpt lat="-33.603558" lon="151.123676"><ele>42.4</ele></trkpt>
    <trkpt lat="-33.603362" lon="151.123720"><ele>34.9</ele></trkpt>
    <trkpt lat="-33.603281" lon="151.123713"><ele>31.8</ele></trkpt>
    <trkpt lat="-33.603099" lon="151.123725"><ele>26.6</ele></trkpt>
    <trkpt lat="-33.602898" lon="151.123686"><ele>21.9</ele></trkpt>
    <trkpt lat="-33.602798" lon="151.123735"><ele>19.8</ele></trkpt>
    <trkpt lat="-33.602746" lon="151.123922"><ele>17.3</ele></trkpt>
    <trkpt lat="-33.602719" lon="151.124169"><ele>15.4</ele></trkpt>
    <trkpt lat="-33.602702" lon="151.124260"><ele>15.4</ele></trkpt>
    <trkpt lat="-33.602498" lon="151.124303"><ele>15.7</ele></trkpt>
    <trkpt lat="-33.602200" lon="151.124486"><ele>17.8</ele></trkpt>
    <trkpt lat="-33.602069" lon="151.124480"><ele>18.2</ele></trkpt>
    <trkpt lat="-33.601811" lon="151.124615"><ele>18.8</ele></trkpt>
    <trkpt lat="-33.601334" lon="151.124551"><ele>21.3</ele></trkpt>
    <trkpt lat="-33.601021" lon="151.124638"><ele>22.4</ele></trkpt>
    <trkpt lat="-33.600948" lon="151.124782"><ele>22.6</ele></trkpt>
    <trkpt lat="-33.600758" lon="151.124946"><ele>22.9</ele></trkpt>
    <trkpt lat="-33.600675" lon="151.125133"><ele>22.7</ele></trkpt>
    <trkpt lat="-33.600635" lon="151.125242"><ele>22.5</ele></trkpt>
    <trkpt lat="-33.600620" lon="151.125549"><ele>21.8</ele></trkpt>
    <trkpt lat="-33.600586" lon="151.125596"><ele>21.4</ele></trkpt>
    <trkpt lat="-33.600584" lon="151.125618"><ele>21.3</ele></trkpt>
    <trkpt lat="-33.600510" lon="151.125688"><ele>20.6</ele></trkpt>
    <trkpt lat="-33.600494" lon="151.125855"><ele>19.7</ele></trkpt>
    <trkpt lat="-33.600449" lon="151.125926"><ele>19.3</ele></trkpt>
    <trkpt lat="-33.600363" lon="151.125962"><ele>18.9</ele></trkpt>
    <trkpt lat="-33.600210" lon="151.125837"><ele>18.1</ele></trkpt>
    <trkpt lat="-33.600018" lon="151.125743"><ele>17.8</ele></trkpt>
    <trkpt lat="-33.599723" lon="151.125641"><ele>17.8</ele></trkpt>
    <trkpt lat="-33.599562" lon="151.125614"><ele>17.6</ele></trkpt>
    <trkpt lat="-33.598879" lon="151.125510"><ele>16.1</ele></trkpt>
    <trkpt lat="-33.598750" lon="151.125509"><ele>15.2</ele></trkpt>
    <trkpt lat="-33.598512" lon="151.125492"><ele>13.1</ele></trkpt>
    <trkpt lat="-33.598135" lon="151.125461"><ele>10.8</ele></trkpt>
    <trkpt lat="-33.597781" lon="151.125425"><ele>10.0</ele></trkpt>
    <trkpt lat="-33.597378" lon="151.125418"><ele>9.6</ele></trkpt>
    <trkpt lat="-33.597131" lon="151.125390"><ele>8.9</ele></trkpt>
    <trkpt lat="-33.596774" lon="151.125333"><ele>7.0</ele></trkpt>
    <trkpt lat="-33.596032" lon="151.125172"><ele>6.7</ele></trkpt>
    <trkpt lat="-33.595299" lon="151.124872"><ele>18.2</ele></trkpt>
    <trkpt lat="-33.594360" lon="151.124280"><ele>24.6</ele></trkpt>
    <trkpt lat="-33.593533" lon="151.123308"><ele>28.6</ele></trkpt>
    <trkpt lat="-33.593528" lon="151.123316"><ele>28.9</ele></trkpt>
    <trkpt lat="-33.593514" lon="151.123337"><ele>29.6</ele></trkpt>
    <trkpt lat="-33.593499" lon="151.123319"><ele>30.3</ele></trkpt>
    <trkpt lat="-33.593488" lon="151.123333"><ele>30.8</ele></trkpt>
    <trkpt lat="-33.593497" lon="151.123370"><ele>31.8</ele></trkpt>
    <trkpt lat="-33.593424" lon="151.123397"><ele>34.2</ele></trkpt>
    <trkpt lat="-33.593369" lon="151.123507"><ele>38.0</ele></trkpt>
    <trkpt lat="-33.593272" lon="151.123608"><ele>42.5</ele></trkpt>
    <trkpt lat="-33.593171" lon="151.123581"><ele>46.9</ele></trkpt>
    <trkpt lat="-33.593143" lon="151.123504"><ele>50.3</ele></trkpt>
    <trkpt lat="-33.593093" lon="151.123570"><ele>53.8</ele></trkpt>
    <trkpt lat="-33.593261" lon="151.123806"><ele>65.7</ele></trkpt>
    <trkpt lat="-33.593272" lon="151.123970"><ele>70.6</ele></trkpt>
    <trkpt lat="-33.593423" lon="151.124241"><ele>78.0</ele></trkpt>
    <trkpt lat="-33.593241" lon="151.124276"><ele>82.9</ele></trkpt>
    <trkpt lat="-33.593366" lon="151.124536"><ele>91.4</ele></trkpt>
    <trkpt lat="-33.593332" lon="151.124588"><ele>93.2</ele></trkpt>
    <trkpt lat="-33.593063" lon="151.124436"><ele>102.5</ele></trkpt>
    <trkpt lat="-33.592971" lon="151.124515"><ele>105.0</ele></trkpt>
    <trkpt lat="-33.592852" lon="151.124519"><ele>107.6</ele></trkpt>
    <trkpt lat="-33.592809" lon="151.124574"><ele>108.3</ele></trkpt>
    <trkpt lat="-33.592859" lon="151.124863"><ele>110.8</ele></trkpt>
    <trkpt lat="-33.592894" lon="151.125056"><ele>111.2</ele></trkpt>
    <trkpt lat="-33.592852" lon="151.125216"><ele>110.7</ele></trkpt>
    <trkpt lat="-33.592779" lon="151.125294"><ele>109.8</ele></trkpt>
    <trkpt lat="-33.592830" lon="151.125344"><ele>109.3</ele></trkpt>
    <trkpt lat="-33.592816" lon="151.125417"><ele>108.4</ele></trkpt>
    <trkpt lat="-33.592837" lon="151.125481"><ele>107.5</ele></trkpt>
    <trkpt lat="-33.592846" lon="151.125548"><ele>106.6</ele></trkpt>
    <trkpt lat="-33.592942" lon="151.125622"><ele>104.8</ele></trkpt>
    <trkpt lat="-33.593023" lon="151.125633"><ele>103.3</ele></trkpt>
    <trkpt lat="-33.593072" lon="151.125677"><ele>102.1</ele></trkpt>
    <trkpt lat="-33.593111" lon="151.125759"><ele>100.6</ele></trkpt>
    <trkpt lat="-33.593127" lon="151.125822"><ele>99.6</ele></trkpt>
    <trkpt lat="-33.593103" lon="151.125866"><ele>98.7</ele></trkpt>
    <trkpt lat="-33.593143" lon="151.125964"><ele>96.9</ele></trkpt>
    <trkpt lat="-33.593115" lon="151.125964"><ele>96.3</ele></trkpt>
    <trkpt lat="-33.593108" lon="151.125995"><ele>95.8</ele></trkpt>
    <trkpt lat="-33.593106" lon="151.126082"><ele>94.3</ele></trkpt>
    <trkpt lat="-33.593088" lon="151.126124"><ele>93.5</ele></trkpt>
    <trkpt lat="-33.593034" lon="151.126214"><ele>91.6</ele></trkpt>
    <trkpt lat="-33.592987" lon="151.126265"><ele>90.3</ele></trkpt>
    <trkpt lat="-33.592927" lon="151.126294"><ele>89.0</ele></trkpt>
    <trkpt lat="-33.592842" lon="151.126397"><ele>86.4</ele></trkpt>
    <trkpt lat="-33.592817" lon="151.126471"><ele>84.9</ele></trkpt>
    <trkpt lat="-33.592603" lon="151.126649"><ele>79.5</ele></trkpt>
    <trkpt lat="-33.592543" lon="151.126667"><ele>78.2</ele></trkpt>
    <trkpt lat="-33.592473" lon="151.126765"><ele>76.3</ele></trkpt>
    <trkpt lat="-33.592472" lon="151.126839"><ele>75.4</ele></trkpt>
    <trkpt lat="-33.592426" lon="151.126898"><ele>74.3</ele></trkpt>
    <trkpt lat="-33.592397" lon="151.126978"><ele>73.2</ele></trkpt>
    <trkpt lat="-33.592412" lon="151.127064"><ele>72.1</ele></trkpt>
    <trkpt lat="-33.592454" lon="151.127148"><ele>71.0</ele></trkpt>
    <trkpt lat="-33.592529" lon="151.127267"><ele>69.2</ele></trkpt>
    <trkpt lat="-33.592571" lon="151.127352"><ele>68.3</ele></trkpt>
    <trkpt lat="-33.592693" lon="151.127430"><ele>66.8</ele></trkpt>
    <trkpt lat="-33.592714" lon="151.127463"><ele>66.4</ele></trkpt>
    <trkpt lat="-33.592713" lon="151.127510"><ele>66.1</ele></trkpt>
    <trkpt lat="-33.592797" lon="151.127645"><ele>64.9</ele></trkpt>
    <trkpt lat="-33.592821" lon="151.127725"><ele>64.4</ele></trkpt>
    <trkpt lat="-33.592876" lon="151.127758"><ele>64.1</ele></trkpt>
    <trkpt lat="-33.592933" lon="151.127847"><ele>63.9</ele></trkpt>
    <trkpt lat="-33.592971" lon="151.127854"><ele>63.9</ele></trkpt>
    <trkpt lat="-33.592979" lon="151.127911"><ele>63.8</ele></trkpt>
    <trkpt lat="-33.592951" lon="151.127943"><ele>63.8</ele></trkpt>
    <trkpt lat="-33.592950" lon="151.127975"><ele>63.8</ele></trkpt>
    <trkpt lat="-33.592882" lon="151.128102"><ele>64.4</ele></trkpt>
    <trkpt lat="-33.592878" lon="151.128139"><ele>64.6</ele></trkpt>
    <trkpt lat="-33.592826" lon="151.128168"><ele>64.9</ele></trkpt>
    <trkpt lat="-33.592818" lon="151.128195"><ele>65.0</ele></trkpt>
    <trkpt lat="-33.592797" lon="151.128178"><ele>65.2</ele></trkpt>
    <trkpt lat="-33.592761" lon="151.128379"><ele>66.6</ele></trkpt>
    <trkpt lat="-33.592727" lon="151.128371"><ele>67.0</ele></trkpt>
    <trkpt lat="-33.592696" lon="151.128409"><ele>67.3</ele></trkpt>
    <trkpt lat="-33.592752" lon="151.128424"><ele>68.2</ele></trkpt>
    <trkpt lat="-33.592775" lon="151.128519"><ele>69.7</ele></trkpt>
    <trkpt lat="-33.592738" lon="151.128554"><ele>70.6</ele></trkpt>
    <trkpt lat="-33.592714" lon="151.128612"><ele>71.6</ele></trkpt>
    <trkpt lat="-33.592763" lon="151.128700"><ele>73.4</ele></trkpt>
    <trkpt lat="-33.592848" lon="151.128761"><ele>75.8</ele></trkpt>
    <trkpt lat="-33.592899" lon="151.128802"><ele>77.3</ele></trkpt>
    <trkpt lat="-33.592904" lon="151.128828"><ele>77.9</ele></trkpt>
    <trkpt lat="-33.592890" lon="151.128856"><ele>78.5</ele></trkpt>
    <trkpt lat="-33.592909" lon="151.128877"><ele>79.1</ele></trkpt>
    <trkpt lat="-33.592904" lon="151.128898"><ele>79.5</ele></trkpt>
    <trkpt lat="-33.592875" lon="151.128903"><ele>80.2</ele></trkpt>
    <trkpt lat="-33.592864" lon="151.128940"><ele>80.9</ele></trkpt>
    <trkpt lat="-33.592827" lon="151.128956"><ele>81.8</ele></trkpt>
    <trkpt lat="-33.592788" lon="151.128948"><ele>82.7</ele></trkpt>
    <trkpt lat="-33.592782" lon="151.129016"><ele>83.9</ele></trkpt>
    <trkpt lat="-33.592764" lon="151.129127"><ele>85.6</ele></trkpt>
    <trkpt lat="-33.592732" lon="151.129149"><ele>86.1</ele></trkpt>
    <trkpt lat="-33.592744" lon="151.129209"><ele>86.8</ele></trkpt>
    <trkpt lat="-33.592765" lon="151.129235"><ele>87.2</ele></trkpt>
    <trkpt lat="-33.592763" lon="151.129481"><ele>89.9</ele></trkpt>
    <trkpt lat="-33.592743" lon="151.129565"><ele>90.8</ele></trkpt>
    <trkpt lat="-33.592780" lon="151.129665"><ele>92.0</ele></trkpt>
    <trkpt lat="-33.592783" lon="151.129704"><ele>92.4</ele></trkpt>
    <trkpt lat="-33.592856" lon="151.129756"><ele>93.2</ele></trkpt>
    <trkpt lat="-33.592906" lon="151.129825"><ele>94.0</ele></trkpt>
    <trkpt lat="-33.592939" lon="151.129911"><ele>94.8</ele></trkpt>
    <trkpt lat="-33.593029" lon="151.130184"><ele>98.2</ele></trkpt>
    <trkpt lat="-33.592998" lon="151.130324"><ele>100.4</ele></trkpt>
    <trkpt lat="-33.592945" lon="151.130402"><ele>102.0</ele></trkpt>
    <trkpt lat="-33.592927" lon="151.130479"><ele>103.4</ele></trkpt>
    <trkpt lat="-33.592770" lon="151.130569"><ele>107.9</ele></trkpt>
    <trkpt lat="-33.592753" lon="151.130663"><ele>110.0</ele></trkpt>
    <trkpt lat="-33.592672" lon="151.130743"><ele>113.3</ele></trkpt>
    <trkpt lat="-33.592636" lon="151.130708"><ele>115.0</ele></trkpt>
    <trkpt lat="-33.592506" lon="151.130888"><ele>122.2</ele></trkpt>
    <trkpt lat="-33.592434" lon="151.131033"><ele>127.5</ele></trkpt>
    <trkpt lat="-33.592415" lon="151.131058"><ele>128.5</ele></trkpt>
    <trkpt lat="-33.592414" lon="151.131147"><ele>131.3</ele></trkpt>
    <trkpt lat="-33.592388" lon="151.131162"><ele>132.2</ele></trkpt>
    <trkpt lat="-33.592376" lon="151.131119"><ele>133.4</ele></trkpt>
    <trkpt lat="-33.592354" lon="151.131103"><ele>134.1</ele></trkpt>
    <trkpt lat="-33.592299" lon="151.131191"><ele>137.0</ele></trkpt>
    <trkpt lat="-33.592259" lon="151.131191"><ele>138.2</ele></trkpt>
    <trkpt lat="-33.592216" lon="151.131284"><ele>140.8</ele></trkpt>
    <trkpt lat="-33.592166" lon="151.131272"><ele>142.2</ele></trkpt>
    <trkpt lat="-33.592080" lon="151.131378"><ele>145.6</ele></trkpt>
    <trkpt lat="-33.592045" lon="151.131333"><ele>147.0</ele></trkpt>
    <trkpt lat="-33.592038" lon="151.131265"><ele>148.7</ele></trkpt>
    <trkpt lat="-33.592078" lon="151.131211"><ele>150.5</ele></trkpt>
    <trkpt lat="-33.592094" lon="151.131110"><ele>153.0</ele></trkpt>
    <trkpt lat="-33.592069" lon="151.131100"><ele>153.8</ele></trkpt>
    <trkpt lat="-33.591977" lon="151.131182"><ele>156.8</ele></trkpt>
    <trkpt lat="-33.591962" lon="151.131177"><ele>157.1</ele></trkpt>
    <trkpt lat="-33.591921" lon="151.131212"><ele>158.4</ele></trkpt>
    <trkpt lat="-33.591907" lon="151.131278"><ele>159.7</ele></trkpt>
    <trkpt lat="-33.591820" lon="151.131351"><ele>162.1</ele></trkpt>
    <trkpt lat="-33.591767" lon="151.131343"><ele>163.2</ele></trkpt>
    <trkpt lat="-33.591724" lon="151.131359"><ele>164.1</ele></trkpt>
    <trkpt lat="-33.591705" lon="151.131389"><ele>164.8</ele></trkpt>
    <trkpt lat="-33.591690" lon="151.131368"><ele>165.2</ele></trkpt>
    <trkpt lat="-33.591650" lon="151.131397"><ele>166.2</ele></trkpt>
    <trkpt lat="-33.591617" lon="151.131548"><ele>168.6</ele></trkpt>
    <trkpt lat="-33.591540" lon="151.131650"><ele>170.7</ele></trkpt>
    <trkpt lat="-33.591469" lon="151.131773"><ele>172.6</ele></trkpt>
    <trkpt lat="-33.591350" lon="151.131802"><ele>174.1</ele></trkpt>
    <trkpt lat="-33.591328" lon="151.131844"><ele>174.6</ele></trkpt>
    <trkpt lat="-33.591300" lon="151.131898"><ele>175.1</ele></trkpt>
    <trkpt lat="-33.591216" lon="151.131984"><ele>175.9</ele></trkpt>
    <trkpt lat="-33.591288" lon="151.132285"><ele>177.6</ele></trkpt>
    <trkpt lat="-33.591314" lon="151.132502"><ele>178.9</ele></trkpt>
    <trkpt lat="-33.591284" lon="151.132532"><ele>179.2</ele></trkpt>
    <trkpt lat="-33.591258" lon="151.132652"><ele>180.2</ele></trkpt>
    <trkpt lat="-33.591345" lon="151.132775"><ele>181.6</ele></trkpt>
    <trkpt lat="-33.591428" lon="151.132763"><ele>182.9</ele></trkpt>
    <trkpt lat="-33.591506" lon="151.132890"><ele>184.9</ele></trkpt>
    <trkpt lat="-33.591566" lon="151.132945"><ele>186.3</ele></trkpt>
    <trkpt lat="-33.591615" lon="151.133034"><ele>188.1</ele></trkpt>
    <trkpt lat="-33.591635" lon="151.133120"><ele>189.5</ele></trkpt>
    <trkpt lat="-33.591644" lon="151.133244"><ele>191.7</ele></trkpt>
    <trkpt lat="-33.591661" lon="151.133346"><ele>193.5</ele></trkpt>
    <trkpt lat="-33.591649" lon="151.133395"><ele>194.5</ele></trkpt>
    <trkpt lat="-33.591702" lon="151.133529"><ele>197.2</ele></trkpt>
    <trkpt lat="-33.591671" lon="151.133654"><ele>199.6</ele></trkpt>
    <trkpt lat="-33.591678" lon="151.133797"><ele>202.3</ele></trkpt>
    <trkpt lat="-33.591666" lon="151.134052"><ele>206.6</ele></trkpt>
    <trkpt lat="-33.591681" lon="151.134333"><ele>210.7</ele></trkpt>
    <trkpt lat="-33.591696" lon="151.134439"><ele>212.2</ele></trkpt>
    <trkpt lat="-33.591714" lon="151.134509"><ele>213.0</ele></trkpt>
    <trkpt lat="-33.591747" lon="151.134569"><ele>213.7</ele></trkpt>
    <trkpt lat="-33.591810" lon="151.134621"><ele>214.7</ele></trkpt>
    <trkpt lat="-33.591902" lon="151.134625"><ele>215.9</ele></trkpt>
    <trkpt lat="-33.592008" lon="151.134655"><ele>216.8</ele></trkpt>
    <trkpt lat="-33.592118" lon="151.134658"><ele>217.7</ele></trkpt>
    <trkpt lat="-33.592491" lon="151.134785"><ele>219.0</ele></trkpt>
    <trkpt lat="-33.592738" lon="151.134832"><ele>218.5</ele></trkpt>
    <trkpt lat="-33.592967" lon="151.134792"><ele>217.4</ele></trkpt>
    <trkpt lat="-33.593112" lon="151.134809"><ele>216.7</ele></trkpt>
    <trkpt lat="-33.593226" lon="151.134870"><ele>216.1</ele></trkpt>
    <trkpt lat="-33.593825" lon="151.135327"><ele>214.9</ele></trkpt>
    <trkpt lat="-33.593826" lon="151.135410"><ele>215.0</ele></trkpt>
    <trkpt lat="-33.593875" lon="151.135550"><ele>215.3</ele></trkpt>
    <trkpt lat="-33.593922" lon="151.135706"><ele>215.7</ele></trkpt>
    <trkpt lat="-33.594070" lon="151.135792"><ele>216.5</ele></trkpt>
    <trkpt lat="-33.594232" lon="151.135969"><ele>217.6</ele></trkpt>
    <trkpt lat="-33.594361" lon="151.136287"><ele>219.1</ele></trkpt>
    <trkpt lat="-33.594396" lon="151.136425"><ele>219.7</ele></trkpt>
    <trkpt lat="-33.594472" lon="151.136529"><ele>220.2</ele></trkpt>
    <trkpt lat="-33.594526" lon="151.136579"><ele>220.5</ele></trkpt>
    <trkpt lat="-33.594599" lon="151.136702"><ele>220.9</ele></trkpt>
    <trkpt lat="-33.594633" lon="151.136739"><ele>221.0</ele></trkpt>
    <trkpt lat="-33.594637" lon="151.136789"><ele>221.1</ele></trkpt>
    <trkpt lat="-33.594685" lon="151.136902"><ele>221.4</ele></trkpt>
    <trkpt lat="-33.594748" lon="151.136957"><ele>221.6</ele></trkpt>
    <trkpt lat="-33.594791" lon="151.137069"><ele>221.6</ele></trkpt>
    <trkpt lat="-33.594800" lon="151.137140"><ele>221.6</ele></trkpt>
    <trkpt lat="-33.594797" lon="151.137245"><ele>221.6</ele></trkpt>
    <trkpt lat="-33.594808" lon="151.137457"><ele>221.4</ele></trkpt>
    <trkpt lat="-33.594762" lon="151.137575"><ele>221.2</ele></trkpt>
    <trkpt lat="-33.594722" lon="151.137719"><ele>221.0</ele></trkpt>
    <trkpt lat="-33.594696" lon="151.137853"><ele>220.7</ele></trkpt>
    <trkpt lat="-33.594674" lon="151.138036"><ele>220.3</ele></trkpt>
    <trkpt lat="-33.594667" lon="151.138173"><ele>220.1</ele></trkpt>
    <trkpt lat="-33.594660" lon="151.138227"><ele>220.0</ele></trkpt>
    <trkpt lat="-33.594692" lon="151.138318"><ele>219.8</ele></trkpt>
    <trkpt lat="-33.594712" lon="151.138427"><ele>219.6</ele></trkpt>
    <trkpt lat="-33.594773" lon="151.138535"><ele>219.4</ele></trkpt>
    <trkpt lat="-33.594815" lon="151.138620"><ele>219.4</ele></trkpt>
    <trkpt lat="-33.594806" lon="151.138661"><ele>219.3</ele></trkpt>
    <trkpt lat="-33.594830" lon="151.138718"><ele>219.3</ele></trkpt>
    <trkpt lat="-33.594885" lon="151.139009"><ele>219.2</ele></trkpt>
    <trkpt lat="-33.594929" lon="151.139101"><ele>219.2</ele></trkpt>
    <trkpt lat="-33.594939" lon="151.139217"><ele>218.9</ele></trkpt>
    <trkpt lat="-33.594892" lon="151.139315"><ele>218.6</ele></trkpt>
    <trkpt lat="-33.594891" lon="151.139361"><ele>218.5</ele></trkpt>
    <trkpt lat="-33.594943" lon="151.139540"><ele>218.3</ele></trkpt>
    <trkpt lat="-33.594977" lon="151.139710"><ele>218.2</ele></trkpt>
    <trkpt lat="-33.595037" lon="151.139830"><ele>218.0</ele></trkpt>
    <trkpt lat="-33.595075" lon="151.139866"><ele>217.9</ele></trkpt>
    <trkpt lat="-33.595152" lon="151.139881"><ele>217.8</ele></trkpt>
    <trkpt lat="-33.595176" lon="151.139911"><ele>217.7</ele></trkpt>
    <trkpt lat="-33.595188" lon="151.139980"><ele>217.5</ele></trkpt>
    <trkpt lat="-33.595175" lon="151.140035"><ele>217.3</ele></trkpt>
    <trkpt lat="-33.595146" lon="151.140068"><ele>217.2</ele></trkpt>
    <trkpt lat="-33.595058" lon="151.140101"><ele>216.8</ele></trkpt>
    <trkpt lat="-33.595041" lon="151.140131"><ele>216.7</ele></trkpt>
    <trkpt lat="-33.595032" lon="151.140225"><ele>216.4</ele></trkpt>
    <trkpt lat="-33.595057" lon="151.140269"><ele>216.2</ele></trkpt>
    <trkpt lat="-33.595031" lon="151.140423"><ele>215.6</ele></trkpt>
    <trkpt lat="-33.595001" lon="151.140489"><ele>215.5</ele></trkpt>
    <trkpt lat="-33.595057" lon="151.140600"><ele>215.5</ele></trkpt>
    <trkpt lat="-33.595063" lon="151.140800"><ele>215.1</ele></trkpt>
    <trkpt lat="-33.595084" lon="151.140841"><ele>215.0</ele></trkpt>
    <trkpt lat="-33.595146" lon="151.140907"><ele>214.6</ele></trkpt>
    <trkpt lat="-33.595242" lon="151.141116"><ele>213.4</ele></trkpt>
    <trkpt lat="-33.595265" lon="151.141146"><ele>213.1</ele></trkpt>
    <trkpt lat="-33.595307" lon="151.141164"><ele>212.8</ele></trkpt>
    <trkpt lat="-33.595324" lon="151.141189"><ele>212.6</ele></trkpt>
    <trkpt lat="-33.595318" lon="151.141267"><ele>212.0</ele></trkpt>
    <trkpt lat="-33.595369" lon="151.141483"><ele>209.9</ele></trkpt>
    <trkpt lat="-33.595413" lon="151.141583"><ele>208.8</ele></trkpt>
    <trkpt lat="-33.595408" lon="151.141811"><ele>206.4</ele></trkpt>
    <trkpt lat="-33.595451" lon="151.142108"><ele>202.3</ele></trkpt>
    <trkpt lat="-33.595428" lon="151.142276"><ele>199.9</ele></trkpt>
    <trkpt lat="-33.595224" lon="151.142574"><ele>194.6</ele></trkpt>
    <trkpt lat="-33.595200" lon="151.142682"><ele>193.2</ele></trkpt>
    <trkpt lat="-33.595218" lon="151.142808"><ele>191.6</ele></trkpt>
    <trkpt lat="-33.595301" lon="151.142833"><ele>190.5</ele></trkpt>
    <trkpt lat="-33.595302" lon="151.142910"><ele>189.8</ele></trkpt>
    <trkpt lat="-33.595242" lon="151.142953"><ele>188.9</ele></trkpt>
    <trkpt lat="-33.595199" lon="151.143091"><ele>187.3</ele></trkpt>
    <trkpt lat="-33.595187" lon="151.143155"><ele>186.6</ele></trkpt>
    <trkpt lat="-33.595081" lon="151.143305"><ele>184.9</ele></trkpt>
    <trkpt lat="-33.595046" lon="151.143515"><ele>183.4</ele></trkpt>
    <trkpt lat="-33.595056" lon="151.143622"><ele>182.6</ele></trkpt>
    <trkpt lat="-33.595049" lon="151.143981"><ele>179.9</ele></trkpt>
    <trkpt lat="-33.594986" lon="151.144161"><ele>178.3</ele></trkpt>
    <trkpt lat="-33.594950" lon="151.144238"><ele>177.4</ele></trkpt>
    <trkpt lat="-33.594905" lon="151.144271"><ele>176.7</ele></trkpt>
    <trkpt lat="-33.594756" lon="151.144344"><ele>174.6</ele></trkpt>
    <trkpt lat="-33.594735" lon="151.144381"><ele>174.0</ele></trkpt>
    <trkpt lat="-33.594768" lon="151.144469"><ele>172.7</ele></trkpt>
    <trkpt lat="-33.594821" lon="151.144538"><ele>171.3</ele></trkpt>
    <trkpt lat="-33.594822" lon="151.144596"><ele>170.5</ele></trkpt>
    <trkpt lat="-33.594749" lon="151.144720"><ele>168.0</ele></trkpt>
    <trkpt lat="-33.594708" lon="151.144821"><ele>166.1</ele></trkpt>
    <trkpt lat="-33.594752" lon="151.144967"><ele>163.2</ele></trkpt>
    <trkpt lat="-33.594663" lon="151.145041"><ele>160.4</ele></trkpt>
    <trkpt lat="-33.594617" lon="151.145033"><ele>159.2</ele></trkpt>
    <trkpt lat="-33.594594" lon="151.145085"><ele>158.0</ele></trkpt>
    <trkpt lat="-33.594648" lon="151.145132"><ele>156.1</ele></trkpt>
    <trkpt lat="-33.594670" lon="151.145205"><ele>154.2</ele></trkpt>
    <trkpt lat="-33.594752" lon="151.145293"><ele>151.0</ele></trkpt>
    <trkpt lat="-33.594903" lon="151.145359"><ele>146.1</ele></trkpt>
    <trkpt lat="-33.594926" lon="151.145426"><ele>144.2</ele></trkpt>
    <trkpt lat="-33.594882" lon="151.145583"><ele>140.1</ele></trkpt>
    <trkpt lat="-33.594884" lon="151.145776"><ele>135.5</ele></trkpt>
    <trkpt lat="-33.594992" lon="151.145922"><ele>130.9</ele></trkpt>
    <trkpt lat="-33.595014" lon="151.145992"><ele>129.2</ele></trkpt>
    <trkpt lat="-33.595012" lon="151.146101"><ele>126.6</ele></trkpt>
    <trkpt lat="-33.595028" lon="151.146139"><ele>125.8</ele></trkpt>
    <trkpt lat="-33.595084" lon="151.146177"><ele>124.3</ele></trkpt>
    <trkpt lat="-33.595170" lon="151.146281"><ele>121.4</ele></trkpt>
    <trkpt lat="-33.595215" lon="151.146377"><ele>119.4</ele></trkpt>
    <trkpt lat="-33.595281" lon="151.146489"><ele>117.3</ele></trkpt>
    <trkpt lat="-33.595293" lon="151.146788"><ele>112.9</ele></trkpt>
    <trkpt lat="-33.595324" lon="151.146972"><ele>110.3</ele></trkpt>
    <trkpt lat="-33.595422" lon="151.147167"><ele>107.3</ele></trkpt>
    <trkpt lat="-33.595471" lon="151.147185"><ele>106.5</ele></trkpt>
    <trkpt lat="-33.595555" lon="151.147197"><ele>105.4</ele></trkpt>
    <trkpt lat="-33.595624" lon="151.147248"><ele>104.4</ele></trkpt>
    <trkpt lat="-33.595723" lon="151.147367"><ele>102.8</ele></trkpt>
    <trkpt lat="-33.595824" lon="151.147449"><ele>101.8</ele></trkpt>
    <trkpt lat="-33.595905" lon="151.147549"><ele>100.9</ele></trkpt>
    <trkpt lat="-33.595932" lon="151.147762"><ele>99.8</ele></trkpt>
    <trkpt lat="-33.595914" lon="151.147974"><ele>99.0</ele></trkpt>
    <trkpt lat="-33.595944" lon="151.148090"><ele>98.6</ele></trkpt>
    <trkpt lat="-33.596088" lon="151.148462"><ele>96.4</ele></trkpt>
    <trkpt lat="-33.596091" lon="151.148604"><ele>94.8</ele></trkpt>
    <trkpt lat="-33.596039" lon="151.148784"><ele>92.6</ele></trkpt>
    <trkpt lat="-33.596095" lon="151.148991"><ele>88.9</ele></trkpt>
    <trkpt lat="-33.596604" lon="151.148734"><ele>75.4</ele></trkpt>
    <trkpt lat="-33.596793" lon="151.148702"><ele>70.7</ele></trkpt>
    <trkpt lat="-33.596816" lon="151.148842"><ele>67.8</ele></trkpt>
    <trkpt lat="-33.596696" lon="151.149058"><ele>63.1</ele></trkpt>
    <trkpt lat="-33.596739" lon="151.149049"><ele>62.2</ele></trkpt>
    <trkpt lat="-33.596826" lon="151.148957"><ele>60.2</ele></trkpt>
    <trkpt lat="-33.597003" lon="151.149048"><ele>57.9</ele></trkpt>
    <trkpt lat="-33.597009" lon="151.149324"><ele>56.8</ele></trkpt>
    <trkpt lat="-33.597229" lon="151.149495"><ele>56.2</ele></trkpt>
    <trkpt lat="-33.597207" lon="151.149561"><ele>56.1</ele></trkpt>
    <trkpt lat="-33.597047" lon="151.149699"><ele>57.3</ele></trkpt>
    <trkpt lat="-33.597035" lon="151.149771"><ele>57.7</ele></trkpt>
    <trkpt lat="-33.597133" lon="151.149859"><ele>59.4</ele></trkpt>
    <trkpt lat="-33.597250" lon="151.149807"><ele>61.3</ele></trkpt>
    <trkpt lat="-33.597312" lon="151.149812"><ele>62.3</ele></trkpt>
    <trkpt lat="-33.597366" lon="151.149845"><ele>63.4</ele></trkpt>
    <trkpt lat="-33.597386" lon="151.149900"><ele>64.2</ele></trkpt>
    <trkpt lat="-33.597371" lon="151.149971"><ele>65.3</ele></trkpt>
    <trkpt lat="-33.597401" lon="151.150042"><ele>66.4</ele></trkpt>
    <trkpt lat="-33.597404" lon="151.150116"><ele>67.7</ele></trkpt>
    <trkpt lat="-33.597344" lon="151.150173"><ele>69.4</ele></trkpt>
    <trkpt lat="-33.597345" lon="151.150253"><ele>70.8</ele></trkpt>
    <trkpt lat="-33.597403" lon="151.150377"><ele>73.6</ele></trkpt>
    <trkpt lat="-33.597459" lon="151.150437"><ele>75.8</ele></trkpt>
    <trkpt lat="-33.597405" lon="151.150479"><ele>77.7</ele></trkpt>
    <trkpt lat="-33.597415" lon="151.150509"><ele>78.5</ele></trkpt>
    <trkpt lat="-33.597522" lon="151.150605"><ele>82.7</ele></trkpt>
    <trkpt lat="-33.597485" lon="151.150694"><ele>85.4</ele></trkpt>
    <trkpt lat="-33.597478" lon="151.150860"><ele>90.0</ele></trkpt>
    <trkpt lat="-33.597344" lon="151.150930"><ele>94.8</ele></trkpt>
    <trkpt lat="-33.597313" lon="151.151002"><ele>97.1</ele></trkpt>
    <trkpt lat="-33.597350" lon="151.151136"><ele>101.0</ele></trkpt>
    <trkpt lat="-33.597355" lon="151.151261"><ele>104.5</ele></trkpt>
    <trkpt lat="-33.597330" lon="151.151309"><ele>106.1</ele></trkpt>
    <trkpt lat="-33.597284" lon="151.151335"><ele>107.8</ele></trkpt>
    <trkpt lat="-33.597331" lon="151.151508"><ele>112.7</ele></trkpt>
    <trkpt lat="-33.597281" lon="151.151563"><ele>114.9</ele></trkpt>
    <trkpt lat="-33.597288" lon="151.151587"><ele>115.6</ele></trkpt>
    <trkpt lat="-33.597229" lon="151.151662"><ele>118.4</ele></trkpt>
    <trkpt lat="-33.597204" lon="151.151706"><ele>119.7</ele></trkpt>
    <trkpt lat="-33.597226" lon="151.151755"><ele>121.1</ele></trkpt>
    <trkpt lat="-33.597332" lon="151.151890"><ele>126.0</ele></trkpt>
    <trkpt lat="-33.597367" lon="151.151968"><ele>128.3</ele></trkpt>
    <trkpt lat="-33.597302" lon="151.152042"><ele>131.1</ele></trkpt>
    <trkpt lat="-33.597274" lon="151.152004"><ele>132.4</ele></trkpt>
    <trkpt lat="-33.597153" lon="151.151969"><ele>136.0</ele></trkpt>
    <trkpt lat="-33.597037" lon="151.151989"><ele>139.2</ele></trkpt>
    <trkpt lat="-33.597098" lon="151.152173"><ele>143.5</ele></trkpt>
    <trkpt lat="-33.597131" lon="151.152338"><ele>147.0</ele></trkpt>
    <trkpt lat="-33.597112" lon="151.152391"><ele>148.2</ele></trkpt>
    <trkpt lat="-33.597070" lon="151.152407"><ele>149.3</ele></trkpt>
    <trkpt lat="-33.596918" lon="151.152253"><ele>154.1</ele></trkpt>
    <trkpt lat="-33.596842" lon="151.152245"><ele>155.9</ele></trkpt>
    <trkpt lat="-33.596776" lon="151.152267"><ele>157.4</ele></trkpt>
    <trkpt lat="-33.596738" lon="151.152319"><ele>158.8</ele></trkpt>
    <trkpt lat="-33.596785" lon="151.152386"><ele>160.4</ele></trkpt>
    <trkpt lat="-33.596853" lon="151.152422"><ele>161.8</ele></trkpt>
    <trkpt lat="-33.596871" lon="151.152488"><ele>162.9</ele></trkpt>
    <trkpt lat="-33.596870" lon="151.152576"><ele>164.3</ele></trkpt>
    <trkpt lat="-33.596836" lon="151.152792"><ele>168.1</ele></trkpt>
    <trkpt lat="-33.596840" lon="151.152927"><ele>170.4</ele></trkpt>
    <trkpt lat="-33.596902" lon="151.153097"><ele>173.7</ele></trkpt>
    <trkpt lat="-33.596990" lon="151.153286"><ele>177.4</ele></trkpt>
    <trkpt lat="-33.596996" lon="151.153444"><ele>179.9</ele></trkpt>
    <trkpt lat="-33.596964" lon="151.153590"><ele>182.3</ele></trkpt>
    <trkpt lat="-33.597083" lon="151.153972"><ele>188.3</ele></trkpt>
    <trkpt lat="-33.597078" lon="151.154097"><ele>190.0</ele></trkpt>
    <trkpt lat="-33.597021" lon="151.154195"><ele>191.6</ele></trkpt>
    <trkpt lat="-33.596999" lon="151.154294"><ele>192.7</ele></trkpt>
    <trkpt lat="-33.597013" lon="151.154349"><ele>193.3</ele></trkpt>
    <trkpt lat="-33.597068" lon="151.154413"><ele>194.3</ele></trkpt>
    <trkpt lat="-33.597143" lon="151.154382"><ele>195.3</ele></trkpt>
    <trkpt lat="-33.597233" lon="151.154376"><ele>196.3</ele></trkpt>
    <trkpt lat="-33.597293" lon="151.154458"><ele>197.4</ele></trkpt>
    <trkpt lat="-33.597376" lon="151.154490"><ele>198.3</ele></trkpt>
    <trkpt lat="-33.597608" lon="151.154590"><ele>200.5</ele></trkpt>
    <trkpt lat="-33.597695" lon="151.154631"><ele>200.9</ele></trkpt>
    <trkpt lat="-33.597770" lon="151.154707"><ele>201.4</ele></trkpt>
    <trkpt lat="-33.597877" lon="151.154781"><ele>201.9</ele></trkpt>
    <trkpt lat="-33.597956" lon="151.154880"><ele>202.3</ele></trkpt>
    <trkpt lat="-33.598081" lon="151.155054"><ele>203.2</ele></trkpt>
    <trkpt lat="-33.598156" lon="151.155212"><ele>204.0</ele></trkpt>
    <trkpt lat="-33.598168" lon="151.155335"><ele>204.4</ele></trkpt>
    <trkpt lat="-33.598178" lon="151.155501"><ele>205.0</ele></trkpt>
    <trkpt lat="-33.598153" lon="151.155620"><ele>205.4</ele></trkpt>
    <trkpt lat="-33.598116" lon="151.155758"><ele>205.8</ele></trkpt>
    <trkpt lat="-33.598201" lon="151.155971"><ele>206.9</ele></trkpt>
    <trkpt lat="-33.598206" lon="151.156031"><ele>207.3</ele></trkpt>
    <trkpt lat="-33.598343" lon="151.156282"><ele>208.7</ele></trkpt>
    <trkpt lat="-33.598440" lon="151.156594"><ele>209.8</ele></trkpt>
    <trkpt lat="-33.598413" lon="151.156691"><ele>210.1</ele></trkpt>
    <trkpt lat="-33.598418" lon="151.156837"><ele>210.5</ele></trkpt>
    <trkpt lat="-33.598394" lon="151.157118"><ele>211.0</ele></trkpt>
    <trkpt lat="-33.598344" lon="151.157366"><ele>211.2</ele></trkpt>
    <trkpt lat="-33.598340" lon="151.157511"><ele>211.2</ele></trkpt>
    <trkpt lat="-33.598315" lon="151.157688"><ele>211.1</ele></trkpt>
    <trkpt lat="-33.598328" lon="151.157991"><ele>211.1</ele></trkpt>
    <trkpt lat="-33.598354" lon="151.158179"><ele>211.0</ele></trkpt>
    <trkpt lat="-33.598329" lon="151.158340"><ele>211.0</ele></trkpt>
    <trkpt lat="-33.598342" lon="151.158421"><ele>210.9</ele></trkpt>
    <trkpt lat="-33.598315" lon="151.158522"><ele>210.8</ele></trkpt>
    <trkpt lat="-33.598357" lon="151.158624"><ele>210.7</ele></trkpt>
    <trkpt lat="-33.598352" lon="151.158733"><ele>210.4</ele></trkpt>
    <trkpt lat="-33.598296" lon="151.158880"><ele>209.9</ele></trkpt>
    <trkpt lat="-33.598285" lon="151.159010"><ele>209.6</ele></trkpt>
    <trkpt lat="-33.598250" lon="151.159182"><ele>209.1</ele></trkpt>
    <trkpt lat="-33.598195" lon="151.159258"><ele>208.8</ele></trkpt>
    <trkpt lat="-33.598191" lon="151.159346"><ele>208.6</ele></trkpt>
    <trkpt lat="-33.598221" lon="151.159440"><ele>208.4</ele></trkpt>
    <trkpt lat="-33.598291" lon="151.159495"><ele>208.1</ele></trkpt>
    <trkpt lat="-33.598240" lon="151.159609"><ele>207.8</ele></trkpt>
    <trkpt lat="-33.598135" lon="151.159715"><ele>207.5</ele></trkpt>
    <trkpt lat="-33.598030" lon="151.159785"><ele>207.3</ele></trkpt>
    <trkpt lat="-33.598033" lon="151.159893"><ele>207.2</ele></trkpt>
    <trkpt lat="-33.598021" lon="151.160030"><ele>207.2</ele></trkpt>
    <trkpt lat="-33.598028" lon="151.160237"><ele>207.7</ele></trkpt>
    <trkpt lat="-33.598017" lon="151.160515"><ele>208.7</ele></trkpt>
    <trkpt lat="-33.598033" lon="151.160555"><ele>208.9</ele></trkpt>
    <trkpt lat="-33.598088" lon="151.160633"><ele>209.3</ele></trkpt>
    <trkpt lat="-33.598100" lon="151.160775"><ele>209.7</ele></trkpt>
    <trkpt lat="-33.598120" lon="151.160847"><ele>209.9</ele></trkpt>
    <trkpt lat="-33.598087" lon="151.160976"><ele>210.2</ele></trkpt>
    <trkpt lat="-33.597969" lon="151.161163"><ele>210.5</ele></trkpt>
    <trkpt lat="-33.597944" lon="151.161205"><ele>210.5</ele></trkpt>
    <trkpt lat="-33.597956" lon="151.161261"><ele>210.5</ele></trkpt>
    <trkpt lat="-33.598039" lon="151.161424"><ele>210.5</ele></trkpt>
    <trkpt lat="-33.598096" lon="151.161542"><ele>210.5</ele></trkpt>
    <trkpt lat="-33.598114" lon="151.161620"><ele>210.4</ele></trkpt>
    <trkpt lat="-33.598177" lon="151.161996"><ele>209.6</ele></trkpt>
    <trkpt lat="-33.598287" lon="151.162312"><ele>209.0</ele></trkpt>
    <trkpt lat="-33.598334" lon="151.162549"><ele>208.4</ele></trkpt>
    <trkpt lat="-33.598314" lon="151.162649"><ele>208.2</ele></trkpt>
    <trkpt lat="-33.598261" lon="151.162752"><ele>207.8</ele></trkpt>
    <trkpt lat="-33.598190" lon="151.162862"><ele>207.2</ele></trkpt>
    <trkpt lat="-33.598152" lon="151.162981"><ele>206.6</ele></trkpt>
    <trkpt lat="-33.598042" lon="151.163154"><ele>205.0</ele></trkpt>
    <trkpt lat="-33.598052" lon="151.163259"><ele>204.2</ele></trkpt>
    <trkpt lat="-33.598026" lon="151.163432"><ele>202.5</ele></trkpt>
    <trkpt lat="-33.597894" lon="151.163829"><ele>198.3</ele></trkpt>
    <trkpt lat="-33.597951" lon="151.164105"><ele>195.8</ele></trkpt>
    <trkpt lat="-33.597919" lon="151.164343"><ele>194.1</ele></trkpt>
    <trkpt lat="-33.597921" lon="151.164459"><ele>193.4</ele></trkpt>
    <trkpt lat="-33.597911" lon="151.164522"><ele>193.1</ele></trkpt>
    <trkpt lat="-33.597851" lon="151.164637"><ele>192.5</ele></trkpt>
    <trkpt lat="-33.597858" lon="151.164726"><ele>192.1</ele></trkpt>
    <trkpt lat="-33.597757" lon="151.164905"><ele>191.2</ele></trkpt>
    <trkpt lat="-33.597714" lon="151.165091"><ele>190.4</ele></trkpt>
    <trkpt lat="-33.597603" lon="151.165172"><ele>189.8</ele></trkpt>
    <trkpt lat="-33.597507" lon="151.165323"><ele>189.0</ele></trkpt>
    <trkpt lat="-33.597279" lon="151.165514"><ele>187.5</ele></trkpt>
    <trkpt lat="-33.597047" lon="151.165759"><ele>185.6</ele></trkpt>
    <trkpt lat="-33.596982" lon="151.165820"><ele>185.3</ele></trkpt>
    <trkpt lat="-33.596930" lon="151.165929"><ele>184.9</ele></trkpt>
    <trkpt lat="-33.596845" lon="151.165974"><ele>184.5</ele></trkpt>
    <trkpt lat="-33.596802" lon="151.166032"><ele>184.3</ele></trkpt>
    <trkpt lat="-33.596734" lon="151.166089"><ele>184.0</ele></trkpt>
    <trkpt lat="-33.596664" lon="151.166116"><ele>183.8</ele></trkpt>
    <trkpt lat="-33.596476" lon="151.166295"><ele>183.3</ele></trkpt>
    <trkpt lat="-33.596372" lon="151.166404"><ele>183.3</ele></trkpt>
    <trkpt lat="-33.596327" lon="151.166506"><ele>183.3</ele></trkpt>
    <trkpt lat="-33.596328" lon="151.166612"><ele>183.3</ele></trkpt>
    <trkpt lat="-33.596360" lon="151.166732"><ele>183.6</ele></trkpt>
    <trkpt lat="-33.596405" lon="151.166798"><ele>183.8</ele></trkpt>
    <trkpt lat="-33.596411" lon="151.166910"><ele>184.0</ele></trkpt>
    <trkpt lat="-33.596450" lon="151.166998"><ele>184.3</ele></trkpt>
    <trkpt lat="-33.596527" lon="151.167083"><ele>184.7</ele></trkpt>
    <trkpt lat="-33.596536" lon="151.167121"><ele>184.9</ele></trkpt>
    <trkpt lat="-33.596600" lon="151.167166"><ele>185.2</ele></trkpt>
    <trkpt lat="-33.596635" lon="151.167263"><ele>185.6</ele></trkpt>
    <trkpt lat="-33.596750" lon="151.167350"><ele>186.3</ele></trkpt>
    <trkpt lat="-33.596862" lon="151.167431"><ele>186.8</ele></trkpt>
    <trkpt lat="-33.596903" lon="151.167482"><ele>187.0</ele></trkpt>
    <trkpt lat="-33.596986" lon="151.167505"><ele>187.3</ele></trkpt>
    <trkpt lat="-33.597158" lon="151.167766"><ele>188.6</ele></trkpt>
    <trkpt lat="-33.597268" lon="151.167978"><ele>189.1</ele></trkpt>
    <trkpt lat="-33.597458" lon="151.168186"><ele>189.4</ele></trkpt>
    <trkpt lat="-33.597527" lon="151.168254"><ele>189.5</ele></trkpt>
    <trkpt lat="-33.597551" lon="151.168337"><ele>189.6</ele></trkpt>
    <trkpt lat="-33.597551" lon="151.168388"><ele>189.6</ele></trkpt>
    <trkpt lat="-33.597529" lon="151.168458"><ele>189.7</ele></trkpt>
    <trkpt lat="-33.597540" lon="151.168613"><ele>189.8</ele></trkpt>
    <trkpt lat="-33.597522" lon="151.168748"><ele>189.9</ele></trkpt>
    <trkpt lat="-33.597546" lon="151.168804"><ele>189.9</ele></trkpt>
    <trkpt lat="-33.597573" lon="151.168810"><ele>189.9</ele></trkpt>
    <trkpt lat="-33.597598" lon="151.168873"><ele>189.8</ele></trkpt>
    <trkpt lat="-33.597585" lon="151.168993"><ele>189.7</ele></trkpt>
    <trkpt lat="-33.597603" lon="151.169043"><ele>189.6</ele></trkpt>
    <trkpt lat="-33.597661" lon="151.169157"><ele>189.4</ele></trkpt>
    <trkpt lat="-33.597672" lon="151.169352"><ele>189.1</ele></trkpt>
    <trkpt lat="-33.597663" lon="151.169558"><ele>188.8</ele></trkpt>
    <trkpt lat="-33.597672" lon="151.169763"><ele>188.5</ele></trkpt>
    <trkpt lat="-33.597598" lon="151.169995"><ele>187.8</ele></trkpt>
    <trkpt lat="-33.597505" lon="151.170044"><ele>187.5</ele></trkpt>
    <trkpt lat="-33.597472" lon="151.170059"><ele>187.4</ele></trkpt>
    <trkpt lat="-33.597166" lon="151.170132"><ele>186.1</ele></trkpt>
    <trkpt lat="-33.596941" lon="151.170101"><ele>185.2</ele></trkpt>
    <trkpt lat="-33.596408" lon="151.170204"><ele>182.5</ele></trkpt>
    <trkpt lat="-33.596220" lon="151.170210"><ele>181.5</ele></trkpt>
    <trkpt lat="-33.596069" lon="151.170126"><ele>181.1</ele></trkpt>
    <trkpt lat="-33.595863" lon="151.170094"><ele>180.8</ele></trkpt>
    <trkpt lat="-33.595734" lon="151.170024"><ele>180.7</ele></trkpt>
    <trkpt lat="-33.595592" lon="151.170009"><ele>180.9</ele></trkpt>
    <trkpt lat="-33.595097" lon="151.170118"><ele>183.7</ele></trkpt>
    <trkpt lat="-33.594785" lon="151.170079"><ele>186.8</ele></trkpt>
    <trkpt lat="-33.594579" lon="151.169962"><ele>188.9</ele></trkpt>
    <trkpt lat="-33.594347" lon="151.169984"><ele>190.5</ele></trkpt>
    <trkpt lat="-33.594045" lon="151.170158"><ele>192.1</ele></trkpt>
    <trkpt lat="-33.593850" lon="151.170312"><ele>193.1</ele></trkpt>
    <trkpt lat="-33.593626" lon="151.170530"><ele>193.5</ele></trkpt>
    <trkpt lat="-33.593665" lon="151.170853"><ele>193.2</ele></trkpt>
    <trkpt lat="-33.593661" lon="151.171082"><ele>193.1</ele></trkpt>
    <trkpt lat="-33.593658" lon="151.171134"><ele>193.0</ele></trkpt>
    <trkpt lat="-33.593651" lon="151.171356"><ele>192.9</ele></trkpt>
    <trkpt lat="-33.593648" lon="151.171439"><ele>192.8</ele></trkpt>
    <trkpt lat="-33.593735" lon="151.171442"><ele>192.5</ele></trkpt>
    <trkpt lat="-33.593795" lon="151.171575"><ele>192.2</ele></trkpt>
    <trkpt lat="-33.593793" lon="151.171658"><ele>191.9</ele></trkpt>
    <trkpt lat="-33.593722" lon="151.171657"><ele>191.7</ele></trkpt>
    <trkpt lat="-33.593719" lon="151.171769"><ele>191.4</ele></trkpt>
    <trkpt lat="-33.593717" lon="151.171808"><ele>191.3</ele></trkpt>
    <trkpt lat="-33.593715" lon="151.171868"><ele>191.1</ele></trkpt>
    <trkpt lat="-33.593479" lon="151.171856"><ele>190.6</ele></trkpt>
    <trkpt lat="-33.593479" lon="151.171840"><ele>190.6</ele></trkpt>
    <trkpt lat="-33.593479" lon="151.171822"><ele>190.6</ele></trkpt>
    <trkpt lat="-33.593304" lon="151.171818"><ele>190.5</ele></trkpt>
    <trkpt lat="-33.593303" lon="151.171832"><ele>190.5</ele></trkpt>
    <trkpt lat="-33.593303" lon="151.171867"><ele>190.4</ele></trkpt>
    <trkpt lat="-33.593301" lon="151.171897"><ele>190.4</ele></trkpt>
    <trkpt lat="-33.593300" lon="151.171941"><ele>190.4</ele></trkpt>
    <trkpt lat="-33.593297" lon="151.172001"><ele>190.3</ele></trkpt>
    <trkpt lat="-33.592543" lon="151.171953"><ele>190.7</ele></trkpt>
    <trkpt lat="-33.592129" lon="151.171932"><ele>190.7</ele></trkpt>
    <trkpt lat="-33.592156" lon="151.172527"><ele>188.8</ele></trkpt>
    <trkpt lat="-33.592201" lon="151.173057"><ele>185.5</ele></trkpt>
    <trkpt lat="-33.592225" lon="151.173420"><ele>182.6</ele></trkpt>
    <trkpt lat="-33.592258" lon="151.173697"><ele>181.3</ele></trkpt>
    <trkpt lat="-33.592246" lon="151.173855"><ele>180.2</ele></trkpt>
    <trkpt lat="-33.592233" lon="151.173963"><ele>179.5</ele></trkpt>
    <trkpt lat="-33.592187" lon="151.174076"><ele>178.1</ele></trkpt>
    <trkpt lat="-33.592103" lon="151.174163"><ele>176.4</ele></trkpt>
    <trkpt lat="-33.591977" lon="151.174311"><ele>173.8</ele></trkpt>
    <trkpt lat="-33.591940" lon="151.174409"><ele>172.4</ele></trkpt>
    <trkpt lat="-33.591913" lon="151.174487"><ele>171.4</ele></trkpt>
    <trkpt lat="-33.591899" lon="151.174652"><ele>169.1</ele></trkpt>
    <trkpt lat="-33.591909" lon="151.174700"><ele>168.4</ele></trkpt>
    <trkpt lat="-33.591871" lon="151.174874"><ele>165.8</ele></trkpt>
    <trkpt lat="-33.591844" lon="151.175007"><ele>163.7</ele></trkpt>
    <trkpt lat="-33.591816" lon="151.175094"><ele>162.2</ele></trkpt>
    <trkpt lat="-33.591710" lon="151.175327"><ele>158.1</ele></trkpt>
    <trkpt lat="-33.591707" lon="151.175437"><ele>156.4</ele></trkpt>
    <trkpt lat="-33.591643" lon="151.175520"><ele>155.1</ele></trkpt>
    <trkpt lat="-33.591622" lon="151.175673"><ele>153.2</ele></trkpt>
    <trkpt lat="-33.591598" lon="151.175726"><ele>152.5</ele></trkpt>
    <trkpt lat="-33.591498" lon="151.175784"><ele>151.0</ele></trkpt>
    <trkpt lat="-33.591465" lon="151.175858"><ele>150.1</ele></trkpt>
    <trkpt lat="-33.591410" lon="151.176056"><ele>147.7</ele></trkpt>
    <trkpt lat="-33.591351" lon="151.176131"><ele>146.4</ele></trkpt>
    <trkpt lat="-33.591279" lon="151.176325"><ele>143.8</ele></trkpt>
    <trkpt lat="-33.591184" lon="151.176342"><ele>142.3</ele></trkpt>
    <trkpt lat="-33.591099" lon="151.176464"><ele>140.3</ele></trkpt>
    <trkpt lat="-33.590870" lon="151.176680"><ele>135.5</ele></trkpt>
    <trkpt lat="-33.590780" lon="151.176873"><ele>132.5</ele></trkpt>
    <trkpt lat="-33.590683" lon="151.177025"><ele>129.4</ele></trkpt>
    <trkpt lat="-33.590635" lon="151.177176"><ele>126.7</ele></trkpt>
    <trkpt lat="-33.590629" lon="151.177301"><ele>124.9</ele></trkpt>
    <trkpt lat="-33.590598" lon="151.177403"><ele>123.3</ele></trkpt>
    <trkpt lat="-33.590528" lon="151.177487"><ele>121.5</ele></trkpt>
    <trkpt lat="-33.590337" lon="151.177618"><ele>117.6</ele></trkpt>
    <trkpt lat="-33.590128" lon="151.177850"><ele>112.9</ele></trkpt>
    <trkpt lat="-33.590053" lon="151.177893"><ele>111.4</ele></trkpt>
    <trkpt lat="-33.589974" lon="151.177985"><ele>109.5</ele></trkpt>
    <trkpt lat="-33.589907" lon="151.178017"><ele>108.2</ele></trkpt>
    <trkpt lat="-33.589662" lon="151.178393"><ele>103.7</ele></trkpt>
    <trkpt lat="-33.589515" lon="151.178539"><ele>101.8</ele></trkpt>
    <trkpt lat="-33.589374" lon="151.179051"><ele>98.8</ele></trkpt>
    <trkpt lat="-33.589279" lon="151.179144"><ele>98.1</ele></trkpt>
    <trkpt lat="-33.589236" lon="151.179256"><ele>97.6</ele></trkpt>
    <trkpt lat="-33.589249" lon="151.179388"><ele>97.1</ele></trkpt>
    <trkpt lat="-33.589221" lon="151.179561"><ele>96.2</ele></trkpt>
    <trkpt lat="-33.589251" lon="151.179801"><ele>95.0</ele></trkpt>
    <trkpt lat="-33.589229" lon="151.179957"><ele>94.2</ele></trkpt>
    <trkpt lat="-33.589256" lon="151.180242"><ele>92.8</ele></trkpt>
    <trkpt lat="-33.589279" lon="151.180351"><ele>92.3</ele></trkpt>
    <trkpt lat="-33.589277" lon="151.180679"><ele>91.2</ele></trkpt>
    <trkpt lat="-33.589258" lon="151.180738"><ele>91.0</ele></trkpt>
    <trkpt lat="-33.589158" lon="151.180893"><ele>90.4</ele></trkpt>
    <trkpt lat="-33.589119" lon="151.181053"><ele>89.8</ele></trkpt>
    <trkpt lat="-33.589166" lon="151.181336"><ele>88.8</ele></trkpt>
    <trkpt lat="-33.589288" lon="151.181528"><ele>87.9</ele></trkpt>
    <trkpt lat="-33.589365" lon="151.181912"><ele>86.3</ele></trkpt>
    <trkpt lat="-33.589392" lon="151.182314"><ele>83.7</ele></trkpt>
    <trkpt lat="-33.589595" lon="151.182634"><ele>80.7</ele></trkpt>
    <trkpt lat="-33.589908" lon="151.182956"><ele>76.6</ele></trkpt>
    <trkpt lat="-33.589959" lon="151.183196"><ele>74.3</ele></trkpt>
    <trkpt lat="-33.590081" lon="151.183347"><ele>71.8</ele></trkpt>
    <trkpt lat="-33.590240" lon="151.183639"><ele>68.2</ele></trkpt>
    <trkpt lat="-33.590464" lon="151.183868"><ele>65.1</ele></trkpt>
    <trkpt lat="-33.590723" lon="151.184135"><ele>60.6</ele></trkpt>
    <trkpt lat="-33.590963" lon="151.184504"><ele>54.8</ele></trkpt>
    <trkpt lat="-33.591248" lon="151.184832"><ele>49.9</ele></trkpt>
    <trkpt lat="-33.591326" lon="151.185047"><ele>47.0</ele></trkpt>
    <trkpt lat="-33.591331" lon="151.185158"><ele>45.7</ele></trkpt>
    <trkpt lat="-33.591358" lon="151.185286"><ele>44.4</ele></trkpt>
    <trkpt lat="-33.591444" lon="151.185488"><ele>42.4</ele></trkpt>
    <trkpt lat="-33.591530" lon="151.185783"><ele>40.5</ele></trkpt>
    <trkpt lat="-33.591585" lon="151.186314"><ele>35.4</ele></trkpt>
    <trkpt lat="-33.591720" lon="151.186606"><ele>32.8</ele></trkpt>
    <trkpt lat="-33.591802" lon="151.186878"><ele>30.3</ele></trkpt>
    <trkpt lat="-33.591896" lon="151.187153"><ele>27.1</ele></trkpt>
    <trkpt lat="-33.592307" lon="151.188179"><ele>18.0</ele></trkpt>
    <trkpt lat="-33.592308" lon="151.188375"><ele>17.9</ele></trkpt>
    <trkpt lat="-33.592195" lon="151.188584"><ele>18.3</ele></trkpt>
    <trkpt lat="-33.591994" lon="151.188892"><ele>20.1</ele></trkpt>
    <trkpt lat="-33.591920" lon="151.188947"><ele>20.7</ele></trkpt>
    <trkpt lat="-33.591816" lon="151.189120"><ele>21.7</ele></trkpt>
    <trkpt lat="-33.591720" lon="151.189404"><ele>22.7</ele></trkpt>
    <trkpt lat="-33.591690" lon="151.189716"><ele>23.2</ele></trkpt>
    <trkpt lat="-33.591626" lon="151.189866"><ele>23.3</ele></trkpt>
    <trkpt lat="-33.591540" lon="151.190548"><ele>24.4</ele></trkpt>
    <trkpt lat="-33.591511" lon="151.190716"><ele>24.6</ele></trkpt>
    <trkpt lat="-33.591312" lon="151.191350"><ele>24.7</ele></trkpt>
    <trkpt lat="-33.591304" lon="151.191499"><ele>24.0</ele></trkpt>
    <trkpt lat="-33.591250" lon="151.191705"><ele>22.8</ele></trkpt>
    <trkpt lat="-33.591071" lon="151.192098"><ele>17.3</ele></trkpt>
    <trkpt lat="-33.590964" lon="151.192220"><ele>14.7</ele></trkpt>
    <trkpt lat="-33.590888" lon="151.192305"><ele>12.8</ele></trkpt>
    <trkpt lat="-33.590717" lon="151.192475"><ele>8.8</ele></trkpt>
    <trkpt lat="-33.590681" lon="151.192551"><ele>7.6</ele></trkpt>
    <trkpt lat="-33.590652" lon="151.192548"><ele>7.1</ele></trkpt>
    <trkpt lat="-33.590549" lon="151.192605"><ele>5.3</ele></trkpt>
    <trkpt lat="-33.590477" lon="151.192617"><ele>4.9</ele></trkpt>
    <trkpt lat="-33.590330" lon="151.192628"><ele>4.3</ele></trkpt>
    <trkpt lat="-33.590261" lon="151.192603"><ele>4.1</ele></trkpt>
    <trkpt lat="-33.590234" lon="151.192558"><ele>4.1</ele></trkpt>
    <trkpt lat="-33.590182" lon="151.192581"><ele>4.1</ele></trkpt>
    <trkpt lat="-33.590051" lon="151.192571"><ele>4.2</ele></trkpt>
    <trkpt lat="-33.589839" lon="151.192349"><ele>7.0</ele></trkpt>
    <trkpt lat="-33.589690" lon="151.192315"><ele>8.1</ele></trkpt>
    <trkpt lat="-33.589491" lon="151.192056"><ele>11.3</ele></trkpt>
    <trkpt lat="-33.589332" lon="151.192016"><ele>13.3</ele></trkpt>
    <trkpt lat="-33.589126" lon="151.192053"><ele>15.6</ele></trkpt>
    <trkpt lat="-33.588921" lon="151.191912"><ele>18.9</ele></trkpt>
    <trkpt lat="-33.588837" lon="151.191898"><ele>19.7</ele></trkpt>
    <trkpt lat="-33.588721" lon="151.191814"><ele>20.5</ele></trkpt>
    <trkpt lat="-33.588684" lon="151.191740"><ele>20.9</ele></trkpt>
    <trkpt lat="-33.588616" lon="151.191646"><ele>21.6</ele></trkpt>
    <trkpt lat="-33.588547" lon="151.191613"><ele>22.1</ele></trkpt>
    <trkpt lat="-33.588521" lon="151.191608"><ele>22.2</ele></trkpt>
    <trkpt lat="-33.588491" lon="151.191635"><ele>22.5</ele></trkpt>
    <trkpt lat="-33.588492" lon="151.191712"><ele>23.0</ele></trkpt>
    <trkpt lat="-33.588569" lon="151.191855"><ele>24.4</ele></trkpt>
    <trkpt lat="-33.588555" lon="151.191954"><ele>25.3</ele></trkpt>
    <trkpt lat="-33.588620" lon="151.192125"><ele>27.5</ele></trkpt>
    <trkpt lat="-33.588653" lon="151.192186"><ele>28.4</ele></trkpt>
    <trkpt lat="-33.588649" lon="151.192238"><ele>29.1</ele></trkpt>
    <trkpt lat="-33.588648" lon="151.192260"><ele>29.3</ele></trkpt>
    <trkpt lat="-33.588653" lon="151.192319"><ele>30.4</ele></trkpt>
    <trkpt lat="-33.588595" lon="151.192527"><ele>34.5</ele></trkpt>
    <trkpt lat="-33.588539" lon="151.192585"><ele>36.5</ele></trkpt>
    <trkpt lat="-33.588532" lon="151.192690"><ele>39.6</ele></trkpt>
    <trkpt lat="-33.588583" lon="151.192749"><ele>42.2</ele></trkpt>
    <trkpt lat="-33.588432" lon="151.192958"><ele>51.6</ele></trkpt>
    <trkpt lat="-33.588456" lon="151.193036"><ele>54.6</ele></trkpt>
    <trkpt lat="-33.588393" lon="151.193098"><ele>57.9</ele></trkpt>
    <trkpt lat="-33.588368" lon="151.193169"><ele>60.2</ele></trkpt>
    <trkpt lat="-33.588402" lon="151.193263"><ele>63.3</ele></trkpt>
    <trkpt lat="-33.588278" lon="151.193432"><ele>69.7</ele></trkpt>
    <trkpt lat="-33.588271" lon="151.193514"><ele>71.8</ele></trkpt>
    <trkpt lat="-33.588107" lon="151.193480"><ele>76.6</ele></trkpt>
    <trkpt lat="-33.588041" lon="151.193518"><ele>78.5</ele></trkpt>
    <trkpt lat="-33.587988" lon="151.193578"><ele>80.4</ele></trkpt>
    <trkpt lat="-33.587930" lon="151.193605"><ele>82.0</ele></trkpt>
    <trkpt lat="-33.587867" lon="151.193605"><ele>83.5</ele></trkpt>
    <trkpt lat="-33.587752" lon="151.193637"><ele>86.3</ele></trkpt>
    <trkpt lat="-33.587676" lon="151.193747"><ele>89.1</ele></trkpt>
    <trkpt lat="-33.587652" lon="151.193819"><ele>90.7</ele></trkpt>
    <trkpt lat="-33.587514" lon="151.193917"><ele>94.6</ele></trkpt>
    <trkpt lat="-33.587458" lon="151.194115"><ele>99.1</ele></trkpt>
    <trkpt lat="-33.587448" lon="151.194264"><ele>102.3</ele></trkpt>
    <trkpt lat="-33.587362" lon="151.194294"><ele>104.8</ele></trkpt>
    <trkpt lat="-33.587314" lon="151.194351"><ele>106.6</ele></trkpt>
    <trkpt lat="-33.587124" lon="151.194464"><ele>112.4</ele></trkpt>
    <trkpt lat="-33.587133" lon="151.194653"><ele>116.9</ele></trkpt>
    <trkpt lat="-33.587098" lon="151.194786"><ele>120.3</ele></trkpt>
    <trkpt lat="-33.587010" lon="151.194777"><ele>122.8</ele></trkpt>
    <trkpt lat="-33.586933" lon="151.194731"><ele>125.2</ele></trkpt>
    <trkpt lat="-33.586856" lon="151.194794"><ele>127.7</ele></trkpt>
    <trkpt lat="-33.586798" lon="151.194863"><ele>129.8</ele></trkpt>
    <trkpt lat="-33.586723" lon="151.194865"><ele>131.8</ele></trkpt>
    <trkpt lat="-33.586676" lon="151.194960"><ele>134.0</ele></trkpt>
    <trkpt lat="-33.586445" lon="151.194971"><ele>139.4</ele></trkpt>
    <trkpt lat="-33.586318" lon="151.194830"><ele>143.3</ele></trkpt>
    <trkpt lat="-33.585892" lon="151.194612"><ele>150.8</ele></trkpt>
    <trkpt lat="-33.585713" lon="151.194553"><ele>152.9</ele></trkpt>
    <trkpt lat="-33.585484" lon="151.194494"><ele>156.0</ele></trkpt>
    <trkpt lat="-33.585302" lon="151.194414"><ele>159.3</ele></trkpt>
    <trkpt lat="-33.585135" lon="151.194398"><ele>162.7</ele></trkpt>
    <trkpt lat="-33.585079" lon="151.194454"><ele>164.3</ele></trkpt>
    <trkpt lat="-33.585064" lon="151.194591"><ele>166.8</ele></trkpt>
    <trkpt lat="-33.584986" lon="151.194683"><ele>169.4</ele></trkpt>
    <trkpt lat="-33.584935" lon="151.194702"><ele>170.7</ele></trkpt>
    <trkpt lat="-33.584848" lon="151.194809"><ele>174.0</ele></trkpt>
    <trkpt lat="-33.584818" lon="151.194888"><ele>176.0</ele></trkpt>
    <trkpt lat="-33.584587" lon="151.195057"><ele>183.4</ele></trkpt>
    <trkpt lat="-33.584481" lon="151.195210"><ele>187.6</ele></trkpt>
    <trkpt lat="-33.584313" lon="151.195225"><ele>191.2</ele></trkpt>
    <trkpt lat="-33.584264" lon="151.195254"><ele>192.4</ele></trkpt>
    <trkpt lat="-33.584157" lon="151.195263"><ele>194.2</ele></trkpt>
    <trkpt lat="-33.583799" lon="151.195429"><ele>199.2</ele></trkpt>
    <trkpt lat="-33.583673" lon="151.195507"><ele>200.3</ele></trkpt>
    <trkpt lat="-33.583496" lon="151.195592"><ele>201.4</ele></trkpt>
    <trkpt lat="-33.583456" lon="151.195662"><ele>201.6</ele></trkpt>
    <trkpt lat="-33.583437" lon="151.195796"><ele>201.9</ele></trkpt>
    <trkpt lat="-33.583281" lon="151.196150"><ele>202.0</ele></trkpt>
    <trkpt lat="-33.583194" lon="151.196425"><ele>201.3</ele></trkpt>
    <trkpt lat="-33.583124" lon="151.196498"><ele>201.0</ele></trkpt>
    <trkpt lat="-33.583017" lon="151.196717"><ele>199.8</ele></trkpt>
    <trkpt lat="-33.582763" lon="151.197018"><ele>197.1</ele></trkpt>
    <trkpt lat="-33.582703" lon="151.197047"><ele>196.5</ele></trkpt>
    <trkpt lat="-33.582575" lon="151.197048"><ele>195.2</ele></trkpt>
    <trkpt lat="-33.582088" lon="151.196767"><ele>188.5</ele></trkpt>
    <trkpt lat="-33.582010" lon="151.196765"><ele>187.5</ele></trkpt>
    <trkpt lat="-33.581925" lon="151.196718"><ele>186.3</ele></trkpt>
    <trkpt lat="-33.581897" lon="151.196688"><ele>185.8</ele></trkpt>
    <trkpt lat="-33.581775" lon="151.196673"><ele>184.3</ele></trkpt>
    <trkpt lat="-33.581730" lon="151.196629"><ele>183.6</ele></trkpt>
    <trkpt lat="-33.581714" lon="151.196543"><ele>182.7</ele></trkpt>
    <trkpt lat="-33.581663" lon="151.196521"><ele>182.0</ele></trkpt>
    <trkpt lat="-33.581630" lon="151.196492"><ele>181.5</ele></trkpt>
    <trkpt lat="-33.581561" lon="151.196480"><ele>180.7</ele></trkpt>
    <trkpt lat="-33.581534" lon="151.196427"><ele>180.1</ele></trkpt>
    <trkpt lat="-33.581448" lon="151.196388"><ele>178.9</ele></trkpt>
    <trkpt lat="-33.581345" lon="151.196349"><ele>177.5</ele></trkpt>
    <trkpt lat="-33.581211" lon="151.196398"><ele>175.6</ele></trkpt>
    <trkpt lat="-33.581095" lon="151.196378"><ele>173.8</ele></trkpt>
    <trkpt lat="-33.581026" lon="151.196411"><ele>172.4</ele></trkpt>
    <trkpt lat="-33.580935" lon="151.196359"><ele>170.6</ele></trkpt>
    <trkpt lat="-33.580839" lon="151.196389"><ele>168.7</ele></trkpt>
    <trkpt lat="-33.580810" lon="151.196411"><ele>167.9</ele></trkpt>
    <trkpt lat="-33.580809" lon="151.196474"><ele>166.8</ele></trkpt>
    <trkpt lat="-33.580773" lon="151.196510"><ele>165.8</ele></trkpt>
    <trkpt lat="-33.580726" lon="151.196512"><ele>164.8</ele></trkpt>
    <trkpt lat="-33.580666" lon="151.196573"><ele>162.8</ele></trkpt>
    <trkpt lat="-33.580585" lon="151.196701"><ele>159.1</ele></trkpt>
    <trkpt lat="-33.580580" lon="151.196754"><ele>157.9</ele></trkpt>
    <trkpt lat="-33.580511" lon="151.196871"><ele>154.4</ele></trkpt>
    <trkpt lat="-33.580416" lon="151.196887"><ele>151.5</ele></trkpt>
    <trkpt lat="-33.580377" lon="151.196869"><ele>150.3</ele></trkpt>
    <trkpt lat="-33.580339" lon="151.196894"><ele>149.0</ele></trkpt>
    <trkpt lat="-33.580095" lon="151.196964"><ele>141.3</ele></trkpt>
    <trkpt lat="-33.579904" lon="151.196840"><ele>134.8</ele></trkpt>
    <trkpt lat="-33.579862" lon="151.196773"><ele>132.7</ele></trkpt>
    <trkpt lat="-33.579769" lon="151.196711"><ele>129.5</ele></trkpt>
    <trkpt lat="-33.579693" lon="151.196751"><ele>127.0</ele></trkpt>
    <trkpt lat="-33.579606" lon="151.196899"><ele>122.6</ele></trkpt>
    <trkpt lat="-33.579492" lon="151.196974"><ele>119.0</ele></trkpt>
    <trkpt lat="-33.579327" lon="151.196996"><ele>114.5</ele></trkpt>
    <trkpt lat="-33.578953" lon="151.196735"><ele>103.1</ele></trkpt>
    <trkpt lat="-33.578924" lon="151.196696"><ele>102.0</ele></trkpt>
    <trkpt lat="-33.578853" lon="151.196663"><ele>100.2</ele></trkpt>
    <trkpt lat="-33.578767" lon="151.196649"><ele>98.2</ele></trkpt>
    <trkpt lat="-33.578679" lon="151.196551"><ele>95.5</ele></trkpt>
    <trkpt lat="-33.578580" lon="151.196485"><ele>93.7</ele></trkpt>
    <trkpt lat="-33.578524" lon="151.196505"><ele>92.8</ele></trkpt>
    <trkpt lat="-33.578469" lon="151.196561"><ele>91.7</ele></trkpt>
    <trkpt lat="-33.578442" lon="151.196549"><ele>91.5</ele></trkpt>
    <trkpt lat="-33.578379" lon="151.196571"><ele>91.2</ele></trkpt>
    <trkpt lat="-33.578349" lon="151.196556"><ele>91.0</ele></trkpt>
    <trkpt lat="-33.578309" lon="151.196547"><ele>90.8</ele></trkpt>
    <trkpt lat="-33.578291" lon="151.196545"><ele>90.7</ele></trkpt>
    <trkpt lat="-33.578255" lon="151.196528"><ele>90.5</ele></trkpt>
    <trkpt lat="-33.578244" lon="151.196491"><ele>90.3</ele></trkpt>
    <trkpt lat="-33.578195" lon="151.196441"><ele>90.3</ele></trkpt>
    <trkpt lat="-33.578172" lon="151.196460"><ele>90.3</ele></trkpt>
    <trkpt lat="-33.578112" lon="151.196556"><ele>90.4</ele></trkpt>
    <trkpt lat="-33.578114" lon="151.196592"><ele>90.4</ele></trkpt>
    <trkpt lat="-33.578017" lon="151.196627"><ele>91.0</ele></trkpt>
    <trkpt lat="-33.578033" lon="151.196717"><ele>91.9</ele></trkpt>
    <trkpt lat="-33.578020" lon="151.196767"><ele>92.5</ele></trkpt>
    <trkpt lat="-33.577879" lon="151.196753"><ele>94.5</ele></trkpt>
    <trkpt lat="-33.577956" lon="151.196846"><ele>96.7</ele></trkpt>
    <trkpt lat="-33.577953" lon="151.196911"><ele>97.7</ele></trkpt>
    <trkpt lat="-33.577897" lon="151.196977"><ele>99.3</ele></trkpt>
    <trkpt lat="-33.577856" lon="151.196961"><ele>100.2</ele></trkpt>
    <trkpt lat="-33.577806" lon="151.196929"><ele>101.4</ele></trkpt>
    <trkpt lat="-33.577723" lon="151.197091"><ele>104.8</ele></trkpt>
    <trkpt lat="-33.577686" lon="151.197107"><ele>105.6</ele></trkpt>
    <trkpt lat="-33.577655" lon="151.197174"><ele>106.9</ele></trkpt>
    <trkpt lat="-33.577585" lon="151.197227"><ele>108.6</ele></trkpt>
    <trkpt lat="-33.577563" lon="151.197322"><ele>110.3</ele></trkpt>
    <trkpt lat="-33.577612" lon="151.197461"><ele>113.5</ele></trkpt>
    <trkpt lat="-33.577594" lon="151.197487"><ele>114.2</ele></trkpt>
    <trkpt lat="-33.577543" lon="151.197472"><ele>115.6</ele></trkpt>
    <trkpt lat="-33.577435" lon="151.197524"><ele>118.4</ele></trkpt>
    <trkpt lat="-33.577345" lon="151.197689"><ele>122.2</ele></trkpt>
    <trkpt lat="-33.577226" lon="151.197698"><ele>124.9</ele></trkpt>
    <trkpt lat="-33.577148" lon="151.197561"><ele>127.9</ele></trkpt>
    <trkpt lat="-33.577081" lon="151.197566"><ele>129.4</ele></trkpt>
    <trkpt lat="-33.576952" lon="151.197611"><ele>132.7</ele></trkpt>
    <trkpt lat="-33.576869" lon="151.197594"><ele>134.7</ele></trkpt>
    <trkpt lat="-33.576937" lon="151.197469"><ele>137.3</ele></trkpt>
    <trkpt lat="-33.576937" lon="151.197429"><ele>137.9</ele></trkpt>
    <trkpt lat="-33.576919" lon="151.197402"><ele>138.4</ele></trkpt>
    <trkpt lat="-33.576872" lon="151.197369"><ele>139.3</ele></trkpt>
    <trkpt lat="-33.576850" lon="151.197295"><ele>140.4</ele></trkpt>
    <trkpt lat="-33.576672" lon="151.197177"><ele>143.1</ele></trkpt>
    <trkpt lat="-33.576531" lon="151.197224"><ele>145.0</ele></trkpt>
    <trkpt lat="-33.576406" lon="151.197292"><ele>146.8</ele></trkpt>
    <trkpt lat="-33.576299" lon="151.197285"><ele>148.2</ele></trkpt>
    <trkpt lat="-33.576194" lon="151.197161"><ele>149.7</ele></trkpt>
    <trkpt lat="-33.576148" lon="151.197139"><ele>150.2</ele></trkpt>
    <trkpt lat="-33.576068" lon="151.197018"><ele>151.1</ele></trkpt>
    <trkpt lat="-33.576054" lon="151.196891"><ele>151.8</ele></trkpt>
    <trkpt lat="-33.576001" lon="151.196838"><ele>152.2</ele></trkpt>
    <trkpt lat="-33.576013" lon="151.196787"><ele>152.6</ele></trkpt>
    <trkpt lat="-33.575964" lon="151.196696"><ele>153.5</ele></trkpt>
    <trkpt lat="-33.575928" lon="151.196665"><ele>154.0</ele></trkpt>
    <trkpt lat="-33.575824" lon="151.196654"><ele>155.0</ele></trkpt>
    <trkpt lat="-33.575748" lon="151.196606"><ele>155.5</ele></trkpt>
    <trkpt lat="-33.575550" lon="151.196531"><ele>156.5</ele></trkpt>
    <trkpt lat="-33.575417" lon="151.196513"><ele>156.9</ele></trkpt>
    <trkpt lat="-33.575326" lon="151.196418"><ele>157.2</ele></trkpt>
    <trkpt lat="-33.575278" lon="151.196435"><ele>157.2</ele></trkpt>
    <trkpt lat="-33.575161" lon="151.196390"><ele>157.2</ele></trkpt>
    <trkpt lat="-33.575097" lon="151.196375"><ele>157.3</ele></trkpt>
    <trkpt lat="-33.575054" lon="151.196376"><ele>157.2</ele></trkpt>
    <trkpt lat="-33.574920" lon="151.196346"><ele>157.0</ele></trkpt>
    <trkpt lat="-33.574870" lon="151.196306"><ele>156.9</ele></trkpt>
    <trkpt lat="-33.574815" lon="151.196305"><ele>156.8</ele></trkpt>
    <trkpt lat="-33.574760" lon="151.196332"><ele>156.6</ele></trkpt>
    <trkpt lat="-33.574693" lon="151.196339"><ele>156.4</ele></trkpt>
    <trkpt lat="-33.574648" lon="151.196337"><ele>156.2</ele></trkpt>
    <trkpt lat="-33.574306" lon="151.196494"><ele>156.1</ele></trkpt>
    <trkpt lat="-33.574283" lon="151.196548"><ele>155.9</ele></trkpt>
    <trkpt lat="-33.574239" lon="151.196575"><ele>155.7</ele></trkpt>
    <trkpt lat="-33.574104" lon="151.196705"><ele>155.1</ele></trkpt>
    <trkpt lat="-33.574027" lon="151.196749"><ele>154.8</ele></trkpt>
    <trkpt lat="-33.573974" lon="151.196793"><ele>154.5</ele></trkpt>
    <trkpt lat="-33.573927" lon="151.196875"><ele>154.2</ele></trkpt>
    <trkpt lat="-33.573883" lon="151.196976"><ele>153.9</ele></trkpt>
    <trkpt lat="-33.573818" lon="151.197024"><ele>153.8</ele></trkpt>
    <trkpt lat="-33.573810" lon="151.197080"><ele>153.7</ele></trkpt>
    <trkpt lat="-33.573766" lon="151.197184"><ele>153.5</ele></trkpt>
    <trkpt lat="-33.573762" lon="151.197249"><ele>153.4</ele></trkpt>
    <trkpt lat="-33.573749" lon="151.197310"><ele>153.4</ele></trkpt>
    <trkpt lat="-33.573716" lon="151.197362"><ele>153.4</ele></trkpt>
    <trkpt lat="-33.573718" lon="151.197414"><ele>153.4</ele></trkpt>
    <trkpt lat="-33.573708" lon="151.197485"><ele>153.4</ele></trkpt>
    <trkpt lat="-33.573683" lon="151.197514"><ele>153.3</ele></trkpt>
    <trkpt lat="-33.573533" lon="151.197465"><ele>153.3</ele></trkpt>
    <trkpt lat="-33.573457" lon="151.197395"><ele>153.4</ele></trkpt>
    <trkpt lat="-33.573419" lon="151.197371"><ele>153.5</ele></trkpt>
    <trkpt lat="-33.573315" lon="151.197257"><ele>153.8</ele></trkpt>
    <trkpt lat="-33.573298" lon="151.197216"><ele>153.9</ele></trkpt>
    <trkpt lat="-33.573292" lon="151.197127"><ele>154.1</ele></trkpt>
    <trkpt lat="-33.573273" lon="151.197080"><ele>154.3</ele></trkpt>
    <trkpt lat="-33.573207" lon="151.196817"><ele>155.3</ele></trkpt>
    <trkpt lat="-33.573157" lon="151.196663"><ele>155.8</ele></trkpt>
    <trkpt lat="-33.573127" lon="151.196489"><ele>156.3</ele></trkpt>
    <trkpt lat="-33.573143" lon="151.196351"><ele>156.7</ele></trkpt>
    <trkpt lat="-33.573133" lon="151.196189"><ele>157.0</ele></trkpt>
    <trkpt lat="-33.573098" lon="151.196127"><ele>157.2</ele></trkpt>
    <trkpt lat="-33.573097" lon="151.196047"><ele>157.4</ele></trkpt>
    <trkpt lat="-33.572937" lon="151.195748"><ele>158.2</ele></trkpt>
    <trkpt lat="-33.572951" lon="151.195665"><ele>158.5</ele></trkpt>
    <trkpt lat="-33.572905" lon="151.195566"><ele>158.7</ele></trkpt>
    <trkpt lat="-33.572875" lon="151.195447"><ele>159.1</ele></trkpt>
    <trkpt lat="-33.572815" lon="151.195313"><ele>159.6</ele></trkpt>
    <trkpt lat="-33.572842" lon="151.195258"><ele>159.9</ele></trkpt>
    <trkpt lat="-33.572839" lon="151.195183"><ele>160.3</ele></trkpt>
    <trkpt lat="-33.572766" lon="151.195098"><ele>161.0</ele></trkpt>
    <trkpt lat="-33.572714" lon="151.194954"><ele>162.1</ele></trkpt>
    <trkpt lat="-33.572643" lon="151.194864"><ele>162.9</ele></trkpt>
    <trkpt lat="-33.572535" lon="151.194862"><ele>164.0</ele></trkpt>
    <trkpt lat="-33.572417" lon="151.194743"><ele>165.7</ele></trkpt>
    <trkpt lat="-33.572387" lon="151.194681"><ele>166.5</ele></trkpt>
    <trkpt lat="-33.572290" lon="151.194664"><ele>168.2</ele></trkpt>
    <trkpt lat="-33.572119" lon="151.194583"><ele>171.4</ele></trkpt>
    <trkpt lat="-33.572019" lon="151.194637"><ele>173.6</ele></trkpt>
    <trkpt lat="-33.571940" lon="151.194626"><ele>175.1</ele></trkpt>
    <trkpt lat="-33.571896" lon="151.194648"><ele>176.0</ele></trkpt>
    <trkpt lat="-33.571845" lon="151.194562"><ele>177.6</ele></trkpt>
    <trkpt lat="-33.571832" lon="151.194479"><ele>178.9</ele></trkpt>
    <trkpt lat="-33.571647" lon="151.194425"><ele>182.1</ele></trkpt>
    <trkpt lat="-33.571637" lon="151.194372"><ele>182.7</ele></trkpt>
    <trkpt lat="-33.571668" lon="151.194296"><ele>183.8</ele></trkpt>
    <trkpt lat="-33.571585" lon="151.194321"><ele>185.1</ele></trkpt>
    <trkpt lat="-33.571534" lon="151.194354"><ele>185.8</ele></trkpt>
    <trkpt lat="-33.571437" lon="151.194333"><ele>187.0</ele></trkpt>
    <trkpt lat="-33.571297" lon="151.194370"><ele>188.4</ele></trkpt>
    <trkpt lat="-33.571209" lon="151.194342"><ele>188.9</ele></trkpt>
    <trkpt lat="-33.571097" lon="151.194511"><ele>189.7</ele></trkpt>
    <trkpt lat="-33.570807" lon="151.194862"><ele>191.2</ele></trkpt>
    <trkpt lat="-33.570568" lon="151.195094"><ele>192.8</ele></trkpt>
    <trkpt lat="-33.570244" lon="151.195382"><ele>195.1</ele></trkpt>
    <trkpt lat="-33.570029" lon="151.195549"><ele>196.5</ele></trkpt>
    <trkpt lat="-33.569855" lon="151.195767"><ele>197.5</ele></trkpt>
    <trkpt lat="-33.569607" lon="151.196143"><ele>197.5</ele></trkpt>
    <trkpt lat="-33.569373" lon="151.196413"><ele>196.1</ele></trkpt>
    <trkpt lat="-33.569224" lon="151.196625"><ele>194.8</ele></trkpt>
    <trkpt lat="-33.569141" lon="151.196683"><ele>194.3</ele></trkpt>
    <trkpt lat="-33.569025" lon="151.196728"><ele>193.6</ele></trkpt>
    <trkpt lat="-33.568587" lon="151.196840"><ele>191.9</ele></trkpt>
    <trkpt lat="-33.567987" lon="151.197108"><ele>194.7</ele></trkpt>
    <trkpt lat="-33.567701" lon="151.197207"><ele>196.9</ele></trkpt>
    <trkpt lat="-33.567546" lon="151.197237"><ele>198.0</ele></trkpt>
    <trkpt lat="-33.567377" lon="151.197245"><ele>199.2</ele></trkpt>
    <trkpt lat="-33.567278" lon="151.197235"><ele>199.7</ele></trkpt>
    <trkpt lat="-33.566737" lon="151.197140"><ele>201.2</ele></trkpt>
    <trkpt lat="-33.566523" lon="151.197077"><ele>201.4</ele></trkpt>
    <trkpt lat="-33.566315" lon="151.197062"><ele>201.3</ele></trkpt>
    <trkpt lat="-33.566253" lon="151.197068"><ele>201.2</ele></trkpt>
    <trkpt lat="-33.566192" lon="151.197090"><ele>201.1</ele></trkpt>
    <trkpt lat="-33.565727" lon="151.197363"><ele>200.7</ele></trkpt>
    <trkpt lat="-33.565673" lon="151.197416"><ele>200.7</ele></trkpt>
    <trkpt lat="-33.565548" lon="151.197604"><ele>200.6</ele></trkpt>
    <trkpt lat="-33.565479" lon="151.197672"><ele>200.6</ele></trkpt>
    <trkpt lat="-33.565307" lon="151.197768"><ele>200.5</ele></trkpt>
    <trkpt lat="-33.565048" lon="151.197896"><ele>200.2</ele></trkpt>
    <trkpt lat="-33.564583" lon="151.198120"><ele>199.6</ele></trkpt>
    <trkpt lat="-33.564466" lon="151.198151"><ele>199.2</ele></trkpt>
    <trkpt lat="-33.564378" lon="151.198158"><ele>198.9</ele></trkpt>
    <trkpt lat="-33.564283" lon="151.198137"><ele>198.4</ele></trkpt>
    <trkpt lat="-33.564214" lon="151.198036"><ele>197.8</ele></trkpt>
    <trkpt lat="-33.564174" lon="151.197941"><ele>197.2</ele></trkpt>
    <trkpt lat="-33.564135" lon="151.197733"><ele>195.8</ele></trkpt>
    <trkpt lat="-33.564101" lon="151.197662"><ele>195.3</ele></trkpt>
    <trkpt lat="-33.564045" lon="151.197601"><ele>194.5</ele></trkpt>
    <trkpt lat="-33.563966" lon="151.197579"><ele>193.7</ele></trkpt>
    <trkpt lat="-33.563891" lon="151.197588"><ele>192.9</ele></trkpt>
    <trkpt lat="-33.563811" lon="151.197625"><ele>192.0</ele></trkpt>
    <trkpt lat="-33.563471" lon="151.197910"><ele>187.2</ele></trkpt>
    <trkpt lat="-33.563345" lon="151.198035"><ele>185.5</ele></trkpt>
    <trkpt lat="-33.562798" lon="151.198715"><ele>179.5</ele></trkpt>
    <trkpt lat="-33.562511" lon="151.198992"><ele>177.2</ele></trkpt>
    <trkpt lat="-33.562308" lon="151.199137"><ele>175.7</ele></trkpt>
    <trkpt lat="-33.562131" lon="151.199224"><ele>174.6</ele></trkpt>
    <trkpt lat="-33.561955" lon="151.199286"><ele>174.0</ele></trkpt>
    <trkpt lat="-33.561846" lon="151.199297"><ele>173.7</ele></trkpt>
    <trkpt lat="-33.561762" lon="151.199293"><ele>173.6</ele></trkpt>
    <trkpt lat="-33.561573" lon="151.199256"><ele>173.5</ele></trkpt>
    <trkpt lat="-33.561477" lon="151.199252"><ele>173.5</ele></trkpt>
    <trkpt lat="-33.561297" lon="151.199220"><ele>173.8</ele></trkpt>
    <trkpt lat="-33.561202" lon="151.199169"><ele>174.3</ele></trkpt>
    <trkpt lat="-33.561140" lon="151.199163"><ele>174.5</ele></trkpt>
    <trkpt lat="-33.560958" lon="151.199228"><ele>175.6</ele></trkpt>
    <trkpt lat="-33.560924" lon="151.199231"><ele>175.8</ele></trkpt>
    <trkpt lat="-33.560873" lon="151.199228"><ele>176.1</ele></trkpt>
    <trkpt lat="-33.560574" lon="151.199114"><ele>177.6</ele></trkpt>
    <trkpt lat="-33.560443" lon="151.199065"><ele>177.9</ele></trkpt>
    <trkpt lat="-33.560153" lon="151.199040"><ele>178.2</ele></trkpt>
    <trkpt lat="-33.559832" lon="151.199032"><ele>177.3</ele></trkpt>
    <trkpt lat="-33.559738" lon="151.199051"><ele>176.8</ele></trkpt>
    <trkpt lat="-33.559640" lon="151.199095"><ele>176.2</ele></trkpt>
    <trkpt lat="-33.559370" lon="151.199279"><ele>174.7</ele></trkpt>
    <trkpt lat="-33.559149" lon="151.199400"><ele>174.0</ele></trkpt>
    <trkpt lat="-33.559010" lon="151.199512"><ele>173.9</ele></trkpt>
    <trkpt lat="-33.558751" lon="151.199856"><ele>175.5</ele></trkpt>
    <trkpt lat="-33.558593" lon="151.200164"><ele>177.4</ele></trkpt>
    <trkpt lat="-33.558434" lon="151.200356"><ele>178.9</ele></trkpt>
    <trkpt lat="-33.558413" lon="151.200406"><ele>179.2</ele></trkpt>
    <trkpt lat="-33.558401" lon="151.200488"><ele>179.6</ele></trkpt>
    <trkpt lat="-33.558399" lon="151.200570"><ele>180.1</ele></trkpt>
    <trkpt lat="-33.558386" lon="151.200748"><ele>181.0</ele></trkpt>
    <trkpt lat="-33.558362" lon="151.200877"><ele>181.7</ele></trkpt>
    <trkpt lat="-33.558325" lon="151.200965"><ele>182.2</ele></trkpt>
    <trkpt lat="-33.558142" lon="151.201339"><ele>184.6</ele></trkpt>
    <trkpt lat="-33.558083" lon="151.201420"><ele>185.3</ele></trkpt>
    <trkpt lat="-33.558030" lon="151.201438"><ele>185.7</ele></trkpt>
    <trkpt lat="-33.557971" lon="151.201434"><ele>186.2</ele></trkpt>
    <trkpt lat="-33.557794" lon="151.201382"><ele>187.6</ele></trkpt>
    <trkpt lat="-33.557672" lon="151.201374"><ele>188.5</ele></trkpt>
    <trkpt lat="-33.557415" lon="151.201312"><ele>190.2</ele></trkpt>
    <trkpt lat="-33.557321" lon="151.201279"><ele>190.6</ele></trkpt>
    <trkpt lat="-33.557095" lon="151.201137"><ele>191.3</ele></trkpt>
    <trkpt lat="-33.556790" lon="151.200909"><ele>191.3</ele></trkpt>
    <trkpt lat="-33.556638" lon="151.200836"><ele>191.1</ele></trkpt>
    <trkpt lat="-33.556465" lon="151.200797"><ele>190.9</ele></trkpt>
    <trkpt lat="-33.556112" lon="151.200724"><ele>191.1</ele></trkpt>
    <trkpt lat="-33.555644" lon="151.200572"><ele>191.4</ele></trkpt>
    <trkpt lat="-33.555340" lon="151.200438"><ele>190.5</ele></trkpt>
    <trkpt lat="-33.555116" lon="151.200264"><ele>188.4</ele></trkpt>
    <trkpt lat="-33.555007" lon="151.200164"><ele>186.9</ele></trkpt>
    <trkpt lat="-33.554966" lon="151.200145"><ele>186.4</ele></trkpt>
    <trkpt lat="-33.554925" lon="151.200149"><ele>185.9</ele></trkpt>
    <trkpt lat="-33.554841" lon="151.200186"><ele>184.9</ele></trkpt>
    <trkpt lat="-33.554807" lon="151.200243"><ele>184.1</ele></trkpt>
    <trkpt lat="-33.554776" lon="151.200353"><ele>182.9</ele></trkpt>
    <trkpt lat="-33.554759" lon="151.200463"><ele>181.8</ele></trkpt>
    <trkpt lat="-33.554755" lon="151.200572"><ele>180.9</ele></trkpt>
    <trkpt lat="-33.554721" lon="151.200929"><ele>178.0</ele></trkpt>
    <trkpt lat="-33.554704" lon="151.201117"><ele>176.7</ele></trkpt>
    <trkpt lat="-33.554710" lon="151.201235"><ele>176.0</ele></trkpt>
    <trkpt lat="-33.554737" lon="151.201397"><ele>175.1</ele></trkpt>
    <trkpt lat="-33.554735" lon="151.201503"><ele>174.6</ele></trkpt>
    <trkpt lat="-33.554724" lon="151.201568"><ele>174.3</ele></trkpt>
    <trkpt lat="-33.554656" lon="151.201827"><ele>173.2</ele></trkpt>
    <trkpt lat="-33.554605" lon="151.202095"><ele>172.1</ele></trkpt>
    <trkpt lat="-33.554606" lon="151.202317"><ele>171.2</ele></trkpt>
    <trkpt lat="-33.554623" lon="151.202477"><ele>170.4</ele></trkpt>
    <trkpt lat="-33.554612" lon="151.202603"><ele>169.8</ele></trkpt>
    <trkpt lat="-33.554553" lon="151.202856"><ele>168.0</ele></trkpt>
    <trkpt lat="-33.554445" lon="151.203107"><ele>165.7</ele></trkpt>
    <trkpt lat="-33.554439" lon="151.203183"><ele>165.1</ele></trkpt>
    <trkpt lat="-33.554441" lon="151.203277"><ele>164.2</ele></trkpt>
    <trkpt lat="-33.554456" lon="151.203363"><ele>163.2</ele></trkpt>
    <trkpt lat="-33.554488" lon="151.203452"><ele>162.1</ele></trkpt>
    <trkpt lat="-33.554542" lon="151.203514"><ele>161.1</ele></trkpt>
    <trkpt lat="-33.554610" lon="151.203568"><ele>159.9</ele></trkpt>
    <trkpt lat="-33.554755" lon="151.203648"><ele>157.5</ele></trkpt>
    <trkpt lat="-33.555012" lon="151.203810"><ele>152.6</ele></trkpt>
    <trkpt lat="-33.555198" lon="151.203960"><ele>149.1</ele></trkpt>
    <trkpt lat="-33.555269" lon="151.204034"><ele>147.6</ele></trkpt>
    <trkpt lat="-33.555315" lon="151.204112"><ele>146.4</ele></trkpt>
    <trkpt lat="-33.555343" lon="151.204193"><ele>145.3</ele></trkpt>
    <trkpt lat="-33.555359" lon="151.204278"><ele>144.2</ele></trkpt>
    <trkpt lat="-33.555359" lon="151.204333"><ele>143.5</ele></trkpt>
    <trkpt lat="-33.555349" lon="151.204365"><ele>143.2</ele></trkpt>
    <trkpt lat="-33.555325" lon="151.204391"><ele>142.8</ele></trkpt>
    <trkpt lat="-33.555283" lon="151.204413"><ele>142.3</ele></trkpt>
    <trkpt lat="-33.555231" lon="151.204417"><ele>141.6</ele></trkpt>
    <trkpt lat="-33.555164" lon="151.204408"><ele>140.8</ele></trkpt>
    <trkpt lat="-33.554962" lon="151.204355"><ele>139.2</ele></trkpt>
    <trkpt lat="-33.554821" lon="151.204291"><ele>138.4</ele></trkpt>
    <trkpt lat="-33.554713" lon="151.204231"><ele>138.3</ele></trkpt>
    <trkpt lat="-33.554451" lon="151.204047"><ele>138.5</ele></trkpt>
    <trkpt lat="-33.554339" lon="151.203958"><ele>138.7</ele></trkpt>
    <trkpt lat="-33.554203" lon="151.203827"><ele>139.0</ele></trkpt>
    <trkpt lat="-33.553996" lon="151.203680"><ele>139.2</ele></trkpt>
    <trkpt lat="-33.553822" lon="151.203570"><ele>138.6</ele></trkpt>
    <trkpt lat="-33.553747" lon="151.203503"><ele>138.2</ele></trkpt>
    <trkpt lat="-33.553709" lon="151.203452"><ele>137.9</ele></trkpt>
    <trkpt lat="-33.553671" lon="151.203341"><ele>137.0</ele></trkpt>
    <trkpt lat="-33.553604" lon="151.203075"><ele>134.8</ele></trkpt>
    <trkpt lat="-33.553570" lon="151.202882"><ele>133.2</ele></trkpt>
    <trkpt lat="-33.553560" lon="151.202801"><ele>132.5</ele></trkpt>
    <trkpt lat="-33.553562" lon="151.202643"><ele>131.4</ele></trkpt>
    <trkpt lat="-33.553573" lon="151.202437"><ele>130.0</ele></trkpt>
    <trkpt lat="-33.553587" lon="151.202322"><ele>129.3</ele></trkpt>
    <trkpt lat="-33.553587" lon="151.202093"><ele>127.8</ele></trkpt>
    <trkpt lat="-33.553598" lon="151.201949"><ele>127.0</ele></trkpt>
    <trkpt lat="-33.553615" lon="151.201789"><ele>126.0</ele></trkpt>
    <trkpt lat="-33.553609" lon="151.201662"><ele>125.3</ele></trkpt>
    <trkpt lat="-33.553576" lon="151.201355"><ele>123.3</ele></trkpt>
    <trkpt lat="-33.553514" lon="151.201144"><ele>121.8</ele></trkpt>
    <trkpt lat="-33.553496" lon="151.201023"><ele>121.0</ele></trkpt>
    <trkpt lat="-33.553497" lon="151.200853"><ele>120.0</ele></trkpt>
    <trkpt lat="-33.553487" lon="151.200797"><ele>119.8</ele></trkpt>
    <trkpt lat="-33.553452" lon="151.200744"><ele>119.5</ele></trkpt>
    <trkpt lat="-33.553364" lon="151.200842"><ele>119.0</ele></trkpt>
    <trkpt lat="-33.553313" lon="151.200935"><ele>118.7</ele></trkpt>
    <trkpt lat="-33.553288" lon="151.201018"><ele>118.5</ele></trkpt>
    <trkpt lat="-33.553284" lon="151.201087"><ele>118.3</ele></trkpt>
    <trkpt lat="-33.553288" lon="151.201170"><ele>118.1</ele></trkpt>
    <trkpt lat="-33.553315" lon="151.201364"><ele>118.0</ele></trkpt>
    <trkpt lat="-33.553307" lon="151.201519"><ele>117.9</ele></trkpt>
    <trkpt lat="-33.553287" lon="151.201695"><ele>117.8</ele></trkpt>
    <trkpt lat="-33.553277" lon="151.201894"><ele>117.7</ele></trkpt>
    <trkpt lat="-33.553254" lon="151.202123"><ele>117.4</ele></trkpt>
    <trkpt lat="-33.553224" lon="151.202195"><ele>117.2</ele></trkpt>
    <trkpt lat="-33.553130" lon="151.202327"><ele>116.8</ele></trkpt>
    <trkpt lat="-33.553087" lon="151.202420"><ele>116.5</ele></trkpt>
    <trkpt lat="-33.553059" lon="151.202515"><ele>116.2</ele></trkpt>
    <trkpt lat="-33.553046" lon="151.202643"><ele>115.9</ele></trkpt>
    <trkpt lat="-33.553016" lon="151.203033"><ele>114.3</ele></trkpt>
    <trkpt lat="-33.552964" lon="151.203172"><ele>113.7</ele></trkpt>
    <trkpt lat="-33.552749" lon="151.203434"><ele>112.0</ele></trkpt>
    <trkpt lat="-33.552573" lon="151.203603"><ele>110.3</ele></trkpt>
    <trkpt lat="-33.552455" lon="151.203734"><ele>108.9</ele></trkpt>
    <trkpt lat="-33.552301" lon="151.203907"><ele>106.7</ele></trkpt>
    <trkpt lat="-33.552118" lon="151.204084"><ele>103.8</ele></trkpt>
    <trkpt lat="-33.551995" lon="151.204210"><ele>101.8</ele></trkpt>
    <trkpt lat="-33.551952" lon="151.204239"><ele>101.1</ele></trkpt>
    <trkpt lat="-33.551883" lon="151.204263"><ele>100.2</ele></trkpt>
    <trkpt lat="-33.551670" lon="151.204294"><ele>97.3</ele></trkpt>
    <trkpt lat="-33.551513" lon="151.204366"><ele>95.0</ele></trkpt>
    <trkpt lat="-33.551392" lon="151.204461"><ele>93.0</ele></trkpt>
    <trkpt lat="-33.551267" lon="151.204643"><ele>90.4</ele></trkpt>
    <trkpt lat="-33.550940" lon="151.204851"><ele>86.5</ele></trkpt>
    <trkpt lat="-33.550882" lon="151.204909"><ele>85.9</ele></trkpt>
    <trkpt lat="-33.550846" lon="151.205004"><ele>85.2</ele></trkpt>
    <trkpt lat="-33.550812" lon="151.205149"><ele>84.2</ele></trkpt>
    <trkpt lat="-33.550802" lon="151.205266"><ele>83.5</ele></trkpt>
    <trkpt lat="-33.550818" lon="151.205352"><ele>83.0</ele></trkpt>
    <trkpt lat="-33.550850" lon="151.205460"><ele>82.3</ele></trkpt>
    <trkpt lat="-33.550903" lon="151.205550"><ele>82.0</ele></trkpt>
    <trkpt lat="-33.550967" lon="151.205632"><ele>81.8</ele></trkpt>
    <trkpt lat="-33.551076" lon="151.205708"><ele>81.5</ele></trkpt>
    <trkpt lat="-33.551242" lon="151.205740"><ele>81.4</ele></trkpt>
    <trkpt lat="-33.551361" lon="151.205744"><ele>81.3</ele></trkpt>
    <trkpt lat="-33.551525" lon="151.205726"><ele>81.0</ele></trkpt>
    <trkpt lat="-33.551782" lon="151.205719"><ele>80.8</ele></trkpt>
    <trkpt lat="-33.551938" lon="151.205747"><ele>80.8</ele></trkpt>
    <trkpt lat="-33.552109" lon="151.205798"><ele>80.7</ele></trkpt>
    <trkpt lat="-33.552280" lon="151.205913"><ele>80.0</ele></trkpt>
    <trkpt lat="-33.552392" lon="151.205978"><ele>79.6</ele></trkpt>
    <trkpt lat="-33.552520" lon="151.206047"><ele>79.3</ele></trkpt>
    <trkpt lat="-33.552608" lon="151.206129"><ele>79.1</ele></trkpt>
    <trkpt lat="-33.552783" lon="151.206327"><ele>78.5</ele></trkpt>
    <trkpt lat="-33.552936" lon="151.206465"><ele>77.6</ele></trkpt>
    <trkpt lat="-33.553145" lon="151.206647"><ele>76.8</ele></trkpt>
    <trkpt lat="-33.553380" lon="151.206838"><ele>76.8</ele></trkpt>
    <trkpt lat="-33.553513" lon="151.206900"><ele>77.0</ele></trkpt>
    <trkpt lat="-33.553806" lon="151.206948"><ele>77.8</ele></trkpt>
    <trkpt lat="-33.554144" lon="151.207044"><ele>79.3</ele></trkpt>
    <trkpt lat="-33.554312" lon="151.207051"><ele>79.8</ele></trkpt>
    <trkpt lat="-33.554415" lon="151.207017"><ele>80.1</ele></trkpt>
    <trkpt lat="-33.554557" lon="151.207013"><ele>80.3</ele></trkpt>
    <trkpt lat="-33.554684" lon="151.207056"><ele>80.2</ele></trkpt>
    <trkpt lat="-33.554879" lon="151.207133"><ele>79.8</ele></trkpt>
    <trkpt lat="-33.555198" lon="151.207151"><ele>78.7</ele></trkpt>
    <trkpt lat="-33.555337" lon="151.207135"><ele>78.3</ele></trkpt>
    <trkpt lat="-33.555529" lon="151.207079"><ele>78.4</ele></trkpt>
    <trkpt lat="-33.555775" lon="151.207103"><ele>79.0</ele></trkpt>
    <trkpt lat="-33.555862" lon="151.207086"><ele>79.2</ele></trkpt>
    <trkpt lat="-33.556006" lon="151.207019"><ele>79.6</ele></trkpt>
    <trkpt lat="-33.556152" lon="151.206882"><ele>80.2</ele></trkpt>
    <trkpt lat="-33.556258" lon="151.206731"><ele>80.8</ele></trkpt>
    <trkpt lat="-33.556385" lon="151.206510"><ele>81.7</ele></trkpt>
    <trkpt lat="-33.556502" lon="151.206250"><ele>82.4</ele></trkpt>
    <trkpt lat="-33.556650" lon="151.206004"><ele>82.5</ele></trkpt>
    <trkpt lat="-33.556748" lon="151.205857"><ele>82.4</ele></trkpt>
    <trkpt lat="-33.556836" lon="151.205773"><ele>82.4</ele></trkpt>
    <trkpt lat="-33.556941" lon="151.205718"><ele>82.4</ele></trkpt>
    <trkpt lat="-33.557040" lon="151.205683"><ele>82.4</ele></trkpt>
    <trkpt lat="-33.557171" lon="151.205666"><ele>82.4</ele></trkpt>
    <trkpt lat="-33.557328" lon="151.205656"><ele>82.4</ele></trkpt>
    <trkpt lat="-33.557435" lon="151.205674"><ele>82.5</ele></trkpt>
    <trkpt lat="-33.557543" lon="151.205744"><ele>82.6</ele></trkpt>
    <trkpt lat="-33.557608" lon="151.205838"><ele>82.8</ele></trkpt>
    <trkpt lat="-33.557640" lon="151.205936"><ele>82.9</ele></trkpt>
    <trkpt lat="-33.557626" lon="151.206063"><ele>83.4</ele></trkpt>
    <trkpt lat="-33.557572" lon="151.206175"><ele>83.8</ele></trkpt>
    <trkpt lat="-33.557292" lon="151.206750"><ele>85.4</ele></trkpt>
    <trkpt lat="-33.557205" lon="151.207005"><ele>85.6</ele></trkpt>
    <trkpt lat="-33.557005" lon="151.207487"><ele>84.9</ele></trkpt>
    <trkpt lat="-33.556943" lon="151.207591"><ele>84.5</ele></trkpt>
    <trkpt lat="-33.556852" lon="151.207694"><ele>84.1</ele></trkpt>
    <trkpt lat="-33.556734" lon="151.207785"><ele>83.7</ele></trkpt>
    <trkpt lat="-33.556517" lon="151.207877"><ele>82.9</ele></trkpt>
    <trkpt lat="-33.556380" lon="151.207990"><ele>82.4</ele></trkpt>
    <trkpt lat="-33.556325" lon="151.208039"><ele>82.2</ele></trkpt>
    <trkpt lat="-33.556197" lon="151.208065"><ele>81.8</ele></trkpt>
    <trkpt lat="-33.556123" lon="151.208107"><ele>81.5</ele></trkpt>
    <trkpt lat="-33.555985" lon="151.208234"><ele>80.9</ele></trkpt>
    <trkpt lat="-33.555959" lon="151.208283"><ele>80.8</ele></trkpt>
    <trkpt lat="-33.555921" lon="151.208421"><ele>80.7</ele></trkpt>
    <trkpt lat="-33.555883" lon="151.208490"><ele>80.6</ele></trkpt>
    <trkpt lat="-33.555851" lon="151.208524"><ele>80.5</ele></trkpt>
    <trkpt lat="-33.555790" lon="151.208546"><ele>80.5</ele></trkpt>
    <trkpt lat="-33.555731" lon="151.208554"><ele>80.5</ele></trkpt>
    <trkpt lat="-33.555514" lon="151.208512"><ele>80.8</ele></trkpt>
    <trkpt lat="-33.555370" lon="151.208543"><ele>81.3</ele></trkpt>
    <trkpt lat="-33.555155" lon="151.208616"><ele>82.6</ele></trkpt>
    <trkpt lat="-33.555118" lon="151.208657"><ele>83.0</ele></trkpt>
    <trkpt lat="-33.555098" lon="151.208695"><ele>83.2</ele></trkpt>
    <trkpt lat="-33.555094" lon="151.208743"><ele>83.6</ele></trkpt>
    <trkpt lat="-33.555108" lon="151.208788"><ele>84.1</ele></trkpt>
    <trkpt lat="-33.555239" lon="151.209038"><ele>86.7</ele></trkpt>
    <trkpt lat="-33.555250" lon="151.209167"><ele>87.7</ele></trkpt>
    <trkpt lat="-33.555237" lon="151.209224"><ele>88.2</ele></trkpt>
    <trkpt lat="-33.555168" lon="151.209331"><ele>89.2</ele></trkpt>
    <trkpt lat="-33.555027" lon="151.209463"><ele>90.6</ele></trkpt>
    <trkpt lat="-33.554923" lon="151.209517"><ele>91.3</ele></trkpt>
    <trkpt lat="-33.554856" lon="151.209515"><ele>91.6</ele></trkpt>
    <trkpt lat="-33.554677" lon="151.209474"><ele>92.2</ele></trkpt>
    <trkpt lat="-33.554474" lon="151.209397"><ele>92.1</ele></trkpt>
    <trkpt lat="-33.554408" lon="151.209396"><ele>91.9</ele></trkpt>
    <trkpt lat="-33.554349" lon="151.209416"><ele>91.8</ele></trkpt>
    <trkpt lat="-33.554276" lon="151.209467"><ele>91.6</ele></trkpt>
    <trkpt lat="-33.554051" lon="151.209696"><ele>91.1</ele></trkpt>
    <trkpt lat="-33.554014" lon="151.209765"><ele>91.0</ele></trkpt>
    <trkpt lat="-33.553888" lon="151.210142"><ele>90.7</ele></trkpt>
    <trkpt lat="-33.553849" lon="151.210288"><ele>90.6</ele></trkpt>
    <trkpt lat="-33.553815" lon="151.210535"><ele>90.7</ele></trkpt>
    <trkpt lat="-33.553783" lon="151.210704"><ele>90.8</ele></trkpt>
    <trkpt lat="-33.553749" lon="151.210759"><ele>90.9</ele></trkpt>
    <trkpt lat="-33.553717" lon="151.210782"><ele>90.9</ele></trkpt>
    <trkpt lat="-33.553622" lon="151.210810"><ele>91.0</ele></trkpt>
    <trkpt lat="-33.553354" lon="151.210854"><ele>91.6</ele></trkpt>
    <trkpt lat="-33.553188" lon="151.210896"><ele>92.1</ele></trkpt>
    <trkpt lat="-33.553139" lon="151.210884"><ele>92.2</ele></trkpt>
    <trkpt lat="-33.553063" lon="151.210837"><ele>92.5</ele></trkpt>
    <trkpt lat="-33.552974" lon="151.210795"><ele>92.9</ele></trkpt>
    <trkpt lat="-33.552806" lon="151.210611"><ele>93.9</ele></trkpt>
    <trkpt lat="-33.552692" lon="151.210454"><ele>95.0</ele></trkpt>
    <trkpt lat="-33.552551" lon="151.210244"><ele>96.3</ele></trkpt>
    <trkpt lat="-33.552511" lon="151.210194"><ele>96.7</ele></trkpt>
    <trkpt lat="-33.552474" lon="151.210160"><ele>96.9</ele></trkpt>
    <trkpt lat="-33.552410" lon="151.210156"><ele>97.2</ele></trkpt>
    <trkpt lat="-33.552252" lon="151.210167"><ele>98.0</ele></trkpt>
    <trkpt lat="-33.552142" lon="151.210191"><ele>98.5</ele></trkpt>
    <trkpt lat="-33.552038" lon="151.210246"><ele>99.0</ele></trkpt>
    <trkpt lat="-33.551938" lon="151.210350"><ele>99.7</ele></trkpt>
    <trkpt lat="-33.551855" lon="151.210471"><ele>100.5</ele></trkpt>
    <trkpt lat="-33.551776" lon="151.210611"><ele>101.1</ele></trkpt>
    <trkpt lat="-33.551755" lon="151.210695"><ele>101.4</ele></trkpt>
    <trkpt lat="-33.551744" lon="151.210778"><ele>101.6</ele></trkpt>
    <trkpt lat="-33.551758" lon="151.210827"><ele>101.7</ele></trkpt>
    <trkpt lat="-33.551807" lon="151.210898"><ele>102.0</ele></trkpt>
    <trkpt lat="-33.551962" lon="151.211041"><ele>102.6</ele></trkpt>
    <trkpt lat="-33.552048" lon="151.211155"><ele>102.8</ele></trkpt>
    <trkpt lat="-33.552086" lon="151.211241"><ele>103.0</ele></trkpt>
    <trkpt lat="-33.552096" lon="151.211329"><ele>103.1</ele></trkpt>
    <trkpt lat="-33.552063" lon="151.211613"><ele>103.0</ele></trkpt>
    <trkpt lat="-33.552026" lon="151.211818"><ele>102.7</ele></trkpt>
    <trkpt lat="-33.551913" lon="151.212164"><ele>101.8</ele></trkpt>
    <trkpt lat="-33.551879" lon="151.212302"><ele>101.5</ele></trkpt>
    <trkpt lat="-33.551842" lon="151.212404"><ele>101.3</ele></trkpt>
    <trkpt lat="-33.551729" lon="151.212632"><ele>101.2</ele></trkpt>
    <trkpt lat="-33.551641" lon="151.212878"><ele>101.7</ele></trkpt>
    <trkpt lat="-33.551590" lon="151.213080"><ele>102.6</ele></trkpt>
    <trkpt lat="-33.551541" lon="151.213301"><ele>103.8</ele></trkpt>
    <trkpt lat="-33.551479" lon="151.213485"><ele>105.1</ele></trkpt>
    <trkpt lat="-33.551418" lon="151.213624"><ele>106.3</ele></trkpt>
    <trkpt lat="-33.551376" lon="151.213830"><ele>108.1</ele></trkpt>
    <trkpt lat="-33.551353" lon="151.213907"><ele>108.8</ele></trkpt>
    <trkpt lat="-33.551304" lon="151.214003"><ele>109.9</ele></trkpt>
    <trkpt lat="-33.551283" lon="151.214061"><ele>110.5</ele></trkpt>
    <trkpt lat="-33.551282" lon="151.214114"><ele>110.9</ele></trkpt>
    <trkpt lat="-33.551288" lon="151.214173"><ele>111.4</ele></trkpt>
    <trkpt lat="-33.551305" lon="151.214222"><ele>111.9</ele></trkpt>
    <trkpt lat="-33.551335" lon="151.214268"><ele>112.3</ele></trkpt>
    <trkpt lat="-33.551381" lon="151.214314"><ele>112.9</ele></trkpt>
    <trkpt lat="-33.551460" lon="151.214371"><ele>113.8</ele></trkpt>
    <trkpt lat="-33.551535" lon="151.214407"><ele>114.5</ele></trkpt>
    <trkpt lat="-33.551571" lon="151.214445"><ele>114.9</ele></trkpt>
    <trkpt lat="-33.551658" lon="151.214638"><ele>116.2</ele></trkpt>
    <trkpt lat="-33.551765" lon="151.214861"><ele>117.3</ele></trkpt>
    <trkpt lat="-33.551789" lon="151.214944"><ele>117.6</ele></trkpt>
    <trkpt lat="-33.551793" lon="151.215013"><ele>117.8</ele></trkpt>
    <trkpt lat="-33.551770" lon="151.215105"><ele>118.1</ele></trkpt>
    <trkpt lat="-33.551682" lon="151.215322"><ele>118.1</ele></trkpt>
    <trkpt lat="-33.551556" lon="151.215618"><ele>117.7</ele></trkpt>
    <trkpt lat="-33.551376" lon="151.215968"><ele>117.1</ele></trkpt>
    <trkpt lat="-33.551210" lon="151.216223"><ele>117.8</ele></trkpt>
    <trkpt lat="-33.551176" lon="151.216297"><ele>118.1</ele></trkpt>
    <trkpt lat="-33.551099" lon="151.216471"><ele>118.7</ele></trkpt>
    <trkpt lat="-33.551086" lon="151.216536"><ele>118.9</ele></trkpt>
    <trkpt lat="-33.551109" lon="151.216781"><ele>119.8</ele></trkpt>
    <trkpt lat="-33.551109" lon="151.217050"><ele>120.8</ele></trkpt>
    <trkpt lat="-33.551124" lon="151.217233"><ele>121.5</ele></trkpt>
    <trkpt lat="-33.551161" lon="151.217426"><ele>122.2</ele></trkpt>
    <trkpt lat="-33.551160" lon="151.217616"><ele>122.5</ele></trkpt>
    <trkpt lat="-33.551152" lon="151.217735"><ele>122.7</ele></trkpt>
    <trkpt lat="-33.551071" lon="151.217909"><ele>123.1</ele></trkpt>
    <trkpt lat="-33.550979" lon="151.218040"><ele>123.4</ele></trkpt>
    <trkpt lat="-33.550766" lon="151.218218"><ele>124.4</ele></trkpt>
    <trkpt lat="-33.550711" lon="151.218274"><ele>124.7</ele></trkpt>
    <trkpt lat="-33.550689" lon="151.218313"><ele>124.9</ele></trkpt>
    <trkpt lat="-33.550647" lon="151.218447"><ele>125.3</ele></trkpt>
    <trkpt lat="-33.550633" lon="151.218571"><ele>125.7</ele></trkpt>
    <trkpt lat="-33.550634" lon="151.218705"><ele>125.9</ele></trkpt>
    <trkpt lat="-33.550624" lon="151.218924"><ele>126.3</ele></trkpt>
    <trkpt lat="-33.550611" lon="151.219031"><ele>126.5</ele></trkpt>
    <trkpt lat="-33.550573" lon="151.219135"><ele>126.6</ele></trkpt>
    <trkpt lat="-33.550284" lon="151.219821"><ele>124.4</ele></trkpt>
    <trkpt lat="-33.550187" lon="151.220036"><ele>123.9</ele></trkpt>
    <trkpt lat="-33.550189" lon="151.220110"><ele>123.9</ele></trkpt>
    <trkpt lat="-33.550235" lon="151.220204"><ele>123.8</ele></trkpt>
    <trkpt lat="-33.550284" lon="151.220330"><ele>123.8</ele></trkpt>
    <trkpt lat="-33.550388" lon="151.220457"><ele>123.9</ele></trkpt>
    <trkpt lat="-33.550495" lon="151.220557"><ele>124.1</ele></trkpt>
    <trkpt lat="-33.550634" lon="151.220611"><ele>124.6</ele></trkpt>
    <trkpt lat="-33.550699" lon="151.220648"><ele>124.9</ele></trkpt>
    <trkpt lat="-33.550786" lon="151.220723"><ele>125.3</ele></trkpt>
    <trkpt lat="-33.550854" lon="151.220790"><ele>125.6</ele></trkpt>
    <trkpt lat="-33.550939" lon="151.220908"><ele>126.0</ele></trkpt>
    <trkpt lat="-33.551108" lon="151.221164"><ele>126.9</ele></trkpt>
    <trkpt lat="-33.551152" lon="151.221256"><ele>127.1</ele></trkpt>
    <trkpt lat="-33.551181" lon="151.221344"><ele>127.4</ele></trkpt>
    <trkpt lat="-33.551224" lon="151.221503"><ele>127.8</ele></trkpt>
    <trkpt lat="-33.551297" lon="151.221732"><ele>128.5</ele></trkpt>
    <trkpt lat="-33.551384" lon="151.222036"><ele>129.5</ele></trkpt>
    <trkpt lat="-33.551414" lon="151.222125"><ele>129.7</ele></trkpt>
    <trkpt lat="-33.551458" lon="151.222220"><ele>129.8</ele></trkpt>
    <trkpt lat="-33.551632" lon="151.222435"><ele>130.1</ele></trkpt>
    <trkpt lat="-33.551769" lon="151.222550"><ele>130.0</ele></trkpt>
    <trkpt lat="-33.551821" lon="151.222608"><ele>129.8</ele></trkpt>
    <trkpt lat="-33.551857" lon="151.222683"><ele>129.6</ele></trkpt>
    <trkpt lat="-33.551931" lon="151.222940"><ele>128.8</ele></trkpt>
    <trkpt lat="-33.551986" lon="151.223071"><ele>128.2</ele></trkpt>
    <trkpt lat="-33.552000" lon="151.223154"><ele>127.9</ele></trkpt>
    <trkpt lat="-33.551989" lon="151.223356"><ele>127.1</ele></trkpt>
    <trkpt lat="-33.551995" lon="151.223453"><ele>126.8</ele></trkpt>
    <trkpt lat="-33.552014" lon="151.223591"><ele>126.4</ele></trkpt>
    <trkpt lat="-33.552102" lon="151.224022"><ele>125.2</ele></trkpt>
    <trkpt lat="-33.552148" lon="151.224308"><ele>125.0</ele></trkpt>
    <trkpt lat="-33.552166" lon="151.224533"><ele>124.7</ele></trkpt>
    <trkpt lat="-33.552162" lon="151.224820"><ele>123.9</ele></trkpt>
    <trkpt lat="-33.552147" lon="151.224941"><ele>123.3</ele></trkpt>
    <trkpt lat="-33.552111" lon="151.225113"><ele>122.2</ele></trkpt>
    <trkpt lat="-33.552087" lon="151.225250"><ele>121.2</ele></trkpt>
    <trkpt lat="-33.552054" lon="151.225329"><ele>120.5</ele></trkpt>
    <trkpt lat="-33.552008" lon="151.225403"><ele>119.5</ele></trkpt>
    <trkpt lat="-33.551823" lon="151.225646"><ele>115.8</ele></trkpt>
    <trkpt lat="-33.551701" lon="151.225871"><ele>112.0</ele></trkpt>
    <trkpt lat="-33.551582" lon="151.226033"><ele>108.8</ele></trkpt>
    <trkpt lat="-33.551501" lon="151.226223"><ele>105.6</ele></trkpt>
    <trkpt lat="-33.551458" lon="151.226390"><ele>103.0</ele></trkpt>
    <trkpt lat="-33.551364" lon="151.226622"><ele>99.0</ele></trkpt>
    <trkpt lat="-33.551145" lon="151.227008"><ele>91.0</ele></trkpt>
    <trkpt lat="-33.551059" lon="151.227233"><ele>86.0</ele></trkpt>
    <trkpt lat="-33.550991" lon="151.227362"><ele>82.5</ele></trkpt>
    <trkpt lat="-33.550927" lon="151.227447"><ele>79.8</ele></trkpt>
    <trkpt lat="-33.550551" lon="151.227915"><ele>64.8</ele></trkpt>
    <trkpt lat="-33.550448" lon="151.228000"><ele>61.1</ele></trkpt>
    <trkpt lat="-33.550342" lon="151.228051"><ele>57.6</ele></trkpt>
    <trkpt lat="-33.550205" lon="151.228077"><ele>53.5</ele></trkpt>
    <trkpt lat="-33.550124" lon="151.228074"><ele>51.1</ele></trkpt>
    <trkpt lat="-33.550005" lon="151.228012"><ele>47.4</ele></trkpt>
    <trkpt lat="-33.549734" lon="151.227786"><ele>38.5</ele></trkpt>
    <trkpt lat="-33.549615" lon="151.227665"><ele>33.9</ele></trkpt>
    <trkpt lat="-33.549508" lon="151.227457"><ele>28.0</ele></trkpt>
    <trkpt lat="-33.549398" lon="151.227231"><ele>22.3</ele></trkpt>
    <trkpt lat="-33.549287" lon="151.227225"><ele>19.6</ele></trkpt>
    <trkpt lat="-33.549227" lon="151.227246"><ele>18.3</ele></trkpt>
    <trkpt lat="-33.549176" lon="151.227247"><ele>17.3</ele></trkpt>
    <trkpt lat="-33.548904" lon="151.227187"><ele>12.4</ele></trkpt>
    <trkpt lat="-33.548828" lon="151.227832"><ele>7.3</ele></trkpt>
    <trkpt lat="-33.548795" lon="151.228110"><ele>7.0</ele></trkpt>
    <trkpt lat="-33.548736" lon="151.228611"><ele>7.0</ele></trkpt>
    <trkpt lat="-33.548710" lon="151.228837"><ele>7.1</ele></trkpt>
    <trkpt lat="-33.548680" lon="151.229077"><ele>6.9</ele></trkpt>
    <trkpt lat="-33.548657" lon="151.229169"><ele>6.7</ele></trkpt>
    <trkpt lat="-33.548370" lon="151.229865"><ele>3.3</ele></trkpt>
    <trkpt lat="-33.548331" lon="151.229927"><ele>3.1</ele></trkpt>
    <trkpt lat="-33.548286" lon="151.229973"><ele>2.9</ele></trkpt>
    <trkpt lat="-33.548229" lon="151.230012"><ele>2.8</ele></trkpt>
    <trkpt lat="-33.548169" lon="151.230033"><ele>2.6</ele></trkpt>
    <trkpt lat="-33.548191" lon="151.230181"><ele>2.2</ele></trkpt>
    <trkpt lat="-33.548192" lon="151.230203"><ele>2.2</ele></trkpt>
    <trkpt lat="-33.548193" lon="151.230229"><ele>2.1</ele></trkpt>
    <trkpt lat="-33.548200" lon="151.230350"><ele>1.7</ele></trkpt>
    <trkpt lat="-33.548202" lon="151.230383"><ele>1.6</ele></trkpt>
    <trkpt lat="-33.548203" lon="151.230394"><ele>1.6</ele></trkpt>
  </trkseg></trk>
  <trk><name>Main route 3/3</name><trkseg>
    <trkpt lat="-33.551312" lon="151.274676"><ele>0.0</ele></trkpt>
    <trkpt lat="-33.551241" lon="151.274663"><ele>0.1</ele></trkpt>
    <trkpt lat="-33.551214" lon="151.274688"><ele>0.1</ele></trkpt>
    <trkpt lat="-33.550528" lon="151.274558"><ele>0.7</ele></trkpt>
    <trkpt lat="-33.550525" lon="151.274570"><ele>0.7</ele></trkpt>
    <trkpt lat="-33.550401" lon="151.275116"><ele>1.2</ele></trkpt>
    <trkpt lat="-33.550448" lon="151.276006"><ele>1.7</ele></trkpt>
    <trkpt lat="-33.550552" lon="151.277153"><ele>2.7</ele></trkpt>
    <trkpt lat="-33.550741" lon="151.277417"><ele>3.0</ele></trkpt>
    <trkpt lat="-33.550787" lon="151.277492"><ele>3.0</ele></trkpt>
    <trkpt lat="-33.550852" lon="151.277884"><ele>3.0</ele></trkpt>
    <trkpt lat="-33.550920" lon="151.278147"><ele>2.9</ele></trkpt>
    <trkpt lat="-33.551362" lon="151.279058"><ele>11.9</ele></trkpt>
    <trkpt lat="-33.551369" lon="151.279135"><ele>13.1</ele></trkpt>
    <trkpt lat="-33.551411" lon="151.279187"><ele>14.6</ele></trkpt>
    <trkpt lat="-33.551490" lon="151.279325"><ele>18.2</ele></trkpt>
    <trkpt lat="-33.551574" lon="151.279343"><ele>20.4</ele></trkpt>
    <trkpt lat="-33.552553" lon="151.279428"><ele>44.8</ele></trkpt>
    <trkpt lat="-33.551771" lon="151.280525"><ele>73.4</ele></trkpt>
    <trkpt lat="-33.551684" lon="151.280915"><ele>84.1</ele></trkpt>
    <trkpt lat="-33.551786" lon="151.281202"><ele>92.4</ele></trkpt>
    <trkpt lat="-33.551598" lon="151.281248"><ele>98.5</ele></trkpt>
    <trkpt lat="-33.551558" lon="151.281976"><ele>113.4</ele></trkpt>
    <trkpt lat="-33.551688" lon="151.282161"><ele>117.1</ele></trkpt>
    <trkpt lat="-33.551534" lon="151.283189"><ele>127.7</ele></trkpt>
    <trkpt lat="-33.550539" lon="151.285344"><ele>141.5</ele></trkpt>
    <trkpt lat="-33.550743" lon="151.286528"><ele>141.4</ele></trkpt>
    <trkpt lat="-33.550749" lon="151.286542"><ele>141.4</ele></trkpt>
    <trkpt lat="-33.550852" lon="151.286744"><ele>141.2</ele></trkpt>
    <trkpt lat="-33.551052" lon="151.287397"><ele>141.0</ele></trkpt>
    <trkpt lat="-33.551138" lon="151.287620"><ele>140.7</ele></trkpt>
    <trkpt lat="-33.551267" lon="151.287800"><ele>140.3</ele></trkpt>
    <trkpt lat="-33.551388" lon="151.287920"><ele>140.0</ele></trkpt>
    <trkpt lat="-33.551674" lon="151.287912"><ele>139.2</ele></trkpt>
    <trkpt lat="-33.551825" lon="151.287972"><ele>138.4</ele></trkpt>
    <trkpt lat="-33.551982" lon="151.288092"><ele>137.2</ele></trkpt>
    <trkpt lat="-33.552125" lon="151.288281"><ele>135.6</ele></trkpt>
    <trkpt lat="-33.552275" lon="151.288427"><ele>134.1</ele></trkpt>
    <trkpt lat="-33.552326" lon="151.288573"><ele>133.1</ele></trkpt>
    <trkpt lat="-33.552258" lon="151.289159"><ele>130.7</ele></trkpt>
    <trkpt lat="-33.552283" lon="151.289325"><ele>130.9</ele></trkpt>
    <trkpt lat="-33.551998" lon="151.289405"><ele>132.5</ele></trkpt>
    <trkpt lat="-33.551941" lon="151.289414"><ele>133.0</ele></trkpt>
    <trkpt lat="-33.551870" lon="151.289459"><ele>133.6</ele></trkpt>
    <trkpt lat="-33.551843" lon="151.289440"><ele>134.0</ele></trkpt>
    <trkpt lat="-33.551773" lon="151.289389"><ele>135.3</ele></trkpt>
    <trkpt lat="-33.551606" lon="151.289415"><ele>137.8</ele></trkpt>
    <trkpt lat="-33.551490" lon="151.289504"><ele>140.2</ele></trkpt>
    <trkpt lat="-33.551422" lon="151.289518"><ele>141.4</ele></trkpt>
    <trkpt lat="-33.551372" lon="151.289226"><ele>145.7</ele></trkpt>
    <trkpt lat="-33.551308" lon="151.289175"><ele>146.9</ele></trkpt>
    <trkpt lat="-33.550348" lon="151.288532"><ele>166.2</ele></trkpt>
    <trkpt lat="-33.550285" lon="151.288347"><ele>168.0</ele></trkpt>
    <trkpt lat="-33.550247" lon="151.288305"><ele>168.5</ele></trkpt>
    <trkpt lat="-33.550198" lon="151.288209"><ele>169.2</ele></trkpt>
    <trkpt lat="-33.549950" lon="151.288041"><ele>170.1</ele></trkpt>
    <trkpt lat="-33.549693" lon="151.287811"><ele>169.2</ele></trkpt>
    <trkpt lat="-33.549398" lon="151.287651"><ele>167.3</ele></trkpt>
    <trkpt lat="-33.549268" lon="151.287673"><ele>166.5</ele></trkpt>
    <trkpt lat="-33.549258" lon="151.287668"><ele>166.5</ele></trkpt>
    <trkpt lat="-33.549158" lon="151.287624"><ele>165.9</ele></trkpt>
    <trkpt lat="-33.549113" lon="151.287603"><ele>165.7</ele></trkpt>
    <trkpt lat="-33.548730" lon="151.287291"><ele>164.0</ele></trkpt>
    <trkpt lat="-33.548697" lon="151.287265"><ele>163.9</ele></trkpt>
    <trkpt lat="-33.548167" lon="151.286879"><ele>163.0</ele></trkpt>
    <trkpt lat="-33.547581" lon="151.286492"><ele>164.1</ele></trkpt>
    <trkpt lat="-33.547101" lon="151.286244"><ele>165.7</ele></trkpt>
    <trkpt lat="-33.546629" lon="151.285917"><ele>167.6</ele></trkpt>
    <trkpt lat="-33.546336" lon="151.285480"><ele>168.9</ele></trkpt>
    <trkpt lat="-33.545966" lon="151.285145"><ele>169.9</ele></trkpt>
    <trkpt lat="-33.545449" lon="151.284664"><ele>171.7</ele></trkpt>
    <trkpt lat="-33.544905" lon="151.284304"><ele>173.9</ele></trkpt>
    <trkpt lat="-33.544533" lon="151.283935"><ele>175.1</ele></trkpt>
    <trkpt lat="-33.543732" lon="151.283540"><ele>176.7</ele></trkpt>
    <trkpt lat="-33.543503" lon="151.283179"><ele>178.0</ele></trkpt>
    <trkpt lat="-33.543174" lon="151.282793"><ele>179.4</ele></trkpt>
    <trkpt lat="-33.542688" lon="151.282441"><ele>180.5</ele></trkpt>
    <trkpt lat="-33.541768" lon="151.281821"><ele>182.7</ele></trkpt>
    <trkpt lat="-33.541437" lon="151.281808"><ele>182.9</ele></trkpt>
    <trkpt lat="-33.540315" lon="151.281646"><ele>180.5</ele></trkpt>
    <trkpt lat="-33.538581" lon="151.283108"><ele>176.3</ele></trkpt>
    <trkpt lat="-33.538461" lon="151.283034"><ele>176.7</ele></trkpt>
    <trkpt lat="-33.538386" lon="151.282952"><ele>177.1</ele></trkpt>
    <trkpt lat="-33.538003" lon="151.282148"><ele>176.0</ele></trkpt>
    <trkpt lat="-33.537835" lon="151.282003"><ele>175.0</ele></trkpt>
    <trkpt lat="-33.537776" lon="151.281975"><ele>174.6</ele></trkpt>
    <trkpt lat="-33.537589" lon="151.282102"><ele>173.7</ele></trkpt>
    <trkpt lat="-33.536858" lon="151.282322"><ele>173.6</ele></trkpt>
    <trkpt lat="-33.536420" lon="151.282467"><ele>175.0</ele></trkpt>
    <trkpt lat="-33.536221" lon="151.282513"><ele>175.2</ele></trkpt>
    <trkpt lat="-33.536090" lon="151.282446"><ele>175.1</ele></trkpt>
    <trkpt lat="-33.535863" lon="151.281601"><ele>173.4</ele></trkpt>
    <trkpt lat="-33.533435" lon="151.281639"><ele>170.5</ele></trkpt>
    <trkpt lat="-33.533218" lon="151.280314"><ele>168.6</ele></trkpt>
    <trkpt lat="-33.532914" lon="151.280265"><ele>168.5</ele></trkpt>
    <trkpt lat="-33.532590" lon="151.280118"><ele>168.8</ele></trkpt>
    <trkpt lat="-33.532493" lon="151.280278"><ele>168.9</ele></trkpt>
    <trkpt lat="-33.532463" lon="151.280530"><ele>169.2</ele></trkpt>
    <trkpt lat="-33.532395" lon="151.280897"><ele>170.3</ele></trkpt>
    <trkpt lat="-33.532432" lon="151.281220"><ele>171.6</ele></trkpt>
    <trkpt lat="-33.532429" lon="151.281324"><ele>172.0</ele></trkpt>
    <trkpt lat="-33.532398" lon="151.281396"><ele>172.3</ele></trkpt>
    <trkpt lat="-33.532364" lon="151.281424"><ele>172.5</ele></trkpt>
    <trkpt lat="-33.532325" lon="151.281439"><ele>172.7</ele></trkpt>
    <trkpt lat="-33.532273" lon="151.281416"><ele>172.9</ele></trkpt>
    <trkpt lat="-33.532224" lon="151.281380"><ele>173.2</ele></trkpt>
    <trkpt lat="-33.532147" lon="151.281265"><ele>173.7</ele></trkpt>
    <trkpt lat="-33.532050" lon="151.281092"><ele>174.4</ele></trkpt>
    <trkpt lat="-33.531962" lon="151.281015"><ele>174.8</ele></trkpt>
    <trkpt lat="-33.531868" lon="151.280967"><ele>175.1</ele></trkpt>
    <trkpt lat="-33.531758" lon="151.280951"><ele>175.3</ele></trkpt>
    <trkpt lat="-33.531659" lon="151.280962"><ele>175.6</ele></trkpt>
    <trkpt lat="-33.531543" lon="151.281028"><ele>175.9</ele></trkpt>
    <trkpt lat="-33.531445" lon="151.281141"><ele>176.2</ele></trkpt>
    <trkpt lat="-33.531170" lon="151.281464"><ele>176.1</ele></trkpt>
    <trkpt lat="-33.531067" lon="151.281538"><ele>175.9</ele></trkpt>
    <trkpt lat="-33.530705" lon="151.281585"><ele>175.0</ele></trkpt>
    <trkpt lat="-33.530450" lon="151.281662"><ele>174.3</ele></trkpt>
    <trkpt lat="-33.530284" lon="151.281848"><ele>173.6</ele></trkpt>
    <trkpt lat="-33.530142" lon="151.282073"><ele>173.1</ele></trkpt>
    <trkpt lat="-33.529893" lon="151.282291"><ele>172.8</ele></trkpt>
    <trkpt lat="-33.529688" lon="151.282559"><ele>172.7</ele></trkpt>
    <trkpt lat="-33.529525" lon="151.282646"><ele>172.4</ele></trkpt>
    <trkpt lat="-33.528927" lon="151.282799"><ele>172.3</ele></trkpt>
    <trkpt lat="-33.528568" lon="151.282964"><ele>172.5</ele></trkpt>
    <trkpt lat="-33.528246" lon="151.283048"><ele>172.7</ele></trkpt>
    <trkpt lat="-33.527908" lon="151.283108"><ele>172.6</ele></trkpt>
    <trkpt lat="-33.527581" lon="151.283077"><ele>172.0</ele></trkpt>
    <trkpt lat="-33.527462" lon="151.283097"><ele>171.7</ele></trkpt>
    <trkpt lat="-33.527255" lon="151.283232"><ele>171.0</ele></trkpt>
    <trkpt lat="-33.526344" lon="151.283510"><ele>166.7</ele></trkpt>
    <trkpt lat="-33.525985" lon="151.283730"><ele>164.0</ele></trkpt>
    <trkpt lat="-33.525782" lon="151.284158"><ele>160.7</ele></trkpt>
    <trkpt lat="-33.525445" lon="151.284286"><ele>159.1</ele></trkpt>
    <trkpt lat="-33.525240" lon="151.284435"><ele>158.1</ele></trkpt>
    <trkpt lat="-33.524996" lon="151.284644"><ele>156.5</ele></trkpt>
    <trkpt lat="-33.524784" lon="151.284754"><ele>155.0</ele></trkpt>
    <trkpt lat="-33.524529" lon="151.284765"><ele>152.8</ele></trkpt>
    <trkpt lat="-33.524112" lon="151.284868"><ele>146.9</ele></trkpt>
    <trkpt lat="-33.523857" lon="151.284973"><ele>143.5</ele></trkpt>
    <trkpt lat="-33.523755" lon="151.285026"><ele>142.2</ele></trkpt>
    <trkpt lat="-33.523716" lon="151.285101"><ele>141.5</ele></trkpt>
    <trkpt lat="-33.523714" lon="151.285220"><ele>140.5</ele></trkpt>
    <trkpt lat="-33.523728" lon="151.285375"><ele>139.2</ele></trkpt>
    <trkpt lat="-33.523697" lon="151.285662"><ele>137.0</ele></trkpt>
    <trkpt lat="-33.523650" lon="151.285931"><ele>135.0</ele></trkpt>
    <trkpt lat="-33.523301" lon="151.286345"><ele>130.8</ele></trkpt>
    <trkpt lat="-33.522957" lon="151.286775"><ele>127.6</ele></trkpt>
    <trkpt lat="-33.522535" lon="151.287105"><ele>126.0</ele></trkpt>
    <trkpt lat="-33.522302" lon="151.287251"><ele>125.5</ele></trkpt>
    <trkpt lat="-33.522045" lon="151.287331"><ele>125.1</ele></trkpt>
    <trkpt lat="-33.521531" lon="151.287465"><ele>123.7</ele></trkpt>
    <trkpt lat="-33.521103" lon="151.287431"><ele>122.9</ele></trkpt>
    <trkpt lat="-33.520675" lon="151.287410"><ele>122.2</ele></trkpt>
    <trkpt lat="-33.520285" lon="151.287349"><ele>121.5</ele></trkpt>
    <trkpt lat="-33.519804" lon="151.287042"><ele>120.5</ele></trkpt>
    <trkpt lat="-33.519528" lon="151.286706"><ele>118.9</ele></trkpt>
    <trkpt lat="-33.519140" lon="151.286408"><ele>116.7</ele></trkpt>
    <trkpt lat="-33.518971" lon="151.286272"><ele>115.7</ele></trkpt>
    <trkpt lat="-33.518128" lon="151.286081"><ele>112.3</ele></trkpt>
    <trkpt lat="-33.517666" lon="151.286141"><ele>111.5</ele></trkpt>
    <trkpt lat="-33.517466" lon="151.286114"><ele>111.8</ele></trkpt>
    <trkpt lat="-33.517361" lon="151.286135"><ele>112.0</ele></trkpt>
    <trkpt lat="-33.517253" lon="151.286247"><ele>112.4</ele></trkpt>
    <trkpt lat="-33.517086" lon="151.286587"><ele>113.6</ele></trkpt>
    <trkpt lat="-33.516770" lon="151.286737"><ele>115.0</ele></trkpt>
    <trkpt lat="-33.516670" lon="151.286919"><ele>115.7</ele></trkpt>
    <trkpt lat="-33.516612" lon="151.287094"><ele>116.1</ele></trkpt>
    <trkpt lat="-33.516527" lon="151.287208"><ele>116.4</ele></trkpt>
    <trkpt lat="-33.516353" lon="151.287316"><ele>116.7</ele></trkpt>
    <trkpt lat="-33.516224" lon="151.287535"><ele>117.3</ele></trkpt>
    <trkpt lat="-33.516174" lon="151.287723"><ele>118.0</ele></trkpt>
    <trkpt lat="-33.516172" lon="151.287917"><ele>118.6</ele></trkpt>
    <trkpt lat="-33.516221" lon="151.288056"><ele>119.0</ele></trkpt>
    <trkpt lat="-33.516338" lon="151.288232"><ele>119.4</ele></trkpt>
    <trkpt lat="-33.516317" lon="151.288360"><ele>119.5</ele></trkpt>
    <trkpt lat="-33.516264" lon="151.288421"><ele>119.6</ele></trkpt>
    <trkpt lat="-33.515837" lon="151.288501"><ele>120.1</ele></trkpt>
    <trkpt lat="-33.515707" lon="151.288444"><ele>119.8</ele></trkpt>
    <trkpt lat="-33.515615" lon="151.288285"><ele>119.6</ele></trkpt>
    <trkpt lat="-33.515125" lon="151.288081"><ele>121.4</ele></trkpt>
    <trkpt lat="-33.514883" lon="151.288103"><ele>122.6</ele></trkpt>
    <trkpt lat="-33.514793" lon="151.288011"><ele>122.9</ele></trkpt>
    <trkpt lat="-33.514509" lon="151.287395"><ele>126.4</ele></trkpt>
    <trkpt lat="-33.514083" lon="151.287892"><ele>131.1</ele></trkpt>
    <trkpt lat="-33.513623" lon="151.288122"><ele>134.1</ele></trkpt>
    <trkpt lat="-33.513230" lon="151.288792"><ele>131.0</ele></trkpt>
    <trkpt lat="-33.513088" lon="151.289385"><ele>126.6</ele></trkpt>
    <trkpt lat="-33.513120" lon="151.289745"><ele>123.9</ele></trkpt>
    <trkpt lat="-33.512969" lon="151.289811"><ele>122.5</ele></trkpt>
    <trkpt lat="-33.512425" lon="151.289347"><ele>118.2</ele></trkpt>
    <trkpt lat="-33.511524" lon="151.288769"><ele>131.3</ele></trkpt>
    <trkpt lat="-33.510317" lon="151.288952"><ele>150.6</ele></trkpt>
    <trkpt lat="-33.509771" lon="151.288721"><ele>154.7</ele></trkpt>
    <trkpt lat="-33.509585" lon="151.288992"><ele>157.5</ele></trkpt>
    <trkpt lat="-33.509538" lon="151.288976"><ele>157.9</ele></trkpt>
    <trkpt lat="-33.509523" lon="151.288845"><ele>158.7</ele></trkpt>
    <trkpt lat="-33.509473" lon="151.288701"><ele>159.6</ele></trkpt>
    <trkpt lat="-33.509369" lon="151.288626"><ele>160.3</ele></trkpt>
    <trkpt lat="-33.509247" lon="151.288550"><ele>161.0</ele></trkpt>
    <trkpt lat="-33.509192" lon="151.288469"><ele>161.5</ele></trkpt>
    <trkpt lat="-33.509126" lon="151.288446"><ele>161.9</ele></trkpt>
    <trkpt lat="-33.509038" lon="151.288391"><ele>162.6</ele></trkpt>
    <trkpt lat="-33.508810" lon="151.288170"><ele>163.5</ele></trkpt>
    <trkpt lat="-33.508767" lon="151.287851"><ele>164.0</ele></trkpt>
    <trkpt lat="-33.508674" lon="151.287667"><ele>164.3</ele></trkpt>
    <trkpt lat="-33.508689" lon="151.287518"><ele>164.5</ele></trkpt>
    <trkpt lat="-33.508647" lon="151.287501"><ele>164.6</ele></trkpt>
    <trkpt lat="-33.508575" lon="151.287300"><ele>164.6</ele></trkpt>
    <trkpt lat="-33.508504" lon="151.287216"><ele>164.4</ele></trkpt>
    <trkpt lat="-33.508528" lon="151.286985"><ele>163.9</ele></trkpt>
    <trkpt lat="-33.508520" lon="151.286891"><ele>163.6</ele></trkpt>
    <trkpt lat="-33.508457" lon="151.286779"><ele>163.1</ele></trkpt>
    <trkpt lat="-33.508445" lon="151.286671"><ele>162.7</ele></trkpt>
    <trkpt lat="-33.508418" lon="151.286661"><ele>162.6</ele></trkpt>
    <trkpt lat="-33.508379" lon="151.286691"><ele>162.3</ele></trkpt>
    <trkpt lat="-33.508372" lon="151.286663"><ele>162.2</ele></trkpt>
    <trkpt lat="-33.508377" lon="151.286627"><ele>162.0</ele></trkpt>
    <trkpt lat="-33.508360" lon="151.286578"><ele>161.7</ele></trkpt>
    <trkpt lat="-33.508379" lon="151.286365"><ele>160.8</ele></trkpt>
    <trkpt lat="-33.508433" lon="151.286022"><ele>160.0</ele></trkpt>
    <trkpt lat="-33.508383" lon="151.285827"><ele>160.0</ele></trkpt>
    <trkpt lat="-33.508442" lon="151.285331"><ele>160.8</ele></trkpt>
    <trkpt lat="-33.508432" lon="151.285173"><ele>161.3</ele></trkpt>
    <trkpt lat="-33.508440" lon="151.284855"><ele>162.6</ele></trkpt>
    <trkpt lat="-33.508423" lon="151.284609"><ele>163.5</ele></trkpt>
    <trkpt lat="-33.508477" lon="151.284381"><ele>164.0</ele></trkpt>
    <trkpt lat="-33.508472" lon="151.284327"><ele>164.1</ele></trkpt>
    <trkpt lat="-33.508517" lon="151.284214"><ele>164.3</ele></trkpt>
    <trkpt lat="-33.508622" lon="151.284097"><ele>164.5</ele></trkpt>
    <trkpt lat="-33.508633" lon="151.283991"><ele>164.6</ele></trkpt>
    <trkpt lat="-33.508688" lon="151.283789"><ele>164.6</ele></trkpt>
    <trkpt lat="-33.508665" lon="151.283701"><ele>164.6</ele></trkpt>
    <trkpt lat="-33.508693" lon="151.283600"><ele>164.5</ele></trkpt>
    <trkpt lat="-33.508628" lon="151.283379"><ele>164.1</ele></trkpt>
    <trkpt lat="-33.508599" lon="151.283280"><ele>163.8</ele></trkpt>
    <trkpt lat="-33.508575" lon="151.283197"><ele>163.4</ele></trkpt>
    <trkpt lat="-33.508508" lon="151.283122"><ele>163.0</ele></trkpt>
    <trkpt lat="-33.508418" lon="151.283104"><ele>162.6</ele></trkpt>
    <trkpt lat="-33.508352" lon="151.283156"><ele>162.2</ele></trkpt>
    <trkpt lat="-33.508231" lon="151.283154"><ele>161.6</ele></trkpt>
    <trkpt lat="-33.508095" lon="151.283055"><ele>160.7</ele></trkpt>
    <trkpt lat="-33.507957" lon="151.282848"><ele>159.5</ele></trkpt>
    <trkpt lat="-33.507860" lon="151.282596"><ele>158.6</ele></trkpt>
    <trkpt lat="-33.507831" lon="151.282446"><ele>158.3</ele></trkpt>
    <trkpt lat="-33.507814" lon="151.282335"><ele>158.0</ele></trkpt>
    <trkpt lat="-33.507698" lon="151.282242"><ele>158.3</ele></trkpt>
    <trkpt lat="-33.507616" lon="151.282116"><ele>158.5</ele></trkpt>
    <trkpt lat="-33.507599" lon="151.282008"><ele>159.1</ele></trkpt>
    <trkpt lat="-33.507549" lon="151.281910"><ele>159.7</ele></trkpt>
    <trkpt lat="-33.507326" lon="151.281693"><ele>162.6</ele></trkpt>
    <trkpt lat="-33.507280" lon="151.281578"><ele>163.7</ele></trkpt>
    <trkpt lat="-33.507231" lon="151.281510"><ele>164.6</ele></trkpt>
    <trkpt lat="-33.507172" lon="151.281544"><ele>165.4</ele></trkpt>
    <trkpt lat="-33.507132" lon="151.281534"><ele>165.8</ele></trkpt>
    <trkpt lat="-33.507147" lon="151.281458"><ele>166.6</ele></trkpt>
    <trkpt lat="-33.507107" lon="151.281394"><ele>167.3</ele></trkpt>
    <trkpt lat="-33.507083" lon="151.281323"><ele>168.0</ele></trkpt>
    <trkpt lat="-33.507007" lon="151.281309"><ele>168.9</ele></trkpt>
    <trkpt lat="-33.506934" lon="151.281325"><ele>169.7</ele></trkpt>
    <trkpt lat="-33.506867" lon="151.281356"><ele>170.4</ele></trkpt>
    <trkpt lat="-33.506729" lon="151.281423"><ele>171.9</ele></trkpt>
    <trkpt lat="-33.506471" lon="151.281478"><ele>173.8</ele></trkpt>
    <trkpt lat="-33.506250" lon="151.281668"><ele>175.3</ele></trkpt>
    <trkpt lat="-33.506076" lon="151.281781"><ele>176.1</ele></trkpt>
    <trkpt lat="-33.505986" lon="151.281840"><ele>176.5</ele></trkpt>
    <trkpt lat="-33.505828" lon="151.281837"><ele>176.6</ele></trkpt>
    <trkpt lat="-33.505572" lon="151.281909"><ele>176.3</ele></trkpt>
    <trkpt lat="-33.505458" lon="151.281866"><ele>176.1</ele></trkpt>
    <trkpt lat="-33.505338" lon="151.281896"><ele>175.6</ele></trkpt>
    <trkpt lat="-33.505183" lon="151.281959"><ele>174.7</ele></trkpt>
    <trkpt lat="-33.505103" lon="151.281892"><ele>174.0</ele></trkpt>
    <trkpt lat="-33.505064" lon="151.281812"><ele>173.5</ele></trkpt>
    <trkpt lat="-33.505064" lon="151.281737"><ele>173.0</ele></trkpt>
    <trkpt lat="-33.505013" lon="151.281676"><ele>172.4</ele></trkpt>
    <trkpt lat="-33.504887" lon="151.281448"><ele>170.4</ele></trkpt>
    <trkpt lat="-33.504876" lon="151.281395"><ele>170.1</ele></trkpt>
    <trkpt lat="-33.504745" lon="151.281257"><ele>168.9</ele></trkpt>
    <trkpt lat="-33.504659" lon="151.281172"><ele>168.4</ele></trkpt>
    <trkpt lat="-33.504342" lon="151.281090"><ele>167.2</ele></trkpt>
    <trkpt lat="-33.504260" lon="151.281015"><ele>167.0</ele></trkpt>
    <trkpt lat="-33.504215" lon="151.280943"><ele>166.9</ele></trkpt>
    <trkpt lat="-33.504174" lon="151.280715"><ele>166.7</ele></trkpt>
    <trkpt lat="-33.504137" lon="151.280620"><ele>166.8</ele></trkpt>
    <trkpt lat="-33.504014" lon="151.280327"><ele>167.6</ele></trkpt>
    <trkpt lat="-33.503922" lon="151.280209"><ele>168.2</ele></trkpt>
    <trkpt lat="-33.503876" lon="151.280177"><ele>168.5</ele></trkpt>
    <trkpt lat="-33.503833" lon="151.280164"><ele>168.7</ele></trkpt>
    <trkpt lat="-33.503786" lon="151.280126"><ele>168.8</ele></trkpt>
    <trkpt lat="-33.503781" lon="151.280063"><ele>169.0</ele></trkpt>
    <trkpt lat="-33.503820" lon="151.280025"><ele>169.2</ele></trkpt>
    <trkpt lat="-33.503814" lon="151.279970"><ele>169.3</ele></trkpt>
    <trkpt lat="-33.503870" lon="151.279855"><ele>169.8</ele></trkpt>
    <trkpt lat="-33.503810" lon="151.279822"><ele>170.2</ele></trkpt>
    <trkpt lat="-33.503785" lon="151.279779"><ele>170.4</ele></trkpt>
    <trkpt lat="-33.503747" lon="151.279771"><ele>170.6</ele></trkpt>
    <trkpt lat="-33.503602" lon="151.279686"><ele>171.5</ele></trkpt>
    <trkpt lat="-33.503452" lon="151.279609"><ele>172.6</ele></trkpt>
    <trkpt lat="-33.503447" lon="151.279554"><ele>172.7</ele></trkpt>
    <trkpt lat="-33.503355" lon="151.279304"><ele>173.6</ele></trkpt>
    <trkpt lat="-33.503373" lon="151.279180"><ele>173.6</ele></trkpt>
    <trkpt lat="-33.503329" lon="151.279128"><ele>173.7</ele></trkpt>
    <trkpt lat="-33.503188" lon="151.279089"><ele>173.6</ele></trkpt>
    <trkpt lat="-33.503100" lon="151.279028"><ele>173.5</ele></trkpt>
    <trkpt lat="-33.502997" lon="151.279030"><ele>173.3</ele></trkpt>
    <trkpt lat="-33.502817" lon="151.278863"><ele>171.8</ele></trkpt>
    <trkpt lat="-33.502770" lon="151.278876"><ele>171.5</ele></trkpt>
    <trkpt lat="-33.502676" lon="151.278851"><ele>170.5</ele></trkpt>
    <trkpt lat="-33.502583" lon="151.278738"><ele>169.0</ele></trkpt>
    <trkpt lat="-33.502382" lon="151.278640"><ele>166.5</ele></trkpt>
    <trkpt lat="-33.502346" lon="151.278551"><ele>165.6</ele></trkpt>
    <trkpt lat="-33.502350" lon="151.278402"><ele>164.1</ele></trkpt>
    <trkpt lat="-33.502315" lon="151.278241"><ele>162.3</ele></trkpt>
    <trkpt lat="-33.502353" lon="151.278022"><ele>160.2</ele></trkpt>
    <trkpt lat="-33.502282" lon="151.277797"><ele>158.3</ele></trkpt>
    <trkpt lat="-33.502222" lon="151.277540"><ele>156.7</ele></trkpt>
    <trkpt lat="-33.502233" lon="151.277455"><ele>156.2</ele></trkpt>
    <trkpt lat="-33.502167" lon="151.277297"><ele>155.3</ele></trkpt>
    <trkpt lat="-33.502108" lon="151.277213"><ele>154.8</ele></trkpt>
    <trkpt lat="-33.502100" lon="151.277176"><ele>154.7</ele></trkpt>
    <trkpt lat="-33.502100" lon="151.277092"><ele>154.3</ele></trkpt>
    <trkpt lat="-33.502049" lon="151.276937"><ele>153.8</ele></trkpt>
    <trkpt lat="-33.501918" lon="151.276786"><ele>153.7</ele></trkpt>
    <trkpt lat="-33.501894" lon="151.276736"><ele>153.7</ele></trkpt>
    <trkpt lat="-33.501883" lon="151.276673"><ele>153.8</ele></trkpt>
    <trkpt lat="-33.501852" lon="151.276450"><ele>154.1</ele></trkpt>
    <trkpt lat="-33.501176" lon="151.276555"><ele>157.4</ele></trkpt>
    <trkpt lat="-33.500893" lon="151.276679"><ele>158.9</ele></trkpt>
    <trkpt lat="-33.500531" lon="151.276846"><ele>160.3</ele></trkpt>
    <trkpt lat="-33.500194" lon="151.277040"><ele>161.7</ele></trkpt>
    <trkpt lat="-33.499999" lon="151.277262"><ele>162.6</ele></trkpt>
    <trkpt lat="-33.499775" lon="151.277544"><ele>163.4</ele></trkpt>
    <trkpt lat="-33.499524" lon="151.277818"><ele>164.2</ele></trkpt>
    <trkpt lat="-33.499440" lon="151.278049"><ele>164.5</ele></trkpt>
    <trkpt lat="-33.499379" lon="151.278280"><ele>164.8</ele></trkpt>
    <trkpt lat="-33.499364" lon="151.278484"><ele>164.9</ele></trkpt>
    <trkpt lat="-33.499386" lon="151.278904"><ele>165.6</ele></trkpt>
    <trkpt lat="-33.499393" lon="151.279036"><ele>165.9</ele></trkpt>
    <trkpt lat="-33.499377" lon="151.279169"><ele>166.1</ele></trkpt>
    <trkpt lat="-33.499289" lon="151.279330"><ele>166.4</ele></trkpt>
    <trkpt lat="-33.499064" lon="151.279617"><ele>166.4</ele></trkpt>
    <trkpt lat="-33.498832" lon="151.279978"><ele>165.7</ele></trkpt>
    <trkpt lat="-33.498715" lon="151.280164"><ele>165.4</ele></trkpt>
    <trkpt lat="-33.498609" lon="151.280364"><ele>165.1</ele></trkpt>
    <trkpt lat="-33.498536" lon="151.280532"><ele>164.9</ele></trkpt>
    <trkpt lat="-33.498497" lon="151.280696"><ele>164.8</ele></trkpt>
    <trkpt lat="-33.498487" lon="151.280785"><ele>164.9</ele></trkpt>
    <trkpt lat="-33.498478" lon="151.280898"><ele>165.2</ele></trkpt>
    <trkpt lat="-33.498186" lon="151.280929"><ele>166.4</ele></trkpt>
    <trkpt lat="-33.497987" lon="151.280922"><ele>167.5</ele></trkpt>
    <trkpt lat="-33.497745" lon="151.280882"><ele>169.1</ele></trkpt>
    <trkpt lat="-33.497670" lon="151.280842"><ele>169.8</ele></trkpt>
    <trkpt lat="-33.497596" lon="151.280728"><ele>170.7</ele></trkpt>
    <trkpt lat="-33.497568" lon="151.280640"><ele>171.4</ele></trkpt>
    <trkpt lat="-33.497531" lon="151.280441"><ele>172.8</ele></trkpt>
    <trkpt lat="-33.497526" lon="151.280308"><ele>173.8</ele></trkpt>
    <trkpt lat="-33.497549" lon="151.280146"><ele>174.9</ele></trkpt>
    <trkpt lat="-33.497633" lon="151.279987"><ele>176.0</ele></trkpt>
    <trkpt lat="-33.497713" lon="151.279818"><ele>177.1</ele></trkpt>
    <trkpt lat="-33.497723" lon="151.279706"><ele>177.6</ele></trkpt>
    <trkpt lat="-33.497696" lon="151.279579"><ele>178.1</ele></trkpt>
    <trkpt lat="-33.497626" lon="151.279440"><ele>178.7</ele></trkpt>
    <trkpt lat="-33.497591" lon="151.279296"><ele>179.1</ele></trkpt>
    <trkpt lat="-33.497590" lon="151.279091"><ele>179.6</ele></trkpt>
    <trkpt lat="-33.497579" lon="151.278817"><ele>180.2</ele></trkpt>
    <trkpt lat="-33.497526" lon="151.278697"><ele>180.6</ele></trkpt>
    <trkpt lat="-33.497460" lon="151.278558"><ele>181.0</ele></trkpt>
    <trkpt lat="-33.496675" lon="151.277418"><ele>188.4</ele></trkpt>
    <trkpt lat="-33.496621" lon="151.277312"><ele>189.1</ele></trkpt>
    <trkpt lat="-33.496595" lon="151.277152"><ele>190.2</ele></trkpt>
    <trkpt lat="-33.496580" lon="151.276974"><ele>191.2</ele></trkpt>
    <trkpt lat="-33.496575" lon="151.276856"><ele>191.8</ele></trkpt>
    <trkpt lat="-33.496545" lon="151.276735"><ele>192.5</ele></trkpt>
    <trkpt lat="-33.496465" lon="151.276533"><ele>193.6</ele></trkpt>
    <trkpt lat="-33.496435" lon="151.276345"><ele>194.6</ele></trkpt>
    <trkpt lat="-33.496288" lon="151.275770"><ele>198.2</ele></trkpt>
    <trkpt lat="-33.496296" lon="151.275625"><ele>199.2</ele></trkpt>
    <trkpt lat="-33.496320" lon="151.275504"><ele>200.1</ele></trkpt>
    <trkpt lat="-33.496332" lon="151.275312"><ele>201.8</ele></trkpt>
    <trkpt lat="-33.496313" lon="151.275217"><ele>202.7</ele></trkpt>
    <trkpt lat="-33.496255" lon="151.275166"><ele>203.5</ele></trkpt>
    <trkpt lat="-33.496179" lon="151.275119"><ele>204.5</ele></trkpt>
    <trkpt lat="-33.496075" lon="151.275009"><ele>206.1</ele></trkpt>
    <trkpt lat="-33.496010" lon="151.274851"><ele>207.8</ele></trkpt>
    <trkpt lat="-33.496007" lon="151.274725"><ele>209.0</ele></trkpt>
    <trkpt lat="-33.496021" lon="151.274611"><ele>210.2</ele></trkpt>
    <trkpt lat="-33.496066" lon="151.274464"><ele>211.7</ele></trkpt>
    <trkpt lat="-33.495795" lon="151.274359"><ele>214.5</ele></trkpt>
    <trkpt lat="-33.495744" lon="151.274323"><ele>215.0</ele></trkpt>
    <trkpt lat="-33.495707" lon="151.274266"><ele>215.4</ele></trkpt>
    <trkpt lat="-33.495643" lon="151.274134"><ele>216.3</ele></trkpt>
    <trkpt lat="-33.495559" lon="151.274010"><ele>217.0</ele></trkpt>
    <trkpt lat="-33.495492" lon="151.273964"><ele>217.4</ele></trkpt>
    <trkpt lat="-33.495413" lon="151.273924"><ele>217.7</ele></trkpt>
    <trkpt lat="-33.495346" lon="151.273875"><ele>218.0</ele></trkpt>
    <trkpt lat="-33.495182" lon="151.273789"><ele>218.4</ele></trkpt>
    <trkpt lat="-33.495048" lon="151.273741"><ele>218.6</ele></trkpt>
    <trkpt lat="-33.494920" lon="151.273751"><ele>218.5</ele></trkpt>
    <trkpt lat="-33.494742" lon="151.273789"><ele>218.3</ele></trkpt>
    <trkpt lat="-33.494598" lon="151.273919"><ele>218.0</ele></trkpt>
    <trkpt lat="-33.494146" lon="151.274102"><ele>216.6</ele></trkpt>
    <trkpt lat="-33.493883" lon="151.274108"><ele>216.0</ele></trkpt>
    <trkpt lat="-33.493617" lon="151.274239"><ele>214.7</ele></trkpt>
    <trkpt lat="-33.493425" lon="151.274402"><ele>213.5</ele></trkpt>
    <trkpt lat="-33.493307" lon="151.274483"><ele>212.8</ele></trkpt>
    <trkpt lat="-33.493206" lon="151.274473"><ele>212.1</ele></trkpt>
    <trkpt lat="-33.493118" lon="151.274612"><ele>210.9</ele></trkpt>
    <trkpt lat="-33.493065" lon="151.274760"><ele>209.1</ele></trkpt>
    <trkpt lat="-33.493047" lon="151.274932"><ele>207.1</ele></trkpt>
    <trkpt lat="-33.493038" lon="151.275023"><ele>205.8</ele></trkpt>
    <trkpt lat="-33.492985" lon="151.275073"><ele>204.7</ele></trkpt>
    <trkpt lat="-33.492893" lon="151.275133"><ele>202.9</ele></trkpt>
    <trkpt lat="-33.492819" lon="151.275211"><ele>201.0</ele></trkpt>
    <trkpt lat="-33.492719" lon="151.275290"><ele>198.7</ele></trkpt>
    <trkpt lat="-33.492658" lon="151.275421"><ele>196.1</ele></trkpt>
    <trkpt lat="-33.492588" lon="151.275624"><ele>192.1</ele></trkpt>
    <trkpt lat="-33.492454" lon="151.275902"><ele>186.0</ele></trkpt>
    <trkpt lat="-33.492400" lon="151.275896"><ele>184.9</ele></trkpt>
    <trkpt lat="-33.492306" lon="151.275754"><ele>181.7</ele></trkpt>
    <trkpt lat="-33.492205" lon="151.275592"><ele>178.1</ele></trkpt>
    <trkpt lat="-33.492077" lon="151.275554"><ele>175.2</ele></trkpt>
    <trkpt lat="-33.492000" lon="151.275403"><ele>172.4</ele></trkpt>
    <trkpt lat="-33.491621" lon="151.274963"><ele>162.9</ele></trkpt>
    <trkpt lat="-33.491414" lon="151.274722"><ele>158.1</ele></trkpt>
    <trkpt lat="-33.491315" lon="151.274681"><ele>156.4</ele></trkpt>
    <trkpt lat="-33.491196" lon="151.274676"><ele>154.6</ele></trkpt>
    <trkpt lat="-33.491001" lon="151.274797"><ele>151.6</ele></trkpt>
    <trkpt lat="-33.490825" lon="151.274834"><ele>149.1</ele></trkpt>
    <trkpt lat="-33.490637" lon="151.274936"><ele>146.2</ele></trkpt>
    <trkpt lat="-33.490541" lon="151.275012"><ele>144.6</ele></trkpt>
    <trkpt lat="-33.490463" lon="151.275125"><ele>143.1</ele></trkpt>
    <trkpt lat="-33.490372" lon="151.275385"><ele>140.3</ele></trkpt>
    <trkpt lat="-33.490374" lon="151.275545"><ele>138.8</ele></trkpt>
    <trkpt lat="-33.490355" lon="151.275602"><ele>138.2</ele></trkpt>
    <trkpt lat="-33.490272" lon="151.275608"><ele>137.3</ele></trkpt>
    <trkpt lat="-33.490187" lon="151.275628"><ele>136.4</ele></trkpt>
    <trkpt lat="-33.490111" lon="151.275764"><ele>135.0</ele></trkpt>
    <trkpt lat="-33.490016" lon="151.275801"><ele>134.0</ele></trkpt>
    <trkpt lat="-33.489906" lon="151.275798"><ele>133.0</ele></trkpt>
    <trkpt lat="-33.489685" lon="151.275764"><ele>131.4</ele></trkpt>
    <trkpt lat="-33.488784" lon="151.275945"><ele>128.1</ele></trkpt>
    <trkpt lat="-33.488778" lon="151.275993"><ele>128.0</ele></trkpt>
    <trkpt lat="-33.488789" lon="151.276078"><ele>127.9</ele></trkpt>
    <trkpt lat="-33.488827" lon="151.276183"><ele>127.6</ele></trkpt>
    <trkpt lat="-33.488866" lon="151.276243"><ele>127.4</ele></trkpt>
    <trkpt lat="-33.488958" lon="151.276352"><ele>126.7</ele></trkpt>
    <trkpt lat="-33.489013" lon="151.276392"><ele>126.4</ele></trkpt>
    <trkpt lat="-33.489056" lon="151.276443"><ele>126.0</ele></trkpt>
    <trkpt lat="-33.489072" lon="151.276514"><ele>125.6</ele></trkpt>
    <trkpt lat="-33.489076" lon="151.276589"><ele>125.2</ele></trkpt>
    <trkpt lat="-33.489055" lon="151.276677"><ele>124.7</ele></trkpt>
    <trkpt lat="-33.489034" lon="151.276742"><ele>124.3</ele></trkpt>
    <trkpt lat="-33.488984" lon="151.276822"><ele>123.6</ele></trkpt>
    <trkpt lat="-33.488909" lon="151.276940"><ele>122.7</ele></trkpt>
    <trkpt lat="-33.488821" lon="151.277181"><ele>121.0</ele></trkpt>
    <trkpt lat="-33.488827" lon="151.277380"><ele>119.9</ele></trkpt>
    <trkpt lat="-33.488862" lon="151.277571"><ele>119.1</ele></trkpt>
    <trkpt lat="-33.488976" lon="151.278013"><ele>118.4</ele></trkpt>
    <trkpt lat="-33.488838" lon="151.278084"><ele>118.4</ele></trkpt>
    <trkpt lat="-33.488783" lon="151.278156"><ele>118.4</ele></trkpt>
    <trkpt lat="-33.488699" lon="151.278192"><ele>118.5</ele></trkpt>
    <trkpt lat="-33.488602" lon="151.278281"><ele>118.5</ele></trkpt>
    <trkpt lat="-33.488525" lon="151.278382"><ele>118.5</ele></trkpt>
    <trkpt lat="-33.488459" lon="151.278528"><ele>118.6</ele></trkpt>
    <trkpt lat="-33.488417" lon="151.278576"><ele>118.6</ele></trkpt>
    <trkpt lat="-33.488365" lon="151.278589"><ele>118.6</ele></trkpt>
    <trkpt lat="-33.488274" lon="151.278618"><ele>118.7</ele></trkpt>
    <trkpt lat="-33.488084" lon="151.278747"><ele>118.9</ele></trkpt>
    <trkpt lat="-33.487407" lon="151.279303"><ele>120.9</ele></trkpt>
    <trkpt lat="-33.487356" lon="151.279321"><ele>121.2</ele></trkpt>
    <trkpt lat="-33.487318" lon="151.279333"><ele>121.4</ele></trkpt>
    <trkpt lat="-33.487237" lon="151.279456"><ele>122.3</ele></trkpt>
    <trkpt lat="-33.487176" lon="151.279543"><ele>123.1</ele></trkpt>
    <trkpt lat="-33.486848" lon="151.279682"><ele>126.4</ele></trkpt>
    <trkpt lat="-33.486682" lon="151.279958"><ele>129.1</ele></trkpt>
    <trkpt lat="-33.486192" lon="151.280010"><ele>132.2</ele></trkpt>
    <trkpt lat="-33.486035" lon="151.279950"><ele>132.5</ele></trkpt>
    <trkpt lat="-33.485722" lon="151.279830"><ele>132.3</ele></trkpt>
    <trkpt lat="-33.485502" lon="151.279606"><ele>132.1</ele></trkpt>
    <trkpt lat="-33.485125" lon="151.279314"><ele>132.7</ele></trkpt>
    <trkpt lat="-33.484589" lon="151.278986"><ele>136.3</ele></trkpt>
    <trkpt lat="-33.484268" lon="151.278521"><ele>140.2</ele></trkpt>
    <trkpt lat="-33.484355" lon="151.277934"><ele>143.7</ele></trkpt>
    <trkpt lat="-33.484476" lon="151.277577"><ele>144.9</ele></trkpt>
    <trkpt lat="-33.484535" lon="151.277437"><ele>145.3</ele></trkpt>
    <trkpt lat="-33.484516" lon="151.277178"><ele>145.6</ele></trkpt>
    <trkpt lat="-33.484561" lon="151.277057"><ele>145.6</ele></trkpt>
    <trkpt lat="-33.484499" lon="151.276666"><ele>145.6</ele></trkpt>
    <trkpt lat="-33.484573" lon="151.276155"><ele>145.8</ele></trkpt>
    <trkpt lat="-33.484245" lon="151.275614"><ele>145.7</ele></trkpt>
    <trkpt lat="-33.483916" lon="151.275319"><ele>144.4</ele></trkpt>
    <trkpt lat="-33.483711" lon="151.274958"><ele>142.2</ele></trkpt>
    <trkpt lat="-33.483725" lon="151.274729"><ele>140.8</ele></trkpt>
    <trkpt lat="-33.483520" lon="151.274582"><ele>138.8</ele></trkpt>
    <trkpt lat="-33.483506" lon="151.274385"><ele>137.4</ele></trkpt>
    <trkpt lat="-33.483540" lon="151.274147"><ele>135.6</ele></trkpt>
    <trkpt lat="-33.483328" lon="151.273647"><ele>131.8</ele></trkpt>
    <trkpt lat="-33.483171" lon="151.273606"><ele>130.8</ele></trkpt>
    <trkpt lat="-33.482652" lon="151.273582"><ele>128.1</ele></trkpt>
    <trkpt lat="-33.482551" lon="151.273571"><ele>127.8</ele></trkpt>
    <trkpt lat="-33.482125" lon="151.273524"><ele>127.2</ele></trkpt>
    <trkpt lat="-33.481783" lon="151.273344"><ele>127.4</ele></trkpt>
    <trkpt lat="-33.481476" lon="151.272926"><ele>127.4</ele></trkpt>
    <trkpt lat="-33.481271" lon="151.272721"><ele>127.4</ele></trkpt>
    <trkpt lat="-33.481161" lon="151.272483"><ele>127.6</ele></trkpt>
    <trkpt lat="-33.480977" lon="151.271918"><ele>128.9</ele></trkpt>
    <trkpt lat="-33.480731" lon="151.271688"><ele>130.2</ele></trkpt>
    <trkpt lat="-33.480655" lon="151.271434"><ele>131.1</ele></trkpt>
    <trkpt lat="-33.480567" lon="151.270967"><ele>131.3</ele></trkpt>
    <trkpt lat="-33.480690" lon="151.270598"><ele>130.7</ele></trkpt>
    <trkpt lat="-33.480956" lon="151.270336"><ele>130.0</ele></trkpt>
    <trkpt lat="-33.481038" lon="151.270057"><ele>129.8</ele></trkpt>
    <trkpt lat="-33.480970" lon="151.269705"><ele>130.3</ele></trkpt>
    <trkpt lat="-33.480813" lon="151.269606"><ele>130.7</ele></trkpt>
    <trkpt lat="-33.480423" lon="151.269500"><ele>130.8</ele></trkpt>
    <trkpt lat="-33.480293" lon="151.269434"><ele>130.7</ele></trkpt>
    <trkpt lat="-33.479897" lon="151.269254"><ele>130.1</ele></trkpt>
    <trkpt lat="-33.479425" lon="151.269180"><ele>128.8</ele></trkpt>
    <trkpt lat="-33.479193" lon="151.269352"><ele>128.2</ele></trkpt>
    <trkpt lat="-33.478878" lon="151.269295"><ele>128.2</ele></trkpt>
    <trkpt lat="-33.478570" lon="151.269246"><ele>128.7</ele></trkpt>
    <trkpt lat="-33.478434" lon="151.269295"><ele>128.9</ele></trkpt>
    <trkpt lat="-33.478277" lon="151.269573"><ele>129.5</ele></trkpt>
    <trkpt lat="-33.478239" lon="151.269810"><ele>130.2</ele></trkpt>
    <trkpt lat="-33.477804" lon="151.270309"><ele>131.2</ele></trkpt>
    <trkpt lat="-33.477799" lon="151.270471"><ele>131.1</ele></trkpt>
    <trkpt lat="-33.477591" lon="151.270714"><ele>130.9</ele></trkpt>
    <trkpt lat="-33.477325" lon="151.270956"><ele>130.8</ele></trkpt>
    <trkpt lat="-33.477151" lon="151.271227"><ele>131.3</ele></trkpt>
    <trkpt lat="-33.476791" lon="151.271650"><ele>132.4</ele></trkpt>
    <trkpt lat="-33.476746" lon="151.271753"><ele>132.4</ele></trkpt>
    <trkpt lat="-33.476187" lon="151.272088"><ele>130.1</ele></trkpt>
    <trkpt lat="-33.476103" lon="151.272110"><ele>129.3</ele></trkpt>
    <trkpt lat="-33.476078" lon="151.272042"><ele>128.8</ele></trkpt>
    <trkpt lat="-33.476017" lon="151.271946"><ele>127.7</ele></trkpt>
    <trkpt lat="-33.475528" lon="151.271461"><ele>120.1</ele></trkpt>
    <trkpt lat="-33.475455" lon="151.271306"><ele>118.4</ele></trkpt>
    <trkpt lat="-33.475238" lon="151.271431"><ele>115.0</ele></trkpt>
    <trkpt lat="-33.475208" lon="151.271392"><ele>114.3</ele></trkpt>
    <trkpt lat="-33.475261" lon="151.271232"><ele>112.3</ele></trkpt>
    <trkpt lat="-33.475400" lon="151.271021"><ele>109.1</ele></trkpt>
    <trkpt lat="-33.475335" lon="151.270846"><ele>106.8</ele></trkpt>
    <trkpt lat="-33.474854" lon="151.271159"><ele>96.5</ele></trkpt>
    <trkpt lat="-33.474780" lon="151.271173"><ele>94.7</ele></trkpt>
    <trkpt lat="-33.474743" lon="151.271026"><ele>91.6</ele></trkpt>
    <trkpt lat="-33.474552" lon="151.271120"><ele>86.6</ele></trkpt>
    <trkpt lat="-33.474453" lon="151.271125"><ele>84.1</ele></trkpt>
    <trkpt lat="-33.474363" lon="151.270949"><ele>80.5</ele></trkpt>
    <trkpt lat="-33.474227" lon="151.270879"><ele>77.7</ele></trkpt>
    <trkpt lat="-33.474292" lon="151.270512"><ele>73.2</ele></trkpt>
    <trkpt lat="-33.474765" lon="151.270206"><ele>68.5</ele></trkpt>
    <trkpt lat="-33.475141" lon="151.269600"><ele>58.4</ele></trkpt>
    <trkpt lat="-33.475113" lon="151.269487"><ele>56.2</ele></trkpt>
    <trkpt lat="-33.474803" lon="151.269507"><ele>50.1</ele></trkpt>
    <trkpt lat="-33.474748" lon="151.269507"><ele>49.3</ele></trkpt>
    <trkpt lat="-33.474700" lon="151.269450"><ele>48.3</ele></trkpt>
    <trkpt lat="-33.474676" lon="151.269361"><ele>47.2</ele></trkpt>
    <trkpt lat="-33.474668" lon="151.269305"><ele>46.7</ele></trkpt>
    <trkpt lat="-33.474648" lon="151.269157"><ele>46.1</ele></trkpt>
    <trkpt lat="-33.474750" lon="151.268996"><ele>45.9</ele></trkpt>
    <trkpt lat="-33.474827" lon="151.268663"><ele>48.3</ele></trkpt>
    <trkpt lat="-33.474803" lon="151.268082"><ele>55.0</ele></trkpt>
    <trkpt lat="-33.474880" lon="151.267625"><ele>57.0</ele></trkpt>
    <trkpt lat="-33.475238" lon="151.266822"><ele>50.7</ele></trkpt>
    <trkpt lat="-33.475237" lon="151.266380"><ele>46.3</ele></trkpt>
    <trkpt lat="-33.474941" lon="151.265759"><ele>46.5</ele></trkpt>
    <trkpt lat="-33.474962" lon="151.265690"><ele>47.3</ele></trkpt>
    <trkpt lat="-33.474995" lon="151.265620"><ele>48.5</ele></trkpt>
    <trkpt lat="-33.475108" lon="151.264979"><ele>61.2</ele></trkpt>
    <trkpt lat="-33.475238" lon="151.264444"><ele>74.4</ele></trkpt>
    <trkpt lat="-33.475426" lon="151.264175"><ele>81.2</ele></trkpt>
    <trkpt lat="-33.475408" lon="151.263489"><ele>92.4</ele></trkpt>
    <trkpt lat="-33.475594" lon="151.263553"><ele>96.2</ele></trkpt>
    <trkpt lat="-33.475627" lon="151.263464"><ele>97.8</ele></trkpt>
    <trkpt lat="-33.475558" lon="151.262329"><ele>114.2</ele></trkpt>
    <trkpt lat="-33.476045" lon="151.261661"><ele>121.2</ele></trkpt>
    <trkpt lat="-33.476031" lon="151.260457"><ele>123.3</ele></trkpt>
    <trkpt lat="-33.476268" lon="151.260137"><ele>123.9</ele></trkpt>
    <trkpt lat="-33.476087" lon="151.259149"><ele>124.6</ele></trkpt>
    <trkpt lat="-33.476477" lon="151.258982"><ele>124.7</ele></trkpt>
    <trkpt lat="-33.476504" lon="151.258356"><ele>125.6</ele></trkpt>
    <trkpt lat="-33.476866" lon="151.257549"><ele>125.4</ele></trkpt>
    <trkpt lat="-33.476393" lon="151.256755"><ele>129.1</ele></trkpt>
    <trkpt lat="-33.476532" lon="151.256727"><ele>130.7</ele></trkpt>
    <trkpt lat="-33.476546" lon="151.256449"><ele>133.1</ele></trkpt>
    <trkpt lat="-33.476477" lon="151.256185"><ele>135.3</ele></trkpt>
    <trkpt lat="-33.476484" lon="151.256142"><ele>135.7</ele></trkpt>
    <trkpt lat="-33.476400" lon="151.256113"><ele>136.5</ele></trkpt>
    <trkpt lat="-33.476304" lon="151.256107"><ele>137.4</ele></trkpt>
    <trkpt lat="-33.476244" lon="151.256020"><ele>138.2</ele></trkpt>
    <trkpt lat="-33.476182" lon="151.255986"><ele>138.8</ele></trkpt>
    <trkpt lat="-33.476151" lon="151.255909"><ele>139.4</ele></trkpt>
    <trkpt lat="-33.476187" lon="151.255850"><ele>139.6</ele></trkpt>
    <trkpt lat="-33.476150" lon="151.255769"><ele>139.9</ele></trkpt>
    <trkpt lat="-33.476145" lon="151.255686"><ele>140.1</ele></trkpt>
    <trkpt lat="-33.476161" lon="151.255600"><ele>140.3</ele></trkpt>
    <trkpt lat="-33.476230" lon="151.255506"><ele>140.5</ele></trkpt>
    <trkpt lat="-33.476360" lon="151.255431"><ele>140.8</ele></trkpt>
    <trkpt lat="-33.476381" lon="151.255297"><ele>141.1</ele></trkpt>
    <trkpt lat="-33.476506" lon="151.255053"><ele>141.7</ele></trkpt>
    <trkpt lat="-33.476944" lon="151.254691"><ele>143.6</ele></trkpt>
    <trkpt lat="-33.476999" lon="151.254561"><ele>144.4</ele></trkpt>
    <trkpt lat="-33.477002" lon="151.254482"><ele>144.8</ele></trkpt>
    <trkpt lat="-33.477058" lon="151.254372"><ele>145.6</ele></trkpt>
    <trkpt lat="-33.477123" lon="151.254376"><ele>146.0</ele></trkpt>
    <trkpt lat="-33.477432" lon="151.254020"><ele>149.0</ele></trkpt>
    <trkpt lat="-33.477505" lon="151.253788"><ele>150.5</ele></trkpt>
    <trkpt lat="-33.477363" lon="151.253125"><ele>154.8</ele></trkpt>
    <trkpt lat="-33.477416" lon="151.252955"><ele>156.9</ele></trkpt>
    <trkpt lat="-33.477392" lon="151.252844"><ele>158.2</ele></trkpt>
    <trkpt lat="-33.477289" lon="151.252675"><ele>161.2</ele></trkpt>
    <trkpt lat="-33.477225" lon="151.252510"><ele>163.9</ele></trkpt>
    <trkpt lat="-33.477200" lon="151.252244"><ele>167.9</ele></trkpt>
    <trkpt lat="-33.477113" lon="151.251922"><ele>172.5</ele></trkpt>
    <trkpt lat="-33.477123" lon="151.251808"><ele>173.8</ele></trkpt>
    <trkpt lat="-33.477011" lon="151.251774"><ele>175.4</ele></trkpt>
    <trkpt lat="-33.476622" lon="151.251153"><ele>180.2</ele></trkpt>
    <trkpt lat="-33.476393" lon="151.251081"><ele>181.2</ele></trkpt>
    <trkpt lat="-33.476093" lon="151.250909"><ele>181.9</ele></trkpt>
    <trkpt lat="-33.475846" lon="151.250788"><ele>182.2</ele></trkpt>
    <trkpt lat="-33.475761" lon="151.250775"><ele>182.2</ele></trkpt>
    <trkpt lat="-33.475698" lon="151.250732"><ele>182.1</ele></trkpt>
    <trkpt lat="-33.475687" lon="151.250370"><ele>182.1</ele></trkpt>
    <trkpt lat="-33.475642" lon="151.250274"><ele>181.9</ele></trkpt>
    <trkpt lat="-33.475534" lon="151.250136"><ele>181.4</ele></trkpt>
    <trkpt lat="-33.475140" lon="151.249948"><ele>179.4</ele></trkpt>
    <trkpt lat="-33.474838" lon="151.249747"><ele>176.9</ele></trkpt>
    <trkpt lat="-33.474683" lon="151.249707"><ele>175.2</ele></trkpt>
    <trkpt lat="-33.474407" lon="151.249802"><ele>171.9</ele></trkpt>
    <trkpt lat="-33.474194" lon="151.249988"><ele>169.1</ele></trkpt>
    <trkpt lat="-33.474110" lon="151.250229"><ele>167.2</ele></trkpt>
    <trkpt lat="-33.473984" lon="151.250511"><ele>165.9</ele></trkpt>
    <trkpt lat="-33.473850" lon="151.250779"><ele>165.8</ele></trkpt>
    <trkpt lat="-33.473727" lon="151.250915"><ele>166.3</ele></trkpt>
    <trkpt lat="-33.473602" lon="151.250970"><ele>166.8</ele></trkpt>
    <trkpt lat="-33.473510" lon="151.250952"><ele>167.2</ele></trkpt>
    <trkpt lat="-33.473389" lon="151.250849"><ele>167.7</ele></trkpt>
    <trkpt lat="-33.473256" lon="151.250791"><ele>168.2</ele></trkpt>
    <trkpt lat="-33.473149" lon="151.250785"><ele>168.4</ele></trkpt>
    <trkpt lat="-33.473064" lon="151.250846"><ele>168.5</ele></trkpt>
    <trkpt lat="-33.473002" lon="151.251051"><ele>168.6</ele></trkpt>
    <trkpt lat="-33.472904" lon="151.251103"><ele>168.4</ele></trkpt>
    <trkpt lat="-33.472744" lon="151.251184"><ele>167.9</ele></trkpt>
    <trkpt lat="-33.472584" lon="151.251149"><ele>167.2</ele></trkpt>
    <trkpt lat="-33.472393" lon="151.251068"><ele>166.2</ele></trkpt>
    <trkpt lat="-33.472214" lon="151.250988"><ele>165.4</ele></trkpt>
    <trkpt lat="-33.472166" lon="151.250897"><ele>165.0</ele></trkpt>
    <trkpt lat="-33.472097" lon="151.250849"><ele>164.7</ele></trkpt>
    <trkpt lat="-33.472040" lon="151.250831"><ele>164.6</ele></trkpt>
    <trkpt lat="-33.471978" lon="151.250930"><ele>164.4</ele></trkpt>
    <trkpt lat="-33.471904" lon="151.251225"><ele>164.2</ele></trkpt>
    <trkpt lat="-33.471805" lon="151.251407"><ele>164.1</ele></trkpt>
    <trkpt lat="-33.471637" lon="151.251558"><ele>164.3</ele></trkpt>
    <trkpt lat="-33.471340" lon="151.251711"><ele>164.6</ele></trkpt>
    <trkpt lat="-33.471097" lon="151.251803"><ele>165.1</ele></trkpt>
    <trkpt lat="-33.470860" lon="151.251859"><ele>165.2</ele></trkpt>
    <trkpt lat="-33.470685" lon="151.251888"><ele>165.1</ele></trkpt>
    <trkpt lat="-33.470548" lon="151.251858"><ele>165.0</ele></trkpt>
    <trkpt lat="-33.470331" lon="151.251917"><ele>164.5</ele></trkpt>
    <trkpt lat="-33.470154" lon="151.252083"><ele>164.2</ele></trkpt>
    <trkpt lat="-33.469985" lon="151.252120"><ele>164.0</ele></trkpt>
    <trkpt lat="-33.469890" lon="151.252204"><ele>163.8</ele></trkpt>
    <trkpt lat="-33.469827" lon="151.252357"><ele>163.7</ele></trkpt>
    <trkpt lat="-33.469808" lon="151.252549"><ele>163.5</ele></trkpt>
    <trkpt lat="-33.469740" lon="151.252831"><ele>163.3</ele></trkpt>
    <trkpt lat="-33.469580" lon="151.253208"><ele>164.0</ele></trkpt>
    <trkpt lat="-33.469433" lon="151.253243"><ele>164.5</ele></trkpt>
    <trkpt lat="-33.469321" lon="151.253335"><ele>165.2</ele></trkpt>
    <trkpt lat="-33.469132" lon="151.253406"><ele>166.4</ele></trkpt>
    <trkpt lat="-33.468790" lon="151.253449"><ele>169.0</ele></trkpt>
    <trkpt lat="-33.468602" lon="151.253318"><ele>171.0</ele></trkpt>
    <trkpt lat="-33.468493" lon="151.253273"><ele>172.2</ele></trkpt>
    <trkpt lat="-33.468400" lon="151.253140"><ele>173.7</ele></trkpt>
    <trkpt lat="-33.468314" lon="151.252964"><ele>175.4</ele></trkpt>
    <trkpt lat="-33.468190" lon="151.252969"><ele>176.5</ele></trkpt>
    <trkpt lat="-33.467982" lon="151.253107"><ele>178.4</ele></trkpt>
    <trkpt lat="-33.467878" lon="151.253327"><ele>179.7</ele></trkpt>
    <trkpt lat="-33.467670" lon="151.253450"><ele>180.9</ele></trkpt>
    <trkpt lat="-33.467495" lon="151.253671"><ele>181.5</ele></trkpt>
    <trkpt lat="-33.467347" lon="151.254080"><ele>181.0</ele></trkpt>
    <trkpt lat="-33.467270" lon="151.254351"><ele>179.9</ele></trkpt>
    <trkpt lat="-33.467074" lon="151.254683"><ele>178.3</ele></trkpt>
    <trkpt lat="-33.466851" lon="151.254722"><ele>177.3</ele></trkpt>
    <trkpt lat="-33.466761" lon="151.254749"><ele>177.0</ele></trkpt>
    <trkpt lat="-33.466501" lon="151.254525"><ele>176.2</ele></trkpt>
    <trkpt lat="-33.466406" lon="151.254394"><ele>176.1</ele></trkpt>
    <trkpt lat="-33.466241" lon="151.254326"><ele>176.5</ele></trkpt>
    <trkpt lat="-33.466019" lon="151.254186"><ele>177.2</ele></trkpt>
    <trkpt lat="-33.465679" lon="151.254196"><ele>178.3</ele></trkpt>
    <trkpt lat="-33.464991" lon="151.254113"><ele>179.2</ele></trkpt>
    <trkpt lat="-33.464376" lon="151.253912"><ele>179.7</ele></trkpt>
    <trkpt lat="-33.463908" lon="151.253691"><ele>181.7</ele></trkpt>
    <trkpt lat="-33.463741" lon="151.253544"><ele>182.6</ele></trkpt>
    <trkpt lat="-33.463429" lon="151.253400"><ele>184.4</ele></trkpt>
    <trkpt lat="-33.462805" lon="151.252996"><ele>189.6</ele></trkpt>
    <trkpt lat="-33.462410" lon="151.252723"><ele>196.4</ele></trkpt>
    <trkpt lat="-33.462329" lon="151.252744"><ele>198.1</ele></trkpt>
    <trkpt lat="-33.462210" lon="151.252632"><ele>201.3</ele></trkpt>
    <trkpt lat="-33.462149" lon="151.252743"><ele>203.9</ele></trkpt>
    <trkpt lat="-33.462085" lon="151.252950"><ele>208.4</ele></trkpt>
    <trkpt lat="-33.462007" lon="151.253014"><ele>210.9</ele></trkpt>
    <trkpt lat="-33.461926" lon="151.252939"><ele>213.5</ele></trkpt>
    <trkpt lat="-33.461841" lon="151.252655"><ele>219.3</ele></trkpt>
    <trkpt lat="-33.461709" lon="151.252496"><ele>223.0</ele></trkpt>
    <trkpt lat="-33.461472" lon="151.252339"><ele>227.2</ele></trkpt>
    <trkpt lat="-33.461357" lon="151.252311"><ele>228.2</ele></trkpt>
    <trkpt lat="-33.461179" lon="151.252476"><ele>228.8</ele></trkpt>
    <trkpt lat="-33.461107" lon="151.252607"><ele>228.7</ele></trkpt>
    <trkpt lat="-33.461102" lon="151.252679"><ele>228.1</ele></trkpt>
    <trkpt lat="-33.461034" lon="151.252787"><ele>227.1</ele></trkpt>
    <trkpt lat="-33.460896" lon="151.252913"><ele>225.0</ele></trkpt>
    <trkpt lat="-33.460594" lon="151.253198"><ele>218.9</ele></trkpt>
    <trkpt lat="-33.460350" lon="151.253603"><ele>210.9</ele></trkpt>
    <trkpt lat="-33.460292" lon="151.253686"><ele>209.1</ele></trkpt>
    <trkpt lat="-33.460071" lon="151.253885"><ele>204.2</ele></trkpt>
    <trkpt lat="-33.459963" lon="151.254055"><ele>201.5</ele></trkpt>
    <trkpt lat="-33.459835" lon="151.254119"><ele>199.6</ele></trkpt>
    <trkpt lat="-33.459644" lon="151.254099"><ele>197.6</ele></trkpt>
    <trkpt lat="-33.459485" lon="151.254002"><ele>196.1</ele></trkpt>
    <trkpt lat="-33.459422" lon="151.253922"><ele>195.5</ele></trkpt>
    <trkpt lat="-33.459261" lon="151.253717"><ele>194.3</ele></trkpt>
    <trkpt lat="-33.459055" lon="151.253519"><ele>193.4</ele></trkpt>
    <trkpt lat="-33.458965" lon="151.253256"><ele>192.9</ele></trkpt>
    <trkpt lat="-33.458741" lon="151.253178"><ele>192.4</ele></trkpt>
    <trkpt lat="-33.458476" lon="151.253181"><ele>192.2</ele></trkpt>
    <trkpt lat="-33.458137" lon="151.253042"><ele>192.5</ele></trkpt>
    <trkpt lat="-33.458007" lon="151.253028"><ele>192.9</ele></trkpt>
    <trkpt lat="-33.457849" lon="151.253019"><ele>193.5</ele></trkpt>
    <trkpt lat="-33.457566" lon="151.253037"><ele>194.7</ele></trkpt>
    <trkpt lat="-33.457534" lon="151.253125"><ele>195.1</ele></trkpt>
    <trkpt lat="-33.457355" lon="151.253214"><ele>196.1</ele></trkpt>
    <trkpt lat="-33.457171" lon="151.253288"><ele>197.2</ele></trkpt>
    <trkpt lat="-33.456905" lon="151.253293"><ele>198.7</ele></trkpt>
    <trkpt lat="-33.456536" lon="151.253563"><ele>200.6</ele></trkpt>
    <trkpt lat="-33.456405" lon="151.253658"><ele>200.8</ele></trkpt>
    <trkpt lat="-33.456186" lon="151.254022"><ele>199.6</ele></trkpt>
    <trkpt lat="-33.456077" lon="151.254263"><ele>198.0</ele></trkpt>
    <trkpt lat="-33.455828" lon="151.254303"><ele>196.2</ele></trkpt>
    <trkpt lat="-33.455655" lon="151.254511"><ele>194.4</ele></trkpt>
    <trkpt lat="-33.455507" lon="151.254773"><ele>192.8</ele></trkpt>
    <trkpt lat="-33.455417" lon="151.255218"><ele>191.9</ele></trkpt>
    <trkpt lat="-33.455263" lon="151.256366"><ele>191.6</ele></trkpt>
    <trkpt lat="-33.455316" lon="151.256787"><ele>191.1</ele></trkpt>
    <trkpt lat="-33.455325" lon="151.257000"><ele>190.4</ele></trkpt>
    <trkpt lat="-33.455293" lon="151.257186"><ele>189.7</ele></trkpt>
    <trkpt lat="-33.455215" lon="151.257461"><ele>188.3</ele></trkpt>
    <trkpt lat="-33.455136" lon="151.257654"><ele>187.1</ele></trkpt>
    <trkpt lat="-33.454909" lon="151.257924"><ele>184.6</ele></trkpt>
    <trkpt lat="-33.454641" lon="151.258139"><ele>182.3</ele></trkpt>
    <trkpt lat="-33.454492" lon="151.258149"><ele>181.5</ele></trkpt>
    <trkpt lat="-33.454476" lon="151.258154"><ele>181.4</ele></trkpt>
    <trkpt lat="-33.454279" lon="151.258218"><ele>180.6</ele></trkpt>
    <trkpt lat="-33.454079" lon="151.258240"><ele>180.1</ele></trkpt>
    <trkpt lat="-33.453865" lon="151.258208"><ele>179.8</ele></trkpt>
    <trkpt lat="-33.453571" lon="151.258253"><ele>179.9</ele></trkpt>
    <trkpt lat="-33.453308" lon="151.258252"><ele>180.2</ele></trkpt>
    <trkpt lat="-33.453232" lon="151.258285"><ele>180.4</ele></trkpt>
    <trkpt lat="-33.453095" lon="151.258327"><ele>180.6</ele></trkpt>
    <trkpt lat="-33.452988" lon="151.258331"><ele>180.6</ele></trkpt>
    <trkpt lat="-33.452876" lon="151.258319"><ele>180.6</ele></trkpt>
    <trkpt lat="-33.452760" lon="151.258284"><ele>180.6</ele></trkpt>
    <trkpt lat="-33.452423" lon="151.258458"><ele>179.6</ele></trkpt>
    <trkpt lat="-33.452204" lon="151.258579"><ele>178.2</ele></trkpt>
    <trkpt lat="-33.452183" lon="151.258653"><ele>177.7</ele></trkpt>
    <trkpt lat="-33.452106" lon="151.258629"><ele>177.1</ele></trkpt>
    <trkpt lat="-33.452030" lon="151.258533"><ele>175.9</ele></trkpt>
    <trkpt lat="-33.451853" lon="151.258468"><ele>173.9</ele></trkpt>
    <trkpt lat="-33.451717" lon="151.258594"><ele>171.6</ele></trkpt>
    <trkpt lat="-33.451625" lon="151.258703"><ele>169.8</ele></trkpt>
    <trkpt lat="-33.451553" lon="151.258799"><ele>168.3</ele></trkpt>
    <trkpt lat="-33.451514" lon="151.258867"><ele>167.2</ele></trkpt>
    <trkpt lat="-33.451415" lon="151.258964"><ele>165.3</ele></trkpt>
    <trkpt lat="-33.451337" lon="151.259003"><ele>163.9</ele></trkpt>
    <trkpt lat="-33.451215" lon="151.259043"><ele>161.9</ele></trkpt>
    <trkpt lat="-33.451093" lon="151.259103"><ele>159.9</ele></trkpt>
    <trkpt lat="-33.450968" lon="151.259219"><ele>157.4</ele></trkpt>
    <trkpt lat="-33.450876" lon="151.259318"><ele>155.6</ele></trkpt>
    <trkpt lat="-33.450784" lon="151.259406"><ele>153.8</ele></trkpt>
    <trkpt lat="-33.450712" lon="151.259499"><ele>152.5</ele></trkpt>
    <trkpt lat="-33.450640" lon="151.259605"><ele>151.0</ele></trkpt>
    <trkpt lat="-33.450387" lon="151.259706"><ele>148.1</ele></trkpt>
    <trkpt lat="-33.450238" lon="151.259873"><ele>146.2</ele></trkpt>
    <trkpt lat="-33.450115" lon="151.260113"><ele>144.4</ele></trkpt>
    <trkpt lat="-33.450014" lon="151.260263"><ele>143.4</ele></trkpt>
    <trkpt lat="-33.449956" lon="151.260267"><ele>143.1</ele></trkpt>
    <trkpt lat="-33.449951" lon="151.260506"><ele>142.0</ele></trkpt>
    <trkpt lat="-33.449864" lon="151.260624"><ele>141.4</ele></trkpt>
    <trkpt lat="-33.449646" lon="151.260732"><ele>140.1</ele></trkpt>
    <trkpt lat="-33.449603" lon="151.260881"><ele>139.3</ele></trkpt>
    <trkpt lat="-33.449335" lon="151.260950"><ele>137.5</ele></trkpt>
    <trkpt lat="-33.448999" lon="151.261093"><ele>134.7</ele></trkpt>
    <trkpt lat="-33.448600" lon="151.261624"><ele>129.3</ele></trkpt>
    <trkpt lat="-33.448362" lon="151.262003"><ele>125.7</ele></trkpt>
    <trkpt lat="-33.448237" lon="151.262359"><ele>122.2</ele></trkpt>
    <trkpt lat="-33.448188" lon="151.262877"><ele>117.0</ele></trkpt>
    <trkpt lat="-33.448103" lon="151.263218"><ele>112.5</ele></trkpt>
    <trkpt lat="-33.448030" lon="151.264001"><ele>102.1</ele></trkpt>
    <trkpt lat="-33.448241" lon="151.264964"><ele>92.9</ele></trkpt>
    <trkpt lat="-33.448101" lon="151.265270"><ele>91.7</ele></trkpt>
    <trkpt lat="-33.447908" lon="151.265283"><ele>91.5</ele></trkpt>
    <trkpt lat="-33.447762" lon="151.265302"><ele>92.2</ele></trkpt>
    <trkpt lat="-33.447607" lon="151.265323"><ele>93.2</ele></trkpt>
    <trkpt lat="-33.447385" lon="151.265419"><ele>95.1</ele></trkpt>
    <trkpt lat="-33.447410" lon="151.265541"><ele>96.2</ele></trkpt>
    <trkpt lat="-33.447215" lon="151.265762"><ele>98.7</ele></trkpt>
    <trkpt lat="-33.447063" lon="151.265850"><ele>100.2</ele></trkpt>
    <trkpt lat="-33.446808" lon="151.266078"><ele>103.1</ele></trkpt>
    <trkpt lat="-33.446518" lon="151.266184"><ele>104.7</ele></trkpt>
    <trkpt lat="-33.446233" lon="151.266487"><ele>105.3</ele></trkpt>
    <trkpt lat="-33.445989" lon="151.266539"><ele>105.3</ele></trkpt>
    <trkpt lat="-33.444263" lon="151.266053"><ele>93.6</ele></trkpt>
    <trkpt lat="-33.443911" lon="151.266168"><ele>87.7</ele></trkpt>
    <trkpt lat="-33.443583" lon="151.266588"><ele>79.2</ele></trkpt>
    <trkpt lat="-33.443543" lon="151.266736"><ele>76.8</ele></trkpt>
    <trkpt lat="-33.443427" lon="151.267176"><ele>69.0</ele></trkpt>
    <trkpt lat="-33.443222" lon="151.267167"><ele>64.3</ele></trkpt>
    <trkpt lat="-33.443005" lon="151.267112"><ele>59.1</ele></trkpt>
    <trkpt lat="-33.442998" lon="151.267070"><ele>58.3</ele></trkpt>
    <trkpt lat="-33.442938" lon="151.267010"><ele>56.7</ele></trkpt>
    <trkpt lat="-33.442876" lon="151.266940"><ele>54.9</ele></trkpt>
    <trkpt lat="-33.442868" lon="151.266856"><ele>53.5</ele></trkpt>
    <trkpt lat="-33.442898" lon="151.266707"><ele>50.6</ele></trkpt>
    <trkpt lat="-33.442968" lon="151.266544"><ele>46.9</ele></trkpt>
    <trkpt lat="-33.442997" lon="151.266460"><ele>44.8</ele></trkpt>
    <trkpt lat="-33.443083" lon="151.266329"><ele>40.9</ele></trkpt>
    <trkpt lat="-33.443095" lon="151.266252"><ele>39.1</ele></trkpt>
    <trkpt lat="-33.443078" lon="151.266210"><ele>38.2</ele></trkpt>
    <trkpt lat="-33.443052" lon="151.266125"><ele>36.8</ele></trkpt>
    <trkpt lat="-33.442959" lon="151.266155"><ele>35.1</ele></trkpt>
    <trkpt lat="-33.442937" lon="151.266192"><ele>34.4</ele></trkpt>
    <trkpt lat="-33.442924" lon="151.266234"><ele>33.7</ele></trkpt>
    <trkpt lat="-33.442892" lon="151.266262"><ele>32.9</ele></trkpt>
    <trkpt lat="-33.442872" lon="151.266271"><ele>32.5</ele></trkpt>
    <trkpt lat="-33.442841" lon="151.266247"><ele>31.8</ele></trkpt>
    <trkpt lat="-33.442811" lon="151.266167"><ele>30.3</ele></trkpt>
    <trkpt lat="-33.442808" lon="151.266041"><ele>28.3</ele></trkpt>
    <trkpt lat="-33.442965" lon="151.265856"><ele>24.0</ele></trkpt>
    <trkpt lat="-33.442888" lon="151.265827"><ele>22.6</ele></trkpt>
    <trkpt lat="-33.442856" lon="151.265815"><ele>22.2</ele></trkpt>
    <trkpt lat="-33.442707" lon="151.265757"><ele>19.8</ele></trkpt>
    <trkpt lat="-33.442680" lon="151.265747"><ele>19.4</ele></trkpt>
    <trkpt lat="-33.442620" lon="151.265722"><ele>19.0</ele></trkpt>
    <trkpt lat="-33.442744" lon="151.265322"><ele>17.0</ele></trkpt>
    <trkpt lat="-33.442722" lon="151.264691"><ele>18.4</ele></trkpt>
    <trkpt lat="-33.442689" lon="151.264288"><ele>21.8</ele></trkpt>
    <trkpt lat="-33.442829" lon="151.263785"><ele>27.6</ele></trkpt>
    <trkpt lat="-33.443125" lon="151.263365"><ele>28.8</ele></trkpt>
    <trkpt lat="-33.443618" lon="151.263218"><ele>28.7</ele></trkpt>
    <trkpt lat="-33.444464" lon="151.262588"><ele>26.9</ele></trkpt>
    <trkpt lat="-33.444513" lon="151.261120"><ele>24.6</ele></trkpt>
    <trkpt lat="-33.444345" lon="151.260586"><ele>26.6</ele></trkpt>
    <trkpt lat="-33.444164" lon="151.260389"><ele>28.1</ele></trkpt>
    <trkpt lat="-33.444119" lon="151.259921"><ele>29.5</ele></trkpt>
    <trkpt lat="-33.444011" lon="151.259503"><ele>28.0</ele></trkpt>
    <trkpt lat="-33.443902" lon="151.258421"><ele>21.9</ele></trkpt>
    <trkpt lat="-33.443595" lon="151.257572"><ele>22.1</ele></trkpt>
    <trkpt lat="-33.443150" lon="151.257070"><ele>23.3</ele></trkpt>
    <trkpt lat="-33.442860" lon="151.256987"><ele>22.9</ele></trkpt>
    <trkpt lat="-33.442824" lon="151.256965"><ele>22.8</ele></trkpt>
    <trkpt lat="-33.442803" lon="151.256946"><ele>22.8</ele></trkpt>
    <trkpt lat="-33.442774" lon="151.256921"><ele>22.7</ele></trkpt>
    <trkpt lat="-33.442646" lon="151.256732"><ele>22.6</ele></trkpt>
    <trkpt lat="-33.442192" lon="151.255702"><ele>20.5</ele></trkpt>
    <trkpt lat="-33.441790" lon="151.254768"><ele>24.0</ele></trkpt>
    <trkpt lat="-33.441666" lon="151.254307"><ele>23.9</ele></trkpt>
    <trkpt lat="-33.441831" lon="151.253163"><ele>21.2</ele></trkpt>
    <trkpt lat="-33.441981" lon="151.252502"><ele>21.0</ele></trkpt>
    <trkpt lat="-33.442539" lon="151.251907"><ele>18.9</ele></trkpt>
    <trkpt lat="-33.442599" lon="151.251417"><ele>18.1</ele></trkpt>
    <trkpt lat="-33.442302" lon="151.250768"><ele>19.1</ele></trkpt>
    <trkpt lat="-33.441628" lon="151.250460"><ele>14.5</ele></trkpt>
    <trkpt lat="-33.441609" lon="151.250417"><ele>14.1</ele></trkpt>
    <trkpt lat="-33.441511" lon="151.250260"><ele>12.1</ele></trkpt>
    <trkpt lat="-33.440965" lon="151.250117"><ele>5.2</ele></trkpt>
    <trkpt lat="-33.440861" lon="151.250112"><ele>4.3</ele></trkpt>
    <trkpt lat="-33.440801" lon="151.250082"><ele>3.9</ele></trkpt>
    <trkpt lat="-33.440765" lon="151.250043"><ele>3.7</ele></trkpt>
    <trkpt lat="-33.440665" lon="151.250004"><ele>3.3</ele></trkpt>
    <trkpt lat="-33.440374" lon="151.250027"><ele>2.8</ele></trkpt>
    <trkpt lat="-33.440262" lon="151.250071"><ele>2.6</ele></trkpt>
    <trkpt lat="-33.439944" lon="151.250079"><ele>2.6</ele></trkpt>
    <trkpt lat="-33.439701" lon="151.250031"><ele>2.8</ele></trkpt>
    <trkpt lat="-33.439491" lon="151.249990"><ele>3.1</ele></trkpt>
    <trkpt lat="-33.439015" lon="151.249831"><ele>3.9</ele></trkpt>
    <trkpt lat="-33.438909" lon="151.249739"><ele>4.0</ele></trkpt>
    <trkpt lat="-33.438895" lon="151.249767"><ele>4.0</ele></trkpt>
    <trkpt lat="-33.438819" lon="151.249918"><ele>4.3</ele></trkpt>
    <trkpt lat="-33.438805" lon="151.249907"><ele>4.4</ele></trkpt>
    <trkpt lat="-33.438813" lon="151.249890"><ele>4.5</ele></trkpt>
    <trkpt lat="-33.438920" lon="151.249645"><ele>6.3</ele></trkpt>
    <trkpt lat="-33.439065" lon="151.249312"><ele>9.4</ele></trkpt>
    <trkpt lat="-33.439132" lon="151.249159"><ele>10.6</ele></trkpt>
    <trkpt lat="-33.439222" lon="151.248924"><ele>13.0</ele></trkpt>
    <trkpt lat="-33.439174" lon="151.248910"><ele>13.6</ele></trkpt>
    <trkpt lat="-33.439139" lon="151.248918"><ele>14.1</ele></trkpt>
    <trkpt lat="-33.438985" lon="151.248955"><ele>15.9</ele></trkpt>
    <trkpt lat="-33.438819" lon="151.248935"><ele>17.6</ele></trkpt>
    <trkpt lat="-33.438512" lon="151.248911"><ele>17.1</ele></trkpt>
    <trkpt lat="-33.438360" lon="151.248889"><ele>15.7</ele></trkpt>
    <trkpt lat="-33.438142" lon="151.248919"><ele>13.3</ele></trkpt>
    <trkpt lat="-33.437974" lon="151.248958"><ele>11.2</ele></trkpt>
    <trkpt lat="-33.437851" lon="151.249014"><ele>9.7</ele></trkpt>
    <trkpt lat="-33.437719" lon="151.249111"><ele>7.9</ele></trkpt>
    <trkpt lat="-33.437611" lon="151.249185"><ele>6.3</ele></trkpt>
    <trkpt lat="-33.437495" lon="151.249299"><ele>4.9</ele></trkpt>
    <trkpt lat="-33.437379" lon="151.249403"><ele>3.7</ele></trkpt>
    <trkpt lat="-33.437280" lon="151.249498"><ele>3.2</ele></trkpt>
    <trkpt lat="-33.437195" lon="151.249633"><ele>3.1</ele></trkpt>
    <trkpt lat="-33.437109" lon="151.249743"><ele>3.2</ele></trkpt>
    <trkpt lat="-33.437028" lon="151.249854"><ele>3.6</ele></trkpt>
    <trkpt lat="-33.436959" lon="151.249964"><ele>4.0</ele></trkpt>
    <trkpt lat="-33.436866" lon="151.250078"><ele>4.5</ele></trkpt>
    <trkpt lat="-33.436787" lon="151.250170"><ele>5.0</ele></trkpt>
    <trkpt lat="-33.436402" lon="151.250466"><ele>7.9</ele></trkpt>
    <trkpt lat="-33.435980" lon="151.250824"><ele>10.3</ele></trkpt>
    <trkpt lat="-33.435510" lon="151.251202"><ele>9.2</ele></trkpt>
    <trkpt lat="-33.435118" lon="151.251665"><ele>7.8</ele></trkpt>
    <trkpt lat="-33.434828" lon="151.251901"><ele>8.0</ele></trkpt>
    <trkpt lat="-33.434686" lon="151.251979"><ele>9.1</ele></trkpt>
    <trkpt lat="-33.433677" lon="151.252577"><ele>13.4</ele></trkpt>
    <trkpt lat="-33.433143" lon="151.252728"><ele>13.8</ele></trkpt>
    <trkpt lat="-33.432750" lon="151.252900"><ele>13.0</ele></trkpt>
    <trkpt lat="-33.432462" lon="151.253026"><ele>12.3</ele></trkpt>
    <trkpt lat="-33.431569" lon="151.253365"><ele>17.2</ele></trkpt>
    <trkpt lat="-33.431224" lon="151.253481"><ele>20.0</ele></trkpt>
    <trkpt lat="-33.430526" lon="151.253681"><ele>22.0</ele></trkpt>
    <trkpt lat="-33.429874" lon="151.253997"><ele>23.9</ele></trkpt>
    <trkpt lat="-33.429082" lon="151.254382"><ele>30.9</ele></trkpt>
    <trkpt lat="-33.428899" lon="151.254425"><ele>32.0</ele></trkpt>
    <trkpt lat="-33.428722" lon="151.254409"><ele>32.9</ele></trkpt>
    <trkpt lat="-33.428587" lon="151.254370"><ele>33.4</ele></trkpt>
    <trkpt lat="-33.428495" lon="151.254264"><ele>33.8</ele></trkpt>
    <trkpt lat="-33.428421" lon="151.254063"><ele>34.0</ele></trkpt>
    <trkpt lat="-33.428436" lon="151.253827"><ele>34.1</ele></trkpt>
    <trkpt lat="-33.428727" lon="151.252686"><ele>30.9</ele></trkpt>
    <trkpt lat="-33.428952" lon="151.251472"><ele>27.4</ele></trkpt>
    <trkpt lat="-33.428845" lon="151.251056"><ele>26.1</ele></trkpt>
    <trkpt lat="-33.428648" lon="151.250676"><ele>22.9</ele></trkpt>
    <trkpt lat="-33.428379" lon="151.249958"><ele>14.3</ele></trkpt>
    <trkpt lat="-33.427738" lon="151.249699"><ele>10.0</ele></trkpt>
    <trkpt lat="-33.427636" lon="151.249657"><ele>10.1</ele></trkpt>
    <trkpt lat="-33.427355" lon="151.249777"><ele>11.6</ele></trkpt>
    <trkpt lat="-33.427214" lon="151.249717"><ele>12.5</ele></trkpt>
    <trkpt lat="-33.427034" lon="151.249537"><ele>14.1</ele></trkpt>
    <trkpt lat="-33.425048" lon="151.248280"><ele>16.7</ele></trkpt>
    <trkpt lat="-33.424885" lon="151.247890"><ele>17.3</ele></trkpt>
    <trkpt lat="-33.424676" lon="151.247853"><ele>18.3</ele></trkpt>
    <trkpt lat="-33.424543" lon="151.247830"><ele>18.9</ele></trkpt>
    <trkpt lat="-33.424323" lon="151.247910"><ele>19.7</ele></trkpt>
    <trkpt lat="-33.423499" lon="151.247629"><ele>21.0</ele></trkpt>
    <trkpt lat="-33.423037" lon="151.247709"><ele>19.7</ele></trkpt>
    <trkpt lat="-33.422495" lon="151.246986"><ele>18.2</ele></trkpt>
    <trkpt lat="-33.422114" lon="151.246384"><ele>17.6</ele></trkpt>
    <trkpt lat="-33.421130" lon="151.244818"><ele>17.0</ele></trkpt>
    <trkpt lat="-33.421270" lon="151.244436"><ele>19.6</ele></trkpt>
    <trkpt lat="-33.421154" lon="151.244294"><ele>20.1</ele></trkpt>
    <trkpt lat="-33.421090" lon="151.244215"><ele>20.5</ele></trkpt>
    <trkpt lat="-33.420769" lon="151.244617"><ele>23.1</ele></trkpt>
    <trkpt lat="-33.419925" lon="151.244557"><ele>27.9</ele></trkpt>
    <trkpt lat="-33.419122" lon="151.245119"><ele>24.6</ele></trkpt>
    <trkpt lat="-33.418399" lon="151.245661"><ele>21.9</ele></trkpt>
    <trkpt lat="-33.417857" lon="151.245681"><ele>21.9</ele></trkpt>
    <trkpt lat="-33.417516" lon="151.245561"><ele>21.6</ele></trkpt>
    <trkpt lat="-33.417054" lon="151.245219"><ele>19.1</ele></trkpt>
    <trkpt lat="-33.416632" lon="151.244476"><ele>21.9</ele></trkpt>
    <trkpt lat="-33.416311" lon="151.244065"><ele>24.4</ele></trkpt>
    <trkpt lat="-33.415555" lon="151.243498"><ele>24.3</ele></trkpt>
    <trkpt lat="-33.415186" lon="151.243221"><ele>25.0</ele></trkpt>
    <trkpt lat="-33.414865" lon="151.243061"><ele>25.6</ele></trkpt>
    <trkpt lat="-33.414504" lon="151.243141"><ele>25.9</ele></trkpt>
    <trkpt lat="-33.413740" lon="151.243482"><ele>26.2</ele></trkpt>
    <trkpt lat="-33.413439" lon="151.243686"><ele>27.0</ele></trkpt>
    <trkpt lat="-33.412937" lon="151.244024"><ele>27.3</ele></trkpt>
    <trkpt lat="-33.412475" lon="151.244065"><ele>27.2</ele></trkpt>
    <trkpt lat="-33.412034" lon="151.243904"><ele>26.8</ele></trkpt>
    <trkpt lat="-33.411880" lon="151.243809"><ele>27.9</ele></trkpt>
    <trkpt lat="-33.411715" lon="151.243681"><ele>29.2</ele></trkpt>
    <trkpt lat="-33.411512" lon="151.243121"><ele>32.3</ele></trkpt>
    <trkpt lat="-33.411150" lon="151.242538"><ele>33.6</ele></trkpt>
    <trkpt lat="-33.410548" lon="151.241936"><ele>30.5</ele></trkpt>
    <trkpt lat="-33.409604" lon="151.241615"><ele>38.7</ele></trkpt>
    <trkpt lat="-33.408218" lon="151.240460"><ele>56.2</ele></trkpt>
    <trkpt lat="-33.407194" lon="151.239798"><ele>57.0</ele></trkpt>
    <trkpt lat="-33.406793" lon="151.239737"><ele>59.2</ele></trkpt>
    <trkpt lat="-33.405949" lon="151.239778"><ele>62.4</ele></trkpt>
    <trkpt lat="-33.405427" lon="151.239958"><ele>60.6</ele></trkpt>
    <trkpt lat="-33.404544" lon="151.240902"><ele>54.7</ele></trkpt>
    <trkpt lat="-33.404423" lon="151.241424"><ele>49.9</ele></trkpt>
    <trkpt lat="-33.404343" lon="151.242027"><ele>44.4</ele></trkpt>
    <trkpt lat="-33.404022" lon="151.242047"><ele>43.7</ele></trkpt>
    <trkpt lat="-33.403913" lon="151.242167"><ele>44.2</ele></trkpt>
    <trkpt lat="-33.403801" lon="151.242267"><ele>45.2</ele></trkpt>
    <trkpt lat="-33.403118" lon="151.241565"><ele>53.4</ele></trkpt>
    <trkpt lat="-33.402857" lon="151.241504"><ele>54.4</ele></trkpt>
    <trkpt lat="-33.402616" lon="151.241304"><ele>55.0</ele></trkpt>
    <trkpt lat="-33.402074" lon="151.241264"><ele>54.0</ele></trkpt>
    <trkpt lat="-33.401692" lon="151.240942"><ele>53.4</ele></trkpt>
    <trkpt lat="-33.401090" lon="151.240822"><ele>52.1</ele></trkpt>
    <trkpt lat="-33.400688" lon="151.240962"><ele>50.6</ele></trkpt>
    <trkpt lat="-33.400106" lon="151.241665"><ele>52.8</ele></trkpt>
    <trkpt lat="-33.399704" lon="151.241846"><ele>55.2</ele></trkpt>
    <trkpt lat="-33.399202" lon="151.241685"><ele>55.8</ele></trkpt>
    <trkpt lat="-33.399067" lon="151.241565"><ele>55.1</ele></trkpt>
    <trkpt lat="-33.398419" lon="151.240992"><ele>55.9</ele></trkpt>
    <trkpt lat="-33.397897" lon="151.240731"><ele>57.5</ele></trkpt>
    <trkpt lat="-33.397295" lon="151.240872"><ele>56.4</ele></trkpt>
    <trkpt lat="-33.396652" lon="151.241294"><ele>51.0</ele></trkpt>
    <trkpt lat="-33.395909" lon="151.242338"><ele>52.7</ele></trkpt>
    <trkpt lat="-33.395364" lon="151.242469"><ele>57.2</ele></trkpt>
    <trkpt lat="-33.394745" lon="151.242619"><ele>64.5</ele></trkpt>
    <trkpt lat="-33.393861" lon="151.242358"><ele>73.6</ele></trkpt>
    <trkpt lat="-33.393761" lon="151.242538"><ele>75.1</ele></trkpt>
    <trkpt lat="-33.393901" lon="151.244004"><ele>87.8</ele></trkpt>
    <trkpt lat="-33.393741" lon="151.244306"><ele>89.8</ele></trkpt>
    <trkpt lat="-33.393580" lon="151.244627"><ele>91.8</ele></trkpt>
    <trkpt lat="-33.394223" lon="151.246093"><ele>103.2</ele></trkpt>
    <trkpt lat="-33.394504" lon="151.246314"><ele>106.2</ele></trkpt>
    <trkpt lat="-33.394905" lon="151.246434"><ele>110.1</ele></trkpt>
    <trkpt lat="-33.395307" lon="151.246816"><ele>112.6</ele></trkpt>
    <trkpt lat="-33.395207" lon="151.247177"><ele>115.2</ele></trkpt>
    <trkpt lat="-33.395588" lon="151.247679"><ele>119.4</ele></trkpt>
    <trkpt lat="-33.395688" lon="151.248743"><ele>125.2</ele></trkpt>
    <trkpt lat="-33.395568" lon="151.249024"><ele>125.8</ele></trkpt>
    <trkpt lat="-33.394624" lon="151.248563"><ele>131.2</ele></trkpt>
    <trkpt lat="-33.394363" lon="151.248683"><ele>134.6</ele></trkpt>
    <trkpt lat="-33.394283" lon="151.249105"><ele>138.7</ele></trkpt>
    <trkpt lat="-33.393982" lon="151.249506"><ele>143.6</ele></trkpt>
    <trkpt lat="-33.394062" lon="151.249928"><ele>147.5</ele></trkpt>
    <trkpt lat="-33.394504" lon="151.250912"><ele>156.8</ele></trkpt>
    <trkpt lat="-33.394484" lon="151.251956"><ele>160.9</ele></trkpt>
    <trkpt lat="-33.394584" lon="151.253502"><ele>170.2</ele></trkpt>
    <trkpt lat="-33.394552" lon="151.253678"><ele>170.7</ele></trkpt>
    <trkpt lat="-33.394504" lon="151.253944"><ele>171.0</ele></trkpt>
    <trkpt lat="-33.392656" lon="151.257348"><ele>180.1</ele></trkpt>
    <trkpt lat="-33.392215" lon="151.257408"><ele>182.9</ele></trkpt>
    <trkpt lat="-33.392039" lon="151.257625"><ele>184.2</ele></trkpt>
    <trkpt lat="-33.391793" lon="151.257930"><ele>186.4</ele></trkpt>
    <trkpt lat="-33.391210" lon="151.257910"><ele>193.6</ele></trkpt>
    <trkpt lat="-33.390929" lon="151.257729"><ele>198.9</ele></trkpt>
    <trkpt lat="-33.390648" lon="151.257910"><ele>203.9</ele></trkpt>
    <trkpt lat="-33.389865" lon="151.259376"><ele>214.1</ele></trkpt>
    <trkpt lat="-33.389946" lon="151.260581"><ele>217.1</ele></trkpt>
    <trkpt lat="-33.383199" lon="151.261946"><ele>219.7</ele></trkpt>
    <trkpt lat="-33.382978" lon="151.261906"><ele>219.5</ele></trkpt>
    <trkpt lat="-33.382355" lon="151.261203"><ele>219.1</ele></trkpt>
    <trkpt lat="-33.381579" lon="151.260791"><ele>215.5</ele></trkpt>
    <trkpt lat="-33.380046" lon="151.259978"><ele>207.1</ele></trkpt>
    <trkpt lat="-33.379644" lon="151.260621"><ele>201.6</ele></trkpt>
    <trkpt lat="-33.379022" lon="151.260500"><ele>194.6</ele></trkpt>
    <trkpt lat="-33.378661" lon="151.260741"><ele>189.0</ele></trkpt>
    <trkpt lat="-33.377897" lon="151.261926"><ele>179.9</ele></trkpt>
    <trkpt lat="-33.377516" lon="151.262167"><ele>180.8</ele></trkpt>
    <trkpt lat="-33.377476" lon="151.262789"><ele>185.3</ele></trkpt>
    <trkpt lat="-33.376853" lon="151.263552"><ele>192.1</ele></trkpt>
    <trkpt lat="-33.376331" lon="151.264546"><ele>199.9</ele></trkpt>
    <trkpt lat="-33.376291" lon="151.264908"><ele>202.5</ele></trkpt>
    <trkpt lat="-33.375669" lon="151.265751"><ele>208.9</ele></trkpt>
    <trkpt lat="-33.375971" lon="151.267774"><ele>226.6</ele></trkpt>
    <trkpt lat="-33.375944" lon="151.267891"><ele>228.0</ele></trkpt>
    <trkpt lat="-33.375944" lon="151.268151"><ele>231.2</ele></trkpt>
    <trkpt lat="-33.375903" lon="151.268282"><ele>232.5</ele></trkpt>
    <trkpt lat="-33.375816" lon="151.268432"><ele>234.1</ele></trkpt>
    <trkpt lat="-33.375599" lon="151.268639"><ele>236.2</ele></trkpt>
    <trkpt lat="-33.375363" lon="151.268701"><ele>236.9</ele></trkpt>
    <trkpt lat="-33.375171" lon="151.268756"><ele>236.7</ele></trkpt>
    <trkpt lat="-33.374824" lon="151.268677"><ele>234.8</ele></trkpt>
    <trkpt lat="-33.374541" lon="151.268626"><ele>232.6</ele></trkpt>
    <trkpt lat="-33.374320" lon="151.268487"><ele>230.7</ele></trkpt>
    <trkpt lat="-33.373923" lon="151.268403"><ele>229.1</ele></trkpt>
    <trkpt lat="-33.373630" lon="151.268336"><ele>228.1</ele></trkpt>
    <trkpt lat="-33.373368" lon="151.268387"><ele>227.7</ele></trkpt>
    <trkpt lat="-33.372994" lon="151.268432"><ele>226.8</ele></trkpt>
    <trkpt lat="-33.372658" lon="151.268438"><ele>223.2</ele></trkpt>
    <trkpt lat="-33.372477" lon="151.268400"><ele>220.4</ele></trkpt>
    <trkpt lat="-33.372334" lon="151.268277"><ele>217.2</ele></trkpt>
    <trkpt lat="-33.372116" lon="151.268225"><ele>212.6</ele></trkpt>
    <trkpt lat="-33.371865" lon="151.267697"><ele>200.2</ele></trkpt>
    <trkpt lat="-33.371288" lon="151.267428"><ele>188.5</ele></trkpt>
    <trkpt lat="-33.370659" lon="151.267785"><ele>183.9</ele></trkpt>
    <trkpt lat="-33.370575" lon="151.268256"><ele>183.3</ele></trkpt>
    <trkpt lat="-33.370431" lon="151.268233"><ele>183.7</ele></trkpt>
    <trkpt lat="-33.370308" lon="151.268212"><ele>184.8</ele></trkpt>
    <trkpt lat="-33.370224" lon="151.267848"><ele>187.8</ele></trkpt>
    <trkpt lat="-33.370056" lon="151.267559"><ele>192.2</ele></trkpt>
    <trkpt lat="-33.370161" lon="151.267195"><ele>199.1</ele></trkpt>
    <trkpt lat="-33.369678" lon="151.266693"><ele>210.2</ele></trkpt>
    <trkpt lat="-33.368371" lon="151.267828"><ele>224.9</ele></trkpt>
    <trkpt lat="-33.368147" lon="151.268321"><ele>226.6</ele></trkpt>
    <trkpt lat="-33.367860" lon="151.268621"><ele>228.1</ele></trkpt>
    <trkpt lat="-33.367628" lon="151.268654"><ele>228.8</ele></trkpt>
    <trkpt lat="-33.367457" lon="151.268632"><ele>229.1</ele></trkpt>
    <trkpt lat="-33.367332" lon="151.268579"><ele>229.1</ele></trkpt>
    <trkpt lat="-33.367081" lon="151.269083"><ele>228.6</ele></trkpt>
    <trkpt lat="-33.366875" lon="151.269566"><ele>228.9</ele></trkpt>
    <trkpt lat="-33.366463" lon="151.269684"><ele>230.3</ele></trkpt>
    <trkpt lat="-33.366051" lon="151.269834"><ele>232.1</ele></trkpt>
    <trkpt lat="-33.365809" lon="151.269909"><ele>232.8</ele></trkpt>
    <trkpt lat="-33.365629" lon="151.270038"><ele>233.2</ele></trkpt>
    <trkpt lat="-33.365423" lon="151.270392"><ele>234.6</ele></trkpt>
    <trkpt lat="-33.365289" lon="151.270585"><ele>236.1</ele></trkpt>
    <trkpt lat="-33.365280" lon="151.270971"><ele>238.5</ele></trkpt>
    <trkpt lat="-33.365172" lon="151.271164"><ele>239.7</ele></trkpt>
    <trkpt lat="-33.364981" lon="151.271169"><ele>240.5</ele></trkpt>
    <trkpt lat="-33.364521" lon="151.270159"><ele>240.0</ele></trkpt>
    <trkpt lat="-33.363580" lon="151.269828"><ele>232.9</ele></trkpt>
    <trkpt lat="-33.362431" lon="151.270282"><ele>231.5</ele></trkpt>
    <trkpt lat="-33.362621" lon="151.271626"><ele>239.7</ele></trkpt>
    <trkpt lat="-33.362834" lon="151.273013"><ele>249.0</ele></trkpt>
    <trkpt lat="-33.363003" lon="151.273839"><ele>253.6</ele></trkpt>
    <trkpt lat="-33.363028" lon="151.274069"><ele>255.0</ele></trkpt>
    <trkpt lat="-33.363083" lon="151.274417"><ele>257.2</ele></trkpt>
    <trkpt lat="-33.363343" lon="151.276069"><ele>269.2</ele></trkpt>
    <trkpt lat="-33.363457" lon="151.276795"><ele>270.5</ele></trkpt>
    <trkpt lat="-33.363824" lon="151.279162"><ele>264.1</ele></trkpt>
    <trkpt lat="-33.363972" lon="151.280087"><ele>263.2</ele></trkpt>
    <trkpt lat="-33.364056" lon="151.280634"><ele>263.0</ele></trkpt>
    <trkpt lat="-33.364248" lon="151.281882"><ele>261.2</ele></trkpt>
    <trkpt lat="-33.364357" lon="151.282592"><ele>260.3</ele></trkpt>
    <trkpt lat="-33.364419" lon="151.282997"><ele>260.8</ele></trkpt>
    <trkpt lat="-33.364440" lon="151.283130"><ele>261.0</ele></trkpt>
    <trkpt lat="-33.364507" lon="151.283565"><ele>261.6</ele></trkpt>
    <trkpt lat="-33.364541" lon="151.283785"><ele>262.0</ele></trkpt>
    <trkpt lat="-33.364636" lon="151.284408"><ele>263.3</ele></trkpt>
    <trkpt lat="-33.365281" lon="151.288604"><ele>267.8</ele></trkpt>
    <trkpt lat="-33.365558" lon="151.290125"><ele>271.8</ele></trkpt>
    <trkpt lat="-33.363551" lon="151.290574"><ele>288.9</ele></trkpt>
    <trkpt lat="-33.361528" lon="151.291031"><ele>301.8</ele></trkpt>
    <trkpt lat="-33.360845" lon="151.291118"><ele>303.7</ele></trkpt>
    <trkpt lat="-33.360711" lon="151.291088"><ele>304.1</ele></trkpt>
    <trkpt lat="-33.360408" lon="151.291020"><ele>303.6</ele></trkpt>
    <trkpt lat="-33.360108" lon="151.290883"><ele>301.7</ele></trkpt>
    <trkpt lat="-33.359895" lon="151.290779"><ele>300.0</ele></trkpt>
    <trkpt lat="-33.359261" lon="151.290447"><ele>294.2</ele></trkpt>
    <trkpt lat="-33.359117" lon="151.290392"><ele>292.9</ele></trkpt>
    <trkpt lat="-33.358577" lon="151.290302"><ele>290.0</ele></trkpt>
    <trkpt lat="-33.358078" lon="151.290282"><ele>288.4</ele></trkpt>
    <trkpt lat="-33.357729" lon="151.290326"><ele>287.9</ele></trkpt>
    <trkpt lat="-33.357685" lon="151.290300"><ele>287.8</ele></trkpt>
    <trkpt lat="-33.357606" lon="151.290306"><ele>287.7</ele></trkpt>
    <trkpt lat="-33.356969" lon="151.290353"><ele>286.9</ele></trkpt>
    <trkpt lat="-33.356722" lon="151.290357"><ele>286.9</ele></trkpt>
    <trkpt lat="-33.356506" lon="151.290374"><ele>286.7</ele></trkpt>
    <trkpt lat="-33.356025" lon="151.290403"><ele>286.1</ele></trkpt>
    <trkpt lat="-33.355778" lon="151.290422"><ele>286.0</ele></trkpt>
    <trkpt lat="-33.355418" lon="151.290453"><ele>285.7</ele></trkpt>
    <trkpt lat="-33.355207" lon="151.290498"><ele>285.4</ele></trkpt>
    <trkpt lat="-33.354074" lon="151.290568"><ele>284.6</ele></trkpt>
    <trkpt lat="-33.353947" lon="151.290571"><ele>284.5</ele></trkpt>
    <trkpt lat="-33.353820" lon="151.290571"><ele>284.5</ele></trkpt>
    <trkpt lat="-33.353665" lon="151.290564"><ele>284.6</ele></trkpt>
    <trkpt lat="-33.353541" lon="151.290552"><ele>284.6</ele></trkpt>
    <trkpt lat="-33.353093" lon="151.290494"><ele>285.1</ele></trkpt>
    <trkpt lat="-33.352213" lon="151.290357"><ele>288.7</ele></trkpt>
    <trkpt lat="-33.351515" lon="151.290250"><ele>289.7</ele></trkpt>
    <trkpt lat="-33.350239" lon="151.290050"><ele>288.4</ele></trkpt>
    <trkpt lat="-33.349911" lon="151.289981"><ele>288.7</ele></trkpt>
    <trkpt lat="-33.349800" lon="151.289938"><ele>288.8</ele></trkpt>
    <trkpt lat="-33.349784" lon="151.290058"><ele>288.6</ele></trkpt>
    <trkpt lat="-33.349808" lon="151.290157"><ele>288.6</ele></trkpt>
    <trkpt lat="-33.350232" lon="151.290905"><ele>286.5</ele></trkpt>
    <trkpt lat="-33.349511" lon="151.291136"><ele>285.2</ele></trkpt>
    <trkpt lat="-33.346957" lon="151.291703"><ele>287.6</ele></trkpt>
    <trkpt lat="-33.344465" lon="151.292225"><ele>273.1</ele></trkpt>
    <trkpt lat="-33.342289" lon="151.292723"><ele>257.7</ele></trkpt>
    <trkpt lat="-33.342161" lon="151.292738"><ele>256.1</ele></trkpt>
    <trkpt lat="-33.341762" lon="151.292785"><ele>251.4</ele></trkpt>
    <trkpt lat="-33.341485" lon="151.292818"><ele>248.4</ele></trkpt>
    <trkpt lat="-33.341253" lon="151.292829"><ele>246.3</ele></trkpt>
    <trkpt lat="-33.340992" lon="151.292845"><ele>244.7</ele></trkpt>
    <trkpt lat="-33.340073" lon="151.293003"><ele>241.9</ele></trkpt>
    <trkpt lat="-33.339802" lon="151.293042"><ele>241.9</ele></trkpt>
    <trkpt lat="-33.339368" lon="151.293099"><ele>244.8</ele></trkpt>
    <trkpt lat="-33.339295" lon="151.293121"><ele>245.5</ele></trkpt>
    <trkpt lat="-33.339240" lon="151.293186"><ele>246.3</ele></trkpt>
    <trkpt lat="-33.339097" lon="151.293369"><ele>248.2</ele></trkpt>
    <trkpt lat="-33.336323" lon="151.293973"><ele>278.3</ele></trkpt>
    <trkpt lat="-33.333953" lon="151.294682"><ele>267.4</ele></trkpt>
    <trkpt lat="-33.334278" lon="151.295026"><ele>266.6</ele></trkpt>
    <trkpt lat="-33.334153" lon="151.295594"><ele>259.7</ele></trkpt>
    <trkpt lat="-33.333366" lon="151.296476"><ele>236.4</ele></trkpt>
    <trkpt lat="-33.332816" lon="151.297418"><ele>218.7</ele></trkpt>
    <trkpt lat="-33.331904" lon="151.298121"><ele>203.2</ele></trkpt>
    <trkpt lat="-33.331230" lon="151.297942"><ele>182.3</ele></trkpt>
    <trkpt lat="-33.330880" lon="151.297598"><ele>168.1</ele></trkpt>
    <trkpt lat="-33.329918" lon="151.297807"><ele>142.1</ele></trkpt>
    <trkpt lat="-33.329656" lon="151.298181"><ele>129.7</ele></trkpt>
    <trkpt lat="-33.329268" lon="151.298001"><ele>117.1</ele></trkpt>
    <trkpt lat="-33.328981" lon="151.297254"><ele>101.8</ele></trkpt>
    <trkpt lat="-33.329181" lon="151.296865"><ele>98.3</ele></trkpt>
    <trkpt lat="-33.327882" lon="151.296611"><ele>103.8</ele></trkpt>
    <trkpt lat="-33.327420" lon="151.297493"><ele>106.0</ele></trkpt>
    <trkpt lat="-33.326870" lon="151.298330"><ele>108.8</ele></trkpt>
    <trkpt lat="-33.326258" lon="151.298644"><ele>113.3</ele></trkpt>
    <trkpt lat="-33.325795" lon="151.298166"><ele>128.7</ele></trkpt>
    <trkpt lat="-33.325820" lon="151.296940"><ele>173.1</ele></trkpt>
    <trkpt lat="-33.324908" lon="151.297673"><ele>191.6</ele></trkpt>
    <trkpt lat="-33.324371" lon="151.297732"><ele>193.1</ele></trkpt>
    <trkpt lat="-33.323431" lon="151.298650"><ele>180.9</ele></trkpt>
    <trkpt lat="-33.323296" lon="151.298841"><ele>178.9</ele></trkpt>
    <trkpt lat="-33.323215" lon="151.298958"><ele>177.9</ele></trkpt>
    <trkpt lat="-33.323128" lon="151.298970"><ele>177.2</ele></trkpt>
    <trkpt lat="-33.323094" lon="151.298889"><ele>176.6</ele></trkpt>
    <trkpt lat="-33.323145" lon="151.298660"><ele>175.1</ele></trkpt>
    <trkpt lat="-33.323256" lon="151.298280"><ele>172.7</ele></trkpt>
    <trkpt lat="-33.323632" lon="151.297193"><ele>162.4</ele></trkpt>
    <trkpt lat="-33.322048" lon="151.297942"><ele>114.1</ele></trkpt>
    <trkpt lat="-33.321760" lon="151.298570"><ele>112.7</ele></trkpt>
    <trkpt lat="-33.320399" lon="151.299541"><ele>119.2</ele></trkpt>
    <trkpt lat="-33.320011" lon="151.299317"><ele>114.4</ele></trkpt>
    <trkpt lat="-33.317448" lon="151.299946"><ele>51.6</ele></trkpt>
    <trkpt lat="-33.317478" lon="151.299388"><ele>45.9</ele></trkpt>
    <trkpt lat="-33.317374" lon="151.299133"><ele>43.2</ele></trkpt>
    <trkpt lat="-33.317208" lon="151.298957"><ele>41.1</ele></trkpt>
    <trkpt lat="-33.316224" lon="151.298775"><ele>37.3</ele></trkpt>
    <trkpt lat="-33.315905" lon="151.298576"><ele>37.3</ele></trkpt>
    <trkpt lat="-33.315711" lon="151.298361"><ele>36.6</ele></trkpt>
    <trkpt lat="-33.315559" lon="151.298046"><ele>35.9</ele></trkpt>
    <trkpt lat="-33.315337" lon="151.297266"><ele>37.1</ele></trkpt>
    <trkpt lat="-33.315198" lon="151.296271"><ele>36.6</ele></trkpt>
    <trkpt lat="-33.315624" lon="151.295775"><ele>34.7</ele></trkpt>
    <trkpt lat="-33.315790" lon="151.295493"><ele>35.2</ele></trkpt>
    <trkpt lat="-33.315859" lon="151.295128"><ele>36.5</ele></trkpt>
    <trkpt lat="-33.315857" lon="151.295073"><ele>36.7</ele></trkpt>
    <trkpt lat="-33.315765" lon="151.293126"><ele>34.1</ele></trkpt>
    <trkpt lat="-33.315705" lon="151.292088"><ele>34.9</ele></trkpt>
    <trkpt lat="-33.315539" lon="151.291574"><ele>34.2</ele></trkpt>
    <trkpt lat="-33.315109" lon="151.290613"><ele>36.3</ele></trkpt>
    <trkpt lat="-33.315054" lon="151.290413"><ele>37.3</ele></trkpt>
    <trkpt lat="-33.314903" lon="151.289840"><ele>42.0</ele></trkpt>
    <trkpt lat="-33.314764" lon="151.289492"><ele>46.0</ele></trkpt>
    <trkpt lat="-33.314512" lon="151.289054"><ele>52.2</ele></trkpt>
    <trkpt lat="-33.314179" lon="151.288723"><ele>54.2</ele></trkpt>
    <trkpt lat="-33.313719" lon="151.288406"><ele>49.7</ele></trkpt>
    <trkpt lat="-33.313248" lon="151.288191"><ele>41.3</ele></trkpt>
    <trkpt lat="-33.313054" lon="151.288191"><ele>38.7</ele></trkpt>
    <trkpt lat="-33.312790" lon="151.288357"><ele>34.9</ele></trkpt>
    <trkpt lat="-33.312444" lon="151.288474"><ele>31.6</ele></trkpt>
    <trkpt lat="-33.312083" lon="151.288408"><ele>31.9</ele></trkpt>
    <trkpt lat="-33.311363" lon="151.288109"><ele>33.2</ele></trkpt>
    <trkpt lat="-33.311087" lon="151.288039"><ele>33.9</ele></trkpt>
    <trkpt lat="-33.310614" lon="151.287894"><ele>35.4</ele></trkpt>
    <trkpt lat="-33.309992" lon="151.287401"><ele>40.7</ele></trkpt>
    <trkpt lat="-33.309622" lon="151.287139"><ele>45.0</ele></trkpt>
    <trkpt lat="-33.309378" lon="151.286810"><ele>48.6</ele></trkpt>
    <trkpt lat="-33.307690" lon="151.283136"><ele>52.8</ele></trkpt>
    <trkpt lat="-33.307262" lon="151.282383"><ele>57.7</ele></trkpt>
    <trkpt lat="-33.306685" lon="151.281693"><ele>55.9</ele></trkpt>
    <trkpt lat="-33.305857" lon="151.281081"><ele>54.4</ele></trkpt>
    <trkpt lat="-33.304279" lon="151.280717"><ele>63.8</ele></trkpt>
    <trkpt lat="-33.303530" lon="151.280738"><ele>66.4</ele></trkpt>
    <trkpt lat="-33.302458" lon="151.280381"><ele>68.7</ele></trkpt>
    <trkpt lat="-33.301568" lon="151.280005"><ele>63.7</ele></trkpt>
    <trkpt lat="-33.300301" lon="151.278894"><ele>57.7</ele></trkpt>
    <trkpt lat="-33.299741" lon="151.278989"><ele>53.3</ele></trkpt>
    <trkpt lat="-33.299047" lon="151.279908"><ele>51.7</ele></trkpt>
    <trkpt lat="-33.298150" lon="151.280513"><ele>60.5</ele></trkpt>
    <trkpt lat="-33.297350" lon="151.280480"><ele>66.3</ele></trkpt>
    <trkpt lat="-33.296644" lon="151.280936"><ele>65.0</ele></trkpt>
    <trkpt lat="-33.296437" lon="151.281249"><ele>63.1</ele></trkpt>
    <trkpt lat="-33.295961" lon="151.281593"><ele>60.5</ele></trkpt>
    <trkpt lat="-33.295403" lon="151.281154"><ele>61.6</ele></trkpt>
    <trkpt lat="-33.294922" lon="151.280097"><ele>63.6</ele></trkpt>
    <trkpt lat="-33.293990" lon="151.279324"><ele>62.6</ele></trkpt>
    <trkpt lat="-33.293582" lon="151.278559"><ele>64.8</ele></trkpt>
    <trkpt lat="-33.292863" lon="151.278049"><ele>63.6</ele></trkpt>
    <trkpt lat="-33.292534" lon="151.277663"><ele>64.5</ele></trkpt>
    <trkpt lat="-33.291340" lon="151.276912"><ele>65.7</ele></trkpt>
    <trkpt lat="-33.290225" lon="151.275571"><ele>69.1</ele></trkpt>
    <trkpt lat="-33.289451" lon="151.274973"><ele>68.9</ele></trkpt>
    <trkpt lat="-33.289055" lon="151.274835"><ele>70.7</ele></trkpt>
    <trkpt lat="-33.288391" lon="151.274142"><ele>75.4</ele></trkpt>
    <trkpt lat="-33.288153" lon="151.273311"><ele>74.4</ele></trkpt>
    <trkpt lat="-33.287934" lon="151.272021"><ele>69.0</ele></trkpt>
    <trkpt lat="-33.288026" lon="151.270250"><ele>68.5</ele></trkpt>
    <trkpt lat="-33.289250" lon="151.267364"><ele>72.9</ele></trkpt>
    <trkpt lat="-33.288933" lon="151.265017"><ele>77.3</ele></trkpt>
    <trkpt lat="-33.288958" lon="151.264594"><ele>75.2</ele></trkpt>
    <trkpt lat="-33.288726" lon="151.264346"><ele>72.2</ele></trkpt>
    <trkpt lat="-33.288824" lon="151.263822"><ele>67.0</ele></trkpt>
    <trkpt lat="-33.288442" lon="151.263492"><ele>66.9</ele></trkpt>
    <trkpt lat="-33.288019" lon="151.263348"><ele>73.1</ele></trkpt>
    <trkpt lat="-33.287489" lon="151.263902"><ele>90.3</ele></trkpt>
    <trkpt lat="-33.286959" lon="151.264878"><ele>107.6</ele></trkpt>
    <trkpt lat="-33.285795" lon="151.266584"><ele>124.2</ele></trkpt>
    <trkpt lat="-33.285668" lon="151.267101"><ele>134.7</ele></trkpt>
    <trkpt lat="-33.284071" lon="151.268340"><ele>194.4</ele></trkpt>
    <trkpt lat="-33.282804" lon="151.268632"><ele>229.9</ele></trkpt>
    <trkpt lat="-33.282304" lon="151.268435"><ele>242.6</ele></trkpt>
    <trkpt lat="-33.282505" lon="151.268989"><ele>251.2</ele></trkpt>
    <trkpt lat="-33.282444" lon="151.269725"><ele>260.6</ele></trkpt>
    <trkpt lat="-33.281805" lon="151.270323"><ele>266.1</ele></trkpt>
    <trkpt lat="-33.281482" lon="151.270695"><ele>265.0</ele></trkpt>
    <trkpt lat="-33.280580" lon="151.270746"><ele>260.9</ele></trkpt>
    <trkpt lat="-33.279900" lon="151.271107"><ele>257.1</ele></trkpt>
    <trkpt lat="-33.279595" lon="151.270990"><ele>255.1</ele></trkpt>
    <trkpt lat="-33.279020" lon="151.271227"><ele>252.9</ele></trkpt>
    <trkpt lat="-33.277856" lon="151.271712"><ele>256.4</ele></trkpt>
    <trkpt lat="-33.277439" lon="151.271803"><ele>259.9</ele></trkpt>
    <trkpt lat="-33.277021" lon="151.271759"><ele>262.8</ele></trkpt>
    <trkpt lat="-33.276473" lon="151.271183"><ele>266.5</ele></trkpt>
    <trkpt lat="-33.276266" lon="151.270374"><ele>266.9</ele></trkpt>
    <trkpt lat="-33.276023" lon="151.270208"><ele>266.0</ele></trkpt>
    <trkpt lat="-33.275748" lon="151.270177"><ele>265.3</ele></trkpt>
    <trkpt lat="-33.275304" lon="151.270361"><ele>265.1</ele></trkpt>
    <trkpt lat="-33.274951" lon="151.270592"><ele>266.0</ele></trkpt>
    <trkpt lat="-33.274775" lon="151.270769"><ele>266.6</ele></trkpt>
    <trkpt lat="-33.274646" lon="151.270977"><ele>266.8</ele></trkpt>
    <trkpt lat="-33.274381" lon="151.271425"><ele>268.0</ele></trkpt>
    <trkpt lat="-33.274204" lon="151.271483"><ele>268.5</ele></trkpt>
    <trkpt lat="-33.273632" lon="151.271280"><ele>267.9</ele></trkpt>
    <trkpt lat="-33.273240" lon="151.270824"><ele>268.6</ele></trkpt>
    <trkpt lat="-33.272409" lon="151.270120"><ele>270.1</ele></trkpt>
    <trkpt lat="-33.271778" lon="151.269979"><ele>266.1</ele></trkpt>
    <trkpt lat="-33.271421" lon="151.269906"><ele>264.2</ele></trkpt>
    <trkpt lat="-33.271128" lon="151.269768"><ele>263.2</ele></trkpt>
    <trkpt lat="-33.270877" lon="151.269546"><ele>262.1</ele></trkpt>
    <trkpt lat="-33.270349" lon="151.269113"><ele>261.5</ele></trkpt>
    <trkpt lat="-33.269969" lon="151.268714"><ele>263.9</ele></trkpt>
    <trkpt lat="-33.269769" lon="151.268498"><ele>267.1</ele></trkpt>
    <trkpt lat="-33.269579" lon="151.268500"><ele>269.7</ele></trkpt>
    <trkpt lat="-33.269146" lon="151.268642"><ele>275.8</ele></trkpt>
    <trkpt lat="-33.268639" lon="151.268612"><ele>281.1</ele></trkpt>
    <trkpt lat="-33.268391" lon="151.268346"><ele>283.1</ele></trkpt>
    <trkpt lat="-33.268063" lon="151.268011"><ele>285.4</ele></trkpt>
    <trkpt lat="-33.267643" lon="151.267765"><ele>287.9</ele></trkpt>
    <trkpt lat="-33.267357" lon="151.267757"><ele>289.3</ele></trkpt>
    <trkpt lat="-33.267052" lon="151.267903"><ele>290.4</ele></trkpt>
    <trkpt lat="-33.266528" lon="151.267889"><ele>290.1</ele></trkpt>
    <trkpt lat="-33.265791" lon="151.267524"><ele>286.7</ele></trkpt>
    <trkpt lat="-33.265452" lon="151.267194"><ele>285.4</ele></trkpt>
    <trkpt lat="-33.265212" lon="151.266820"><ele>285.8</ele></trkpt>
    <trkpt lat="-33.264830" lon="151.266476"><ele>287.9</ele></trkpt>
    <trkpt lat="-33.264086" lon="151.265945"><ele>300.3</ele></trkpt>
    <trkpt lat="-33.263457" lon="151.265423"><ele>316.1</ele></trkpt>
    <trkpt lat="-33.262977" lon="151.264874"><ele>324.7</ele></trkpt>
    <trkpt lat="-33.262576" lon="151.264674"><ele>326.8</ele></trkpt>
    <trkpt lat="-33.262235" lon="151.264770"><ele>327.4</ele></trkpt>
    <trkpt lat="-33.261755" lon="151.265085"><ele>327.0</ele></trkpt>
    <trkpt lat="-33.261177" lon="151.265600"><ele>324.3</ele></trkpt>
    <trkpt lat="-33.260925" lon="151.265816"><ele>322.1</ele></trkpt>
    <trkpt lat="-33.260522" lon="151.266177"><ele>318.8</ele></trkpt>
    <trkpt lat="-33.260081" lon="151.266622"><ele>317.4</ele></trkpt>
    <trkpt lat="-33.259544" lon="151.266890"><ele>317.6</ele></trkpt>
    <trkpt lat="-33.258952" lon="151.267196"><ele>317.2</ele></trkpt>
    <trkpt lat="-33.258635" lon="151.267262"><ele>316.5</ele></trkpt>
    <trkpt lat="-33.257983" lon="151.267473"><ele>318.0</ele></trkpt>
    <trkpt lat="-33.256977" lon="151.267562"><ele>319.4</ele></trkpt>
    <trkpt lat="-33.256588" lon="151.267648"><ele>319.4</ele></trkpt>
    <trkpt lat="-33.256186" lon="151.267847"><ele>320.3</ele></trkpt>
    <trkpt lat="-33.255972" lon="151.267881"><ele>321.2</ele></trkpt>
    <trkpt lat="-33.255314" lon="151.268282"><ele>325.8</ele></trkpt>
    <trkpt lat="-33.254620" lon="151.268320"><ele>332.7</ele></trkpt>
    <trkpt lat="-33.254122" lon="151.268421"><ele>336.9</ele></trkpt>
    <trkpt lat="-33.253987" lon="151.268466"><ele>337.7</ele></trkpt>
    <trkpt lat="-33.252910" lon="151.268824"><ele>337.9</ele></trkpt>
    <trkpt lat="-33.251563" lon="151.268890"><ele>343.0</ele></trkpt>
    <trkpt lat="-33.250942" lon="151.269489"><ele>344.0</ele></trkpt>
    <trkpt lat="-33.250645" lon="151.269027"><ele>342.7</ele></trkpt>
    <trkpt lat="-33.249353" lon="151.267697"><ele>334.2</ele></trkpt>
    <trkpt lat="-33.247702" lon="151.264907"><ele>320.4</ele></trkpt>
    <trkpt lat="-33.246428" lon="151.262976"><ele>322.7</ele></trkpt>
    <trkpt lat="-33.245983" lon="151.262562"><ele>322.6</ele></trkpt>
    <trkpt lat="-33.245782" lon="151.262375"><ele>322.1</ele></trkpt>
    <trkpt lat="-33.245028" lon="151.262054"><ele>317.5</ele></trkpt>
    <trkpt lat="-33.244633" lon="151.261753"><ele>314.0</ele></trkpt>
    <trkpt lat="-33.244454" lon="151.261453"><ele>311.9</ele></trkpt>
    <trkpt lat="-33.244418" lon="151.260916"><ele>310.1</ele></trkpt>
    <trkpt lat="-33.244382" lon="151.260401"><ele>309.3</ele></trkpt>
    <trkpt lat="-33.244312" lon="151.260163"><ele>309.2</ele></trkpt>
    <trkpt lat="-33.244165" lon="151.259935"><ele>309.2</ele></trkpt>
    <trkpt lat="-33.243983" lon="151.259814"><ele>309.1</ele></trkpt>
    <trkpt lat="-33.243639" lon="151.259674"><ele>309.0</ele></trkpt>
    <trkpt lat="-33.243360" lon="151.259559"><ele>309.1</ele></trkpt>
    <trkpt lat="-33.243121" lon="151.259379"><ele>309.4</ele></trkpt>
    <trkpt lat="-33.242928" lon="151.258964"><ele>310.1</ele></trkpt>
    <trkpt lat="-33.242695" lon="151.258277"><ele>311.3</ele></trkpt>
    <trkpt lat="-33.242677" lon="151.257526"><ele>311.9</ele></trkpt>
    <trkpt lat="-33.242649" lon="151.256700"><ele>312.3</ele></trkpt>
    <trkpt lat="-33.242618" lon="151.256567"><ele>312.5</ele></trkpt>
    <trkpt lat="-33.242770" lon="151.256430"><ele>313.0</ele></trkpt>
    <trkpt lat="-33.242866" lon="151.256293"><ele>313.4</ele></trkpt>
    <trkpt lat="-33.242925" lon="151.256179"><ele>313.7</ele></trkpt>
    <trkpt lat="-33.242960" lon="151.256033"><ele>314.4</ele></trkpt>
    <trkpt lat="-33.242973" lon="151.255898"><ele>315.0</ele></trkpt>
    <trkpt lat="-33.242959" lon="151.255776"><ele>315.8</ele></trkpt>
    <trkpt lat="-33.242934" lon="151.255668"><ele>316.5</ele></trkpt>
    <trkpt lat="-33.242904" lon="151.255585"><ele>317.1</ele></trkpt>
    <trkpt lat="-33.242853" lon="151.255492"><ele>317.9</ele></trkpt>
    <trkpt lat="-33.242782" lon="151.255400"><ele>318.8</ele></trkpt>
    <trkpt lat="-33.242678" lon="151.255296"><ele>319.9</ele></trkpt>
    <trkpt lat="-33.242531" lon="151.255163"><ele>321.5</ele></trkpt>
    <trkpt lat="-33.241920" lon="151.254649"><ele>328.4</ele></trkpt>
    <trkpt lat="-33.241799" lon="151.254530"><ele>329.7</ele></trkpt>
    <trkpt lat="-33.241706" lon="151.254408"><ele>330.8</ele></trkpt>
    <trkpt lat="-33.241568" lon="151.254158"><ele>333.0</ele></trkpt>
    <trkpt lat="-33.241413" lon="151.253840"><ele>335.7</ele></trkpt>
    <trkpt lat="-33.241255" lon="151.253454"><ele>338.2</ele></trkpt>
    <trkpt lat="-33.241081" lon="151.252973"><ele>340.4</ele></trkpt>
    <trkpt lat="-33.241000" lon="151.252703"><ele>341.1</ele></trkpt>
    <trkpt lat="-33.240916" lon="151.252316"><ele>341.8</ele></trkpt>
    <trkpt lat="-33.240870" lon="151.252052"><ele>341.8</ele></trkpt>
    <trkpt lat="-33.240860" lon="151.251824"><ele>341.8</ele></trkpt>
    <trkpt lat="-33.240864" lon="151.251538"><ele>341.6</ele></trkpt>
    <trkpt lat="-33.240889" lon="151.251235"><ele>341.3</ele></trkpt>
    <trkpt lat="-33.240964" lon="151.250687"><ele>340.9</ele></trkpt>
    <trkpt lat="-33.240989" lon="151.250484"><ele>341.3</ele></trkpt>
    <trkpt lat="-33.241029" lon="151.250148"><ele>342.2</ele></trkpt>
    <trkpt lat="-33.241032" lon="151.249978"><ele>342.8</ele></trkpt>
    <trkpt lat="-33.241033" lon="151.249888"><ele>343.2</ele></trkpt>
    <trkpt lat="-33.241012" lon="151.249529"><ele>344.5</ele></trkpt>
    <trkpt lat="-33.240981" lon="151.249370"><ele>345.0</ele></trkpt>
    <trkpt lat="-33.240971" lon="151.249320"><ele>345.2</ele></trkpt>
    <trkpt lat="-33.240920" lon="151.249123"><ele>345.6</ele></trkpt>
    <trkpt lat="-33.240815" lon="151.248853"><ele>345.3</ele></trkpt>
    <trkpt lat="-33.240722" lon="151.248672"><ele>344.8</ele></trkpt>
    <trkpt lat="-33.240630" lon="151.248522"><ele>344.2</ele></trkpt>
    <trkpt lat="-33.240533" lon="151.248390"><ele>343.6</ele></trkpt>
    <trkpt lat="-33.240151" lon="151.247872"><ele>340.2</ele></trkpt>
    <trkpt lat="-33.240039" lon="151.248055"><ele>338.9</ele></trkpt>
    <trkpt lat="-33.239985" lon="151.248170"><ele>338.1</ele></trkpt>
    <trkpt lat="-33.239935" lon="151.248271"><ele>337.1</ele></trkpt>
    <trkpt lat="-33.239865" lon="151.248349"><ele>336.1</ele></trkpt>
    <trkpt lat="-33.239773" lon="151.248404"><ele>334.9</ele></trkpt>
    <trkpt lat="-33.239659" lon="151.248450"><ele>332.8</ele></trkpt>
    <trkpt lat="-33.239547" lon="151.248414"><ele>330.8</ele></trkpt>
    <trkpt lat="-33.237970" lon="151.248647"><ele>310.5</ele></trkpt>
    <trkpt lat="-33.237686" lon="151.248867"><ele>306.5</ele></trkpt>
    <trkpt lat="-33.236054" lon="151.249149"><ele>270.7</ele></trkpt>
    <trkpt lat="-33.235892" lon="151.249074"><ele>269.8</ele></trkpt>
    <trkpt lat="-33.235614" lon="151.249117"><ele>269.3</ele></trkpt>
    <trkpt lat="-33.235299" lon="151.249301"><ele>269.1</ele></trkpt>
    <trkpt lat="-33.235034" lon="151.249392"><ele>268.6</ele></trkpt>
    <trkpt lat="-33.235038" lon="151.249721"><ele>268.6</ele></trkpt>
    <trkpt lat="-33.235761" lon="151.249882"><ele>268.1</ele></trkpt>
    <trkpt lat="-33.235811" lon="151.250565"><ele>265.9</ele></trkpt>
    <trkpt lat="-33.234996" lon="151.251299"><ele>256.1</ele></trkpt>
    <trkpt lat="-33.235971" lon="151.252434"><ele>248.3</ele></trkpt>
    <trkpt lat="-33.237518" lon="151.252002"><ele>253.8</ele></trkpt>
    <trkpt lat="-33.237989" lon="151.253473"><ele>249.9</ele></trkpt>
    <trkpt lat="-33.238741" lon="151.254638"><ele>234.9</ele></trkpt>
    <trkpt lat="-33.239220" lon="151.254739"><ele>226.8</ele></trkpt>
    <trkpt lat="-33.239502" lon="151.255814"><ele>228.9</ele></trkpt>
    <trkpt lat="-33.238758" lon="151.257663"><ele>235.7</ele></trkpt>
    <trkpt lat="-33.235757" lon="151.259633"><ele>210.4</ele></trkpt>
    <trkpt lat="-33.235782" lon="151.260276"><ele>213.3</ele></trkpt>
    <trkpt lat="-33.235988" lon="151.260573"><ele>214.8</ele></trkpt>
    <trkpt lat="-33.236551" lon="151.261090"><ele>216.4</ele></trkpt>
    <trkpt lat="-33.238241" lon="151.260613"><ele>207.2</ele></trkpt>
    <trkpt lat="-33.238850" lon="151.261477"><ele>197.4</ele></trkpt>
    <trkpt lat="-33.236791" lon="151.263226"><ele>174.6</ele></trkpt>
    <trkpt lat="-33.234605" lon="151.266060"><ele>154.9</ele></trkpt>
    <trkpt lat="-33.233361" lon="151.266482"><ele>138.1</ele></trkpt>
    <trkpt lat="-33.233328" lon="151.267266"><ele>135.0</ele></trkpt>
    <trkpt lat="-33.232016" lon="151.267889"><ele>122.6</ele></trkpt>
    <trkpt lat="-33.231058" lon="151.269437"><ele>108.1</ele></trkpt>
    <trkpt lat="-33.229343" lon="151.270743"><ele>94.5</ele></trkpt>
    <trkpt lat="-33.228015" lon="151.271045"><ele>91.6</ele></trkpt>
    <trkpt lat="-33.226636" lon="151.272351"><ele>81.4</ele></trkpt>
    <trkpt lat="-33.225411" lon="151.272446"><ele>70.8</ele></trkpt>
    <trkpt lat="-33.225021" lon="151.273382"><ele>75.1</ele></trkpt>
    <trkpt lat="-33.224662" lon="151.274219"><ele>74.1</ele></trkpt>
    <trkpt lat="-33.224472" lon="151.275025"><ele>73.0</ele></trkpt>
    <trkpt lat="-33.224452" lon="151.275681"><ele>70.9</ele></trkpt>
    <trkpt lat="-33.224557" lon="151.276524"><ele>65.7</ele></trkpt>
    <trkpt lat="-33.224704" lon="151.277391"><ele>57.5</ele></trkpt>
    <trkpt lat="-33.224717" lon="151.277594"><ele>54.9</ele></trkpt>
    <trkpt lat="-33.224695" lon="151.277678"><ele>53.7</ele></trkpt>
    <trkpt lat="-33.224658" lon="151.277759"><ele>52.5</ele></trkpt>
    <trkpt lat="-33.224147" lon="151.278405"><ele>40.4</ele></trkpt>
    <trkpt lat="-33.224046" lon="151.278565"><ele>38.2</ele></trkpt>
    <trkpt lat="-33.223550" lon="151.278164"><ele>33.4</ele></trkpt>
    <trkpt lat="-33.223059" lon="151.277766"><ele>32.3</ele></trkpt>
    <trkpt lat="-33.222713" lon="151.277503"><ele>32.2</ele></trkpt>
    <trkpt lat="-33.222584" lon="151.277434"><ele>32.2</ele></trkpt>
    <trkpt lat="-33.222188" lon="151.277334"><ele>32.5</ele></trkpt>
    <trkpt lat="-33.221708" lon="151.277225"><ele>32.0</ele></trkpt>
    <trkpt lat="-33.221272" lon="151.277128"><ele>31.7</ele></trkpt>
    <trkpt lat="-33.221038" lon="151.277074"><ele>31.2</ele></trkpt>
    <trkpt lat="-33.220887" lon="151.277014"><ele>30.8</ele></trkpt>
    <trkpt lat="-33.220774" lon="151.276949"><ele>30.5</ele></trkpt>
    <trkpt lat="-33.220699" lon="151.276885"><ele>30.3</ele></trkpt>
    <trkpt lat="-33.220625" lon="151.276800"><ele>30.0</ele></trkpt>
    <trkpt lat="-33.220569" lon="151.276725"><ele>29.9</ele></trkpt>
    <trkpt lat="-33.220231" lon="151.276118"><ele>29.5</ele></trkpt>
    <trkpt lat="-33.220037" lon="151.275806"><ele>30.8</ele></trkpt>
    <trkpt lat="-33.219716" lon="151.275467"><ele>33.2</ele></trkpt>
    <trkpt lat="-33.219525" lon="151.275284"><ele>34.8</ele></trkpt>
    <trkpt lat="-33.219406" lon="151.275192"><ele>35.9</ele></trkpt>
    <trkpt lat="-33.219322" lon="151.275135"><ele>36.7</ele></trkpt>
    <trkpt lat="-33.219234" lon="151.275096"><ele>37.5</ele></trkpt>
    <trkpt lat="-33.219149" lon="151.275076"><ele>38.3</ele></trkpt>
    <trkpt lat="-33.219083" lon="151.275066"><ele>38.9</ele></trkpt>
    <trkpt lat="-33.219002" lon="151.275059"><ele>39.6</ele></trkpt>
    <trkpt lat="-33.218935" lon="151.275063"><ele>40.3</ele></trkpt>
    <trkpt lat="-33.218863" lon="151.275075"><ele>41.0</ele></trkpt>
    <trkpt lat="-33.218773" lon="151.275104"><ele>41.8</ele></trkpt>
    <trkpt lat="-33.218665" lon="151.275151"><ele>43.0</ele></trkpt>
    <trkpt lat="-33.218447" lon="151.275280"><ele>45.4</ele></trkpt>
    <trkpt lat="-33.218243" lon="151.275397"><ele>47.2</ele></trkpt>
    <trkpt lat="-33.218095" lon="151.275457"><ele>48.0</ele></trkpt>
    <trkpt lat="-33.217854" lon="151.275540"><ele>48.7</ele></trkpt>
    <trkpt lat="-33.217555" lon="151.275649"><ele>48.3</ele></trkpt>
    <trkpt lat="-33.217135" lon="151.275797"><ele>45.9</ele></trkpt>
    <trkpt lat="-33.216868" lon="151.275882"><ele>43.9</ele></trkpt>
    <trkpt lat="-33.216737" lon="151.275909"><ele>42.8</ele></trkpt>
    <trkpt lat="-33.216612" lon="151.275922"><ele>41.7</ele></trkpt>
    <trkpt lat="-33.216244" lon="151.275945"><ele>38.4</ele></trkpt>
    <trkpt lat="-33.215711" lon="151.275951"><ele>35.0</ele></trkpt>
    <trkpt lat="-33.215018" lon="151.275930"><ele>32.8</ele></trkpt>
    <trkpt lat="-33.214710" lon="151.275911"><ele>32.6</ele></trkpt>
    <trkpt lat="-33.214385" lon="151.275888"><ele>32.7</ele></trkpt>
    <trkpt lat="-33.214211" lon="151.275869"><ele>32.7</ele></trkpt>
    <trkpt lat="-33.214089" lon="151.275846"><ele>32.8</ele></trkpt>
    <trkpt lat="-33.213988" lon="151.275815"><ele>32.8</ele></trkpt>
    <trkpt lat="-33.213809" lon="151.275746"><ele>33.0</ele></trkpt>
    <trkpt lat="-33.213653" lon="151.275676"><ele>33.3</ele></trkpt>
    <trkpt lat="-33.213028" lon="151.275368"><ele>35.5</ele></trkpt>
    <trkpt lat="-33.212573" lon="151.275141"><ele>38.2</ele></trkpt>
    <trkpt lat="-33.212478" lon="151.275100"><ele>38.8</ele></trkpt>
    <trkpt lat="-33.212389" lon="151.275076"><ele>39.3</ele></trkpt>
    <trkpt lat="-33.212314" lon="151.275070"><ele>39.7</ele></trkpt>
    <trkpt lat="-33.212247" lon="151.275074"><ele>40.1</ele></trkpt>
    <trkpt lat="-33.212173" lon="151.275091"><ele>40.5</ele></trkpt>
    <trkpt lat="-33.212086" lon="151.275129"><ele>40.7</ele></trkpt>
    <trkpt lat="-33.212023" lon="151.275172"><ele>40.9</ele></trkpt>
    <trkpt lat="-33.211929" lon="151.275247"><ele>41.2</ele></trkpt>
    <trkpt lat="-33.211849" lon="151.275332"><ele>41.5</ele></trkpt>
    <trkpt lat="-33.211741" lon="151.275465"><ele>41.8</ele></trkpt>
    <trkpt lat="-33.211417" lon="151.275867"><ele>41.2</ele></trkpt>
    <trkpt lat="-33.211115" lon="151.276228"><ele>39.3</ele></trkpt>
    <trkpt lat="-33.210910" lon="151.276394"><ele>38.2</ele></trkpt>
    <trkpt lat="-33.210723" lon="151.276525"><ele>37.2</ele></trkpt>
    <trkpt lat="-33.210582" lon="151.276645"><ele>36.3</ele></trkpt>
    <trkpt lat="-33.210497" lon="151.276704"><ele>35.9</ele></trkpt>
    <trkpt lat="-33.210272" lon="151.276851"><ele>35.2</ele></trkpt>
    <trkpt lat="-33.210102" lon="151.276938"><ele>34.8</ele></trkpt>
    <trkpt lat="-33.209956" lon="151.276988"><ele>34.7</ele></trkpt>
    <trkpt lat="-33.209816" lon="151.277019"><ele>34.6</ele></trkpt>
    <trkpt lat="-33.209600" lon="151.277040"><ele>34.8</ele></trkpt>
    <trkpt lat="-33.209025" lon="151.277051"><ele>33.9</ele></trkpt>
    <trkpt lat="-33.208600" lon="151.277047"><ele>31.9</ele></trkpt>
    <trkpt lat="-33.208466" lon="151.277033"><ele>31.0</ele></trkpt>
    <trkpt lat="-33.208344" lon="151.277004"><ele>30.3</ele></trkpt>
    <trkpt lat="-33.208244" lon="151.276976"><ele>29.7</ele></trkpt>
    <trkpt lat="-33.207997" lon="151.276891"><ele>28.6</ele></trkpt>
    <trkpt lat="-33.207511" lon="151.276713"><ele>28.9</ele></trkpt>
    <trkpt lat="-33.207241" lon="151.276621"><ele>30.1</ele></trkpt>
    <trkpt lat="-33.207070" lon="151.276566"><ele>30.9</ele></trkpt>
    <trkpt lat="-33.206923" lon="151.276533"><ele>31.6</ele></trkpt>
    <trkpt lat="-33.206797" lon="151.276510"><ele>32.3</ele></trkpt>
    <trkpt lat="-33.206680" lon="151.276505"><ele>33.0</ele></trkpt>
    <trkpt lat="-33.206532" lon="151.276509"><ele>33.9</ele></trkpt>
    <trkpt lat="-33.206431" lon="151.276522"><ele>34.5</ele></trkpt>
    <trkpt lat="-33.206348" lon="151.276543"><ele>35.1</ele></trkpt>
    <trkpt lat="-33.206261" lon="151.276577"><ele>35.6</ele></trkpt>
    <trkpt lat="-33.206132" lon="151.276645"><ele>36.3</ele></trkpt>
    <trkpt lat="-33.205856" lon="151.276809"><ele>37.4</ele></trkpt>
    <trkpt lat="-33.205634" lon="151.276930"><ele>37.4</ele></trkpt>
    <trkpt lat="-33.205326" lon="151.277090"><ele>36.7</ele></trkpt>
    <trkpt lat="-33.205122" lon="151.277207"><ele>35.6</ele></trkpt>
    <trkpt lat="-33.204721" lon="151.277434"><ele>33.1</ele></trkpt>
    <trkpt lat="-33.204526" lon="151.277526"><ele>32.0</ele></trkpt>
    <trkpt lat="-33.204126" lon="151.277684"><ele>30.4</ele></trkpt>
    <trkpt lat="-33.203777" lon="151.277834"><ele>29.9</ele></trkpt>
    <trkpt lat="-33.203646" lon="151.277913"><ele>29.9</ele></trkpt>
    <trkpt lat="-33.203508" lon="151.278005"><ele>30.2</ele></trkpt>
    <trkpt lat="-33.203392" lon="151.278089"><ele>30.6</ele></trkpt>
    <trkpt lat="-33.203224" lon="151.278229"><ele>31.5</ele></trkpt>
    <trkpt lat="-33.203082" lon="151.278353"><ele>32.3</ele></trkpt>
    <trkpt lat="-33.202886" lon="151.278546"><ele>33.4</ele></trkpt>
    <trkpt lat="-33.202495" lon="151.278965"><ele>34.6</ele></trkpt>
    <trkpt lat="-33.202136" lon="151.279421"><ele>35.0</ele></trkpt>
    <trkpt lat="-33.202045" lon="151.279521"><ele>35.3</ele></trkpt>
    <trkpt lat="-33.201967" lon="151.279593"><ele>35.6</ele></trkpt>
    <trkpt lat="-33.201896" lon="151.279651"><ele>35.8</ele></trkpt>
    <trkpt lat="-33.201802" lon="151.279711"><ele>36.0</ele></trkpt>
    <trkpt lat="-33.201702" lon="151.279769"><ele>36.2</ele></trkpt>
    <trkpt lat="-33.201517" lon="151.279845"><ele>36.8</ele></trkpt>
    <trkpt lat="-33.201235" lon="151.279931"><ele>37.5</ele></trkpt>
    <trkpt lat="-33.201046" lon="151.279995"><ele>37.1</ele></trkpt>
    <trkpt lat="-33.200920" lon="151.280048"><ele>36.6</ele></trkpt>
    <trkpt lat="-33.200804" lon="151.280110"><ele>36.0</ele></trkpt>
    <trkpt lat="-33.200698" lon="151.280177"><ele>35.3</ele></trkpt>
    <trkpt lat="-33.200583" lon="151.280258"><ele>34.6</ele></trkpt>
    <trkpt lat="-33.200265" lon="151.280484"><ele>33.0</ele></trkpt>
    <trkpt lat="-33.200139" lon="151.280565"><ele>32.6</ele></trkpt>
    <trkpt lat="-33.200047" lon="151.280612"><ele>32.4</ele></trkpt>
    <trkpt lat="-33.199975" lon="151.280637"><ele>32.3</ele></trkpt>
    <trkpt lat="-33.199864" lon="151.280653"><ele>32.0</ele></trkpt>
    <trkpt lat="-33.199740" lon="151.280662"><ele>31.8</ele></trkpt>
    <trkpt lat="-33.199630" lon="151.280653"><ele>31.6</ele></trkpt>
    <trkpt lat="-33.199511" lon="151.280631"><ele>31.3</ele></trkpt>
    <trkpt lat="-33.199362" lon="151.280588"><ele>31.1</ele></trkpt>
    <trkpt lat="-33.199258" lon="151.280550"><ele>31.0</ele></trkpt>
    <trkpt lat="-33.199073" lon="151.280462"><ele>30.7</ele></trkpt>
    <trkpt lat="-33.198830" lon="151.280338"><ele>30.2</ele></trkpt>
    <trkpt lat="-33.198600" lon="151.280210"><ele>30.0</ele></trkpt>
    <trkpt lat="-33.198461" lon="151.280144"><ele>30.1</ele></trkpt>
    <trkpt lat="-33.198326" lon="151.280091"><ele>30.4</ele></trkpt>
    <trkpt lat="-33.198191" lon="151.280059"><ele>30.7</ele></trkpt>
    <trkpt lat="-33.198055" lon="151.280043"><ele>31.2</ele></trkpt>
    <trkpt lat="-33.197768" lon="151.280027"><ele>32.2</ele></trkpt>
    <trkpt lat="-33.197480" lon="151.280006"><ele>32.7</ele></trkpt>
    <trkpt lat="-33.197325" lon="151.279983"><ele>32.9</ele></trkpt>
    <trkpt lat="-33.197213" lon="151.279902"><ele>33.0</ele></trkpt>
    <trkpt lat="-33.196776" lon="151.279512"><ele>32.2</ele></trkpt>
    <trkpt lat="-33.196161" lon="151.278906"><ele>31.7</ele></trkpt>
    <trkpt lat="-33.195827" lon="151.278595"><ele>31.1</ele></trkpt>
    <trkpt lat="-33.195550" lon="151.278454"><ele>30.6</ele></trkpt>
    <trkpt lat="-33.195285" lon="151.278391"><ele>30.4</ele></trkpt>
    <trkpt lat="-33.195074" lon="151.278353"><ele>30.3</ele></trkpt>
    <trkpt lat="-33.194888" lon="151.278327"><ele>30.3</ele></trkpt>
    <trkpt lat="-33.194634" lon="151.278278"><ele>30.7</ele></trkpt>
    <trkpt lat="-33.194085" lon="151.277444"><ele>31.6</ele></trkpt>
    <trkpt lat="-33.193011" lon="151.276841"><ele>30.8</ele></trkpt>
    <trkpt lat="-33.192763" lon="151.276739"><ele>30.9</ele></trkpt>
    <trkpt lat="-33.192517" lon="151.276685"><ele>31.4</ele></trkpt>
    <trkpt lat="-33.191707" lon="151.276507"><ele>34.6</ele></trkpt>
    <trkpt lat="-33.191439" lon="151.276484"><ele>36.3</ele></trkpt>
    <trkpt lat="-33.191163" lon="151.276546"><ele>38.1</ele></trkpt>
    <trkpt lat="-33.189210" lon="151.277390"><ele>33.9</ele></trkpt>
    <trkpt lat="-33.188621" lon="151.277592"><ele>37.9</ele></trkpt>
    <trkpt lat="-33.186703" lon="151.277757"><ele>46.7</ele></trkpt>
    <trkpt lat="-33.185594" lon="151.278185"><ele>46.5</ele></trkpt>
    <trkpt lat="-33.185334" lon="151.278212"><ele>46.1</ele></trkpt>
    <trkpt lat="-33.184909" lon="151.278128"><ele>44.2</ele></trkpt>
    <trkpt lat="-33.184631" lon="151.277987"><ele>42.9</ele></trkpt>
    <trkpt lat="-33.184213" lon="151.277699"><ele>39.3</ele></trkpt>
    <trkpt lat="-33.183455" lon="151.277033"><ele>35.3</ele></trkpt>
    <trkpt lat="-33.182556" lon="151.276654"><ele>34.5</ele></trkpt>
    <trkpt lat="-33.181598" lon="151.276412"><ele>40.3</ele></trkpt>
    <trkpt lat="-33.181142" lon="151.276407"><ele>42.2</ele></trkpt>
    <trkpt lat="-33.180498" lon="151.276385"><ele>39.7</ele></trkpt>
    <trkpt lat="-33.180345" lon="151.276386"><ele>38.8</ele></trkpt>
    <trkpt lat="-33.180228" lon="151.276397"><ele>38.2</ele></trkpt>
    <trkpt lat="-33.180132" lon="151.276413"><ele>38.0</ele></trkpt>
    <trkpt lat="-33.180016" lon="151.276458"><ele>37.7</ele></trkpt>
    <trkpt lat="-33.179929" lon="151.276503"><ele>37.6</ele></trkpt>
    <trkpt lat="-33.179838" lon="151.276563"><ele>37.5</ele></trkpt>
    <trkpt lat="-33.179738" lon="151.276665"><ele>37.6</ele></trkpt>
    <trkpt lat="-33.179628" lon="151.276808"><ele>38.2</ele></trkpt>
    <trkpt lat="-33.179523" lon="151.276904"><ele>38.9</ele></trkpt>
    <trkpt lat="-33.179316" lon="151.277042"><ele>40.1</ele></trkpt>
    <trkpt lat="-33.179212" lon="151.277097"><ele>40.4</ele></trkpt>
    <trkpt lat="-33.178922" lon="151.277195"><ele>40.4</ele></trkpt>
    <trkpt lat="-33.178733" lon="151.277268"><ele>40.3</ele></trkpt>
    <trkpt lat="-33.178531" lon="151.277368"><ele>40.5</ele></trkpt>
    <trkpt lat="-33.178375" lon="151.277451"><ele>41.1</ele></trkpt>
    <trkpt lat="-33.178232" lon="151.277565"><ele>41.7</ele></trkpt>
    <trkpt lat="-33.177865" lon="151.277892"><ele>43.1</ele></trkpt>
    <trkpt lat="-33.177617" lon="151.278064"><ele>43.1</ele></trkpt>
    <trkpt lat="-33.177488" lon="151.278143"><ele>42.3</ele></trkpt>
    <trkpt lat="-33.177334" lon="151.278207"><ele>41.1</ele></trkpt>
    <trkpt lat="-33.177017" lon="151.278368"><ele>38.4</ele></trkpt>
    <trkpt lat="-33.176745" lon="151.278522"><ele>37.2</ele></trkpt>
    <trkpt lat="-33.176595" lon="151.278662"><ele>37.4</ele></trkpt>
    <trkpt lat="-33.176396" lon="151.278836"><ele>38.3</ele></trkpt>
    <trkpt lat="-33.176191" lon="151.279096"><ele>40.3</ele></trkpt>
    <trkpt lat="-33.175996" lon="151.279359"><ele>42.7</ele></trkpt>
    <trkpt lat="-33.175901" lon="151.279441"><ele>43.4</ele></trkpt>
    <trkpt lat="-33.175725" lon="151.279526"><ele>43.5</ele></trkpt>
    <trkpt lat="-33.175624" lon="151.279547"><ele>43.4</ele></trkpt>
    <trkpt lat="-33.175453" lon="151.279598"><ele>42.7</ele></trkpt>
    <trkpt lat="-33.175345" lon="151.279617"><ele>42.3</ele></trkpt>
    <trkpt lat="-33.175140" lon="151.279599"><ele>42.0</ele></trkpt>
    <trkpt lat="-33.173675" lon="151.279415"><ele>41.0</ele></trkpt>
    <trkpt lat="-33.173083" lon="151.279171"><ele>47.2</ele></trkpt>
    <trkpt lat="-33.172606" lon="151.278748"><ele>48.9</ele></trkpt>
    <trkpt lat="-33.171521" lon="151.277337"><ele>41.7</ele></trkpt>
    <trkpt lat="-33.171099" lon="151.277046"><ele>40.4</ele></trkpt>
    <trkpt lat="-33.170638" lon="151.276975"><ele>39.4</ele></trkpt>
    <trkpt lat="-33.170313" lon="151.276997"><ele>39.0</ele></trkpt>
    <trkpt lat="-33.169698" lon="151.277172"><ele>39.8</ele></trkpt>
    <trkpt lat="-33.169129" lon="151.277439"><ele>41.9</ele></trkpt>
    <trkpt lat="-33.168837" lon="151.277494"><ele>44.1</ele></trkpt>
    <trkpt lat="-33.168220" lon="151.277358"><ele>47.6</ele></trkpt>
    <trkpt lat="-33.167025" lon="151.276907"><ele>53.5</ele></trkpt>
    <trkpt lat="-33.166410" lon="151.276808"><ele>56.3</ele></trkpt>
    <trkpt lat="-33.165672" lon="151.276772"><ele>51.9</ele></trkpt>
    <trkpt lat="-33.165280" lon="151.276637"><ele>46.9</ele></trkpt>
    <trkpt lat="-33.165044" lon="151.276438"><ele>44.1</ele></trkpt>
    <trkpt lat="-33.164844" lon="151.276017"><ele>41.0</ele></trkpt>
    <trkpt lat="-33.164743" lon="151.275399"><ele>38.7</ele></trkpt>
    <trkpt lat="-33.164676" lon="151.274991"><ele>38.2</ele></trkpt>
    <trkpt lat="-33.164590" lon="151.274782"><ele>38.7</ele></trkpt>
    <trkpt lat="-33.164414" lon="151.274669"><ele>39.6</ele></trkpt>
    <trkpt lat="-33.163986" lon="151.274550"><ele>42.9</ele></trkpt>
    <trkpt lat="-33.163588" lon="151.274253"><ele>45.6</ele></trkpt>
    <trkpt lat="-33.163327" lon="151.273904"><ele>46.7</ele></trkpt>
    <trkpt lat="-33.162986" lon="151.273104"><ele>46.2</ele></trkpt>
    <trkpt lat="-33.162685" lon="151.272653"><ele>42.9</ele></trkpt>
    <trkpt lat="-33.162472" lon="151.272495"><ele>40.8</ele></trkpt>
    <trkpt lat="-33.162174" lon="151.272417"><ele>38.7</ele></trkpt>
    <trkpt lat="-33.161830" lon="151.272327"><ele>37.6</ele></trkpt>
    <trkpt lat="-33.161585" lon="151.272187"><ele>37.6</ele></trkpt>
    <trkpt lat="-33.161369" lon="151.271984"><ele>38.1</ele></trkpt>
    <trkpt lat="-33.161056" lon="151.271525"><ele>38.9</ele></trkpt>
    <trkpt lat="-33.160764" lon="151.271301"><ele>39.2</ele></trkpt>
    <trkpt lat="-33.160371" lon="151.271171"><ele>39.8</ele></trkpt>
    <trkpt lat="-33.159899" lon="151.271015"><ele>42.0</ele></trkpt>
    <trkpt lat="-33.158458" lon="151.270400"><ele>47.5</ele></trkpt>
    <trkpt lat="-33.158219" lon="151.270419"><ele>47.5</ele></trkpt>
    <trkpt lat="-33.157165" lon="151.270810"><ele>48.1</ele></trkpt>
    <trkpt lat="-33.157100" lon="151.270834"><ele>48.3</ele></trkpt>
    <trkpt lat="-33.156001" lon="151.271385"><ele>51.4</ele></trkpt>
    <trkpt lat="-33.155482" lon="151.271523"><ele>52.7</ele></trkpt>
    <trkpt lat="-33.154946" lon="151.271489"><ele>54.1</ele></trkpt>
    <trkpt lat="-33.154563" lon="151.271314"><ele>54.4</ele></trkpt>
    <trkpt lat="-33.154215" lon="151.271071"><ele>55.3</ele></trkpt>
    <trkpt lat="-33.152895" lon="151.269666"><ele>45.9</ele></trkpt>
    <trkpt lat="-33.152734" lon="151.269432"><ele>46.4</ele></trkpt>
    <trkpt lat="-33.152635" lon="151.269157"><ele>47.1</ele></trkpt>
    <trkpt lat="-33.152472" lon="151.267864"><ele>50.8</ele></trkpt>
    <trkpt lat="-33.152378" lon="151.266610"><ele>49.3</ele></trkpt>
    <trkpt lat="-33.152184" lon="151.265507"><ele>47.9</ele></trkpt>
    <trkpt lat="-33.152175" lon="151.265217"><ele>49.2</ele></trkpt>
    <trkpt lat="-33.152255" lon="151.264424"><ele>53.6</ele></trkpt>
    <trkpt lat="-33.152186" lon="151.264162"><ele>55.4</ele></trkpt>
    <trkpt lat="-33.151943" lon="151.263873"><ele>57.1</ele></trkpt>
    <trkpt lat="-33.151250" lon="151.263232"><ele>55.6</ele></trkpt>
    <trkpt lat="-33.150891" lon="151.262900"><ele>55.2</ele></trkpt>
    <trkpt lat="-33.149905" lon="151.261776"><ele>57.7</ele></trkpt>
    <trkpt lat="-33.149233" lon="151.261392"><ele>63.0</ele></trkpt>
    <trkpt lat="-33.148252" lon="151.261068"><ele>64.5</ele></trkpt>
    <trkpt lat="-33.147921" lon="151.260821"><ele>63.3</ele></trkpt>
    <trkpt lat="-33.147611" lon="151.260312"><ele>60.9</ele></trkpt>
    <trkpt lat="-33.147419" lon="151.259877"><ele>56.7</ele></trkpt>
    <trkpt lat="-33.147339" lon="151.259407"><ele>51.8</ele></trkpt>
    <trkpt lat="-33.147364" lon="151.258612"><ele>47.3</ele></trkpt>
    <trkpt lat="-33.147291" lon="151.258457"><ele>47.5</ele></trkpt>
    <trkpt lat="-33.147259" lon="151.258388"><ele>48.0</ele></trkpt>
    <trkpt lat="-33.147095" lon="151.258039"><ele>51.0</ele></trkpt>
    <trkpt lat="-33.147023" lon="151.257967"><ele>52.0</ele></trkpt>
    <trkpt lat="-33.146894" lon="151.257935"><ele>53.6</ele></trkpt>
    <trkpt lat="-33.146762" lon="151.257903"><ele>55.4</ele></trkpt>
    <trkpt lat="-33.146014" lon="151.258314"><ele>65.5</ele></trkpt>
    <trkpt lat="-33.145820" lon="151.258408"><ele>68.1</ele></trkpt>
    <trkpt lat="-33.144959" lon="151.258425"><ele>77.5</ele></trkpt>
    <trkpt lat="-33.144394" lon="151.258305"><ele>78.8</ele></trkpt>
    <trkpt lat="-33.144092" lon="151.258181"><ele>78.8</ele></trkpt>
    <trkpt lat="-33.143520" lon="151.257755"><ele>80.3</ele></trkpt>
    <trkpt lat="-33.143203" lon="151.257299"><ele>83.3</ele></trkpt>
    <trkpt lat="-33.142763" lon="151.256248"><ele>84.9</ele></trkpt>
    <trkpt lat="-33.142752" lon="151.256250"><ele>84.9</ele></trkpt>
    <trkpt lat="-33.141975" lon="151.256473"><ele>76.2</ele></trkpt>
    <trkpt lat="-33.141190" lon="151.256436"><ele>68.5</ele></trkpt>
    <trkpt lat="-33.141049" lon="151.256536"><ele>68.6</ele></trkpt>
    <trkpt lat="-33.140312" lon="151.257278"><ele>84.8</ele></trkpt>
    <trkpt lat="-33.139311" lon="151.257092"><ele>105.0</ele></trkpt>
    <trkpt lat="-33.135053" lon="151.258141"><ele>214.4</ele></trkpt>
    <trkpt lat="-33.133929" lon="151.258150"><ele>229.0</ele></trkpt>
    <trkpt lat="-33.131788" lon="151.258699"><ele>247.6</ele></trkpt>
    <trkpt lat="-33.131369" lon="151.258611"><ele>252.1</ele></trkpt>
    <trkpt lat="-33.131025" lon="151.258052"><ele>256.0</ele></trkpt>
    <trkpt lat="-33.130212" lon="151.257661"><ele>268.3</ele></trkpt>
    <trkpt lat="-33.129794" lon="151.257082"><ele>283.4</ele></trkpt>
    <trkpt lat="-33.129580" lon="151.256269"><ele>300.0</ele></trkpt>
    <trkpt lat="-33.129046" lon="151.255512"><ele>312.8</ele></trkpt>
    <trkpt lat="-33.128841" lon="151.255610"><ele>315.4</ele></trkpt>
    <trkpt lat="-33.128220" lon="151.255846"><ele>320.4</ele></trkpt>
    <trkpt lat="-33.127651" lon="151.256275"><ele>321.3</ele></trkpt>
    <trkpt lat="-33.127170" lon="151.256899"><ele>322.9</ele></trkpt>
    <trkpt lat="-33.126688" lon="151.257647"><ele>327.2</ele></trkpt>
    <trkpt lat="-33.125626" lon="151.258347"><ele>332.4</ele></trkpt>
    <trkpt lat="-33.125121" lon="151.259601"><ele>331.6</ele></trkpt>
    <trkpt lat="-33.124769" lon="151.259772"><ele>329.8</ele></trkpt>
    <trkpt lat="-33.124025" lon="151.259871"><ele>323.8</ele></trkpt>
    <trkpt lat="-33.122963" lon="151.259587"><ele>317.5</ele></trkpt>
    <trkpt lat="-33.122307" lon="151.259774"><ele>316.4</ele></trkpt>
    <trkpt lat="-33.121692" lon="151.260065"><ele>315.7</ele></trkpt>
    <trkpt lat="-33.117085" lon="151.258686"><ele>321.5</ele></trkpt>
    <trkpt lat="-33.116116" lon="151.258181"><ele>323.0</ele></trkpt>
    <trkpt lat="-33.114154" lon="151.257938"><ele>319.4</ele></trkpt>
    <trkpt lat="-33.113882" lon="151.258153"><ele>321.8</ele></trkpt>
    <trkpt lat="-33.113429" lon="151.257245"><ele>335.5</ele></trkpt>
    <trkpt lat="-33.111990" lon="151.257557"><ele>343.3</ele></trkpt>
    <trkpt lat="-33.111270" lon="151.258028"><ele>344.3</ele></trkpt>
    <trkpt lat="-33.110632" lon="151.258160"><ele>341.8</ele></trkpt>
    <trkpt lat="-33.109164" lon="151.257467"><ele>355.4</ele></trkpt>
    <trkpt lat="-33.108357" lon="151.257668"><ele>356.8</ele></trkpt>
    <trkpt lat="-33.106401" lon="151.256906"><ele>355.4</ele></trkpt>
    <trkpt lat="-33.105269" lon="151.257183"><ele>358.3</ele></trkpt>
    <trkpt lat="-33.104039" lon="151.257037"><ele>371.1</ele></trkpt>
    <trkpt lat="-33.102710" lon="151.256033"><ele>393.5</ele></trkpt>
    <trkpt lat="-33.101926" lon="151.255679"><ele>401.6</ele></trkpt>
    <trkpt lat="-33.101153" lon="151.254270"><ele>396.6</ele></trkpt>
    <trkpt lat="-33.101084" lon="151.254093"><ele>396.5</ele></trkpt>
    <trkpt lat="-33.101010" lon="151.253957"><ele>396.8</ele></trkpt>
    <trkpt lat="-33.100831" lon="151.253594"><ele>397.7</ele></trkpt>
    <trkpt lat="-33.100647" lon="151.253427"><ele>398.2</ele></trkpt>
    <trkpt lat="-33.100398" lon="151.253212"><ele>398.7</ele></trkpt>
    <trkpt lat="-33.100358" lon="151.253154"><ele>398.7</ele></trkpt>
    <trkpt lat="-33.100290" lon="151.253114"><ele>398.6</ele></trkpt>
    <trkpt lat="-33.100117" lon="151.252969"><ele>398.2</ele></trkpt>
    <trkpt lat="-33.099980" lon="151.252723"><ele>397.1</ele></trkpt>
    <trkpt lat="-33.099916" lon="151.252462"><ele>395.9</ele></trkpt>
    <trkpt lat="-33.099858" lon="151.252063"><ele>393.8</ele></trkpt>
    <trkpt lat="-33.099848" lon="151.251726"><ele>392.1</ele></trkpt>
    <trkpt lat="-33.099867" lon="151.251421"><ele>391.5</ele></trkpt>
    <trkpt lat="-33.099845" lon="151.251391"><ele>391.5</ele></trkpt>
    <trkpt lat="-33.099683" lon="151.251112"><ele>391.8</ele></trkpt>
    <trkpt lat="-33.099611" lon="151.250254"><ele>396.1</ele></trkpt>
    <trkpt lat="-33.099395" lon="151.249739"><ele>398.8</ele></trkpt>
    <trkpt lat="-33.098892" lon="151.249138"><ele>399.6</ele></trkpt>
    <trkpt lat="-33.098712" lon="151.249138"><ele>399.1</ele></trkpt>
    <trkpt lat="-33.098353" lon="151.249159"><ele>397.4</ele></trkpt>
    <trkpt lat="-33.097724" lon="151.249116"><ele>392.1</ele></trkpt>
    <trkpt lat="-33.098032" lon="151.248606"><ele>386.2</ele></trkpt>
    <trkpt lat="-33.098567" lon="151.247804"><ele>375.6</ele></trkpt>
    <trkpt lat="-33.098906" lon="151.247450"><ele>368.6</ele></trkpt>
    <trkpt lat="-33.098974" lon="151.247019"><ele>362.1</ele></trkpt>
    <trkpt lat="-33.098932" lon="151.246123"><ele>344.6</ele></trkpt>
    <trkpt lat="-33.098558" lon="151.245608"><ele>327.7</ele></trkpt>
    <trkpt lat="-33.098425" lon="151.245131"><ele>315.2</ele></trkpt>
    <trkpt lat="-33.098636" lon="151.244371"><ele>299.4</ele></trkpt>
    <trkpt lat="-33.099069" lon="151.243755"><ele>286.4</ele></trkpt>
    <trkpt lat="-33.098529" lon="151.243759"><ele>278.2</ele></trkpt>
    <trkpt lat="-33.098051" lon="151.244107"><ele>274.0</ele></trkpt>
    <trkpt lat="-33.097342" lon="151.243888"><ele>268.3</ele></trkpt>
    <trkpt lat="-33.096978" lon="151.243196"><ele>257.6</ele></trkpt>
    <trkpt lat="-33.096641" lon="151.242665"><ele>246.9</ele></trkpt>
    <trkpt lat="-33.096145" lon="151.242867"><ele>238.1</ele></trkpt>
    <trkpt lat="-33.095310" lon="151.243399"><ele>230.2</ele></trkpt>
    <trkpt lat="-33.094745" lon="151.243609"><ele>232.1</ele></trkpt>
    <trkpt lat="-33.094265" lon="151.244037"><ele>234.0</ele></trkpt>
    <trkpt lat="-33.093797" lon="151.243812"><ele>242.6</ele></trkpt>
    <trkpt lat="-33.092872" lon="151.244701"><ele>288.4</ele></trkpt>
    <trkpt lat="-33.092676" lon="151.244629"><ele>296.6</ele></trkpt>
    <trkpt lat="-33.092064" lon="151.244722"><ele>316.4</ele></trkpt>
    <trkpt lat="-33.091664" lon="151.244448"><ele>322.3</ele></trkpt>
    <trkpt lat="-33.089371" lon="151.244582"><ele>350.6</ele></trkpt>
    <trkpt lat="-33.088486" lon="151.243946"><ele>375.8</ele></trkpt>
    <trkpt lat="-33.087818" lon="151.243416"><ele>386.1</ele></trkpt>
    <trkpt lat="-33.086133" lon="151.242795"><ele>393.9</ele></trkpt>
    <trkpt lat="-33.085561" lon="151.242996"><ele>394.3</ele></trkpt>
    <trkpt lat="-33.081976" lon="151.244521"><ele>420.8</ele></trkpt>
    <trkpt lat="-33.081823" lon="151.243607"><ele>421.7</ele></trkpt>
    <trkpt lat="-33.081185" lon="151.243169"><ele>419.1</ele></trkpt>
    <trkpt lat="-33.079650" lon="151.243731"><ele>414.3</ele></trkpt>
    <trkpt lat="-33.078813" lon="151.244562"><ele>420.2</ele></trkpt>
    <trkpt lat="-33.077388" lon="151.245312"><ele>418.7</ele></trkpt>
    <trkpt lat="-33.077268" lon="151.246425"><ele>417.3</ele></trkpt>
    <trkpt lat="-33.077649" lon="151.247978"><ele>424.5</ele></trkpt>
    <trkpt lat="-33.077604" lon="151.249606"><ele>419.5</ele></trkpt>
    <trkpt lat="-33.076744" lon="151.252506"><ele>417.0</ele></trkpt>
    <trkpt lat="-33.076269" lon="151.253254"><ele>419.6</ele></trkpt>
    <trkpt lat="-33.075787" lon="151.254013"><ele>426.1</ele></trkpt>
    <trkpt lat="-33.073588" lon="151.254612"><ele>431.2</ele></trkpt>
    <trkpt lat="-33.072851" lon="151.254933"><ele>413.0</ele></trkpt>
    <trkpt lat="-33.072320" lon="151.255513"><ele>382.5</ele></trkpt>
    <trkpt lat="-33.071656" lon="151.255451"><ele>356.9</ele></trkpt>
    <trkpt lat="-33.070731" lon="151.255022"><ele>340.7</ele></trkpt>
    <trkpt lat="-33.070418" lon="151.254787"><ele>338.4</ele></trkpt>
    <trkpt lat="-33.069894" lon="151.255032"><ele>341.0</ele></trkpt>
    <trkpt lat="-33.069306" lon="151.254794"><ele>353.8</ele></trkpt>
    <trkpt lat="-33.067289" lon="151.255137"><ele>412.9</ele></trkpt>
    <trkpt lat="-33.066184" lon="151.256513"><ele>420.5</ele></trkpt>
    <trkpt lat="-33.063947" lon="151.258157"><ele>432.8</ele></trkpt>
    <trkpt lat="-33.062624" lon="151.258554"><ele>452.1</ele></trkpt>
    <trkpt lat="-33.061433" lon="151.258626"><ele>474.6</ele></trkpt>
    <trkpt lat="-33.060295" lon="151.259252"><ele>500.7</ele></trkpt>
    <trkpt lat="-33.059339" lon="151.259422"><ele>510.2</ele></trkpt>
    <trkpt lat="-33.058518" lon="151.259954"><ele>528.3</ele></trkpt>
    <trkpt lat="-33.057642" lon="151.259960"><ele>543.5</ele></trkpt>
    <trkpt lat="-33.057049" lon="151.259649"><ele>549.2</ele></trkpt>
    <trkpt lat="-33.057006" lon="151.259740"><ele>549.8</ele></trkpt>
    <trkpt lat="-33.056949" lon="151.259842"><ele>550.6</ele></trkpt>
    <trkpt lat="-33.056881" lon="151.259931"><ele>551.3</ele></trkpt>
    <trkpt lat="-33.056717" lon="151.260137"><ele>552.8</ele></trkpt>
    <trkpt lat="-33.056560" lon="151.260358"><ele>554.3</ele></trkpt>
    <trkpt lat="-33.056395" lon="151.260604"><ele>556.0</ele></trkpt>
    <trkpt lat="-33.056287" lon="151.260808"><ele>556.3</ele></trkpt>
    <trkpt lat="-33.056204" lon="151.260856"><ele>556.4</ele></trkpt>
    <trkpt lat="-33.055906" lon="151.260924"><ele>556.9</ele></trkpt>
    <trkpt lat="-33.055605" lon="151.260962"><ele>558.9</ele></trkpt>
    <trkpt lat="-33.055161" lon="151.261652"><ele>565.0</ele></trkpt>
    <trkpt lat="-33.054333" lon="151.262213"><ele>563.3</ele></trkpt>
    <trkpt lat="-33.053640" lon="151.263145"><ele>548.5</ele></trkpt>
    <trkpt lat="-33.051251" lon="151.263937"><ele>512.9</ele></trkpt>
    <trkpt lat="-33.049929" lon="151.264328"><ele>481.6</ele></trkpt>
    <trkpt lat="-33.049663" lon="151.264799"><ele>476.4</ele></trkpt>
    <trkpt lat="-33.049483" lon="151.264917"><ele>475.5</ele></trkpt>
    <trkpt lat="-33.049332" lon="151.264899"><ele>475.5</ele></trkpt>
    <trkpt lat="-33.048755" lon="151.264831"><ele>478.0</ele></trkpt>
    <trkpt lat="-33.047469" lon="151.265743"><ele>490.2</ele></trkpt>
    <trkpt lat="-33.047235" lon="151.265861"><ele>488.9</ele></trkpt>
    <trkpt lat="-33.046947" lon="151.266162"><ele>483.7</ele></trkpt>
    <trkpt lat="-33.046857" lon="151.266483"><ele>479.2</ele></trkpt>
    <trkpt lat="-33.046848" lon="151.266827"><ele>475.8</ele></trkpt>
    <trkpt lat="-33.046938" lon="151.267052"><ele>474.1</ele></trkpt>
    <trkpt lat="-33.046794" lon="151.267213"><ele>473.0</ele></trkpt>
    <trkpt lat="-33.046695" lon="151.267664"><ele>472.3</ele></trkpt>
    <trkpt lat="-33.046650" lon="151.268028"><ele>472.9</ele></trkpt>
    <trkpt lat="-33.046596" lon="151.268275"><ele>471.9</ele></trkpt>
    <trkpt lat="-33.046515" lon="151.268704"><ele>469.3</ele></trkpt>
    <trkpt lat="-33.046236" lon="151.269627"><ele>464.1</ele></trkpt>
    <trkpt lat="-33.046065" lon="151.270399"><ele>459.9</ele></trkpt>
    <trkpt lat="-33.046048" lon="151.270764"><ele>457.3</ele></trkpt>
    <trkpt lat="-33.046139" lon="151.271269"><ele>454.5</ele></trkpt>
    <trkpt lat="-33.045841" lon="151.271058"><ele>453.2</ele></trkpt>
    <trkpt lat="-33.045680" lon="151.271023"><ele>452.5</ele></trkpt>
    <trkpt lat="-33.045127" lon="151.271060"><ele>449.4</ele></trkpt>
    <trkpt lat="-33.044830" lon="151.271178"><ele>448.6</ele></trkpt>
    <trkpt lat="-33.044457" lon="151.271420"><ele>446.9</ele></trkpt>
    <trkpt lat="-33.044294" lon="151.271707"><ele>446.5</ele></trkpt>
    <trkpt lat="-33.044129" lon="151.271741"><ele>447.0</ele></trkpt>
    <trkpt lat="-33.043760" lon="151.272085"><ele>446.2</ele></trkpt>
    <trkpt lat="-33.043270" lon="151.272664"><ele>445.6</ele></trkpt>
    <trkpt lat="-33.043121" lon="151.272653"><ele>445.3</ele></trkpt>
    <trkpt lat="-33.043008" lon="151.273804"><ele>440.8</ele></trkpt>
    <trkpt lat="-33.042776" lon="151.273978"><ele>438.7</ele></trkpt>
    <trkpt lat="-33.042384" lon="151.273982"><ele>434.8</ele></trkpt>
    <trkpt lat="-33.041965" lon="151.274256"><ele>429.6</ele></trkpt>
    <trkpt lat="-33.041664" lon="151.274360"><ele>426.5</ele></trkpt>
    <trkpt lat="-33.041318" lon="151.274410"><ele>423.5</ele></trkpt>
    <trkpt lat="-33.040981" lon="151.274579"><ele>420.7</ele></trkpt>
    <trkpt lat="-33.040712" lon="151.274866"><ele>418.8</ele></trkpt>
    <trkpt lat="-33.039751" lon="151.275267"><ele>417.2</ele></trkpt>
    <trkpt lat="-33.039050" lon="151.275820"><ele>420.8</ele></trkpt>
    <trkpt lat="-33.038741" lon="151.276139"><ele>421.6</ele></trkpt>
    <trkpt lat="-33.038372" lon="151.276327"><ele>419.6</ele></trkpt>
    <trkpt lat="-33.037960" lon="151.276420"><ele>416.3</ele></trkpt>
    <trkpt lat="-33.037635" lon="151.276419"><ele>414.0</ele></trkpt>
    <trkpt lat="-33.037351" lon="151.276447"><ele>412.3</ele></trkpt>
    <trkpt lat="-33.037177" lon="151.276461"><ele>411.4</ele></trkpt>
    <trkpt lat="-33.034911" lon="151.276729"><ele>404.6</ele></trkpt>
    <trkpt lat="-33.034093" lon="151.276853"><ele>402.8</ele></trkpt>
    <trkpt lat="-33.033743" lon="151.276340"><ele>398.3</ele></trkpt>
    <trkpt lat="-33.033451" lon="151.275961"><ele>392.7</ele></trkpt>
    <trkpt lat="-33.033428" lon="151.275543"><ele>385.9</ele></trkpt>
    <trkpt lat="-33.033747" lon="151.275377"><ele>377.9</ele></trkpt>
    <trkpt lat="-33.033841" lon="151.274857"><ele>366.8</ele></trkpt>
    <trkpt lat="-33.033621" lon="151.274261"><ele>353.9</ele></trkpt>
    <trkpt lat="-33.033169" lon="151.273869"><ele>344.0</ele></trkpt>
    <trkpt lat="-33.032686" lon="151.273578"><ele>336.0</ele></trkpt>
    <trkpt lat="-33.032136" lon="151.273230"><ele>326.6</ele></trkpt>
    <trkpt lat="-33.031830" lon="151.272901"><ele>319.9</ele></trkpt>
    <trkpt lat="-33.031353" lon="151.272631"><ele>310.9</ele></trkpt>
    <trkpt lat="-33.030924" lon="151.272482"><ele>303.8</ele></trkpt>
    <trkpt lat="-33.030513" lon="151.272866"><ele>295.4</ele></trkpt>
    <trkpt lat="-33.030352" lon="151.274848"><ele>251.5</ele></trkpt>
    <trkpt lat="-33.029548" lon="151.274827"><ele>221.2</ele></trkpt>
    <trkpt lat="-33.029209" lon="151.274187"><ele>199.9</ele></trkpt>
    <trkpt lat="-33.028425" lon="151.273406"><ele>173.7</ele></trkpt>
    <trkpt lat="-33.028356" lon="151.273421"><ele>172.0</ele></trkpt>
    <trkpt lat="-33.026819" lon="151.273753"><ele>141.3</ele></trkpt>
    <trkpt lat="-33.026685" lon="151.273782"><ele>140.9</ele></trkpt>
    <trkpt lat="-33.026477" lon="151.273813"><ele>140.3</ele></trkpt>
    <trkpt lat="-33.026367" lon="151.273839"><ele>140.0</ele></trkpt>
    <trkpt lat="-33.026298" lon="151.273802"><ele>139.9</ele></trkpt>
    <trkpt lat="-33.026117" lon="151.273894"><ele>139.6</ele></trkpt>
    <trkpt lat="-33.026020" lon="151.273925"><ele>139.5</ele></trkpt>
    <trkpt lat="-33.025746" lon="151.273950"><ele>139.1</ele></trkpt>
    <trkpt lat="-33.025288" lon="151.273957"><ele>138.5</ele></trkpt>
    <trkpt lat="-33.024795" lon="151.274038"><ele>145.9</ele></trkpt>
    <trkpt lat="-33.024357" lon="151.274155"><ele>160.6</ele></trkpt>
    <trkpt lat="-33.024103" lon="151.274001"><ele>173.4</ele></trkpt>
    <trkpt lat="-33.023817" lon="151.274432"><ele>194.2</ele></trkpt>
    <trkpt lat="-33.022539" lon="151.274272"><ele>245.8</ele></trkpt>
    <trkpt lat="-33.022423" lon="151.274747"><ele>260.4</ele></trkpt>
    <trkpt lat="-33.021990" lon="151.274448"><ele>278.2</ele></trkpt>
    <trkpt lat="-33.021865" lon="151.274784"><ele>288.2</ele></trkpt>
    <trkpt lat="-33.021525" lon="151.274821"><ele>298.9</ele></trkpt>
    <trkpt lat="-33.021208" lon="151.274624"><ele>309.4</ele></trkpt>
    <trkpt lat="-33.021516" lon="151.275210"><ele>325.2</ele></trkpt>
    <trkpt lat="-33.021181" lon="151.275274"><ele>334.2</ele></trkpt>
    <trkpt lat="-33.020466" lon="151.275082"><ele>350.4</ele></trkpt>
    <trkpt lat="-33.019778" lon="151.275360"><ele>366.9</ele></trkpt>
    <trkpt lat="-33.019188" lon="151.275141"><ele>380.9</ele></trkpt>
    <trkpt lat="-33.018760" lon="151.274613"><ele>390.5</ele></trkpt>
    <trkpt lat="-33.018416" lon="151.274544"><ele>395.1</ele></trkpt>
    <trkpt lat="-33.018188" lon="151.274859"><ele>399.4</ele></trkpt>
    <trkpt lat="-33.017906" lon="151.275317"><ele>405.4</ele></trkpt>
    <trkpt lat="-33.017618" lon="151.275755"><ele>410.9</ele></trkpt>
    <trkpt lat="-33.017410" lon="151.276302"><ele>416.8</ele></trkpt>
    <trkpt lat="-33.017277" lon="151.276720"><ele>421.6</ele></trkpt>
    <trkpt lat="-33.017169" lon="151.277262"><ele>428.7</ele></trkpt>
    <trkpt lat="-33.017119" lon="151.277530"><ele>432.4</ele></trkpt>
    <trkpt lat="-33.017173" lon="151.277832"><ele>436.5</ele></trkpt>
    <trkpt lat="-33.017513" lon="151.279025"><ele>451.9</ele></trkpt>
    <trkpt lat="-33.017415" lon="151.279436"><ele>455.7</ele></trkpt>
    <trkpt lat="-33.016959" lon="151.280059"><ele>458.3</ele></trkpt>
    <trkpt lat="-33.016468" lon="151.280315"><ele>455.1</ele></trkpt>
    <trkpt lat="-33.015945" lon="151.280389"><ele>451.1</ele></trkpt>
    <trkpt lat="-33.015062" lon="151.280624"><ele>455.6</ele></trkpt>
    <trkpt lat="-33.014685" lon="151.280752"><ele>459.9</ele></trkpt>
    <trkpt lat="-33.014156" lon="151.280370"><ele>461.4</ele></trkpt>
    <trkpt lat="-33.013586" lon="151.279851"><ele>458.0</ele></trkpt>
    <trkpt lat="-33.011347" lon="151.276899"><ele>477.6</ele></trkpt>
    <trkpt lat="-33.011260" lon="151.276332"><ele>483.0</ele></trkpt>
    <trkpt lat="-33.010936" lon="151.275545"><ele>485.8</ele></trkpt>
    <trkpt lat="-33.010418" lon="151.275011"><ele>483.3</ele></trkpt>
    <trkpt lat="-33.010232" lon="151.274860"><ele>482.5</ele></trkpt>
    <trkpt lat="-33.009880" lon="151.274574"><ele>483.0</ele></trkpt>
    <trkpt lat="-33.008862" lon="151.273992"><ele>488.7</ele></trkpt>
    <trkpt lat="-33.008188" lon="151.273608"><ele>489.9</ele></trkpt>
    <trkpt lat="-33.007351" lon="151.273404"><ele>489.9</ele></trkpt>
    <trkpt lat="-33.006110" lon="151.273576"><ele>489.9</ele></trkpt>
    <trkpt lat="-33.005246" lon="151.273630"><ele>486.1</ele></trkpt>
    <trkpt lat="-33.004805" lon="151.273501"><ele>481.3</ele></trkpt>
    <trkpt lat="-33.004346" lon="151.273072"><ele>474.1</ele></trkpt>
    <trkpt lat="-33.003878" lon="151.272332"><ele>467.8</ele></trkpt>
    <trkpt lat="-33.003392" lon="151.271838"><ele>467.0</ele></trkpt>
    <trkpt lat="-33.002862" lon="151.271291"><ele>475.6</ele></trkpt>
    <trkpt lat="-33.002464" lon="151.270612"><ele>490.2</ele></trkpt>
    <trkpt lat="-33.002365" lon="151.270054"><ele>498.7</ele></trkpt>
    <trkpt lat="-33.002231" lon="151.269250"><ele>506.7</ele></trkpt>
    <trkpt lat="-33.002277" lon="151.268630"><ele>509.7</ele></trkpt>
    <trkpt lat="-33.002187" lon="151.267192"><ele>501.1</ele></trkpt>
    <trkpt lat="-33.001933" lon="151.266482"><ele>494.1</ele></trkpt>
    <trkpt lat="-33.001809" lon="151.265862"><ele>491.0</ele></trkpt>
    <trkpt lat="-33.001611" lon="151.265036"><ele>490.3</ele></trkpt>
    <trkpt lat="-33.001458" lon="151.264628"><ele>490.6</ele></trkpt>
    <trkpt lat="-33.001179" lon="151.264113"><ele>491.2</ele></trkpt>
    <trkpt lat="-33.000782" lon="151.263327"><ele>495.4</ele></trkpt>
    <trkpt lat="-33.000801" lon="151.262928"><ele>496.4</ele></trkpt>
    <trkpt lat="-33.000842" lon="151.262445"><ele>495.2</ele></trkpt>
    <trkpt lat="-33.000441" lon="151.262525"><ele>489.9</ele></trkpt>
    <trkpt lat="-33.000018" lon="151.262719"><ele>483.4</ele></trkpt>
    <trkpt lat="-32.999460" lon="151.262783"><ele>475.6</ele></trkpt>
    <trkpt lat="-32.998577" lon="151.262716"><ele>469.8</ele></trkpt>
    <trkpt lat="-32.998219" lon="151.262493"><ele>467.1</ele></trkpt>
    <trkpt lat="-32.997895" lon="151.262171"><ele>465.5</ele></trkpt>
    <trkpt lat="-32.997802" lon="151.261957"><ele>465.5</ele></trkpt>
    <trkpt lat="-32.997759" lon="151.261858"><ele>465.9</ele></trkpt>
    <trkpt lat="-32.997472" lon="151.261302"><ele>470.2</ele></trkpt>
    <trkpt lat="-32.997156" lon="151.261064"><ele>473.9</ele></trkpt>
    <trkpt lat="-32.996778" lon="151.260602"><ele>480.9</ele></trkpt>
    <trkpt lat="-32.996211" lon="151.259948"><ele>492.1</ele></trkpt>
    <trkpt lat="-32.995887" lon="151.259562"><ele>496.4</ele></trkpt>
    <trkpt lat="-32.995546" lon="151.259114"><ele>497.6</ele></trkpt>
    <trkpt lat="-32.994655" lon="151.258547"><ele>495.2</ele></trkpt>
    <trkpt lat="-32.994098" lon="151.258191"><ele>497.6</ele></trkpt>
    <trkpt lat="-32.993279" lon="151.258126"><ele>503.0</ele></trkpt>
    <trkpt lat="-32.992332" lon="151.257834"><ele>514.5</ele></trkpt>
    <trkpt lat="-32.991902" lon="151.257622"><ele>520.3</ele></trkpt>
    <trkpt lat="-32.991523" lon="151.257373"><ele>522.9</ele></trkpt>
    <trkpt lat="-32.991244" lon="151.256998"><ele>523.7</ele></trkpt>
    <trkpt lat="-32.990974" lon="151.256504"><ele>523.9</ele></trkpt>
    <trkpt lat="-32.990884" lon="151.256121"><ele>524.0</ele></trkpt>
    <trkpt lat="-32.990947" lon="151.255700"><ele>523.2</ele></trkpt>
    <trkpt lat="-32.991065" lon="151.255348"><ele>520.8</ele></trkpt>
    <trkpt lat="-32.991038" lon="151.255176"><ele>519.3</ele></trkpt>
    <trkpt lat="-32.990831" lon="151.255144"><ele>516.1</ele></trkpt>
    <trkpt lat="-32.990345" lon="151.255176"><ele>507.5</ele></trkpt>
    <trkpt lat="-32.989796" lon="151.255101"><ele>499.1</ele></trkpt>
    <trkpt lat="-32.989463" lon="151.254961"><ele>496.0</ele></trkpt>
    <trkpt lat="-32.988877" lon="151.254638"><ele>493.5</ele></trkpt>
    <trkpt lat="-32.988509" lon="151.254307"><ele>491.0</ele></trkpt>
    <trkpt lat="-32.988130" lon="151.253865"><ele>490.8</ele></trkpt>
    <trkpt lat="-32.987771" lon="151.253556"><ele>494.6</ele></trkpt>
    <trkpt lat="-32.987213" lon="151.253009"><ele>506.1</ele></trkpt>
    <trkpt lat="-32.986438" lon="151.252213"><ele>519.0</ele></trkpt>
    <trkpt lat="-32.986016" lon="151.251625"><ele>518.6</ele></trkpt>
    <trkpt lat="-32.985638" lon="151.250745"><ele>517.8</ele></trkpt>
    <trkpt lat="-32.985206" lon="151.249651"><ele>526.1</ele></trkpt>
    <trkpt lat="-32.984207" lon="151.248438"><ele>528.2</ele></trkpt>
    <trkpt lat="-32.983972" lon="151.248265"><ele>524.9</ele></trkpt>
    <trkpt lat="-32.982993" lon="151.248310"><ele>512.5</ele></trkpt>
    <trkpt lat="-32.982552" lon="151.248256"><ele>509.2</ele></trkpt>
    <trkpt lat="-32.982399" lon="151.248213"><ele>508.3</ele></trkpt>
    <trkpt lat="-32.981967" lon="151.247720"><ele>505.0</ele></trkpt>
    <trkpt lat="-32.981688" lon="151.247516"><ele>504.3</ele></trkpt>
    <trkpt lat="-32.981454" lon="151.247462"><ele>504.9</ele></trkpt>
    <trkpt lat="-32.981058" lon="151.247226"><ele>508.3</ele></trkpt>
    <trkpt lat="-32.980851" lon="151.247215"><ele>510.2</ele></trkpt>
    <trkpt lat="-32.980066" lon="151.246655"><ele>511.9</ele></trkpt>
    <trkpt lat="-32.979715" lon="151.246473"><ele>510.0</ele></trkpt>
    <trkpt lat="-32.979517" lon="151.246494"><ele>509.7</ele></trkpt>
    <trkpt lat="-32.979276" lon="151.246389"><ele>510.7</ele></trkpt>
    <trkpt lat="-32.978934" lon="151.246411"><ele>512.7</ele></trkpt>
    <trkpt lat="-32.978626" lon="151.246366"><ele>515.0</ele></trkpt>
    <trkpt lat="-32.978484" lon="151.246314"><ele>515.4</ele></trkpt>
    <trkpt lat="-32.978220" lon="151.246269"><ele>513.7</ele></trkpt>
    <trkpt lat="-32.977995" lon="151.246300"><ele>508.7</ele></trkpt>
    <trkpt lat="-32.977377" lon="151.246506"><ele>484.8</ele></trkpt>
    <trkpt lat="-32.977981" lon="151.248108"><ele>430.6</ele></trkpt>
    <trkpt lat="-32.977901" lon="151.249570"><ele>415.2</ele></trkpt>
    <trkpt lat="-32.979521" lon="151.249063"><ele>390.1</ele></trkpt>
    <trkpt lat="-32.981339" lon="151.250268"><ele>372.3</ele></trkpt>
    <trkpt lat="-32.981395" lon="151.252273"><ele>324.0</ele></trkpt>
    <trkpt lat="-32.980514" lon="151.253691"><ele>283.9</ele></trkpt>
    <trkpt lat="-32.979971" lon="151.254183"><ele>276.6</ele></trkpt>
    <trkpt lat="-32.979380" lon="151.254315"><ele>269.7</ele></trkpt>
    <trkpt lat="-32.978061" lon="151.256218"><ele>235.8</ele></trkpt>
    <trkpt lat="-32.978289" lon="151.256872"><ele>225.5</ele></trkpt>
    <trkpt lat="-32.978061" lon="151.257239"><ele>221.6</ele></trkpt>
    <trkpt lat="-32.978258" lon="151.258290"><ele>226.4</ele></trkpt>
    <trkpt lat="-32.978122" lon="151.258657"><ele>224.7</ele></trkpt>
    <trkpt lat="-32.977469" lon="151.258709"><ele>211.2</ele></trkpt>
    <trkpt lat="-32.976810" lon="151.259113"><ele>201.4</ele></trkpt>
    <trkpt lat="-32.973895" lon="151.259488"><ele>191.1</ele></trkpt>
    <trkpt lat="-32.973593" lon="151.259289"><ele>193.4</ele></trkpt>
    <trkpt lat="-32.973093" lon="151.259382"><ele>193.8</ele></trkpt>
    <trkpt lat="-32.972681" lon="151.259458"><ele>192.3</ele></trkpt>
    <trkpt lat="-32.972052" lon="151.259892"><ele>187.9</ele></trkpt>
    <trkpt lat="-32.971828" lon="151.259934"><ele>186.3</ele></trkpt>
    <trkpt lat="-32.970916" lon="151.260107"><ele>180.1</ele></trkpt>
    <trkpt lat="-32.970382" lon="151.260208"><ele>176.6</ele></trkpt>
    <trkpt lat="-32.969790" lon="151.260766"><ele>173.4</ele></trkpt>
    <trkpt lat="-32.968921" lon="151.260656"><ele>172.0</ele></trkpt>
    <trkpt lat="-32.967578" lon="151.260811"><ele>163.1</ele></trkpt>
    <trkpt lat="-32.967231" lon="151.260980"><ele>160.5</ele></trkpt>
    <trkpt lat="-32.967186" lon="151.261157"><ele>159.2</ele></trkpt>
    <trkpt lat="-32.966971" lon="151.261364"><ele>155.9</ele></trkpt>
    <trkpt lat="-32.966876" lon="151.261437"><ele>154.7</ele></trkpt>
    <trkpt lat="-32.966835" lon="151.261498"><ele>154.1</ele></trkpt>
    <trkpt lat="-32.966747" lon="151.261651"><ele>152.6</ele></trkpt>
    <trkpt lat="-32.966649" lon="151.261951"><ele>150.8</ele></trkpt>
    <trkpt lat="-32.966562" lon="151.262394"><ele>149.5</ele></trkpt>
    <trkpt lat="-32.966420" lon="151.262893"><ele>149.4</ele></trkpt>
    <trkpt lat="-32.966350" lon="151.263089"><ele>148.7</ele></trkpt>
    <trkpt lat="-32.966291" lon="151.263231"><ele>147.8</ele></trkpt>
    <trkpt lat="-32.966195" lon="151.263310"><ele>146.9</ele></trkpt>
    <trkpt lat="-32.966007" lon="151.263454"><ele>145.3</ele></trkpt>
    <trkpt lat="-32.965917" lon="151.263590"><ele>144.3</ele></trkpt>
    <trkpt lat="-32.965906" lon="151.263694"><ele>143.6</ele></trkpt>
    <trkpt lat="-32.965916" lon="151.263823"><ele>142.8</ele></trkpt>
    <trkpt lat="-32.965970" lon="151.264017"><ele>141.2</ele></trkpt>
    <trkpt lat="-32.966217" lon="151.264820"><ele>137.1</ele></trkpt>
    <trkpt lat="-32.966501" lon="151.265653"><ele>137.0</ele></trkpt>
    <trkpt lat="-32.966685" lon="151.266153"><ele>138.4</ele></trkpt>
    <trkpt lat="-32.966725" lon="151.266246"><ele>138.6</ele></trkpt>
    <trkpt lat="-32.966763" lon="151.266400"><ele>138.6</ele></trkpt>
    <trkpt lat="-32.966817" lon="151.267075"><ele>137.5</ele></trkpt>
    <trkpt lat="-32.966877" lon="151.267659"><ele>136.9</ele></trkpt>
    <trkpt lat="-32.966934" lon="151.268214"><ele>137.7</ele></trkpt>
    <trkpt lat="-32.966954" lon="151.268436"><ele>138.1</ele></trkpt>
    <trkpt lat="-32.967006" lon="151.268960"><ele>137.4</ele></trkpt>
    <trkpt lat="-32.967061" lon="151.269187"><ele>136.4</ele></trkpt>
    <trkpt lat="-32.967181" lon="151.269534"><ele>134.1</ele></trkpt>
    <trkpt lat="-32.967226" lon="151.269692"><ele>133.1</ele></trkpt>
    <trkpt lat="-32.967228" lon="151.269781"><ele>132.6</ele></trkpt>
    <trkpt lat="-32.967200" lon="151.269878"><ele>132.1</ele></trkpt>
    <trkpt lat="-32.967160" lon="151.269937"><ele>131.7</ele></trkpt>
    <trkpt lat="-32.967064" lon="151.270065"><ele>131.0</ele></trkpt>
    <trkpt lat="-32.968205" lon="151.270955"><ele>130.6</ele></trkpt>
    <trkpt lat="-32.968817" lon="151.271234"><ele>130.5</ele></trkpt>
    <trkpt lat="-32.970050" lon="151.271524"><ele>132.9</ele></trkpt>
    <trkpt lat="-32.970347" lon="151.271341"><ele>134.6</ele></trkpt>
    <trkpt lat="-32.970563" lon="151.270998"><ele>136.5</ele></trkpt>
    <trkpt lat="-32.970770" lon="151.270708"><ele>137.4</ele></trkpt>
    <trkpt lat="-32.971103" lon="151.270408"><ele>137.5</ele></trkpt>
    <trkpt lat="-32.971337" lon="151.270290"><ele>136.5</ele></trkpt>
    <trkpt lat="-32.971625" lon="151.270322"><ele>134.8</ele></trkpt>
    <trkpt lat="-32.972575" lon="151.270654"><ele>130.4</ele></trkpt>
    <trkpt lat="-32.974361" lon="151.271277"><ele>130.0</ele></trkpt>
    <trkpt lat="-32.974721" lon="151.271277"><ele>129.9</ele></trkpt>
    <trkpt lat="-32.979608" lon="151.270526"><ele>161.3</ele></trkpt>
    <trkpt lat="-32.980139" lon="151.270225"><ele>158.3</ele></trkpt>
    <trkpt lat="-32.980688" lon="151.269925"><ele>155.3</ele></trkpt>
    <trkpt lat="-32.981030" lon="151.269850"><ele>154.3</ele></trkpt>
    <trkpt lat="-32.981336" lon="151.269914"><ele>154.2</ele></trkpt>
    <trkpt lat="-32.981588" lon="151.270118"><ele>154.9</ele></trkpt>
    <trkpt lat="-32.982182" lon="151.270955"><ele>155.3</ele></trkpt>
    <trkpt lat="-32.982488" lon="151.271277"><ele>152.5</ele></trkpt>
    <trkpt lat="-32.983298" lon="151.271642"><ele>142.1</ele></trkpt>
    <trkpt lat="-32.983586" lon="151.271803"><ele>139.0</ele></trkpt>
    <trkpt lat="-32.983847" lon="151.272146"><ele>136.0</ele></trkpt>
    <trkpt lat="-32.984103" lon="151.272717"><ele>135.1</ele></trkpt>
    <trkpt lat="-32.985213" lon="151.275198"><ele>134.4</ele></trkpt>
    <trkpt lat="-32.985566" lon="151.275987"><ele>134.9</ele></trkpt>
    <trkpt lat="-32.987249" lon="151.280396"><ele>138.9</ele></trkpt>
    <trkpt lat="-32.987564" lon="151.281405"><ele>139.3</ele></trkpt>
    <trkpt lat="-32.987816" lon="151.282199"><ele>140.9</ele></trkpt>
    <trkpt lat="-32.988221" lon="151.283218"><ele>142.3</ele></trkpt>
    <trkpt lat="-32.988617" lon="151.283958"><ele>142.4</ele></trkpt>
    <trkpt lat="-32.989094" lon="151.284827"><ele>142.1</ele></trkpt>
    <trkpt lat="-32.990570" lon="151.286673"><ele>138.1</ele></trkpt>
    <trkpt lat="-32.991308" lon="151.287434"><ele>136.2</ele></trkpt>
    <trkpt lat="-32.992280" lon="151.288711"><ele>139.4</ele></trkpt>
    <trkpt lat="-32.992765" lon="151.289301"><ele>139.8</ele></trkpt>
    <trkpt lat="-32.994421" lon="151.290964"><ele>143.2</ele></trkpt>
    <trkpt lat="-32.994925" lon="151.291469"><ele>143.4</ele></trkpt>
    <trkpt lat="-32.995273" lon="151.291972"><ele>143.6</ele></trkpt>
    <trkpt lat="-32.995339" lon="151.292068"><ele>143.7</ele></trkpt>
    <trkpt lat="-32.995429" lon="151.292198"><ele>144.1</ele></trkpt>
    <trkpt lat="-32.995671" lon="151.292635"><ele>145.6</ele></trkpt>
    <trkpt lat="-32.995969" lon="151.293174"><ele>147.1</ele></trkpt>
    <trkpt lat="-32.996149" lon="151.293593"><ele>146.8</ele></trkpt>
    <trkpt lat="-32.996082" lon="151.293910"><ele>145.5</ele></trkpt>
    <trkpt lat="-32.996068" lon="151.293979"><ele>145.3</ele></trkpt>
    <trkpt lat="-32.995669" lon="151.294876"><ele>140.6</ele></trkpt>
    <trkpt lat="-32.995420" lon="151.295438"><ele>139.9</ele></trkpt>
    <trkpt lat="-32.995258" lon="151.296039"><ele>140.6</ele></trkpt>
    <trkpt lat="-32.995033" lon="151.297509"><ele>140.3</ele></trkpt>
    <trkpt lat="-32.994952" lon="151.298034"><ele>138.7</ele></trkpt>
    <trkpt lat="-32.994934" lon="151.299408"><ele>137.6</ele></trkpt>
    <trkpt lat="-32.995078" lon="151.300009"><ele>139.3</ele></trkpt>
    <trkpt lat="-32.995238" lon="151.300389"><ele>141.2</ele></trkpt>
    <trkpt lat="-32.994547" lon="151.300558"><ele>146.4</ele></trkpt>
    <trkpt lat="-32.994182" lon="151.300274"><ele>150.0</ele></trkpt>
    <trkpt lat="-32.993170" lon="151.300507"><ele>163.7</ele></trkpt>
    <trkpt lat="-32.989339" lon="151.301389"><ele>203.8</ele></trkpt>
    <trkpt lat="-32.988930" lon="151.301837"><ele>204.6</ele></trkpt>
    <trkpt lat="-32.988234" lon="151.302594"><ele>206.6</ele></trkpt>
    <trkpt lat="-32.988251" lon="151.303354"><ele>213.1</ele></trkpt>
    <trkpt lat="-32.988098" lon="151.303749"><ele>216.4</ele></trkpt>
    <trkpt lat="-32.987869" lon="151.303384"><ele>219.3</ele></trkpt>
    <trkpt lat="-32.987215" lon="151.303182"><ele>223.8</ele></trkpt>
    <trkpt lat="-32.986645" lon="151.302513"><ele>232.1</ele></trkpt>
    <trkpt lat="-32.985694" lon="151.303182"><ele>251.9</ele></trkpt>
    <trkpt lat="-32.985260" lon="151.304498"><ele>272.1</ele></trkpt>
    <trkpt lat="-32.983748" lon="151.303840"><ele>289.2</ele></trkpt>
    <trkpt lat="-32.982703" lon="151.303617"><ele>300.4</ele></trkpt>
    <trkpt lat="-32.982040" lon="151.304073"><ele>309.9</ele></trkpt>
    <trkpt lat="-32.982167" lon="151.304894"><ele>318.4</ele></trkpt>
    <trkpt lat="-32.981912" lon="151.305501"><ele>323.5</ele></trkpt>
    <trkpt lat="-32.980778" lon="151.303667"><ele>321.9</ele></trkpt>
    <trkpt lat="-32.978438" lon="151.303839"><ele>339.9</ele></trkpt>
    <trkpt lat="-32.977919" lon="151.303567"><ele>342.1</ele></trkpt>
    <trkpt lat="-32.976585" lon="151.304184"><ele>364.9</ele></trkpt>
    <trkpt lat="-32.975735" lon="151.303992"><ele>385.8</ele></trkpt>
    <trkpt lat="-32.975301" lon="151.304347"><ele>399.6</ele></trkpt>
    <trkpt lat="-32.974860" lon="151.304245"><ele>415.0</ele></trkpt>
    <trkpt lat="-32.974758" lon="151.304559"><ele>425.4</ele></trkpt>
    <trkpt lat="-32.974392" lon="151.305137"><ele>443.3</ele></trkpt>
    <trkpt lat="-32.974630" lon="151.305582"><ele>450.9</ele></trkpt>
    <trkpt lat="-32.973559" lon="151.305643"><ele>471.9</ele></trkpt>
    <trkpt lat="-32.972786" lon="151.305856"><ele>494.1</ele></trkpt>
    <trkpt lat="-32.972209" lon="151.305105"><ele>507.9</ele></trkpt>
    <trkpt lat="-32.972038" lon="151.304529"><ele>512.5</ele></trkpt>
    <trkpt lat="-32.970695" lon="151.303273"><ele>529.6</ele></trkpt>
    <trkpt lat="-32.970107" lon="151.303607"><ele>526.0</ele></trkpt>
    <trkpt lat="-32.969412" lon="151.304407"><ele>520.1</ele></trkpt>
    <trkpt lat="-32.967381" lon="151.305501"><ele>521.4</ele></trkpt>
    <trkpt lat="-32.966440" lon="151.307714"><ele>528.9</ele></trkpt>
    <trkpt lat="-32.966335" lon="151.307631"><ele>529.8</ele></trkpt>
    <trkpt lat="-32.966053" lon="151.308132"><ele>532.4</ele></trkpt>
    <trkpt lat="-32.966008" lon="151.308454"><ele>532.7</ele></trkpt>
    <trkpt lat="-32.966060" lon="151.308655"><ele>532.4</ele></trkpt>
    <trkpt lat="-32.966065" lon="151.308875"><ele>531.6</ele></trkpt>
    <trkpt lat="-32.966146" lon="151.309079"><ele>530.2</ele></trkpt>
    <trkpt lat="-32.966285" lon="151.309283"><ele>527.9</ele></trkpt>
    <trkpt lat="-32.966363" lon="151.309307"><ele>526.7</ele></trkpt>
    <trkpt lat="-32.966406" lon="151.309673"><ele>521.1</ele></trkpt>
    <trkpt lat="-32.966453" lon="151.309848"><ele>517.7</ele></trkpt>
    <trkpt lat="-32.966548" lon="151.310206"><ele>509.0</ele></trkpt>
    <trkpt lat="-32.966631" lon="151.310516"><ele>500.2</ele></trkpt>
    <trkpt lat="-32.966805" lon="151.311171"><ele>481.5</ele></trkpt>
    <trkpt lat="-32.966910" lon="151.311576"><ele>472.5</ele></trkpt>
    <trkpt lat="-32.966836" lon="151.312240"><ele>463.2</ele></trkpt>
    <trkpt lat="-32.967137" lon="151.313367"><ele>452.0</ele></trkpt>
    <trkpt lat="-32.967123" lon="151.313597"><ele>450.9</ele></trkpt>
    <trkpt lat="-32.967930" lon="151.314346"><ele>458.7</ele></trkpt>
    <trkpt lat="-32.968096" lon="151.315048"><ele>467.2</ele></trkpt>
    <trkpt lat="-32.968696" lon="151.315626"><ele>474.3</ele></trkpt>
    <trkpt lat="-32.969181" lon="151.318043"><ele>454.9</ele></trkpt>
    <trkpt lat="-32.969102" lon="151.318758"><ele>451.1</ele></trkpt>
    <trkpt lat="-32.969221" lon="151.319473"><ele>451.0</ele></trkpt>
    <trkpt lat="-32.970461" lon="151.320358"><ele>456.7</ele></trkpt>
    <trkpt lat="-32.970549" lon="151.320838"><ele>456.1</ele></trkpt>
    <trkpt lat="-32.970444" lon="151.321298"><ele>456.0</ele></trkpt>
    <trkpt lat="-32.969433" lon="151.322081"><ele>451.8</ele></trkpt>
    <trkpt lat="-32.969673" lon="151.323238"><ele>449.1</ele></trkpt>
    <trkpt lat="-32.971255" lon="151.325193"><ele>457.7</ele></trkpt>
    <trkpt lat="-32.971649" lon="151.326922"><ele>444.9</ele></trkpt>
    <trkpt lat="-32.972117" lon="151.327753"><ele>439.6</ele></trkpt>
    <trkpt lat="-32.972220" lon="151.329260"><ele>427.4</ele></trkpt>
    <trkpt lat="-32.972266" lon="151.329945"><ele>419.4</ele></trkpt>
    <trkpt lat="-32.972573" lon="151.330624"><ele>415.9</ele></trkpt>
    <trkpt lat="-32.973236" lon="151.330736"><ele>421.7</ele></trkpt>
    <trkpt lat="-32.974523" lon="151.331367"><ele>438.6</ele></trkpt>
    <trkpt lat="-32.974378" lon="151.332138"><ele>438.1</ele></trkpt>
    <trkpt lat="-32.974063" lon="151.332976"><ele>429.7</ele></trkpt>
    <trkpt lat="-32.974191" lon="151.333391"><ele>426.7</ele></trkpt>
    <trkpt lat="-32.974388" lon="151.333751"><ele>426.1</ele></trkpt>
    <trkpt lat="-32.974888" lon="151.334754"><ele>437.5</ele></trkpt>
    <trkpt lat="-32.975086" lon="151.334872"><ele>441.5</ele></trkpt>
    <trkpt lat="-32.975288" lon="151.334915"><ele>445.1</ele></trkpt>
    <trkpt lat="-32.975837" lon="151.334748"><ele>455.2</ele></trkpt>
    <trkpt lat="-32.976035" lon="151.334882"><ele>457.6</ele></trkpt>
    <trkpt lat="-32.976076" lon="151.335086"><ele>459.1</ele></trkpt>
    <trkpt lat="-32.975923" lon="151.335322"><ele>461.0</ele></trkpt>
    <trkpt lat="-32.975378" lon="151.335912"><ele>462.9</ele></trkpt>
    <trkpt lat="-32.975302" lon="151.336411"><ele>463.9</ele></trkpt>
    <trkpt lat="-32.975284" lon="151.336878"><ele>465.2</ele></trkpt>
    <trkpt lat="-32.975441" lon="151.337371"><ele>467.0</ele></trkpt>
    <trkpt lat="-32.975725" lon="151.337629"><ele>467.9</ele></trkpt>
    <trkpt lat="-32.976116" lon="151.337844"><ele>467.6</ele></trkpt>
    <trkpt lat="-32.977157" lon="151.338258"><ele>464.8</ele></trkpt>
    <trkpt lat="-32.977076" lon="151.338489"><ele>464.2</ele></trkpt>
    <trkpt lat="-32.976896" lon="151.338639"><ele>463.5</ele></trkpt>
    <trkpt lat="-32.976617" lon="151.338719"><ele>461.8</ele></trkpt>
    <trkpt lat="-32.975685" lon="151.338628"><ele>452.1</ele></trkpt>
    <trkpt lat="-32.975105" lon="151.338639"><ele>442.2</ele></trkpt>
    <trkpt lat="-32.974767" lon="151.338853"><ele>434.4</ele></trkpt>
    <trkpt lat="-32.974488" lon="151.339476"><ele>421.8</ele></trkpt>
    <trkpt lat="-32.974151" lon="151.341187"><ele>407.9</ele></trkpt>
    <trkpt lat="-32.974070" lon="151.341766"><ele>410.0</ele></trkpt>
    <trkpt lat="-32.974149" lon="151.342322"><ele>412.8</ele></trkpt>
    <trkpt lat="-32.974812" lon="151.342330"><ele>420.1</ele></trkpt>
    <trkpt lat="-32.974970" lon="151.342641"><ele>423.8</ele></trkpt>
    <trkpt lat="-32.974371" lon="151.343048"><ele>433.7</ele></trkpt>
    <trkpt lat="-32.974081" lon="151.343565"><ele>437.2</ele></trkpt>
    <trkpt lat="-32.973912" lon="151.343535"><ele>439.3</ele></trkpt>
    <trkpt lat="-32.973794" lon="151.343456"><ele>440.9</ele></trkpt>
    <trkpt lat="-32.973797" lon="151.343640"><ele>442.4</ele></trkpt>
    <trkpt lat="-32.973951" lon="151.343873"><ele>444.7</ele></trkpt>
    <trkpt lat="-32.974101" lon="151.343885"><ele>446.3</ele></trkpt>
    <trkpt lat="-32.974376" lon="151.343762"><ele>451.3</ele></trkpt>
    <trkpt lat="-32.974673" lon="151.343724"><ele>454.9</ele></trkpt>
    <trkpt lat="-32.974965" lon="151.343805"><ele>457.6</ele></trkpt>
    <trkpt lat="-32.975154" lon="151.343923"><ele>459.7</ele></trkpt>
    <trkpt lat="-32.975307" lon="151.344212"><ele>462.1</ele></trkpt>
    <trkpt lat="-32.975238" lon="151.344413"><ele>463.4</ele></trkpt>
    <trkpt lat="-32.973637" lon="151.344995"><ele>474.2</ele></trkpt>
    <trkpt lat="-32.973475" lon="151.345299"><ele>474.9</ele></trkpt>
    <trkpt lat="-32.973383" lon="151.345411"><ele>474.8</ele></trkpt>
    <trkpt lat="-32.973309" lon="151.345655"><ele>474.0</ele></trkpt>
    <trkpt lat="-32.974109" lon="151.346560"><ele>464.1</ele></trkpt>
    <trkpt lat="-32.974609" lon="151.347536"><ele>457.5</ele></trkpt>
    <trkpt lat="-32.974943" lon="151.347887"><ele>453.7</ele></trkpt>
    <trkpt lat="-32.975240" lon="151.348374"><ele>451.4</ele></trkpt>
    <trkpt lat="-32.975532" lon="151.348676"><ele>451.8</ele></trkpt>
    <trkpt lat="-32.975946" lon="151.349349"><ele>457.6</ele></trkpt>
    <trkpt lat="-32.976049" lon="151.349806"><ele>460.1</ele></trkpt>
    <trkpt lat="-32.976179" lon="151.350631"><ele>460.2</ele></trkpt>
    <trkpt lat="-32.976581" lon="151.351749"><ele>461.3</ele></trkpt>
    <trkpt lat="-32.976588" lon="151.352134"><ele>461.8</ele></trkpt>
    <trkpt lat="-32.976738" lon="151.352618"><ele>462.2</ele></trkpt>
    <trkpt lat="-32.976918" lon="151.352887"><ele>462.2</ele></trkpt>
    <trkpt lat="-32.977634" lon="151.353225"><ele>461.5</ele></trkpt>
    <trkpt lat="-32.977805" lon="151.353412"><ele>460.8</ele></trkpt>
    <trkpt lat="-32.977629" lon="151.353627"><ele>459.4</ele></trkpt>
    <trkpt lat="-32.977396" lon="151.353777"><ele>456.8</ele></trkpt>
    <trkpt lat="-32.976863" lon="151.354445"><ele>446.8</ele></trkpt>
    <trkpt lat="-32.976539" lon="151.355277"><ele>440.9</ele></trkpt>
    <trkpt lat="-32.976525" lon="151.355754"><ele>440.6</ele></trkpt>
    <trkpt lat="-32.976658" lon="151.356588"><ele>444.7</ele></trkpt>
    <trkpt lat="-32.976703" lon="151.356980"><ele>447.2</ele></trkpt>
    <trkpt lat="-32.976583" lon="151.357975"><ele>448.6</ele></trkpt>
    <trkpt lat="-32.976478" lon="151.358423"><ele>447.5</ele></trkpt>
    <trkpt lat="-32.976504" lon="151.359056"><ele>448.6</ele></trkpt>
    <trkpt lat="-32.976733" lon="151.359725"><ele>451.6</ele></trkpt>
    <trkpt lat="-32.977143" lon="151.360499"><ele>456.4</ele></trkpt>
    <trkpt lat="-32.977328" lon="151.361041"><ele>460.9</ele></trkpt>
    <trkpt lat="-32.977305" lon="151.361400"><ele>462.9</ele></trkpt>
    <trkpt lat="-32.977072" lon="151.361861"><ele>464.3</ele></trkpt>
    <trkpt lat="-32.976815" lon="151.362215"><ele>464.3</ele></trkpt>
    <trkpt lat="-32.976077" lon="151.362575"><ele>462.2</ele></trkpt>
    <trkpt lat="-32.975564" lon="151.362789"><ele>460.6</ele></trkpt>
    <trkpt lat="-32.975118" lon="151.363042"><ele>461.2</ele></trkpt>
    <trkpt lat="-32.974727" lon="151.363176"><ele>462.0</ele></trkpt>
    <trkpt lat="-32.974520" lon="151.363363"><ele>462.6</ele></trkpt>
    <trkpt lat="-32.974362" lon="151.363664"><ele>463.0</ele></trkpt>
    <trkpt lat="-32.974196" lon="151.364163"><ele>463.5</ele></trkpt>
    <trkpt lat="-32.973939" lon="151.364538"><ele>465.7</ele></trkpt>
    <trkpt lat="-32.973602" lon="151.365053"><ele>469.4</ele></trkpt>
    <trkpt lat="-32.973422" lon="151.365493"><ele>471.8</ele></trkpt>
    <trkpt lat="-32.973530" lon="151.365826"><ele>471.8</ele></trkpt>
    <trkpt lat="-32.973759" lon="151.366126"><ele>470.6</ele></trkpt>
    <trkpt lat="-32.973935" lon="151.366486"><ele>468.5</ele></trkpt>
    <trkpt lat="-32.974430" lon="151.367585"><ele>464.3</ele></trkpt>
    <trkpt lat="-32.974614" lon="151.368320"><ele>464.1</ele></trkpt>
    <trkpt lat="-32.975028" lon="151.369071"><ele>464.3</ele></trkpt>
    <trkpt lat="-32.975204" lon="151.369833"><ele>465.7</ele></trkpt>
    <trkpt lat="-32.975163" lon="151.370820"><ele>470.0</ele></trkpt>
    <trkpt lat="-32.974682" lon="151.371077"><ele>472.0</ele></trkpt>
    <trkpt lat="-32.974034" lon="151.371142"><ele>472.2</ele></trkpt>
    <trkpt lat="-32.973651" lon="151.371271"><ele>471.7</ele></trkpt>
    <trkpt lat="-32.973516" lon="151.371442"><ele>471.6</ele></trkpt>
    <trkpt lat="-32.973557" lon="151.371705"><ele>471.6</ele></trkpt>
    <trkpt lat="-32.973845" lon="151.372145"><ele>471.4</ele></trkpt>
    <trkpt lat="-32.973884" lon="151.372558"><ele>471.4</ele></trkpt>
    <trkpt lat="-32.973900" lon="151.373575"><ele>469.9</ele></trkpt>
    <trkpt lat="-32.974212" lon="151.374182"><ele>467.4</ele></trkpt>
    <trkpt lat="-32.974335" lon="151.374366"><ele>466.5</ele></trkpt>
    <trkpt lat="-32.974438" lon="151.374864"><ele>465.0</ele></trkpt>
    <trkpt lat="-32.974322" lon="151.375267"><ele>463.7</ele></trkpt>
    <trkpt lat="-32.973534" lon="151.376276"><ele>456.1</ele></trkpt>
    <trkpt lat="-32.972279" lon="151.378198"><ele>449.4</ele></trkpt>
    <trkpt lat="-32.971986" lon="151.378545"><ele>448.7</ele></trkpt>
    <trkpt lat="-32.971976" lon="151.379061"><ele>449.2</ele></trkpt>
    <trkpt lat="-32.972176" lon="151.379432"><ele>449.9</ele></trkpt>
    <trkpt lat="-32.972292" lon="151.379859"><ele>449.4</ele></trkpt>
    <trkpt lat="-32.972751" lon="151.380562"><ele>447.6</ele></trkpt>
    <trkpt lat="-32.973476" lon="151.381125"><ele>446.6</ele></trkpt>
    <trkpt lat="-32.973637" lon="151.381352"><ele>446.4</ele></trkpt>
    <trkpt lat="-32.973662" lon="151.382108"><ele>444.7</ele></trkpt>
    <trkpt lat="-32.973525" lon="151.383217"><ele>442.7</ele></trkpt>
    <trkpt lat="-32.973417" lon="151.383507"><ele>443.5</ele></trkpt>
    <trkpt lat="-32.972660" lon="151.384231"><ele>448.3</ele></trkpt>
    <trkpt lat="-32.972090" lon="151.385036"><ele>451.4</ele></trkpt>
    <trkpt lat="-32.971686" lon="151.386147"><ele>450.5</ele></trkpt>
    <trkpt lat="-32.971200" lon="151.387541"><ele>438.0</ele></trkpt>
    <trkpt lat="-32.970552" lon="151.389388"><ele>439.0</ele></trkpt>
    <trkpt lat="-32.970262" lon="151.390019"><ele>443.4</ele></trkpt>
    <trkpt lat="-32.969271" lon="151.391513"><ele>450.6</ele></trkpt>
    <trkpt lat="-32.969219" lon="151.392028"><ele>455.2</ele></trkpt>
    <trkpt lat="-32.969059" lon="151.392561"><ele>459.3</ele></trkpt>
    <trkpt lat="-32.968438" lon="151.394116"><ele>464.6</ele></trkpt>
    <trkpt lat="-32.968149" lon="151.394841"><ele>464.4</ele></trkpt>
    <trkpt lat="-32.968148" lon="151.394882"><ele>464.4</ele></trkpt>
    <trkpt lat="-32.968133" lon="151.395480"><ele>463.2</ele></trkpt>
    <trkpt lat="-32.968277" lon="151.396100"><ele>461.5</ele></trkpt>
    <trkpt lat="-32.968571" lon="151.396888"><ele>458.4</ele></trkpt>
    <trkpt lat="-32.968989" lon="151.397649"><ele>454.9</ele></trkpt>
    <trkpt lat="-32.969169" lon="151.398301"><ele>451.6</ele></trkpt>
    <trkpt lat="-32.969285" lon="151.399280"><ele>443.7</ele></trkpt>
    <trkpt lat="-32.969595" lon="151.400378"><ele>437.3</ele></trkpt>
    <trkpt lat="-32.969658" lon="151.400816"><ele>437.5</ele></trkpt>
    <trkpt lat="-32.969556" lon="151.401047"><ele>438.8</ele></trkpt>
    <trkpt lat="-32.969583" lon="151.401228"><ele>440.0</ele></trkpt>
    <trkpt lat="-32.969585" lon="151.401357"><ele>441.0</ele></trkpt>
    <trkpt lat="-32.969629" lon="151.401508"><ele>442.2</ele></trkpt>
    <trkpt lat="-32.969691" lon="151.401646"><ele>443.5</ele></trkpt>
    <trkpt lat="-32.970354" lon="151.402446"><ele>448.6</ele></trkpt>
    <trkpt lat="-32.971122" lon="151.403382"><ele>448.8</ele></trkpt>
    <trkpt lat="-32.972290" lon="151.404787"><ele>449.3</ele></trkpt>
    <trkpt lat="-32.973044" lon="151.405956"><ele>454.1</ele></trkpt>
    <trkpt lat="-32.973687" lon="151.407157"><ele>460.5</ele></trkpt>
    <trkpt lat="-32.974334" lon="151.409096"><ele>468.9</ele></trkpt>
    <trkpt lat="-32.974464" lon="151.409544"><ele>470.5</ele></trkpt>
    <trkpt lat="-32.974641" lon="151.409921"><ele>472.0</ele></trkpt>
    <trkpt lat="-32.974797" lon="151.410144"><ele>473.5</ele></trkpt>
    <trkpt lat="-32.974915" lon="151.410543"><ele>476.7</ele></trkpt>
    <trkpt lat="-32.975307" lon="151.411412"><ele>485.5</ele></trkpt>
    <trkpt lat="-32.975522" lon="151.411797"><ele>486.9</ele></trkpt>
    <trkpt lat="-32.975407" lon="151.411947"><ele>486.8</ele></trkpt>
    <trkpt lat="-32.975213" lon="151.412056"><ele>485.8</ele></trkpt>
    <trkpt lat="-32.975040" lon="151.412120"><ele>484.8</ele></trkpt>
    <trkpt lat="-32.974962" lon="151.412185"><ele>484.3</ele></trkpt>
    <trkpt lat="-32.974896" lon="151.412303"><ele>483.4</ele></trkpt>
    <trkpt lat="-32.974818" lon="151.412414"><ele>482.4</ele></trkpt>
    <trkpt lat="-32.974516" lon="151.412814"><ele>478.8</ele></trkpt>
    <trkpt lat="-32.974111" lon="151.413350"><ele>475.6</ele></trkpt>
    <trkpt lat="-32.973926" lon="151.413619"><ele>474.1</ele></trkpt>
    <trkpt lat="-32.973740" lon="151.414071"><ele>471.5</ele></trkpt>
    <trkpt lat="-32.973614" lon="151.414275"><ele>470.2</ele></trkpt>
    <trkpt lat="-32.973509" lon="151.414392"><ele>469.3</ele></trkpt>
    <trkpt lat="-32.973003" lon="151.414768"><ele>467.0</ele></trkpt>
    <trkpt lat="-32.972531" lon="151.415153"><ele>465.0</ele></trkpt>
    <trkpt lat="-32.971541" lon="151.415386"><ele>460.8</ele></trkpt>
    <trkpt lat="-32.971327" lon="151.415409"><ele>460.7</ele></trkpt>
    <trkpt lat="-32.970890" lon="151.415414"><ele>461.0</ele></trkpt>
    <trkpt lat="-32.970040" lon="151.415475"><ele>463.2</ele></trkpt>
    <trkpt lat="-32.969214" lon="151.415496"><ele>468.2</ele></trkpt>
    <trkpt lat="-32.968457" lon="151.415281"><ele>473.0</ele></trkpt>
    <trkpt lat="-32.968279" lon="151.415220"><ele>473.6</ele></trkpt>
    <trkpt lat="-32.967596" lon="151.415035"><ele>474.9</ele></trkpt>
    <trkpt lat="-32.966404" lon="151.414536"><ele>475.9</ele></trkpt>
    <trkpt lat="-32.966014" lon="151.414422"><ele>477.3</ele></trkpt>
    <trkpt lat="-32.965717" lon="151.414434"><ele>478.4</ele></trkpt>
    <trkpt lat="-32.964994" lon="151.414623"><ele>478.5</ele></trkpt>
    <trkpt lat="-32.964823" lon="151.414623"><ele>478.0</ele></trkpt>
    <trkpt lat="-32.964056" lon="151.414174"><ele>472.7</ele></trkpt>
    <trkpt lat="-32.963315" lon="151.413946"><ele>469.4</ele></trkpt>
    <trkpt lat="-32.962597" lon="151.414133"><ele>467.2</ele></trkpt>
    <trkpt lat="-32.962278" lon="151.414235"><ele>466.6</ele></trkpt>
    <trkpt lat="-32.961975" lon="151.414331"><ele>466.1</ele></trkpt>
    <trkpt lat="-32.961311" lon="151.414670"><ele>463.5</ele></trkpt>
    <trkpt lat="-32.960633" lon="151.415365"><ele>460.4</ele></trkpt>
    <trkpt lat="-32.960404" lon="151.415598"><ele>460.9</ele></trkpt>
    <trkpt lat="-32.959756" lon="151.416038"><ele>463.3</ele></trkpt>
    <trkpt lat="-32.958500" lon="151.416368"><ele>471.9</ele></trkpt>
    <trkpt lat="-32.958203" lon="151.416446"><ele>473.9</ele></trkpt>
    <trkpt lat="-32.957586" lon="151.417297"><ele>473.6</ele></trkpt>
    <trkpt lat="-32.957560" lon="151.417380"><ele>473.3</ele></trkpt>
    <trkpt lat="-32.957568" lon="151.417461"><ele>473.0</ele></trkpt>
    <trkpt lat="-32.957600" lon="151.417521"><ele>472.6</ele></trkpt>
    <trkpt lat="-32.957744" lon="151.417681"><ele>471.4</ele></trkpt>
    <trkpt lat="-32.957847" lon="151.417781"><ele>470.6</ele></trkpt>
    <trkpt lat="-32.958106" lon="151.418004"><ele>468.5</ele></trkpt>
    <trkpt lat="-32.958208" lon="151.418153"><ele>467.1</ele></trkpt>
    <trkpt lat="-32.958442" lon="151.418341"><ele>463.3</ele></trkpt>
    <trkpt lat="-32.958781" lon="151.418850"><ele>454.9</ele></trkpt>
    <trkpt lat="-32.959198" lon="151.419257"><ele>445.3</ele></trkpt>
    <trkpt lat="-32.959807" lon="151.419588"><ele>433.9</ele></trkpt>
    <trkpt lat="-32.959946" lon="151.419882"><ele>428.7</ele></trkpt>
    <trkpt lat="-32.960566" lon="151.420378"><ele>412.8</ele></trkpt>
    <trkpt lat="-32.960872" lon="151.420614"><ele>406.4</ele></trkpt>
    <trkpt lat="-32.960854" lon="151.421098"><ele>405.1</ele></trkpt>
    <trkpt lat="-32.961173" lon="151.421542"><ele>409.6</ele></trkpt>
    <trkpt lat="-32.961309" lon="151.421783"><ele>414.0</ele></trkpt>
    <trkpt lat="-32.961416" lon="151.421866"><ele>416.0</ele></trkpt>
    <trkpt lat="-32.962497" lon="151.422143"><ele>414.8</ele></trkpt>
    <trkpt lat="-32.962488" lon="151.422915"><ele>402.5</ele></trkpt>
    <trkpt lat="-32.963906" lon="151.422872"><ele>404.2</ele></trkpt>
    <trkpt lat="-32.964903" lon="151.424642"><ele>433.1</ele></trkpt>
    <trkpt lat="-32.964549" lon="151.424956"><ele>435.6</ele></trkpt>
    <trkpt lat="-32.963775" lon="151.425085"><ele>438.4</ele></trkpt>
    <trkpt lat="-32.963373" lon="151.425479"><ele>441.2</ele></trkpt>
    <trkpt lat="-32.963388" lon="151.425697"><ele>443.0</ele></trkpt>
    <trkpt lat="-32.963937" lon="151.426061"><ele>452.2</ele></trkpt>
    <trkpt lat="-32.964495" lon="151.427070"><ele>459.2</ele></trkpt>
    <trkpt lat="-32.964944" lon="151.428424"><ele>455.4</ele></trkpt>
    <trkpt lat="-32.965606" lon="151.428953"><ele>449.2</ele></trkpt>
    <trkpt lat="-32.965949" lon="151.429111"><ele>444.8</ele></trkpt>
    <trkpt lat="-32.966597" lon="151.430463"><ele>423.5</ele></trkpt>
    <trkpt lat="-32.967245" lon="151.430806"><ele>434.4</ele></trkpt>
    <trkpt lat="-32.967532" lon="151.431320"><ele>445.3</ele></trkpt>
    <trkpt lat="-32.968807" lon="151.432016"><ele>443.0</ele></trkpt>
    <trkpt lat="-32.969113" lon="151.431941"><ele>436.8</ele></trkpt>
    <trkpt lat="-32.970232" lon="151.432538"><ele>390.1</ele></trkpt>
    <trkpt lat="-32.970769" lon="151.432713"><ele>372.1</ele></trkpt>
    <trkpt lat="-32.971633" lon="151.433722"><ele>360.4</ele></trkpt>
    <trkpt lat="-32.972806" lon="151.434770"><ele>350.8</ele></trkpt>
    <trkpt lat="-32.974539" lon="151.435526"><ele>356.9</ele></trkpt>
    <trkpt lat="-32.975984" lon="151.436347"><ele>327.6</ele></trkpt>
    <trkpt lat="-32.976528" lon="151.436239"><ele>332.2</ele></trkpt>
    <trkpt lat="-32.978377" lon="151.436656"><ele>339.1</ele></trkpt>
    <trkpt lat="-32.978486" lon="151.436756"><ele>339.1</ele></trkpt>
    <trkpt lat="-32.978673" lon="151.436661"><ele>339.7</ele></trkpt>
    <trkpt lat="-32.978761" lon="151.436717"><ele>340.3</ele></trkpt>
    <trkpt lat="-32.978991" lon="151.436798"><ele>342.9</ele></trkpt>
    <trkpt lat="-32.979216" lon="151.436798"><ele>346.3</ele></trkpt>
    <trkpt lat="-32.979810" lon="151.436975"><ele>354.1</ele></trkpt>
    <trkpt lat="-32.980525" lon="151.437605"><ele>360.1</ele></trkpt>
    <trkpt lat="-32.980556" lon="151.437618"><ele>360.5</ele></trkpt>
    <trkpt lat="-32.980687" lon="151.437673"><ele>361.9</ele></trkpt>
    <trkpt lat="-32.981111" lon="151.438475"><ele>370.0</ele></trkpt>
    <trkpt lat="-32.981395" lon="151.439648"><ele>378.2</ele></trkpt>
    <trkpt lat="-32.981273" lon="151.440213"><ele>381.8</ele></trkpt>
    <trkpt lat="-32.981777" lon="151.440964"><ele>396.6</ele></trkpt>
    <trkpt lat="-32.982569" lon="151.441028"><ele>418.0</ele></trkpt>
    <trkpt lat="-32.982830" lon="151.441457"><ele>432.4</ele></trkpt>
    <trkpt lat="-32.982875" lon="151.442144"><ele>448.7</ele></trkpt>
    <trkpt lat="-32.983460" lon="151.443013"><ele>463.1</ele></trkpt>
    <trkpt lat="-32.983625" lon="151.444018"><ele>471.8</ele></trkpt>
    <trkpt lat="-32.983325" lon="151.446124"><ele>458.7</ele></trkpt>
    <trkpt lat="-32.982929" lon="151.447133"><ele>453.5</ele></trkpt>
    <trkpt lat="-32.982821" lon="151.447927"><ele>448.8</ele></trkpt>
    <trkpt lat="-32.982488" lon="151.448592"><ele>439.2</ele></trkpt>
    <trkpt lat="-32.982569" lon="151.448871"><ele>432.5</ele></trkpt>
    <trkpt lat="-32.982974" lon="151.449590"><ele>406.7</ele></trkpt>
    <trkpt lat="-32.983049" lon="151.450262"><ele>391.2</ele></trkpt>
    <trkpt lat="-32.983463" lon="151.450584"><ele>389.8</ele></trkpt>
    <trkpt lat="-32.982974" lon="151.452884"><ele>415.3</ele></trkpt>
    <trkpt lat="-32.982960" lon="151.453361"><ele>414.6</ele></trkpt>
    <trkpt lat="-32.983553" lon="151.453846"><ele>415.2</ele></trkpt>
    <trkpt lat="-32.983654" lon="151.454772"><ele>409.5</ele></trkpt>
    <trkpt lat="-32.983466" lon="151.454865"><ele>408.6</ele></trkpt>
    <trkpt lat="-32.983357" lon="151.454918"><ele>408.3</ele></trkpt>
    <trkpt lat="-32.983065" lon="151.454989"><ele>410.9</ele></trkpt>
    <trkpt lat="-32.982760" lon="151.454996"><ele>416.1</ele></trkpt>
    <trkpt lat="-32.982580" lon="151.454964"><ele>419.6</ele></trkpt>
    <trkpt lat="-32.982083" lon="151.454834"><ele>428.7</ele></trkpt>
    <trkpt lat="-32.981772" lon="151.454698"><ele>432.6</ele></trkpt>
    <trkpt lat="-32.981543" lon="151.454602"><ele>433.6</ele></trkpt>
    <trkpt lat="-32.981453" lon="151.454594"><ele>433.8</ele></trkpt>
    <trkpt lat="-32.981354" lon="151.454601"><ele>433.5</ele></trkpt>
    <trkpt lat="-32.981270" lon="151.454649"><ele>433.1</ele></trkpt>
    <trkpt lat="-32.981206" lon="151.454711"><ele>432.8</ele></trkpt>
    <trkpt lat="-32.981105" lon="151.454889"><ele>431.5</ele></trkpt>
    <trkpt lat="-32.980963" lon="151.455208"><ele>428.9</ele></trkpt>
    <trkpt lat="-32.980856" lon="151.455410"><ele>426.7</ele></trkpt>
    <trkpt lat="-32.980763" lon="151.455577"><ele>424.8</ele></trkpt>
    <trkpt lat="-32.980467" lon="151.456023"><ele>419.2</ele></trkpt>
    <trkpt lat="-32.980079" lon="151.456518"><ele>413.2</ele></trkpt>
    <trkpt lat="-32.979865" lon="151.456773"><ele>411.1</ele></trkpt>
    <trkpt lat="-32.979731" lon="151.456880"><ele>410.6</ele></trkpt>
    <trkpt lat="-32.979672" lon="151.456900"><ele>410.5</ele></trkpt>
    <trkpt lat="-32.979594" lon="151.456896"><ele>410.6</ele></trkpt>
    <trkpt lat="-32.979518" lon="151.456849"><ele>410.7</ele></trkpt>
    <trkpt lat="-32.979433" lon="151.456732"><ele>410.9</ele></trkpt>
    <trkpt lat="-32.979377" lon="151.456614"><ele>411.2</ele></trkpt>
    <trkpt lat="-32.979139" lon="151.455903"><ele>413.4</ele></trkpt>
    <trkpt lat="-32.979092" lon="151.455723"><ele>414.1</ele></trkpt>
    <trkpt lat="-32.979005" lon="151.455166"><ele>416.2</ele></trkpt>
    <trkpt lat="-32.978959" lon="151.455041"><ele>417.0</ele></trkpt>
    <trkpt lat="-32.978845" lon="151.454838"><ele>419.0</ele></trkpt>
    <trkpt lat="-32.978654" lon="151.454557"><ele>422.6</ele></trkpt>
    <trkpt lat="-32.978503" lon="151.454449"><ele>424.8</ele></trkpt>
    <trkpt lat="-32.978355" lon="151.454415"><ele>426.6</ele></trkpt>
    <trkpt lat="-32.978270" lon="151.454435"><ele>427.6</ele></trkpt>
    <trkpt lat="-32.978104" lon="151.454550"><ele>430.1</ele></trkpt>
    <trkpt lat="-32.977962" lon="151.454708"><ele>432.5</ele></trkpt>
    <trkpt lat="-32.977861" lon="151.454857"><ele>434.3</ele></trkpt>
    <trkpt lat="-32.977443" lon="151.455574"><ele>439.2</ele></trkpt>
    <trkpt lat="-32.976903" lon="151.456434"><ele>442.7</ele></trkpt>
    <trkpt lat="-32.976386" lon="151.456956"><ele>446.5</ele></trkpt>
    <trkpt lat="-32.976102" lon="151.457196"><ele>448.7</ele></trkpt>
    <trkpt lat="-32.975646" lon="151.457525"><ele>452.3</ele></trkpt>
    <trkpt lat="-32.975265" lon="151.457729"><ele>455.5</ele></trkpt>
    <trkpt lat="-32.975046" lon="151.457871"><ele>457.5</ele></trkpt>
    <trkpt lat="-32.974863" lon="151.458023"><ele>459.3</ele></trkpt>
    <trkpt lat="-32.974621" lon="151.458274"><ele>461.9</ele></trkpt>
    <trkpt lat="-32.974389" lon="151.458474"><ele>464.1</ele></trkpt>
    <trkpt lat="-32.974262" lon="151.458553"><ele>465.0</ele></trkpt>
    <trkpt lat="-32.973526" lon="151.458901"><ele>468.0</ele></trkpt>
    <trkpt lat="-32.973208" lon="151.459154"><ele>467.1</ele></trkpt>
    <trkpt lat="-32.972688" lon="151.459882"><ele>463.0</ele></trkpt>
    <trkpt lat="-32.971990" lon="151.460959"><ele>465.8</ele></trkpt>
    <trkpt lat="-32.971807" lon="151.461219"><ele>468.5</ele></trkpt>
    <trkpt lat="-32.971407" lon="151.461881"><ele>474.8</ele></trkpt>
    <trkpt lat="-32.971241" lon="151.462104"><ele>476.9</ele></trkpt>
    <trkpt lat="-32.971042" lon="151.462301"><ele>478.6</ele></trkpt>
    <trkpt lat="-32.970643" lon="151.462586"><ele>480.2</ele></trkpt>
    <trkpt lat="-32.969930" lon="151.463021"><ele>480.9</ele></trkpt>
    <trkpt lat="-32.969626" lon="151.463068"><ele>480.9</ele></trkpt>
    <trkpt lat="-32.969367" lon="151.463050"><ele>481.4</ele></trkpt>
    <trkpt lat="-32.969183" lon="151.463072"><ele>482.0</ele></trkpt>
    <trkpt lat="-32.968445" lon="151.463050"><ele>486.9</ele></trkpt>
    <trkpt lat="-32.967800" lon="151.463111"><ele>490.4</ele></trkpt>
    <trkpt lat="-32.967483" lon="151.463160"><ele>491.1</ele></trkpt>
    <trkpt lat="-32.967388" lon="151.463136"><ele>491.2</ele></trkpt>
    <trkpt lat="-32.967311" lon="151.463078"><ele>491.3</ele></trkpt>
    <trkpt lat="-32.967460" lon="151.463500"><ele>491.3</ele></trkpt>
    <trkpt lat="-32.967636" lon="151.463794"><ele>491.2</ele></trkpt>
    <trkpt lat="-32.967663" lon="151.464231"><ele>489.5</ele></trkpt>
    <trkpt lat="-32.967706" lon="151.466619"><ele>469.4</ele></trkpt>
    <trkpt lat="-32.967534" lon="151.468975"><ele>444.5</ele></trkpt>
    <trkpt lat="-32.967694" lon="151.469642"><ele>424.9</ele></trkpt>
    <trkpt lat="-32.967431" lon="151.469843"><ele>409.9</ele></trkpt>
    <trkpt lat="-32.967619" lon="151.470215"><ele>394.4</ele></trkpt>
    <trkpt lat="-32.967727" lon="151.471487"><ele>354.2</ele></trkpt>
    <trkpt lat="-32.967363" lon="151.473411"><ele>298.7</ele></trkpt>
    <trkpt lat="-32.966992" lon="151.474513"><ele>275.1</ele></trkpt>
    <trkpt lat="-32.966754" lon="151.475592"><ele>265.2</ele></trkpt>
    <trkpt lat="-32.966602" lon="151.477341"><ele>238.4</ele></trkpt>
    <trkpt lat="-32.966207" lon="151.477814"><ele>228.8</ele></trkpt>
    <trkpt lat="-32.965629" lon="151.478177"><ele>214.2</ele></trkpt>
    <trkpt lat="-32.965201" lon="151.478352"><ele>202.8</ele></trkpt>
    <trkpt lat="-32.965265" lon="151.478635"><ele>196.4</ele></trkpt>
    <trkpt lat="-32.965033" lon="151.478627"><ele>191.1</ele></trkpt>
    <trkpt lat="-32.965122" lon="151.478745"><ele>188.1</ele></trkpt>
    <trkpt lat="-32.964977" lon="151.478743"><ele>184.6</ele></trkpt>
    <trkpt lat="-32.965240" lon="151.479038"><ele>177.9</ele></trkpt>
    <trkpt lat="-32.965288" lon="151.479337"><ele>175.2</ele></trkpt>
    <trkpt lat="-32.965272" lon="151.479384"><ele>174.9</ele></trkpt>
    <trkpt lat="-32.965868" lon="151.479484"><ele>173.2</ele></trkpt>
    <trkpt lat="-32.966543" lon="151.479535"><ele>175.0</ele></trkpt>
    <trkpt lat="-32.967042" lon="151.479626"><ele>174.7</ele></trkpt>
    <trkpt lat="-32.968171" lon="151.480033"><ele>170.5</ele></trkpt>
    <trkpt lat="-32.968390" lon="151.480570"><ele>168.4</ele></trkpt>
    <trkpt lat="-32.968561" lon="151.480806"><ele>168.1</ele></trkpt>
    <trkpt lat="-32.968750" lon="151.481053"><ele>169.3</ele></trkpt>
    <trkpt lat="-32.968930" lon="151.481257"><ele>170.5</ele></trkpt>
    <trkpt lat="-32.969218" lon="151.481664"><ele>174.1</ele></trkpt>
    <trkpt lat="-32.969290" lon="151.481975"><ele>176.6</ele></trkpt>
    <trkpt lat="-32.969398" lon="151.482244"><ele>179.6</ele></trkpt>
    <trkpt lat="-32.969470" lon="151.482673"><ele>185.6</ele></trkpt>
    <trkpt lat="-32.969496" lon="151.482898"><ele>189.3</ele></trkpt>
    <trkpt lat="-32.969506" lon="151.483102"><ele>192.7</ele></trkpt>
    <trkpt lat="-32.969519" lon="151.483400"><ele>197.8</ele></trkpt>
    <trkpt lat="-32.969542" lon="151.483517"><ele>199.7</ele></trkpt>
    <trkpt lat="-32.969600" lon="151.483657"><ele>202.3</ele></trkpt>
    <trkpt lat="-32.970515" lon="151.485000"><ele>220.4</ele></trkpt>
    <trkpt lat="-32.970609" lon="151.485232"><ele>221.4</ele></trkpt>
    <trkpt lat="-32.970817" lon="151.485545"><ele>221.8</ele></trkpt>
    <trkpt lat="-32.971258" lon="151.486279"><ele>224.2</ele></trkpt>
    <trkpt lat="-32.971482" lon="151.486590"><ele>226.9</ele></trkpt>
    <trkpt lat="-32.971818" lon="151.487011"><ele>231.8</ele></trkpt>
    <trkpt lat="-32.971648" lon="151.487190"><ele>234.7</ele></trkpt>
    <trkpt lat="-32.972370" lon="151.489443"><ele>276.7</ele></trkpt>
    <trkpt lat="-32.972175" lon="151.490405"><ele>290.1</ele></trkpt>
    <trkpt lat="-32.971648" lon="151.490836"><ele>290.4</ele></trkpt>
    <trkpt lat="-32.970079" lon="151.492189"><ele>294.5</ele></trkpt>
    <trkpt lat="-32.969799" lon="151.492469"><ele>298.3</ele></trkpt>
    <trkpt lat="-32.969675" lon="151.492546"><ele>300.4</ele></trkpt>
    <trkpt lat="-32.969390" lon="151.492636"><ele>306.1</ele></trkpt>
    <trkpt lat="-32.969182" lon="151.492731"><ele>311.4</ele></trkpt>
    <trkpt lat="-32.968926" lon="151.492907"><ele>318.6</ele></trkpt>
    <trkpt lat="-32.968624" lon="151.493149"><ele>326.7</ele></trkpt>
    <trkpt lat="-32.967497" lon="151.494456"><ele>324.8</ele></trkpt>
    <trkpt lat="-32.966971" lon="151.495154"><ele>310.9</ele></trkpt>
    <trkpt lat="-32.966351" lon="151.495887"><ele>293.2</ele></trkpt>
    <trkpt lat="-32.965909" lon="151.496495"><ele>279.0</ele></trkpt>
    <trkpt lat="-32.965595" lon="151.496957"><ele>278.8</ele></trkpt>
    <trkpt lat="-32.965413" lon="151.497371"><ele>286.7</ele></trkpt>
    <trkpt lat="-32.965286" lon="151.497763"><ele>296.2</ele></trkpt>
    <trkpt lat="-32.964907" lon="151.499309"><ele>319.8</ele></trkpt>
    <trkpt lat="-32.964793" lon="151.499954"><ele>322.9</ele></trkpt>
    <trkpt lat="-32.964772" lon="151.500209"><ele>323.9</ele></trkpt>
    <trkpt lat="-32.964787" lon="151.500479"><ele>324.9</ele></trkpt>
    <trkpt lat="-32.964047" lon="151.501271"><ele>329.1</ele></trkpt>
    <trkpt lat="-32.964117" lon="151.502058"><ele>333.1</ele></trkpt>
    <trkpt lat="-32.964618" lon="151.503316"><ele>331.5</ele></trkpt>
    <trkpt lat="-32.964744" lon="151.503528"><ele>330.2</ele></trkpt>
    <trkpt lat="-32.965278" lon="151.505012"><ele>322.9</ele></trkpt>
    <trkpt lat="-32.965521" lon="151.505648"><ele>317.5</ele></trkpt>
    <trkpt lat="-32.965677" lon="151.505945"><ele>313.7</ele></trkpt>
    <trkpt lat="-32.965895" lon="151.506186"><ele>309.3</ele></trkpt>
    <trkpt lat="-32.966259" lon="151.506660"><ele>301.5</ele></trkpt>
    <trkpt lat="-32.966625" lon="151.507396"><ele>297.0</ele></trkpt>
    <trkpt lat="-32.966887" lon="151.508075"><ele>297.7</ele></trkpt>
    <trkpt lat="-32.967059" lon="151.508382"><ele>298.4</ele></trkpt>
    <trkpt lat="-32.967414" lon="151.508846"><ele>299.8</ele></trkpt>
    <trkpt lat="-32.967595" lon="151.509118"><ele>301.7</ele></trkpt>
    <trkpt lat="-32.967717" lon="151.509491"><ele>304.5</ele></trkpt>
    <trkpt lat="-32.967707" lon="151.510096"><ele>310.5</ele></trkpt>
    <trkpt lat="-32.967769" lon="151.510665"><ele>312.6</ele></trkpt>
    <trkpt lat="-32.967869" lon="151.510928"><ele>311.2</ele></trkpt>
    <trkpt lat="-32.968066" lon="151.511200"><ele>307.6</ele></trkpt>
    <trkpt lat="-32.968229" lon="151.511491"><ele>303.3</ele></trkpt>
    <trkpt lat="-32.968445" lon="151.511834"><ele>300.5</ele></trkpt>
    <trkpt lat="-32.968436" lon="151.512221"><ele>299.1</ele></trkpt>
    <trkpt lat="-32.968319" lon="151.512564"><ele>297.8</ele></trkpt>
    <trkpt lat="-32.967846" lon="151.513535"><ele>282.2</ele></trkpt>
    <trkpt lat="-32.967668" lon="151.513884"><ele>273.9</ele></trkpt>
    <trkpt lat="-32.967525" lon="151.514296"><ele>265.9</ele></trkpt>
    <trkpt lat="-32.967351" lon="151.514876"><ele>259.4</ele></trkpt>
    <trkpt lat="-32.966990" lon="151.515813"><ele>256.8</ele></trkpt>
    <trkpt lat="-32.966753" lon="151.516317"><ele>258.7</ele></trkpt>
    <trkpt lat="-32.966576" lon="151.516572"><ele>260.0</ele></trkpt>
    <trkpt lat="-32.966356" lon="151.516852"><ele>261.6</ele></trkpt>
    <trkpt lat="-32.966057" lon="151.517133"><ele>263.4</ele></trkpt>
    <trkpt lat="-32.965823" lon="151.517319"><ele>264.3</ele></trkpt>
    <trkpt lat="-32.965690" lon="151.517636"><ele>265.1</ele></trkpt>
    <trkpt lat="-32.965382" lon="151.518099"><ele>265.5</ele></trkpt>
    <trkpt lat="-32.963924" lon="151.518903"><ele>250.6</ele></trkpt>
    <trkpt lat="-32.963024" lon="151.519708"><ele>232.4</ele></trkpt>
    <trkpt lat="-32.962673" lon="151.520062"><ele>231.8</ele></trkpt>
    <trkpt lat="-32.962202" lon="151.520331"><ele>234.6</ele></trkpt>
    <trkpt lat="-32.962023" lon="151.520467"><ele>234.9</ele></trkpt>
    <trkpt lat="-32.961588" lon="151.521301"><ele>229.2</ele></trkpt>
    <trkpt lat="-32.961552" lon="151.521494"><ele>227.6</ele></trkpt>
    <trkpt lat="-32.961608" lon="151.522053"><ele>222.5</ele></trkpt>
    <trkpt lat="-32.961709" lon="151.522632"><ele>216.0</ele></trkpt>
    <trkpt lat="-32.961835" lon="151.522986"><ele>210.8</ele></trkpt>
    <trkpt lat="-32.962344" lon="151.523994"><ele>193.5</ele></trkpt>
    <trkpt lat="-32.962808" lon="151.524960"><ele>177.7</ele></trkpt>
    <trkpt lat="-32.963085" lon="151.525545"><ele>166.1</ele></trkpt>
    <trkpt lat="-32.963051" lon="151.526014"><ele>158.3</ele></trkpt>
    <trkpt lat="-32.962578" lon="151.528453"><ele>128.6</ele></trkpt>
    <trkpt lat="-32.962217" lon="151.529651"><ele>120.7</ele></trkpt>
    <trkpt lat="-32.961862" lon="151.530486"><ele>112.0</ele></trkpt>
    <trkpt lat="-32.961637" lon="151.531386"><ele>104.1</ele></trkpt>
    <trkpt lat="-32.961473" lon="151.531956"><ele>101.1</ele></trkpt>
    <trkpt lat="-32.961448" lon="151.533234"><ele>98.7</ele></trkpt>
    <trkpt lat="-32.961551" lon="151.533450"><ele>98.1</ele></trkpt>
    <trkpt lat="-32.962196" lon="151.534444"><ele>95.0</ele></trkpt>
    <trkpt lat="-32.962289" lon="151.534746"><ele>94.3</ele></trkpt>
    <trkpt lat="-32.962282" lon="151.535083"><ele>93.7</ele></trkpt>
    <trkpt lat="-32.961714" lon="151.537640"><ele>90.9</ele></trkpt>
    <trkpt lat="-32.961613" lon="151.537824"><ele>89.7</ele></trkpt>
    <trkpt lat="-32.961238" lon="151.538401"><ele>84.1</ele></trkpt>
    <trkpt lat="-32.960178" lon="151.539194"><ele>71.2</ele></trkpt>
    <trkpt lat="-32.960130" lon="151.539233"><ele>70.6</ele></trkpt>
    <trkpt lat="-32.959973" lon="151.539338"><ele>69.0</ele></trkpt>
    <trkpt lat="-32.959771" lon="151.539470"><ele>66.9</ele></trkpt>
    <trkpt lat="-32.959726" lon="151.539593"><ele>66.1</ele></trkpt>
    <trkpt lat="-32.959715" lon="151.539712"><ele>65.4</ele></trkpt>
    <trkpt lat="-32.959789" lon="151.539910"><ele>64.2</ele></trkpt>
    <trkpt lat="-32.959814" lon="151.539963"><ele>64.0</ele></trkpt>
    <trkpt lat="-32.959982" lon="151.540315"><ele>62.0</ele></trkpt>
    <trkpt lat="-32.960412" lon="151.541151"><ele>58.1</ele></trkpt>
    <trkpt lat="-32.960484" lon="151.541351"><ele>57.7</ele></trkpt>
    <trkpt lat="-32.960853" lon="151.541961"><ele>58.7</ele></trkpt>
    <trkpt lat="-32.961937" lon="151.543113"><ele>70.2</ele></trkpt>
    <trkpt lat="-32.962271" lon="151.543515"><ele>74.6</ele></trkpt>
    <trkpt lat="-32.962333" lon="151.543582"><ele>75.4</ele></trkpt>
    <trkpt lat="-32.961776" lon="151.545336"><ele>76.6</ele></trkpt>
    <trkpt lat="-32.961655" lon="151.545861"><ele>72.6</ele></trkpt>
    <trkpt lat="-32.961776" lon="151.546376"><ele>71.4</ele></trkpt>
    <trkpt lat="-32.961734" lon="151.546704"><ele>71.4</ele></trkpt>
    <trkpt lat="-32.961529" lon="151.547653"><ele>72.3</ele></trkpt>
    <trkpt lat="-32.961326" lon="151.549219"><ele>73.9</ele></trkpt>
    <trkpt lat="-32.960989" lon="151.550051"><ele>75.7</ele></trkpt>
    <trkpt lat="-32.960774" lon="151.550955"><ele>79.7</ele></trkpt>
    <trkpt lat="-32.960633" lon="151.551333"><ele>81.2</ele></trkpt>
    <trkpt lat="-32.960100" lon="151.553272"><ele>78.1</ele></trkpt>
    <trkpt lat="-32.960057" lon="151.553425"><ele>77.6</ele></trkpt>
    <trkpt lat="-32.959805" lon="151.553736"><ele>75.9</ele></trkpt>
    <trkpt lat="-32.959485" lon="151.554225"><ele>71.4</ele></trkpt>
    <trkpt lat="-32.959316" lon="151.554523"><ele>68.6</ele></trkpt>
    <trkpt lat="-32.959287" lon="151.554573"><ele>68.1</ele></trkpt>
    <trkpt lat="-32.959089" lon="151.555340"><ele>62.9</ele></trkpt>
    <trkpt lat="-32.959089" lon="151.555598"><ele>61.8</ele></trkpt>
    <trkpt lat="-32.959202" lon="151.555818"><ele>60.9</ele></trkpt>
    <trkpt lat="-32.959413" lon="151.556116"><ele>58.9</ele></trkpt>
    <trkpt lat="-32.958786" lon="151.557126"><ele>55.8</ele></trkpt>
    <trkpt lat="-32.957873" lon="151.558591"><ele>50.3</ele></trkpt>
    <trkpt lat="-32.957146" lon="151.559737"><ele>48.0</ele></trkpt>
    <trkpt lat="-32.957042" lon="151.559884"><ele>47.4</ele></trkpt>
    <trkpt lat="-32.956925" lon="151.560018"><ele>46.5</ele></trkpt>
    <trkpt lat="-32.956801" lon="151.560145"><ele>45.5</ele></trkpt>
    <trkpt lat="-32.956672" lon="151.560247"><ele>44.4</ele></trkpt>
    <trkpt lat="-32.956541" lon="151.560342"><ele>43.1</ele></trkpt>
    <trkpt lat="-32.955358" lon="151.561143"><ele>28.6</ele></trkpt>
    <trkpt lat="-32.954386" lon="151.561797"><ele>27.3</ele></trkpt>
    <trkpt lat="-32.954175" lon="151.561951"><ele>27.9</ele></trkpt>
    <trkpt lat="-32.953994" lon="151.562121"><ele>28.2</ele></trkpt>
    <trkpt lat="-32.952818" lon="151.563462"><ele>26.9</ele></trkpt>
    <trkpt lat="-32.952480" lon="151.563921"><ele>29.4</ele></trkpt>
    <trkpt lat="-32.952222" lon="151.564705"><ele>33.7</ele></trkpt>
    <trkpt lat="-32.952061" lon="151.565687"><ele>33.9</ele></trkpt>
    <trkpt lat="-32.952006" lon="151.566484"><ele>32.8</ele></trkpt>
    <trkpt lat="-32.951942" lon="151.567471"><ele>31.9</ele></trkpt>
    <trkpt lat="-32.951871" lon="151.568490"><ele>29.6</ele></trkpt>
    <trkpt lat="-32.951381" lon="151.575648"><ele>17.8</ele></trkpt>
    <trkpt lat="-32.951334" lon="151.576103"><ele>18.0</ele></trkpt>
    <trkpt lat="-32.951220" lon="151.576561"><ele>17.7</ele></trkpt>
    <trkpt lat="-32.951065" lon="151.576927"><ele>17.2</ele></trkpt>
    <trkpt lat="-32.950903" lon="151.577255"><ele>17.1</ele></trkpt>
    <trkpt lat="-32.951053" lon="151.577380"><ele>17.4</ele></trkpt>
    <trkpt lat="-32.951252" lon="151.577542"><ele>18.8</ele></trkpt>
    <trkpt lat="-32.951433" lon="151.577691"><ele>19.9</ele></trkpt>
    <trkpt lat="-32.951536" lon="151.577775"><ele>20.9</ele></trkpt>
    <trkpt lat="-32.951611" lon="151.577840"><ele>21.8</ele></trkpt>
    <trkpt lat="-32.951663" lon="151.577883"><ele>22.5</ele></trkpt>
    <trkpt lat="-32.951727" lon="151.577940"><ele>23.3</ele></trkpt>
    <trkpt lat="-32.951771" lon="151.577982"><ele>24.0</ele></trkpt>
    <trkpt lat="-32.951841" lon="151.578058"><ele>25.2</ele></trkpt>
    <trkpt lat="-32.951902" lon="151.578136"><ele>26.4</ele></trkpt>
    <trkpt lat="-32.951944" lon="151.578196"><ele>27.2</ele></trkpt>
    <trkpt lat="-32.951981" lon="151.578262"><ele>28.1</ele></trkpt>
    <trkpt lat="-32.952005" lon="151.578310"><ele>28.7</ele></trkpt>
    <trkpt lat="-32.952030" lon="151.578364"><ele>29.4</ele></trkpt>
    <trkpt lat="-32.952052" lon="151.578419"><ele>30.0</ele></trkpt>
    <trkpt lat="-32.952077" lon="151.578489"><ele>30.8</ele></trkpt>
    <trkpt lat="-32.952100" lon="151.578569"><ele>31.7</ele></trkpt>
    <trkpt lat="-32.952113" lon="151.578630"><ele>32.4</ele></trkpt>
    <trkpt lat="-32.952125" lon="151.578694"><ele>33.0</ele></trkpt>
    <trkpt lat="-32.952133" lon="151.578753"><ele>33.6</ele></trkpt>
    <trkpt lat="-32.952138" lon="151.578812"><ele>34.2</ele></trkpt>
    <trkpt lat="-32.952141" lon="151.578879"><ele>34.9</ele></trkpt>
    <trkpt lat="-32.952140" lon="151.578964"><ele>35.7</ele></trkpt>
    <trkpt lat="-32.952135" lon="151.579044"><ele>36.5</ele></trkpt>
    <trkpt lat="-32.952128" lon="151.579109"><ele>36.9</ele></trkpt>
    <trkpt lat="-32.952118" lon="151.579167"><ele>37.3</ele></trkpt>
    <trkpt lat="-32.952106" lon="151.579229"><ele>37.6</ele></trkpt>
    <trkpt lat="-32.952086" lon="151.579302"><ele>38.1</ele></trkpt>
    <trkpt lat="-32.952062" lon="151.579376"><ele>38.5</ele></trkpt>
    <trkpt lat="-32.952034" lon="151.579445"><ele>38.7</ele></trkpt>
    <trkpt lat="-32.951992" lon="151.579540"><ele>38.9</ele></trkpt>
    <trkpt lat="-32.951945" lon="151.579635"><ele>39.2</ele></trkpt>
    <trkpt lat="-32.951884" lon="151.579746"><ele>39.4</ele></trkpt>
    <trkpt lat="-32.951819" lon="151.579867"><ele>39.5</ele></trkpt>
    <trkpt lat="-32.951707" lon="151.580067"><ele>39.6</ele></trkpt>
    <trkpt lat="-32.951608" lon="151.580226"><ele>39.6</ele></trkpt>
    <trkpt lat="-32.951481" lon="151.580425"><ele>39.8</ele></trkpt>
    <trkpt lat="-32.951406" lon="151.580541"><ele>39.8</ele></trkpt>
    <trkpt lat="-32.951346" lon="151.580636"><ele>39.9</ele></trkpt>
    <trkpt lat="-32.951283" lon="151.580735"><ele>39.8</ele></trkpt>
    <trkpt lat="-32.951233" lon="151.580822"><ele>39.8</ele></trkpt>
    <trkpt lat="-32.951187" lon="151.580905"><ele>39.7</ele></trkpt>
    <trkpt lat="-32.951145" lon="151.580989"><ele>39.5</ele></trkpt>
    <trkpt lat="-32.951102" lon="151.581086"><ele>39.1</ele></trkpt>
    <trkpt lat="-32.951065" lon="151.581178"><ele>38.8</ele></trkpt>
    <trkpt lat="-32.951022" lon="151.581291"><ele>38.3</ele></trkpt>
    <trkpt lat="-32.950966" lon="151.581468"><ele>37.4</ele></trkpt>
    <trkpt lat="-32.950913" lon="151.581644"><ele>36.2</ele></trkpt>
    <trkpt lat="-32.950876" lon="151.581781"><ele>35.2</ele></trkpt>
    <trkpt lat="-32.950857" lon="151.581856"><ele>34.6</ele></trkpt>
    <trkpt lat="-32.950841" lon="151.581929"><ele>34.0</ele></trkpt>
    <trkpt lat="-32.950831" lon="151.581986"><ele>33.5</ele></trkpt>
    <trkpt lat="-32.950823" lon="151.582050"><ele>33.0</ele></trkpt>
    <trkpt lat="-32.950817" lon="151.582115"><ele>32.5</ele></trkpt>
    <trkpt lat="-32.950814" lon="151.582176"><ele>32.0</ele></trkpt>
    <trkpt lat="-32.950814" lon="151.582235"><ele>31.5</ele></trkpt>
    <trkpt lat="-32.950817" lon="151.582297"><ele>31.1</ele></trkpt>
    <trkpt lat="-32.950825" lon="151.582376"><ele>30.5</ele></trkpt>
    <trkpt lat="-32.950834" lon="151.582457"><ele>29.9</ele></trkpt>
    <trkpt lat="-32.950851" lon="151.582568"><ele>29.1</ele></trkpt>
    <trkpt lat="-32.951032" lon="151.583657"><ele>22.6</ele></trkpt>
    <trkpt lat="-32.951116" lon="151.584166"><ele>21.0</ele></trkpt>
    <trkpt lat="-32.951194" lon="151.584629"><ele>20.9</ele></trkpt>
    <trkpt lat="-32.951209" lon="151.584705"><ele>21.1</ele></trkpt>
    <trkpt lat="-32.951234" lon="151.584800"><ele>21.4</ele></trkpt>
    <trkpt lat="-32.951247" lon="151.584845"><ele>21.5</ele></trkpt>
    <trkpt lat="-32.951265" lon="151.584894"><ele>21.7</ele></trkpt>
    <trkpt lat="-32.951286" lon="151.584945"><ele>21.9</ele></trkpt>
    <trkpt lat="-32.951312" lon="151.585001"><ele>22.2</ele></trkpt>
    <trkpt lat="-32.951330" lon="151.585038"><ele>22.4</ele></trkpt>
    <trkpt lat="-32.951349" lon="151.585072"><ele>22.6</ele></trkpt>
    <trkpt lat="-32.951378" lon="151.585114"><ele>23.0</ele></trkpt>
    <trkpt lat="-32.951409" lon="151.585157"><ele>23.3</ele></trkpt>
    <trkpt lat="-32.951455" lon="151.585211"><ele>23.7</ele></trkpt>
    <trkpt lat="-32.951488" lon="151.585245"><ele>24.0</ele></trkpt>
    <trkpt lat="-32.951522" lon="151.585276"><ele>24.3</ele></trkpt>
    <trkpt lat="-32.951558" lon="151.585307"><ele>24.6</ele></trkpt>
    <trkpt lat="-32.951588" lon="151.585330"><ele>24.9</ele></trkpt>
    <trkpt lat="-32.951629" lon="151.585357"><ele>25.2</ele></trkpt>
    <trkpt lat="-32.951660" lon="151.585375"><ele>25.5</ele></trkpt>
    <trkpt lat="-32.951696" lon="151.585393"><ele>25.7</ele></trkpt>
    <trkpt lat="-32.951750" lon="151.585415"><ele>26.2</ele></trkpt>
    <trkpt lat="-32.951795" lon="151.585430"><ele>26.5</ele></trkpt>
    <trkpt lat="-32.951836" lon="151.585441"><ele>26.9</ele></trkpt>
    <trkpt lat="-32.951883" lon="151.585451"><ele>27.3</ele></trkpt>
    <trkpt lat="-32.951928" lon="151.585456"><ele>27.6</ele></trkpt>
    <trkpt lat="-32.951991" lon="151.585459"><ele>28.1</ele></trkpt>
    <trkpt lat="-32.952046" lon="151.585457"><ele>28.4</ele></trkpt>
    <trkpt lat="-32.952103" lon="151.585452"><ele>28.7</ele></trkpt>
    <trkpt lat="-32.952177" lon="151.585439"><ele>29.2</ele></trkpt>
    <trkpt lat="-32.952257" lon="151.585421"><ele>29.6</ele></trkpt>
    <trkpt lat="-32.952763" lon="151.585298"><ele>32.2</ele></trkpt>
    <trkpt lat="-32.953523" lon="151.585158"><ele>37.2</ele></trkpt>
    <trkpt lat="-32.953616" lon="151.585142"><ele>38.1</ele></trkpt>
    <trkpt lat="-32.953679" lon="151.585140"><ele>38.7</ele></trkpt>
    <trkpt lat="-32.953744" lon="151.585146"><ele>39.4</ele></trkpt>
    <trkpt lat="-32.953818" lon="151.585158"><ele>40.2</ele></trkpt>
    <trkpt lat="-32.953872" lon="151.585169"><ele>40.7</ele></trkpt>
    <trkpt lat="-32.953944" lon="151.585190"><ele>41.4</ele></trkpt>
    <trkpt lat="-32.953984" lon="151.585209"><ele>41.9</ele></trkpt>
    <trkpt lat="-32.954030" lon="151.585236"><ele>42.4</ele></trkpt>
    <trkpt lat="-32.954087" lon="151.585280"><ele>43.1</ele></trkpt>
    <trkpt lat="-32.954259" lon="151.585419"><ele>44.8</ele></trkpt>
    <trkpt lat="-32.954662" lon="151.585750"><ele>49.2</ele></trkpt>
    <trkpt lat="-32.954994" lon="151.586022"><ele>52.7</ele></trkpt>
    <trkpt lat="-32.955177" lon="151.586178"><ele>54.7</ele></trkpt>
    <trkpt lat="-32.955410" lon="151.586365"><ele>57.4</ele></trkpt>
    <trkpt lat="-32.955645" lon="151.586559"><ele>60.2</ele></trkpt>
    <trkpt lat="-32.955922" lon="151.586789"><ele>63.6</ele></trkpt>
    <trkpt lat="-32.956104" lon="151.586940"><ele>65.5</ele></trkpt>
    <trkpt lat="-32.956193" lon="151.587019"><ele>66.3</ele></trkpt>
    <trkpt lat="-32.956263" lon="151.587084"><ele>67.0</ele></trkpt>
    <trkpt lat="-32.956341" lon="151.587161"><ele>67.8</ele></trkpt>
    <trkpt lat="-32.956431" lon="151.587259"><ele>68.8</ele></trkpt>
    <trkpt lat="-32.956521" lon="151.587365"><ele>69.9</ele></trkpt>
    <trkpt lat="-32.956639" lon="151.587500"><ele>71.2</ele></trkpt>
    <trkpt lat="-32.956794" lon="151.587684"><ele>73.0</ele></trkpt>
    <trkpt lat="-32.956980" lon="151.587914"><ele>75.1</ele></trkpt>
    <trkpt lat="-32.957230" lon="151.588220"><ele>77.3</ele></trkpt>
    <trkpt lat="-32.957397" lon="151.588429"><ele>78.1</ele></trkpt>
    <trkpt lat="-32.957598" lon="151.588724"><ele>78.7</ele></trkpt>
    <trkpt lat="-32.957690" lon="151.589000"><ele>78.9</ele></trkpt>
    <trkpt lat="-32.957716" lon="151.589215"><ele>79.2</ele></trkpt>
    <trkpt lat="-32.957748" lon="151.589617"><ele>80.3</ele></trkpt>
    <trkpt lat="-32.957808" lon="151.590318"><ele>82.6</ele></trkpt>
    <trkpt lat="-32.957818" lon="151.590404"><ele>82.8</ele></trkpt>
    <trkpt lat="-32.958059" lon="151.592365"><ele>87.6</ele></trkpt>
    <trkpt lat="-32.958267" lon="151.594049"><ele>89.7</ele></trkpt>
    <trkpt lat="-32.958349" lon="151.594596"><ele>89.3</ele></trkpt>
    <trkpt lat="-32.958410" lon="151.594841"><ele>89.1</ele></trkpt>
    <trkpt lat="-32.959577" lon="151.598170"><ele>75.8</ele></trkpt>
    <trkpt lat="-32.959700" lon="151.598489"><ele>73.5</ele></trkpt>
    <trkpt lat="-32.959849" lon="151.598852"><ele>70.0</ele></trkpt>
    <trkpt lat="-32.959911" lon="151.598980"><ele>68.6</ele></trkpt>
    <trkpt lat="-32.959991" lon="151.599106"><ele>67.2</ele></trkpt>
    <trkpt lat="-32.960055" lon="151.599191"><ele>66.2</ele></trkpt>
    <trkpt lat="-32.960127" lon="151.599265"><ele>65.4</ele></trkpt>
    <trkpt lat="-32.960235" lon="151.599363"><ele>64.3</ele></trkpt>
    <trkpt lat="-32.960350" lon="151.599455"><ele>63.3</ele></trkpt>
    <trkpt lat="-32.960652" lon="151.599684"><ele>61.5</ele></trkpt>
    <trkpt lat="-32.960843" lon="151.599924"><ele>60.3</ele></trkpt>
    <trkpt lat="-32.960913" lon="151.600091"><ele>59.7</ele></trkpt>
    <trkpt lat="-32.960990" lon="151.600346"><ele>58.5</ele></trkpt>
    <trkpt lat="-32.961336" lon="151.601497"><ele>46.0</ele></trkpt>
    <trkpt lat="-32.961402" lon="151.601597"><ele>44.6</ele></trkpt>
    <trkpt lat="-32.961485" lon="151.601668"><ele>43.3</ele></trkpt>
    <trkpt lat="-32.961571" lon="151.601696"><ele>42.2</ele></trkpt>
    <trkpt lat="-32.961653" lon="151.601687"><ele>41.3</ele></trkpt>
    <trkpt lat="-32.961721" lon="151.601642"><ele>40.5</ele></trkpt>
    <trkpt lat="-32.961770" lon="151.601585"><ele>39.8</ele></trkpt>
    <trkpt lat="-32.961869" lon="151.601375"><ele>37.5</ele></trkpt>
    <trkpt lat="-32.961972" lon="151.601202"><ele>35.4</ele></trkpt>
    <trkpt lat="-32.962107" lon="151.601078"><ele>33.5</ele></trkpt>
    <trkpt lat="-32.962263" lon="151.600997"><ele>31.4</ele></trkpt>
    <trkpt lat="-32.962389" lon="151.600974"><ele>29.8</ele></trkpt>
    <trkpt lat="-32.962520" lon="151.600993"><ele>28.2</ele></trkpt>
    <trkpt lat="-32.962661" lon="151.601037"><ele>26.5</ele></trkpt>
    <trkpt lat="-32.962758" lon="151.601101"><ele>25.4</ele></trkpt>
    <trkpt lat="-32.962856" lon="151.601188"><ele>24.2</ele></trkpt>
    <trkpt lat="-32.963118" lon="151.601437"><ele>22.1</ele></trkpt>
    <trkpt lat="-32.963051" lon="151.601516"><ele>21.6</ele></trkpt>
    <trkpt lat="-32.962984" lon="151.601622"><ele>21.2</ele></trkpt>
    <trkpt lat="-32.962848" lon="151.601872"><ele>20.6</ele></trkpt>
    <trkpt lat="-32.962206" lon="151.603040"><ele>19.2</ele></trkpt>
    <trkpt lat="-32.961948" lon="151.603483"><ele>17.7</ele></trkpt>
    <trkpt lat="-32.962112" lon="151.603603"><ele>17.0</ele></trkpt>
    <trkpt lat="-32.962148" lon="151.603626"><ele>16.8</ele></trkpt>
    <trkpt lat="-32.962248" lon="151.603711"><ele>16.4</ele></trkpt>
    <trkpt lat="-32.962362" lon="151.603807"><ele>15.9</ele></trkpt>
    <trkpt lat="-32.962451" lon="151.603883"><ele>15.3</ele></trkpt>
    <trkpt lat="-32.962556" lon="151.603972"><ele>14.5</ele></trkpt>
    <trkpt lat="-32.962608" lon="151.604011"><ele>14.1</ele></trkpt>
    <trkpt lat="-32.962860" lon="151.604200"><ele>12.7</ele></trkpt>
    <trkpt lat="-32.962910" lon="151.604249"><ele>12.4</ele></trkpt>
    <trkpt lat="-32.963259" lon="151.604592"><ele>10.4</ele></trkpt>
    <trkpt lat="-32.963682" lon="151.605008"><ele>6.9</ele></trkpt>
    <trkpt lat="-32.963721" lon="151.605047"><ele>6.7</ele></trkpt>
    <trkpt lat="-32.963767" lon="151.605092"><ele>6.5</ele></trkpt>
    <trkpt lat="-32.963819" lon="151.605143"><ele>6.3</ele></trkpt>
    <trkpt lat="-32.964256" lon="151.605572"><ele>4.1</ele></trkpt>
    <trkpt lat="-32.964476" lon="151.605789"><ele>3.7</ele></trkpt>
    <trkpt lat="-32.964561" lon="151.605873"><ele>3.5</ele></trkpt>
    <trkpt lat="-32.964843" lon="151.606150"><ele>2.9</ele></trkpt>
    <trkpt lat="-32.965062" lon="151.606366"><ele>3.2</ele></trkpt>
    <trkpt lat="-32.965814" lon="151.607105"><ele>4.9</ele></trkpt>
    <trkpt lat="-32.965979" lon="151.607268"><ele>5.0</ele></trkpt>
    <trkpt lat="-32.966066" lon="151.607321"><ele>4.9</ele></trkpt>
    <trkpt lat="-32.966130" lon="151.607386"><ele>4.8</ele></trkpt>
    <trkpt lat="-32.966180" lon="151.607463"><ele>4.8</ele></trkpt>
    <trkpt lat="-32.966252" lon="151.607602"><ele>5.0</ele></trkpt>
    <trkpt lat="-32.966202" lon="151.607564"><ele>5.1</ele></trkpt>
    <trkpt lat="-32.966150" lon="151.607549"><ele>5.1</ele></trkpt>
    <trkpt lat="-32.966108" lon="151.607550"><ele>5.2</ele></trkpt>
    <trkpt lat="-32.966071" lon="151.607561"><ele>5.2</ele></trkpt>
    <trkpt lat="-32.965926" lon="151.607606"><ele>5.2</ele></trkpt>
    <trkpt lat="-32.965796" lon="151.607655"><ele>5.0</ele></trkpt>
    <trkpt lat="-32.965686" lon="151.607700"><ele>4.8</ele></trkpt>
    <trkpt lat="-32.965596" lon="151.607729"><ele>4.7</ele></trkpt>
    <trkpt lat="-32.965476" lon="151.607764"><ele>4.5</ele></trkpt>
    <trkpt lat="-32.965361" lon="151.607805"><ele>4.3</ele></trkpt>
    <trkpt lat="-32.965263" lon="151.607848"><ele>4.1</ele></trkpt>
    <trkpt lat="-32.965180" lon="151.607885"><ele>4.0</ele></trkpt>
    <trkpt lat="-32.965101" lon="151.607923"><ele>3.9</ele></trkpt>
    <trkpt lat="-32.965019" lon="151.607956"><ele>3.6</ele></trkpt>
    <trkpt lat="-32.964935" lon="151.607987"><ele>3.3</ele></trkpt>
    <trkpt lat="-32.964880" lon="151.607995"><ele>3.1</ele></trkpt>
    <trkpt lat="-32.964807" lon="151.608015"><ele>3.0</ele></trkpt>
    <trkpt lat="-32.964478" lon="151.608195"><ele>2.9</ele></trkpt>
    <trkpt lat="-32.964135" lon="151.608399"><ele>3.0</ele></trkpt>
    <trkpt lat="-32.963523" lon="151.608807"><ele>3.1</ele></trkpt>
    <trkpt lat="-32.963453" lon="151.608855"><ele>3.2</ele></trkpt>
    <trkpt lat="-32.963294" lon="151.608949"><ele>3.3</ele></trkpt>
    <trkpt lat="-32.963045" lon="151.609056"><ele>3.2</ele></trkpt>
    <trkpt lat="-32.962795" lon="151.609172"><ele>3.0</ele></trkpt>
    <trkpt lat="-32.962831" lon="151.609236"><ele>2.9</ele></trkpt>
    <trkpt lat="-32.962890" lon="151.609336"><ele>2.8</ele></trkpt>
    <trkpt lat="-32.963029" lon="151.609543"><ele>2.7</ele></trkpt>
    <trkpt lat="-32.963120" lon="151.609675"><ele>2.6</ele></trkpt>
    <trkpt lat="-32.963157" lon="151.609687"><ele>2.6</ele></trkpt>
    <trkpt lat="-32.963206" lon="151.609664"><ele>2.6</ele></trkpt>
    <trkpt lat="-32.963541" lon="151.609447"><ele>2.1</ele></trkpt>
    <trkpt lat="-32.963571" lon="151.609398"><ele>2.0</ele></trkpt>
    <trkpt lat="-32.963571" lon="151.609342"><ele>2.0</ele></trkpt>
    <trkpt lat="-32.963440" lon="151.609429"><ele>1.9</ele></trkpt>
    <trkpt lat="-32.963206" lon="151.609557"><ele>1.6</ele></trkpt>
    <trkpt lat="-32.963185" lon="151.609565"><ele>1.6</ele></trkpt>
    <trkpt lat="-32.963128" lon="151.609612"><ele>1.5</ele></trkpt>
    <trkpt lat="-32.962581" lon="151.610138"><ele>0.5</ele></trkpt>
    <trkpt lat="-32.962249" lon="151.610500"><ele>1.0</ele></trkpt>
    <trkpt lat="-32.961931" lon="151.610884"><ele>1.6</ele></trkpt>
    <trkpt lat="-32.961841" lon="151.611045"><ele>1.8</ele></trkpt>
    <trkpt lat="-32.961349" lon="151.611762"><ele>2.4</ele></trkpt>
    <trkpt lat="-32.960675" lon="151.612758"><ele>3.5</ele></trkpt>
    <trkpt lat="-32.960121" lon="151.613579"><ele>3.8</ele></trkpt>
    <trkpt lat="-32.959943" lon="151.613815"><ele>3.5</ele></trkpt>
    <trkpt lat="-32.959893" lon="151.613869"><ele>3.3</ele></trkpt>
    <trkpt lat="-32.959813" lon="151.613980"><ele>3.0</ele></trkpt>
    <trkpt lat="-32.958854" lon="151.615423"><ele>3.3</ele></trkpt>
    <trkpt lat="-32.958659" lon="151.615744"><ele>4.2</ele></trkpt>
    <trkpt lat="-32.958668" lon="151.615735"><ele>4.3</ele></trkpt>
    <trkpt lat="-32.958679" lon="151.615729"><ele>4.3</ele></trkpt>
    <trkpt lat="-32.958690" lon="151.615728"><ele>4.3</ele></trkpt>
    <trkpt lat="-32.958701" lon="151.615732"><ele>4.4</ele></trkpt>
    <trkpt lat="-32.958711" lon="151.615739"><ele>4.4</ele></trkpt>
    <trkpt lat="-32.958719" lon="151.615750"><ele>4.4</ele></trkpt>
    <trkpt lat="-32.958722" lon="151.615763"><ele>4.4</ele></trkpt>
    <trkpt lat="-32.958723" lon="151.615777"><ele>4.4</ele></trkpt>
    <trkpt lat="-32.958731" lon="151.615760"><ele>4.4</ele></trkpt>
    <trkpt lat="-32.958781" lon="151.615641"><ele>4.3</ele></trkpt>
    <trkpt lat="-32.958844" lon="151.615529"><ele>4.2</ele></trkpt>
    <trkpt lat="-32.959095" lon="151.615322"><ele>3.3</ele></trkpt>
    <trkpt lat="-32.959235" lon="151.615260"><ele>2.8</ele></trkpt>
    <trkpt lat="-32.959364" lon="151.615268"><ele>2.4</ele></trkpt>
    <trkpt lat="-32.959438" lon="151.615272"><ele>2.1</ele></trkpt>
    <trkpt lat="-32.959657" lon="151.615238"><ele>1.5</ele></trkpt>
    <trkpt lat="-32.959868" lon="151.615194"><ele>1.0</ele></trkpt>
    <trkpt lat="-32.960299" lon="151.615087"><ele>1.2</ele></trkpt>
    <trkpt lat="-32.960388" lon="151.615066"><ele>1.3</ele></trkpt>
    <trkpt lat="-32.960453" lon="151.615066"><ele>1.5</ele></trkpt>
    <trkpt lat="-32.960517" lon="151.615096"><ele>1.7</ele></trkpt>
    <trkpt lat="-32.960546" lon="151.615138"><ele>1.8</ele></trkpt>
    <trkpt lat="-32.960603" lon="151.615266"><ele>2.1</ele></trkpt>
    <trkpt lat="-32.960645" lon="151.615361"><ele>2.4</ele></trkpt>
    <trkpt lat="-32.960702" lon="151.615474"><ele>2.7</ele></trkpt>
    <trkpt lat="-32.960725" lon="151.615557"><ele>2.9</ele></trkpt>
    <trkpt lat="-32.960747" lon="151.615627"><ele>3.1</ele></trkpt>
    <trkpt lat="-32.960767" lon="151.615654"><ele>3.1</ele></trkpt>
    <trkpt lat="-32.960873" lon="151.615627"><ele>3.4</ele></trkpt>
    <trkpt lat="-32.960933" lon="151.615658"><ele>3.5</ele></trkpt>
    <trkpt lat="-32.961011" lon="151.615634"><ele>3.6</ele></trkpt>
    <trkpt lat="-32.961168" lon="151.615640"><ele>3.8</ele></trkpt>
    <trkpt lat="-32.961319" lon="151.615643"><ele>3.8</ele></trkpt>
    <trkpt lat="-32.961499" lon="151.615632"><ele>3.8</ele></trkpt>
    <trkpt lat="-32.961594" lon="151.615610"><ele>3.8</ele></trkpt>
    <trkpt lat="-32.961696" lon="151.615593"><ele>3.8</ele></trkpt>
    <trkpt lat="-32.961849" lon="151.615711"><ele>3.6</ele></trkpt>
    <trkpt lat="-32.962036" lon="151.615939"><ele>3.3</ele></trkpt>
    <trkpt lat="-32.962071" lon="151.615960"><ele>3.2</ele></trkpt>
    <trkpt lat="-32.962131" lon="151.615990"><ele>3.2</ele></trkpt>
    <trkpt lat="-32.962171" lon="151.616014"><ele>3.2</ele></trkpt>
    <trkpt lat="-32.962224" lon="151.616057"><ele>3.2</ele></trkpt>
    <trkpt lat="-32.962235" lon="151.616186"><ele>3.1</ele></trkpt>
    <trkpt lat="-32.962251" lon="151.616280"><ele>3.2</ele></trkpt>
    <trkpt lat="-32.962274" lon="151.616372"><ele>3.2</ele></trkpt>
    <trkpt lat="-32.962431" lon="151.616768"><ele>3.4</ele></trkpt>
    <trkpt lat="-32.962621" lon="151.617242"><ele>4.0</ele></trkpt>
    <trkpt lat="-32.962665" lon="151.617358"><ele>4.0</ele></trkpt>
    <trkpt lat="-32.962999" lon="151.618201"><ele>5.0</ele></trkpt>
    <trkpt lat="-32.963167" lon="151.618558"><ele>4.8</ele></trkpt>
    <trkpt lat="-32.963266" lon="151.618773"><ele>4.8</ele></trkpt>
    <trkpt lat="-32.963419" lon="151.619091"><ele>4.3</ele></trkpt>
    <trkpt lat="-32.963466" lon="151.619189"><ele>4.1</ele></trkpt>
    <trkpt lat="-32.963556" lon="151.619318"><ele>3.9</ele></trkpt>
    <trkpt lat="-32.963606" lon="151.619417"><ele>3.6</ele></trkpt>
    <trkpt lat="-32.963600" lon="151.619526"><ele>3.2</ele></trkpt>
    <trkpt lat="-32.963582" lon="151.619628"><ele>2.9</ele></trkpt>
    <trkpt lat="-32.963578" lon="151.619760"><ele>2.6</ele></trkpt>
    <trkpt lat="-32.963578" lon="151.619797"><ele>2.5</ele></trkpt>
    <trkpt lat="-32.963598" lon="151.619886"><ele>2.3</ele></trkpt>
    <trkpt lat="-32.963615" lon="151.619922"><ele>2.3</ele></trkpt>
    <trkpt lat="-32.963625" lon="151.619943"><ele>2.2</ele></trkpt>
    <trkpt lat="-32.963662" lon="151.620022"><ele>2.1</ele></trkpt>
    <trkpt lat="-32.963716" lon="151.620157"><ele>2.1</ele></trkpt>
    <trkpt lat="-32.963750" lon="151.620233"><ele>2.1</ele></trkpt>
    <trkpt lat="-32.963789" lon="151.620285"><ele>2.1</ele></trkpt>
    <trkpt lat="-32.963856" lon="151.620367"><ele>2.0</ele></trkpt>
    <trkpt lat="-32.963872" lon="151.620415"><ele>2.0</ele></trkpt>
    <trkpt lat="-32.963881" lon="151.620441"><ele>2.0</ele></trkpt>
    <trkpt lat="-32.963940" lon="151.620521"><ele>2.0</ele></trkpt>
    <trkpt lat="-32.964010" lon="151.620594"><ele>1.9</ele></trkpt>
    <trkpt lat="-32.964205" lon="151.620749"><ele>1.6</ele></trkpt>
    <trkpt lat="-32.964388" lon="151.620875"><ele>1.5</ele></trkpt>
    <trkpt lat="-32.964490" lon="151.620990"><ele>1.6</ele></trkpt>
    <trkpt lat="-32.964551" lon="151.621165"><ele>1.6</ele></trkpt>
    <trkpt lat="-32.964624" lon="151.621346"><ele>1.8</ele></trkpt>
    <trkpt lat="-32.964706" lon="151.621510"><ele>2.0</ele></trkpt>
    <trkpt lat="-32.964800" lon="151.621678"><ele>2.4</ele></trkpt>
    <trkpt lat="-32.964822" lon="151.621721"><ele>2.5</ele></trkpt>
    <trkpt lat="-32.964837" lon="151.621808"><ele>2.7</ele></trkpt>
    <trkpt lat="-32.964911" lon="151.621953"><ele>2.9</ele></trkpt>
    <trkpt lat="-32.964934" lon="151.622067"><ele>3.1</ele></trkpt>
    <trkpt lat="-32.964997" lon="151.622263"><ele>3.3</ele></trkpt>
    <trkpt lat="-32.965045" lon="151.622239"><ele>3.4</ele></trkpt>
    <trkpt lat="-32.965249" lon="151.622351"><ele>3.3</ele></trkpt>
    <trkpt lat="-32.965274" lon="151.622726"><ele>2.9</ele></trkpt>
    <trkpt lat="-32.965235" lon="151.622734"><ele>2.8</ele></trkpt>
    <trkpt lat="-32.965312" lon="151.623040"><ele>2.1</ele></trkpt>
    <trkpt lat="-32.965382" lon="151.623283"><ele>1.7</ele></trkpt>
    <trkpt lat="-32.965412" lon="151.623382"><ele>1.7</ele></trkpt>
    <trkpt lat="-32.965711" lon="151.624361"><ele>1.4</ele></trkpt>
    <trkpt lat="-32.965937" lon="151.624798"><ele>2.1</ele></trkpt>
    <trkpt lat="-32.966047" lon="151.624982"><ele>2.4</ele></trkpt>
    <trkpt lat="-32.966108" lon="151.625128"><ele>2.7</ele></trkpt>
    <trkpt lat="-32.966249" lon="151.625603"><ele>3.5</ele></trkpt>
    <trkpt lat="-32.966354" lon="151.625905"><ele>3.3</ele></trkpt>
    <trkpt lat="-32.966447" lon="151.626114"><ele>2.9</ele></trkpt>
    <trkpt lat="-32.966562" lon="151.626295"><ele>2.7</ele></trkpt>
    <trkpt lat="-32.966634" lon="151.626400"><ele>2.6</ele></trkpt>
    <trkpt lat="-32.966763" lon="151.626533"><ele>2.7</ele></trkpt>
    <trkpt lat="-32.966893" lon="151.626630"><ele>2.9</ele></trkpt>
    <trkpt lat="-32.967025" lon="151.626718"><ele>3.2</ele></trkpt>
    <trkpt lat="-32.967149" lon="151.626769"><ele>3.6</ele></trkpt>
    <trkpt lat="-32.967591" lon="151.626896"><ele>4.8</ele></trkpt>
    <trkpt lat="-32.967728" lon="151.626930"><ele>5.0</ele></trkpt>
    <trkpt lat="-32.967979" lon="151.627025"><ele>4.9</ele></trkpt>
    <trkpt lat="-32.968164" lon="151.627053"><ele>4.5</ele></trkpt>
    <trkpt lat="-32.968202" lon="151.627054"><ele>4.3</ele></trkpt>
    <trkpt lat="-32.968384" lon="151.627062"><ele>3.4</ele></trkpt>
    <trkpt lat="-32.968614" lon="151.627029"><ele>2.6</ele></trkpt>
    <trkpt lat="-32.968888" lon="151.626977"><ele>2.4</ele></trkpt>
    <trkpt lat="-32.969482" lon="151.626869"><ele>2.4</ele></trkpt>
    <trkpt lat="-32.969672" lon="151.626857"><ele>2.5</ele></trkpt>
    <trkpt lat="-32.969870" lon="151.626871"><ele>2.7</ele></trkpt>
    <trkpt lat="-32.970088" lon="151.626917"><ele>2.9</ele></trkpt>
    <trkpt lat="-32.970348" lon="151.627023"><ele>2.7</ele></trkpt>
    <trkpt lat="-32.970738" lon="151.627167"><ele>2.8</ele></trkpt>
    <trkpt lat="-32.970886" lon="151.627259"><ele>3.2</ele></trkpt>
    <trkpt lat="-32.971090" lon="151.627452"><ele>3.8</ele></trkpt>
    <trkpt lat="-32.971331" lon="151.627727"><ele>4.2</ele></trkpt>
    <trkpt lat="-32.971530" lon="151.627897"><ele>4.3</ele></trkpt>
    <trkpt lat="-32.971549" lon="151.627913"><ele>4.3</ele></trkpt>
    <trkpt lat="-32.971652" lon="151.628031"><ele>4.3</ele></trkpt>
    <trkpt lat="-32.972036" lon="151.628376"><ele>3.9</ele></trkpt>
    <trkpt lat="-32.972527" lon="151.628791"><ele>3.6</ele></trkpt>
    <trkpt lat="-32.972617" lon="151.628857"><ele>3.6</ele></trkpt>
    <trkpt lat="-32.972668" lon="151.628934"><ele>3.6</ele></trkpt>
    <trkpt lat="-32.972758" lon="151.629084"><ele>3.7</ele></trkpt>
    <trkpt lat="-32.972853" lon="151.629359"><ele>3.7</ele></trkpt>
    <trkpt lat="-32.972995" lon="151.629691"><ele>3.6</ele></trkpt>
    <trkpt lat="-32.973158" lon="151.630042"><ele>3.2</ele></trkpt>
    <trkpt lat="-32.973262" lon="151.630297"><ele>2.8</ele></trkpt>
    <trkpt lat="-32.973335" lon="151.630408"><ele>2.7</ele></trkpt>
    <trkpt lat="-32.973420" lon="151.630503"><ele>2.6</ele></trkpt>
    <trkpt lat="-32.973506" lon="151.630583"><ele>2.6</ele></trkpt>
    <trkpt lat="-32.973522" lon="151.630606"><ele>2.6</ele></trkpt>
    <trkpt lat="-32.973571" lon="151.630672"><ele>2.6</ele></trkpt>
    <trkpt lat="-32.973641" lon="151.630811"><ele>2.5</ele></trkpt>
    <trkpt lat="-32.973675" lon="151.630861"><ele>2.5</ele></trkpt>
    <trkpt lat="-32.973687" lon="151.630939"><ele>2.5</ele></trkpt>
    <trkpt lat="-32.973681" lon="151.631181"><ele>2.4</ele></trkpt>
    <trkpt lat="-32.973691" lon="151.631263"><ele>2.4</ele></trkpt>
    <trkpt lat="-32.973747" lon="151.631474"><ele>2.6</ele></trkpt>
    <trkpt lat="-32.973767" lon="151.631600"><ele>2.7</ele></trkpt>
    <trkpt lat="-32.973775" lon="151.631824"><ele>3.0</ele></trkpt>
    <trkpt lat="-32.973775" lon="151.632019"><ele>3.1</ele></trkpt>
    <trkpt lat="-32.973752" lon="151.632217"><ele>3.1</ele></trkpt>
    <trkpt lat="-32.973721" lon="151.632378"><ele>3.0</ele></trkpt>
    <trkpt lat="-32.973622" lon="151.632708"><ele>2.9</ele></trkpt>
    <trkpt lat="-32.973555" lon="151.632866"><ele>2.8</ele></trkpt>
    <trkpt lat="-32.973503" lon="151.632960"><ele>2.7</ele></trkpt>
    <trkpt lat="-32.973415" lon="151.633098"><ele>2.6</ele></trkpt>
    <trkpt lat="-32.973361" lon="151.633169"><ele>2.4</ele></trkpt>
    <trkpt lat="-32.973125" lon="151.633422"><ele>2.0</ele></trkpt>
    <trkpt lat="-32.972947" lon="151.633602"><ele>1.9</ele></trkpt>
    <trkpt lat="-32.972849" lon="151.633685"><ele>1.9</ele></trkpt>
    <trkpt lat="-32.972763" lon="151.633736"><ele>1.9</ele></trkpt>
    <trkpt lat="-32.972587" lon="151.633909"><ele>2.1</ele></trkpt>
    <trkpt lat="-32.972548" lon="151.633964"><ele>2.2</ele></trkpt>
    <trkpt lat="-32.972451" lon="151.634111"><ele>2.4</ele></trkpt>
    <trkpt lat="-32.972340" lon="151.634270"><ele>2.6</ele></trkpt>
    <trkpt lat="-32.972068" lon="151.634683"><ele>2.9</ele></trkpt>
    <trkpt lat="-32.971914" lon="151.635096"><ele>3.0</ele></trkpt>
    <trkpt lat="-32.971644" lon="151.635645"><ele>2.6</ele></trkpt>
    <trkpt lat="-32.971548" lon="151.635859"><ele>2.4</ele></trkpt>
    <trkpt lat="-32.971433" lon="151.636064"><ele>2.3</ele></trkpt>
    <trkpt lat="-32.971317" lon="151.636239"><ele>2.1</ele></trkpt>
    <trkpt lat="-32.971190" lon="151.636388"><ele>2.0</ele></trkpt>
    <trkpt lat="-32.971082" lon="151.636527"><ele>1.9</ele></trkpt>
    <trkpt lat="-32.970995" lon="151.636673"><ele>1.9</ele></trkpt>
    <trkpt lat="-32.970923" lon="151.636842"><ele>1.8</ele></trkpt>
    <trkpt lat="-32.970878" lon="151.636989"><ele>1.8</ele></trkpt>
    <trkpt lat="-32.970862" lon="151.637157"><ele>1.8</ele></trkpt>
    <trkpt lat="-32.970863" lon="151.637316"><ele>1.8</ele></trkpt>
    <trkpt lat="-32.970877" lon="151.637419"><ele>1.9</ele></trkpt>
    <trkpt lat="-32.970909" lon="151.637597"><ele>2.0</ele></trkpt>
    <trkpt lat="-32.970922" lon="151.637684"><ele>2.1</ele></trkpt>
    <trkpt lat="-32.970924" lon="151.637741"><ele>2.1</ele></trkpt>
    <trkpt lat="-32.970906" lon="151.637837"><ele>2.1</ele></trkpt>
    <trkpt lat="-32.970905" lon="151.637908"><ele>2.1</ele></trkpt>
    <trkpt lat="-32.970909" lon="151.637945"><ele>2.1</ele></trkpt>
    <trkpt lat="-32.970915" lon="151.638019"><ele>2.1</ele></trkpt>
    <trkpt lat="-32.970917" lon="151.638061"><ele>2.1</ele></trkpt>
    <trkpt lat="-32.970920" lon="151.638091"><ele>2.1</ele></trkpt>
    <trkpt lat="-32.970934" lon="151.638151"><ele>2.0</ele></trkpt>
    <trkpt lat="-32.970953" lon="151.638197"><ele>2.0</ele></trkpt>
    <trkpt lat="-32.970984" lon="151.638234"><ele>2.0</ele></trkpt>
    <trkpt lat="-32.971007" lon="151.638251"><ele>2.0</ele></trkpt>
    <trkpt lat="-32.971047" lon="151.638276"><ele>1.9</ele></trkpt>
    <trkpt lat="-32.971088" lon="151.638301"><ele>1.9</ele></trkpt>
    <trkpt lat="-32.971119" lon="151.638336"><ele>1.9</ele></trkpt>
    <trkpt lat="-32.971153" lon="151.638382"><ele>1.9</ele></trkpt>
    <trkpt lat="-32.971173" lon="151.638421"><ele>1.9</ele></trkpt>
    <trkpt lat="-32.971189" lon="151.638466"><ele>1.8</ele></trkpt>
    <trkpt lat="-32.971210" lon="151.638543"><ele>1.8</ele></trkpt>
    <trkpt lat="-32.971234" lon="151.638625"><ele>1.8</ele></trkpt>
    <trkpt lat="-32.971260" lon="151.638693"><ele>1.8</ele></trkpt>
    <trkpt lat="-32.971293" lon="151.638783"><ele>1.8</ele></trkpt>
    <trkpt lat="-32.971319" lon="151.638863"><ele>1.7</ele></trkpt>
    <trkpt lat="-32.971338" lon="151.638919"><ele>1.7</ele></trkpt>
    <trkpt lat="-32.971385" lon="151.639175"><ele>1.5</ele></trkpt>
    <trkpt lat="-32.971427" lon="151.639322"><ele>1.5</ele></trkpt>
    <trkpt lat="-32.971472" lon="151.639419"><ele>1.5</ele></trkpt>
    <trkpt lat="-32.971506" lon="151.639502"><ele>1.6</ele></trkpt>
    <trkpt lat="-32.971562" lon="151.639619"><ele>1.6</ele></trkpt>
    <trkpt lat="-32.971584" lon="151.639681"><ele>1.7</ele></trkpt>
    <trkpt lat="-32.971594" lon="151.639796"><ele>1.7</ele></trkpt>
    <trkpt lat="-32.971593" lon="151.639924"><ele>1.8</ele></trkpt>
    <trkpt lat="-32.971630" lon="151.640116"><ele>1.8</ele></trkpt>
    <trkpt lat="-32.971656" lon="151.640184"><ele>1.8</ele></trkpt>
    <trkpt lat="-32.971714" lon="151.640280"><ele>1.7</ele></trkpt>
    <trkpt lat="-32.971787" lon="151.640414"><ele>1.8</ele></trkpt>
    <trkpt lat="-32.971852" lon="151.640460"><ele>1.8</ele></trkpt>
    <trkpt lat="-32.971886" lon="151.640473"><ele>1.8</ele></trkpt>
    <trkpt lat="-32.971939" lon="151.640488"><ele>1.9</ele></trkpt>
    <trkpt lat="-32.971998" lon="151.640520"><ele>1.9</ele></trkpt>
    <trkpt lat="-32.972057" lon="151.640574"><ele>1.9</ele></trkpt>
    <trkpt lat="-32.972115" lon="151.640667"><ele>2.0</ele></trkpt>
    <trkpt lat="-32.972154" lon="151.640760"><ele>2.0</ele></trkpt>
    <trkpt lat="-32.972185" lon="151.640804"><ele>2.0</ele></trkpt>
    <trkpt lat="-32.972231" lon="151.640866"><ele>2.0</ele></trkpt>
    <trkpt lat="-32.972256" lon="151.640927"><ele>2.0</ele></trkpt>
    <trkpt lat="-32.972274" lon="151.641010"><ele>2.1</ele></trkpt>
    <trkpt lat="-32.972279" lon="151.641105"><ele>2.0</ele></trkpt>
    <trkpt lat="-32.972281" lon="151.641150"><ele>2.0</ele></trkpt>
    <trkpt lat="-32.972281" lon="151.641215"><ele>2.0</ele></trkpt>
    <trkpt lat="-32.972274" lon="151.641304"><ele>2.0</ele></trkpt>
    <trkpt lat="-32.972267" lon="151.641362"><ele>2.0</ele></trkpt>
    <trkpt lat="-32.972275" lon="151.641418"><ele>2.0</ele></trkpt>
    <trkpt lat="-32.972288" lon="151.641481"><ele>2.0</ele></trkpt>
    <trkpt lat="-32.972296" lon="151.641549"><ele>2.0</ele></trkpt>
    <trkpt lat="-32.972400" lon="151.641738"><ele>2.0</ele></trkpt>
    <trkpt lat="-32.972442" lon="151.641791"><ele>2.0</ele></trkpt>
    <trkpt lat="-32.972475" lon="151.641806"><ele>2.0</ele></trkpt>
    <trkpt lat="-32.972523" lon="151.641824"><ele>1.9</ele></trkpt>
    <trkpt lat="-32.972600" lon="151.641844"><ele>1.9</ele></trkpt>
    <trkpt lat="-32.972666" lon="151.641867"><ele>1.8</ele></trkpt>
    <trkpt lat="-32.972762" lon="151.641920"><ele>1.7</ele></trkpt>
    <trkpt lat="-32.972798" lon="151.641947"><ele>1.7</ele></trkpt>
    <trkpt lat="-32.972855" lon="151.641993"><ele>1.7</ele></trkpt>
    <trkpt lat="-32.972979" lon="151.642136"><ele>1.6</ele></trkpt>
    <trkpt lat="-32.973036" lon="151.642219"><ele>1.6</ele></trkpt>
    <trkpt lat="-32.973086" lon="151.642302"><ele>1.6</ele></trkpt>
    <trkpt lat="-32.973146" lon="151.642415"><ele>1.6</ele></trkpt>
    <trkpt lat="-32.973168" lon="151.642458"><ele>1.7</ele></trkpt>
    <trkpt lat="-32.973260" lon="151.642584"><ele>1.9</ele></trkpt>
    <trkpt lat="-32.973350" lon="151.642668"><ele>2.0</ele></trkpt>
    <trkpt lat="-32.973403" lon="151.642718"><ele>2.1</ele></trkpt>
    <trkpt lat="-32.973439" lon="151.642763"><ele>2.1</ele></trkpt>
    <trkpt lat="-32.973476" lon="151.642832"><ele>2.2</ele></trkpt>
    <trkpt lat="-32.973506" lon="151.642910"><ele>2.3</ele></trkpt>
    <trkpt lat="-32.973513" lon="151.642966"><ele>2.4</ele></trkpt>
    <trkpt lat="-32.973519" lon="151.643018"><ele>2.5</ele></trkpt>
    <trkpt lat="-32.973531" lon="151.643056"><ele>2.5</ele></trkpt>
    <trkpt lat="-32.973547" lon="151.643095"><ele>2.6</ele></trkpt>
    <trkpt lat="-32.973571" lon="151.643134"><ele>2.6</ele></trkpt>
    <trkpt lat="-32.973596" lon="151.643171"><ele>2.7</ele></trkpt>
    <trkpt lat="-32.973625" lon="151.643214"><ele>2.7</ele></trkpt>
    <trkpt lat="-32.973696" lon="151.643316"><ele>2.7</ele></trkpt>
    <trkpt lat="-32.973735" lon="151.643364"><ele>2.8</ele></trkpt>
    <trkpt lat="-32.973893" lon="151.643498"><ele>2.7</ele></trkpt>
    <trkpt lat="-32.973910" lon="151.643512"><ele>2.7</ele></trkpt>
    <trkpt lat="-32.974034" lon="151.643586"><ele>2.7</ele></trkpt>
    <trkpt lat="-32.974050" lon="151.643596"><ele>2.7</ele></trkpt>
    <trkpt lat="-32.974231" lon="151.643703"><ele>2.6</ele></trkpt>
    <trkpt lat="-32.974274" lon="151.643729"><ele>2.7</ele></trkpt>
    <trkpt lat="-32.974336" lon="151.643777"><ele>2.8</ele></trkpt>
    <trkpt lat="-32.974349" lon="151.643787"><ele>2.8</ele></trkpt>
    <trkpt lat="-32.974434" lon="151.643845"><ele>2.9</ele></trkpt>
    <trkpt lat="-32.974446" lon="151.643855"><ele>2.9</ele></trkpt>
    <trkpt lat="-32.974668" lon="151.644061"><ele>2.9</ele></trkpt>
    <trkpt lat="-32.974695" lon="151.644079"><ele>2.9</ele></trkpt>
    <trkpt lat="-32.974863" lon="151.644196"><ele>2.9</ele></trkpt>
    <trkpt lat="-32.975036" lon="151.644287"><ele>3.0</ele></trkpt>
    <trkpt lat="-32.975158" lon="151.644310"><ele>3.1</ele></trkpt>
    <trkpt lat="-32.975220" lon="151.644305"><ele>3.2</ele></trkpt>
    <trkpt lat="-32.975303" lon="151.644297"><ele>3.3</ele></trkpt>
    <trkpt lat="-32.975446" lon="151.644300"><ele>3.4</ele></trkpt>
    <trkpt lat="-32.975519" lon="151.644310"><ele>3.5</ele></trkpt>
    <trkpt lat="-32.975579" lon="151.644337"><ele>3.6</ele></trkpt>
    <trkpt lat="-32.975645" lon="151.644385"><ele>3.8</ele></trkpt>
    <trkpt lat="-32.975728" lon="151.644471"><ele>4.0</ele></trkpt>
    <trkpt lat="-32.975797" lon="151.644508"><ele>4.3</ele></trkpt>
    <trkpt lat="-32.975960" lon="151.644534"><ele>4.8</ele></trkpt>
    <trkpt lat="-32.976120" lon="151.644592"><ele>5.6</ele></trkpt>
    <trkpt lat="-32.976116" lon="151.644867"><ele>6.3</ele></trkpt>
    <trkpt lat="-32.976111" lon="151.644998"><ele>6.6</ele></trkpt>
    <trkpt lat="-32.975834" lon="151.644988"><ele>7.2</ele></trkpt>
    <trkpt lat="-32.975636" lon="151.644980"><ele>7.5</ele></trkpt>
    <trkpt lat="-32.975561" lon="151.644976"><ele>7.7</ele></trkpt>
    <trkpt lat="-32.975497" lon="151.645037"><ele>7.8</ele></trkpt>
    <trkpt lat="-32.975474" lon="151.645142"><ele>7.9</ele></trkpt>
    <trkpt lat="-32.975467" lon="151.645341"><ele>8.2</ele></trkpt>
    <trkpt lat="-32.975439" lon="151.645655"><ele>8.8</ele></trkpt>
    <trkpt lat="-32.975420" lon="151.645880"><ele>9.5</ele></trkpt>
    <trkpt lat="-32.975409" lon="151.645973"><ele>9.8</ele></trkpt>
    <trkpt lat="-32.975406" lon="151.645994"><ele>9.9</ele></trkpt>
    <trkpt lat="-32.975402" lon="151.646040"><ele>10.1</ele></trkpt>
    <trkpt lat="-32.975395" lon="151.646115"><ele>10.3</ele></trkpt>
    <trkpt lat="-32.975376" lon="151.646306"><ele>10.9</ele></trkpt>
    <trkpt lat="-32.975329" lon="151.646844"><ele>12.0</ele></trkpt>
    <trkpt lat="-32.975290" lon="151.647257"><ele>12.8</ele></trkpt>
    <trkpt lat="-32.975287" lon="151.647296"><ele>12.9</ele></trkpt>
    <trkpt lat="-32.975281" lon="151.647332"><ele>12.9</ele></trkpt>
    <trkpt lat="-32.975270" lon="151.647389"><ele>13.0</ele></trkpt>
    <trkpt lat="-32.975259" lon="151.647433"><ele>13.1</ele></trkpt>
    <trkpt lat="-32.975249" lon="151.647480"><ele>13.2</ele></trkpt>
    <trkpt lat="-32.975239" lon="151.647533"><ele>13.2</ele></trkpt>
    <trkpt lat="-32.975239" lon="151.647549"><ele>13.3</ele></trkpt>
    <trkpt lat="-32.975237" lon="151.647571"><ele>13.3</ele></trkpt>
    <trkpt lat="-32.975240" lon="151.647614"><ele>13.3</ele></trkpt>
    <trkpt lat="-32.975246" lon="151.647646"><ele>13.3</ele></trkpt>
    <trkpt lat="-32.975260" lon="151.647685"><ele>13.4</ele></trkpt>
    <trkpt lat="-32.975233" lon="151.647707"><ele>13.4</ele></trkpt>
    <trkpt lat="-32.975204" lon="151.647730"><ele>13.4</ele></trkpt>
    <trkpt lat="-32.975166" lon="151.647763"><ele>13.5</ele></trkpt>
    <trkpt lat="-32.975132" lon="151.647792"><ele>13.5</ele></trkpt>
    <trkpt lat="-32.975093" lon="151.647823"><ele>13.5</ele></trkpt>
    <trkpt lat="-32.975062" lon="151.647846"><ele>13.5</ele></trkpt>
    <trkpt lat="-32.974923" lon="151.647953"><ele>13.5</ele></trkpt>
    <trkpt lat="-32.974868" lon="151.647902"><ele>13.5</ele></trkpt>
    <trkpt lat="-32.974585" lon="151.648117"><ele>13.4</ele></trkpt>
    <trkpt lat="-32.974251" lon="151.648343"><ele>13.5</ele></trkpt>
    <trkpt lat="-32.971750" lon="151.650118"><ele>13.2</ele></trkpt>
    <trkpt lat="-32.971726" lon="151.650136"><ele>13.2</ele></trkpt>
    <trkpt lat="-32.971683" lon="151.650166"><ele>13.1</ele></trkpt>
    <trkpt lat="-32.971644" lon="151.650192"><ele>13.0</ele></trkpt>
    <trkpt lat="-32.970939" lon="151.650664"><ele>11.8</ele></trkpt>
    <trkpt lat="-32.970725" lon="151.650806"><ele>11.6</ele></trkpt>
    <trkpt lat="-32.970679" lon="151.650877"><ele>11.5</ele></trkpt>
    <trkpt lat="-32.969974" lon="151.651380"><ele>11.4</ele></trkpt>
    <trkpt lat="-32.969905" lon="151.651376"><ele>11.5</ele></trkpt>
    <trkpt lat="-32.969692" lon="151.651588"><ele>11.9</ele></trkpt>
    <trkpt lat="-32.969109" lon="151.652390"><ele>11.9</ele></trkpt>
    <trkpt lat="-32.968958" lon="151.652444"><ele>11.8</ele></trkpt>
    <trkpt lat="-32.968772" lon="151.652486"><ele>11.8</ele></trkpt>
    <trkpt lat="-32.968804" lon="151.652700"><ele>11.8</ele></trkpt>
    <trkpt lat="-32.968879" lon="151.653205"><ele>11.9</ele></trkpt>
    <trkpt lat="-32.968931" lon="151.653553"><ele>12.2</ele></trkpt>
    <trkpt lat="-32.968960" lon="151.653748"><ele>12.4</ele></trkpt>
    <trkpt lat="-32.969134" lon="151.654907"><ele>14.2</ele></trkpt>
    <trkpt lat="-32.969140" lon="151.654955"><ele>14.3</ele></trkpt>
    <trkpt lat="-32.969266" lon="151.655799"><ele>15.7</ele></trkpt>
    <trkpt lat="-32.969325" lon="151.656213"><ele>15.7</ele></trkpt>
    <trkpt lat="-32.969440" lon="151.656960"><ele>15.2</ele></trkpt>
    <trkpt lat="-32.969519" lon="151.657493"><ele>15.6</ele></trkpt>
    <trkpt lat="-32.969718" lon="151.658756"><ele>17.3</ele></trkpt>
    <trkpt lat="-32.969773" lon="151.659179"><ele>17.9</ele></trkpt>
    <trkpt lat="-32.969824" lon="151.659517"><ele>18.2</ele></trkpt>
    <trkpt lat="-32.969807" lon="151.659737"><ele>18.3</ele></trkpt>
    <trkpt lat="-32.969742" lon="151.659934"><ele>18.3</ele></trkpt>
    <trkpt lat="-32.969456" lon="151.660426"><ele>18.7</ele></trkpt>
    <trkpt lat="-32.969517" lon="151.660496"><ele>18.8</ele></trkpt>
    <trkpt lat="-32.969921" lon="151.661369"><ele>21.7</ele></trkpt>
    <trkpt lat="-32.969962" lon="151.661525"><ele>22.2</ele></trkpt>
    <trkpt lat="-32.970064" lon="151.661611"><ele>22.6</ele></trkpt>
    <trkpt lat="-32.970151" lon="151.661711"><ele>23.0</ele></trkpt>
    <trkpt lat="-32.970219" lon="151.661869"><ele>23.4</ele></trkpt>
    <trkpt lat="-32.970243" lon="151.661978"><ele>23.5</ele></trkpt>
    <trkpt lat="-32.970231" lon="151.662026"><ele>23.6</ele></trkpt>
    <trkpt lat="-32.970171" lon="151.662058"><ele>23.6</ele></trkpt>
    <trkpt lat="-32.970144" lon="151.662068"><ele>23.7</ele></trkpt>
    <trkpt lat="-32.970118" lon="151.662089"><ele>23.7</ele></trkpt>
    <trkpt lat="-32.970100" lon="151.662134"><ele>23.8</ele></trkpt>
    <trkpt lat="-32.970106" lon="151.662182"><ele>23.9</ele></trkpt>
    <trkpt lat="-32.970123" lon="151.662216"><ele>23.9</ele></trkpt>
    <trkpt lat="-32.970118" lon="151.662328"><ele>24.1</ele></trkpt>
    <trkpt lat="-32.970096" lon="151.662429"><ele>24.7</ele></trkpt>
    <trkpt lat="-32.970057" lon="151.662496"><ele>25.3</ele></trkpt>
    <trkpt lat="-32.970011" lon="151.662532"><ele>25.8</ele></trkpt>
    <trkpt lat="-32.969951" lon="151.662567"><ele>26.3</ele></trkpt>
    <trkpt lat="-32.969901" lon="151.662605"><ele>27.0</ele></trkpt>
    <trkpt lat="-32.969842" lon="151.662664"><ele>27.9</ele></trkpt>
    <trkpt lat="-32.969789" lon="151.662695"><ele>28.5</ele></trkpt>
    <trkpt lat="-32.969722" lon="151.662723"><ele>29.3</ele></trkpt>
    <trkpt lat="-32.969695" lon="151.662798"><ele>30.1</ele></trkpt>
    <trkpt lat="-32.969697" lon="151.662843"><ele>30.6</ele></trkpt>
    <trkpt lat="-32.969698" lon="151.662867"><ele>30.8</ele></trkpt>
    <trkpt lat="-32.969721" lon="151.663075"><ele>32.9</ele></trkpt>
    <trkpt lat="-32.969712" lon="151.663240"><ele>34.7</ele></trkpt>
    <trkpt lat="-32.969692" lon="151.663400"><ele>36.4</ele></trkpt>
    <trkpt lat="-32.969641" lon="151.663578"><ele>38.5</ele></trkpt>
    <trkpt lat="-32.969582" lon="151.663752"><ele>40.1</ele></trkpt>
    <trkpt lat="-32.969516" lon="151.663944"><ele>41.1</ele></trkpt>
    <trkpt lat="-32.969409" lon="151.664052"><ele>42.0</ele></trkpt>
    <trkpt lat="-32.969328" lon="151.664090"><ele>42.5</ele></trkpt>
    <trkpt lat="-32.969294" lon="151.664083"><ele>42.7</ele></trkpt>
    <trkpt lat="-32.969184" lon="151.664079"><ele>43.5</ele></trkpt>
    <trkpt lat="-32.969068" lon="151.664060"><ele>44.4</ele></trkpt>
    <trkpt lat="-32.969008" lon="151.664093"><ele>44.9</ele></trkpt>
    <trkpt lat="-32.968967" lon="151.664191"><ele>45.8</ele></trkpt>
    <trkpt lat="-32.968912" lon="151.664294"><ele>46.7</ele></trkpt>
    <trkpt lat="-32.968863" lon="151.664331"><ele>47.3</ele></trkpt>
    <trkpt lat="-32.968773" lon="151.664338"><ele>48.1</ele></trkpt>
    <trkpt lat="-32.968603" lon="151.664278"><ele>49.8</ele></trkpt>
    <trkpt lat="-32.968432" lon="151.664206"><ele>51.5</ele></trkpt>
    <trkpt lat="-32.968268" lon="151.664160"><ele>53.1</ele></trkpt>
    <trkpt lat="-32.968165" lon="151.664127"><ele>54.2</ele></trkpt>
    <trkpt lat="-32.968050" lon="151.664139"><ele>55.3</ele></trkpt>
    <trkpt lat="-32.967907" lon="151.664314"><ele>57.7</ele></trkpt>
    <trkpt lat="-32.967799" lon="151.664418"><ele>59.3</ele></trkpt>
    <trkpt lat="-32.967766" lon="151.664467"><ele>59.9</ele></trkpt>
    <trkpt lat="-32.967707" lon="151.664602"><ele>61.4</ele></trkpt>
    <trkpt lat="-32.967704" lon="151.664767"><ele>63.0</ele></trkpt>
    <trkpt lat="-32.967698" lon="151.665218"><ele>67.1</ele></trkpt>
    <trkpt lat="-32.967728" lon="151.665516"><ele>69.2</ele></trkpt>
    <trkpt lat="-32.967848" lon="151.666088"><ele>72.0</ele></trkpt>
    <trkpt lat="-32.967868" lon="151.666183"><ele>72.3</ele></trkpt>
    <trkpt lat="-32.967879" lon="151.666514"><ele>72.5</ele></trkpt>
    <trkpt lat="-32.967842" lon="151.666659"><ele>72.6</ele></trkpt>
    <trkpt lat="-32.967803" lon="151.666882"><ele>72.6</ele></trkpt>
    <trkpt lat="-32.967814" lon="151.667197"><ele>72.8</ele></trkpt>
    <trkpt lat="-32.967826" lon="151.667438"><ele>73.1</ele></trkpt>
    <trkpt lat="-32.967861" lon="151.667596"><ele>73.3</ele></trkpt>
    <trkpt lat="-32.967913" lon="151.667827"><ele>73.7</ele></trkpt>
    <trkpt lat="-32.968069" lon="151.668106"><ele>74.3</ele></trkpt>
    <trkpt lat="-32.968108" lon="151.668223"><ele>74.5</ele></trkpt>
    <trkpt lat="-32.968184" lon="151.668528"><ele>74.9</ele></trkpt>
    <trkpt lat="-32.968263" lon="151.668737"><ele>75.1</ele></trkpt>
    <trkpt lat="-32.968430" lon="151.669139"><ele>75.0</ele></trkpt>
    <trkpt lat="-32.968530" lon="151.669340"><ele>74.9</ele></trkpt>
    <trkpt lat="-32.968604" lon="151.669550"><ele>74.9</ele></trkpt>
    <trkpt lat="-32.968638" lon="151.669707"><ele>74.8</ele></trkpt>
    <trkpt lat="-32.968641" lon="151.669872"><ele>74.7</ele></trkpt>
    <trkpt lat="-32.968605" lon="151.670190"><ele>74.3</ele></trkpt>
    <trkpt lat="-32.968622" lon="151.670305"><ele>73.9</ele></trkpt>
    <trkpt lat="-32.968663" lon="151.670423"><ele>73.4</ele></trkpt>
    <trkpt lat="-32.968739" lon="151.670496"><ele>72.8</ele></trkpt>
    <trkpt lat="-32.968857" lon="151.670526"><ele>72.0</ele></trkpt>
    <trkpt lat="-32.968954" lon="151.670510"><ele>71.2</ele></trkpt>
    <trkpt lat="-32.969094" lon="151.670466"><ele>69.9</ele></trkpt>
    <trkpt lat="-32.969216" lon="151.670422"><ele>68.6</ele></trkpt>
    <trkpt lat="-32.969380" lon="151.670447"><ele>66.6</ele></trkpt>
    <trkpt lat="-32.969558" lon="151.670608"><ele>63.9</ele></trkpt>
    <trkpt lat="-32.969678" lon="151.670606"><ele>62.4</ele></trkpt>
    <trkpt lat="-32.969829" lon="151.670612"><ele>60.7</ele></trkpt>
    <trkpt lat="-32.969929" lon="151.670599"><ele>59.6</ele></trkpt>
    <trkpt lat="-32.970042" lon="151.670530"><ele>58.5</ele></trkpt>
    <trkpt lat="-32.970098" lon="151.670511"><ele>58.1</ele></trkpt>
    <trkpt lat="-32.970142" lon="151.670524"><ele>57.8</ele></trkpt>
    <trkpt lat="-32.970244" lon="151.670732"><ele>56.5</ele></trkpt>
    <trkpt lat="-32.970287" lon="151.670821"><ele>56.1</ele></trkpt>
    <trkpt lat="-32.970447" lon="151.671097"><ele>55.1</ele></trkpt>
    <trkpt lat="-32.970596" lon="151.671381"><ele>54.0</ele></trkpt>
    <trkpt lat="-32.970689" lon="151.671624"><ele>52.6</ele></trkpt>
    <trkpt lat="-32.970749" lon="151.671848"><ele>51.1</ele></trkpt>
    <trkpt lat="-32.970744" lon="151.672190"><ele>48.8</ele></trkpt>
    <trkpt lat="-32.970771" lon="151.672529"><ele>46.5</ele></trkpt>
    <trkpt lat="-32.970806" lon="151.672955"><ele>44.6</ele></trkpt>
    <trkpt lat="-32.970810" lon="151.673183"><ele>44.4</ele></trkpt>
    <trkpt lat="-32.970811" lon="151.673328"><ele>44.4</ele></trkpt>
    <trkpt lat="-32.970760" lon="151.673433"><ele>44.6</ele></trkpt>
    <trkpt lat="-32.970635" lon="151.673565"><ele>44.9</ele></trkpt>
    <trkpt lat="-32.970625" lon="151.673721"><ele>45.4</ele></trkpt>
    <trkpt lat="-32.970715" lon="151.673910"><ele>46.1</ele></trkpt>
    <trkpt lat="-32.970814" lon="151.674023"><ele>46.9</ele></trkpt>
    <trkpt lat="-32.970849" lon="151.674136"><ele>47.5</ele></trkpt>
    <trkpt lat="-32.970929" lon="151.674254"><ele>48.3</ele></trkpt>
    <trkpt lat="-32.970983" lon="151.674455"><ele>49.3</ele></trkpt>
    <trkpt lat="-32.970984" lon="151.674621"><ele>50.2</ele></trkpt>
    <trkpt lat="-32.971046" lon="151.674784"><ele>51.0</ele></trkpt>
    <trkpt lat="-32.970987" lon="151.674954"><ele>51.7</ele></trkpt>
    <trkpt lat="-32.970923" lon="151.675115"><ele>52.4</ele></trkpt>
    <trkpt lat="-32.970727" lon="151.675328"><ele>53.3</ele></trkpt>
    <trkpt lat="-32.970550" lon="151.675372"><ele>53.7</ele></trkpt>
    <trkpt lat="-32.970347" lon="151.675360"><ele>53.6</ele></trkpt>
    <trkpt lat="-32.970071" lon="151.675341"><ele>53.4</ele></trkpt>
    <trkpt lat="-32.969886" lon="151.675289"><ele>53.2</ele></trkpt>
    <trkpt lat="-32.969788" lon="151.675254"><ele>53.0</ele></trkpt>
    <trkpt lat="-32.969560" lon="151.675272"><ele>52.6</ele></trkpt>
    <trkpt lat="-32.969304" lon="151.675239"><ele>51.9</ele></trkpt>
    <trkpt lat="-32.969062" lon="151.675169"><ele>51.5</ele></trkpt>
    <trkpt lat="-32.968637" lon="151.675161"><ele>50.6</ele></trkpt>
    <trkpt lat="-32.968342" lon="151.675116"><ele>49.6</ele></trkpt>
    <trkpt lat="-32.968023" lon="151.675053"><ele>48.1</ele></trkpt>
    <trkpt lat="-32.967565" lon="151.675104"><ele>46.2</ele></trkpt>
    <trkpt lat="-32.967424" lon="151.675101"><ele>45.6</ele></trkpt>
    <trkpt lat="-32.967277" lon="151.675125"><ele>44.9</ele></trkpt>
    <trkpt lat="-32.967106" lon="151.675181"><ele>44.0</ele></trkpt>
    <trkpt lat="-32.966975" lon="151.675253"><ele>43.2</ele></trkpt>
    <trkpt lat="-32.966850" lon="151.675292"><ele>42.5</ele></trkpt>
    <trkpt lat="-32.966724" lon="151.675217"><ele>42.0</ele></trkpt>
    <trkpt lat="-32.966553" lon="151.675134"><ele>41.4</ele></trkpt>
    <trkpt lat="-32.966363" lon="151.675128"><ele>41.0</ele></trkpt>
    <trkpt lat="-32.966220" lon="151.675149"><ele>40.8</ele></trkpt>
    <trkpt lat="-32.966094" lon="151.675204"><ele>40.7</ele></trkpt>
    <trkpt lat="-32.965929" lon="151.675315"><ele>41.2</ele></trkpt>
    <trkpt lat="-32.965733" lon="151.675438"><ele>42.4</ele></trkpt>
    <trkpt lat="-32.965572" lon="151.675447"><ele>43.5</ele></trkpt>
    <trkpt lat="-32.965365" lon="151.675410"><ele>44.7</ele></trkpt>
    <trkpt lat="-32.965201" lon="151.675380"><ele>45.2</ele></trkpt>
    <trkpt lat="-32.965023" lon="151.675332"><ele>45.7</ele></trkpt>
    <trkpt lat="-32.964745" lon="151.675314"><ele>46.1</ele></trkpt>
    <trkpt lat="-32.964429" lon="151.675369"><ele>46.1</ele></trkpt>
    <trkpt lat="-32.964205" lon="151.675322"><ele>45.9</ele></trkpt>
    <trkpt lat="-32.964032" lon="151.675376"><ele>45.6</ele></trkpt>
    <trkpt lat="-32.963804" lon="151.675494"><ele>45.1</ele></trkpt>
    <trkpt lat="-32.963625" lon="151.675593"><ele>44.3</ele></trkpt>
    <trkpt lat="-32.963453" lon="151.675693"><ele>43.2</ele></trkpt>
    <trkpt lat="-32.963279" lon="151.675861"><ele>41.6</ele></trkpt>
    <trkpt lat="-32.963184" lon="151.675924"><ele>40.6</ele></trkpt>
    <trkpt lat="-32.963038" lon="151.676060"><ele>39.1</ele></trkpt>
    <trkpt lat="-32.962901" lon="151.676225"><ele>37.9</ele></trkpt>
    <trkpt lat="-32.962754" lon="151.676311"><ele>37.3</ele></trkpt>
    <trkpt lat="-32.962421" lon="151.676454"><ele>37.4</ele></trkpt>
    <trkpt lat="-32.962336" lon="151.676450"><ele>37.6</ele></trkpt>
    <trkpt lat="-32.962168" lon="151.676384"><ele>38.4</ele></trkpt>
    <trkpt lat="-32.962101" lon="151.676355"><ele>38.7</ele></trkpt>
    <trkpt lat="-32.961923" lon="151.676447"><ele>39.7</ele></trkpt>
    <trkpt lat="-32.961669" lon="151.676627"><ele>40.3</ele></trkpt>
    <trkpt lat="-32.961332" lon="151.676842"><ele>39.1</ele></trkpt>
    <trkpt lat="-32.961139" lon="151.676979"><ele>37.8</ele></trkpt>
    <trkpt lat="-32.961058" lon="151.677057"><ele>37.3</ele></trkpt>
    <trkpt lat="-32.961068" lon="151.677126"><ele>37.1</ele></trkpt>
    <trkpt lat="-32.961215" lon="151.677759"><ele>37.0</ele></trkpt>
    <trkpt lat="-32.961249" lon="151.677804"><ele>37.3</ele></trkpt>
    <trkpt lat="-32.961297" lon="151.677851"><ele>37.7</ele></trkpt>
    <trkpt lat="-32.961347" lon="151.677867"><ele>38.1</ele></trkpt>
    <trkpt lat="-32.961411" lon="151.677827"><ele>38.7</ele></trkpt>
    <trkpt lat="-32.961483" lon="151.677711"><ele>39.7</ele></trkpt>
    <trkpt lat="-32.961713" lon="151.677867"><ele>42.4</ele></trkpt>
    <trkpt lat="-32.962401" lon="151.678155"><ele>47.0</ele></trkpt>
    <trkpt lat="-32.962603" lon="151.678297"><ele>47.6</ele></trkpt>
    <trkpt lat="-32.962926" lon="151.678658"><ele>48.5</ele></trkpt>
    <trkpt lat="-32.962985" lon="151.678879"><ele>48.6</ele></trkpt>
    <trkpt lat="-32.963011" lon="151.678990"><ele>48.5</ele></trkpt>
    <trkpt lat="-32.963079" lon="151.679273"><ele>47.9</ele></trkpt>
    <trkpt lat="-32.963052" lon="151.679538"><ele>47.1</ele></trkpt>
    <trkpt lat="-32.962996" lon="151.679777"><ele>45.7</ele></trkpt>
    <trkpt lat="-32.963049" lon="151.680026"><ele>44.0</ele></trkpt>
    <trkpt lat="-32.963065" lon="151.680074"><ele>43.7</ele></trkpt>
    <trkpt lat="-32.963063" lon="151.680184"><ele>43.0</ele></trkpt>
    <trkpt lat="-32.963050" lon="151.680227"><ele>42.7</ele></trkpt>
    <trkpt lat="-32.963015" lon="151.680369"><ele>41.9</ele></trkpt>
    <trkpt lat="-32.963039" lon="151.680409"><ele>41.6</ele></trkpt>
    <trkpt lat="-32.962943" lon="151.680657"><ele>40.6</ele></trkpt>
    <trkpt lat="-32.963079" lon="151.681024"><ele>38.9</ele></trkpt>
    <trkpt lat="-32.963505" lon="151.681889"><ele>42.2</ele></trkpt>
    <trkpt lat="-32.963819" lon="151.682153"><ele>45.6</ele></trkpt>
    <trkpt lat="-32.963980" lon="151.682228"><ele>47.1</ele></trkpt>
    <trkpt lat="-32.964110" lon="151.682321"><ele>48.1</ele></trkpt>
    <trkpt lat="-32.964286" lon="151.682456"><ele>49.1</ele></trkpt>
    <trkpt lat="-32.964342" lon="151.682571"><ele>49.4</ele></trkpt>
    <trkpt lat="-32.964411" lon="151.682716"><ele>49.7</ele></trkpt>
    <trkpt lat="-32.964532" lon="151.683044"><ele>50.1</ele></trkpt>
    <trkpt lat="-32.964717" lon="151.683228"><ele>50.0</ele></trkpt>
    <trkpt lat="-32.964893" lon="151.683501"><ele>49.6</ele></trkpt>
    <trkpt lat="-32.964983" lon="151.683823"><ele>48.9</ele></trkpt>
    <trkpt lat="-32.965020" lon="151.684053"><ele>48.6</ele></trkpt>
    <trkpt lat="-32.965049" lon="151.684146"><ele>48.6</ele></trkpt>
    <trkpt lat="-32.965055" lon="151.684262"><ele>48.5</ele></trkpt>
    <trkpt lat="-32.965098" lon="151.684497"><ele>49.2</ele></trkpt>
    <trkpt lat="-32.965196" lon="151.684728"><ele>51.0</ele></trkpt>
    <trkpt lat="-32.965216" lon="151.684775"><ele>51.5</ele></trkpt>
    <trkpt lat="-32.965383" lon="151.684691"><ele>53.5</ele></trkpt>
    <trkpt lat="-32.965477" lon="151.684676"><ele>54.7</ele></trkpt>
    <trkpt lat="-32.965612" lon="151.684778"><ele>56.7</ele></trkpt>
    <trkpt lat="-32.965769" lon="151.684919"><ele>59.1</ele></trkpt>
    <trkpt lat="-32.965871" lon="151.685115"><ele>61.0</ele></trkpt>
    <trkpt lat="-32.966031" lon="151.685338"><ele>62.4</ele></trkpt>
    <trkpt lat="-32.966207" lon="151.685345"><ele>63.1</ele></trkpt>
    <trkpt lat="-32.966341" lon="151.685335"><ele>63.5</ele></trkpt>
    <trkpt lat="-32.966412" lon="151.685333"><ele>63.8</ele></trkpt>
    <trkpt lat="-32.966485" lon="151.685331"><ele>64.1</ele></trkpt>
    <trkpt lat="-32.966549" lon="151.685381"><ele>64.5</ele></trkpt>
    <trkpt lat="-32.966588" lon="151.685520"><ele>65.1</ele></trkpt>
    <trkpt lat="-32.966592" lon="151.685665"><ele>66.0</ele></trkpt>
    <trkpt lat="-32.966561" lon="151.685835"><ele>67.2</ele></trkpt>
    <trkpt lat="-32.966421" lon="151.686188"><ele>70.6</ele></trkpt>
    <trkpt lat="-32.966370" lon="151.686347"><ele>72.1</ele></trkpt>
    <trkpt lat="-32.966353" lon="151.686502"><ele>73.2</ele></trkpt>
    <trkpt lat="-32.966351" lon="151.686698"><ele>74.5</ele></trkpt>
    <trkpt lat="-32.966324" lon="151.686926"><ele>75.5</ele></trkpt>
    <trkpt lat="-32.966327" lon="151.687076"><ele>76.1</ele></trkpt>
    <trkpt lat="-32.966312" lon="151.687187"><ele>76.4</ele></trkpt>
    <trkpt lat="-32.966275" lon="151.687374"><ele>76.8</ele></trkpt>
    <trkpt lat="-32.966203" lon="151.687571"><ele>77.3</ele></trkpt>
    <trkpt lat="-32.966141" lon="151.687885"><ele>78.3</ele></trkpt>
    <trkpt lat="-32.966147" lon="151.688111"><ele>79.0</ele></trkpt>
    <trkpt lat="-32.966227" lon="151.688341"><ele>79.9</ele></trkpt>
    <trkpt lat="-32.966335" lon="151.688552"><ele>81.2</ele></trkpt>
    <trkpt lat="-32.966457" lon="151.688723"><ele>82.6</ele></trkpt>
    <trkpt lat="-32.966470" lon="151.688808"><ele>83.2</ele></trkpt>
    <trkpt lat="-32.966563" lon="151.688918"><ele>84.1</ele></trkpt>
    <trkpt lat="-32.966698" lon="151.688999"><ele>85.3</ele></trkpt>
    <trkpt lat="-32.966809" lon="151.689082"><ele>85.7</ele></trkpt>
    <trkpt lat="-32.966862" lon="151.689246"><ele>86.2</ele></trkpt>
    <trkpt lat="-32.966957" lon="151.689352"><ele>86.4</ele></trkpt>
    <trkpt lat="-32.967160" lon="151.689474"><ele>86.6</ele></trkpt>
    <trkpt lat="-32.967297" lon="151.689655"><ele>86.6</ele></trkpt>
    <trkpt lat="-32.967400" lon="151.689785"><ele>86.4</ele></trkpt>
    <trkpt lat="-32.967548" lon="151.689871"><ele>86.2</ele></trkpt>
    <trkpt lat="-32.967639" lon="151.690088"><ele>85.7</ele></trkpt>
    <trkpt lat="-32.967834" lon="151.690385"><ele>85.7</ele></trkpt>
    <trkpt lat="-32.968423" lon="151.690275"><ele>86.5</ele></trkpt>
    <trkpt lat="-32.968497" lon="151.690261"><ele>86.5</ele></trkpt>
    <trkpt lat="-32.968517" lon="151.690549"><ele>87.1</ele></trkpt>
    <trkpt lat="-32.968538" lon="151.690813"><ele>87.9</ele></trkpt>
    <trkpt lat="-32.968581" lon="151.691149"><ele>89.3</ele></trkpt>
    <trkpt lat="-32.968581" lon="151.691242"><ele>89.7</ele></trkpt>
    <trkpt lat="-32.968564" lon="151.691318"><ele>90.1</ele></trkpt>
    <trkpt lat="-32.968544" lon="151.691374"><ele>90.4</ele></trkpt>
    <trkpt lat="-32.968497" lon="151.691449"><ele>91.0</ele></trkpt>
    <trkpt lat="-32.968292" lon="151.691659"><ele>92.9</ele></trkpt>
    <trkpt lat="-32.968254" lon="151.691695"><ele>93.3</ele></trkpt>
    <trkpt lat="-32.968014" lon="151.691925"><ele>95.3</ele></trkpt>
    <trkpt lat="-32.967965" lon="151.691972"><ele>95.7</ele></trkpt>
    <trkpt lat="-32.967909" lon="151.692008"><ele>96.1</ele></trkpt>
    <trkpt lat="-32.967812" lon="151.692052"><ele>96.7</ele></trkpt>
    <trkpt lat="-32.967512" lon="151.692091"><ele>98.4</ele></trkpt>
    <trkpt lat="-32.967484" lon="151.692088"><ele>98.5</ele></trkpt>
    <trkpt lat="-32.967457" lon="151.692099"><ele>98.7</ele></trkpt>
    <trkpt lat="-32.967438" lon="151.692123"><ele>98.8</ele></trkpt>
    <trkpt lat="-32.967429" lon="151.692155"><ele>99.0</ele></trkpt>
    <trkpt lat="-32.967432" lon="151.692188"><ele>99.1</ele></trkpt>
    <trkpt lat="-32.967448" lon="151.692216"><ele>99.3</ele></trkpt>
    <trkpt lat="-32.967472" lon="151.692234"><ele>99.5</ele></trkpt>
    <trkpt lat="-32.967511" lon="151.692397"><ele>100.2</ele></trkpt>
    <trkpt lat="-32.967546" lon="151.692543"><ele>100.9</ele></trkpt>
    <trkpt lat="-32.967554" lon="151.692593"><ele>101.1</ele></trkpt>
    <trkpt lat="-32.967574" lon="151.692728"><ele>101.7</ele></trkpt>
    <trkpt lat="-32.967629" lon="151.693111"><ele>103.1</ele></trkpt>
    <trkpt lat="-32.967658" lon="151.693285"><ele>103.9</ele></trkpt>
    <trkpt lat="-32.967666" lon="151.693394"><ele>104.4</ele></trkpt>
    <trkpt lat="-32.967670" lon="151.693459"><ele>104.6</ele></trkpt>
    <trkpt lat="-32.967665" lon="151.693505"><ele>104.7</ele></trkpt>
    <trkpt lat="-32.967649" lon="151.693557"><ele>104.9</ele></trkpt>
    <trkpt lat="-32.967563" lon="151.693670"><ele>105.2</ele></trkpt>
    <trkpt lat="-32.967569" lon="151.693711"><ele>105.1</ele></trkpt>
    <trkpt lat="-32.967578" lon="151.693782"><ele>105.1</ele></trkpt>
    <trkpt lat="-32.967598" lon="151.693918"><ele>105.1</ele></trkpt>
    <trkpt lat="-32.967622" lon="151.694042"><ele>105.0</ele></trkpt>
    <trkpt lat="-32.967644" lon="151.694120"><ele>104.8</ele></trkpt>
    <trkpt lat="-32.967671" lon="151.694193"><ele>104.7</ele></trkpt>
    <trkpt lat="-32.967709" lon="151.694274"><ele>104.6</ele></trkpt>
    <trkpt lat="-32.967714" lon="151.694281"><ele>104.6</ele></trkpt>
    <trkpt lat="-32.967773" lon="151.694373"><ele>104.5</ele></trkpt>
    <trkpt lat="-32.967797" lon="151.694406"><ele>104.4</ele></trkpt>
    <trkpt lat="-32.967863" lon="151.694501"><ele>104.2</ele></trkpt>
    <trkpt lat="-32.967979" lon="151.694602"><ele>103.6</ele></trkpt>
    <trkpt lat="-32.967900" lon="151.694705"><ele>103.1</ele></trkpt>
    <trkpt lat="-32.967848" lon="151.694760"><ele>102.9</ele></trkpt>
    <trkpt lat="-32.967822" lon="151.694786"><ele>102.8</ele></trkpt>
    <trkpt lat="-32.967753" lon="151.694858"><ele>102.6</ele></trkpt>
    <trkpt lat="-32.967611" lon="151.694988"><ele>102.2</ele></trkpt>
    <trkpt lat="-32.967506" lon="151.695057"><ele>102.0</ele></trkpt>
    <trkpt lat="-32.967520" lon="151.695130"><ele>101.9</ele></trkpt>
    <trkpt lat="-32.967526" lon="151.695164"><ele>101.8</ele></trkpt>
    <trkpt lat="-32.967532" lon="151.695194"><ele>101.8</ele></trkpt>
    <trkpt lat="-32.967517" lon="151.696225"><ele>101.7</ele></trkpt>
    <trkpt lat="-32.967486" lon="151.696411"><ele>101.4</ele></trkpt>
    <trkpt lat="-32.967544" lon="151.696400"><ele>101.4</ele></trkpt>
    <trkpt lat="-32.967580" lon="151.696392"><ele>101.4</ele></trkpt>
    <trkpt lat="-32.967848" lon="151.696341"><ele>101.1</ele></trkpt>
    <trkpt lat="-32.967863" lon="151.696437"><ele>100.9</ele></trkpt>
    <trkpt lat="-32.968068" lon="151.697756"><ele>95.4</ele></trkpt>
    <trkpt lat="-32.968078" lon="151.697816"><ele>95.1</ele></trkpt>
    <trkpt lat="-32.968087" lon="151.697870"><ele>94.8</ele></trkpt>
    <trkpt lat="-32.968438" lon="151.699935"><ele>89.0</ele></trkpt>
    <trkpt lat="-32.968454" lon="151.700032"><ele>89.2</ele></trkpt>
    <trkpt lat="-32.967951" lon="151.700360"><ele>90.2</ele></trkpt>
    <trkpt lat="-32.967788" lon="151.700419"><ele>90.4</ele></trkpt>
    <trkpt lat="-32.967831" lon="151.700663"><ele>90.7</ele></trkpt>
    <trkpt lat="-32.967865" lon="151.700914"><ele>90.8</ele></trkpt>
    <trkpt lat="-32.967887" lon="151.701092"><ele>90.8</ele></trkpt>
    <trkpt lat="-32.967832" lon="151.701149"><ele>90.9</ele></trkpt>
    <trkpt lat="-32.967804" lon="151.701226"><ele>90.9</ele></trkpt>
    <trkpt lat="-32.967804" lon="151.701345"><ele>90.9</ele></trkpt>
    <trkpt lat="-32.967752" lon="151.701602"><ele>91.4</ele></trkpt>
    <trkpt lat="-32.967737" lon="151.701764"><ele>91.8</ele></trkpt>
    <trkpt lat="-32.967766" lon="151.702018"><ele>92.6</ele></trkpt>
    <trkpt lat="-32.967759" lon="151.702269"><ele>92.6</ele></trkpt>
    <trkpt lat="-32.967777" lon="151.702466"><ele>92.8</ele></trkpt>
    <trkpt lat="-32.967817" lon="151.702566"><ele>92.9</ele></trkpt>
    <trkpt lat="-32.967866" lon="151.702621"><ele>93.0</ele></trkpt>
    <trkpt lat="-32.967874" lon="151.702630"><ele>93.0</ele></trkpt>
    <trkpt lat="-32.967945" lon="151.702669"><ele>93.0</ele></trkpt>
    <trkpt lat="-32.968060" lon="151.702676"><ele>92.9</ele></trkpt>
    <trkpt lat="-32.968114" lon="151.702679"><ele>92.9</ele></trkpt>
    <trkpt lat="-32.968159" lon="151.702681"><ele>92.9</ele></trkpt>
    <trkpt lat="-32.968171" lon="151.702682"><ele>92.9</ele></trkpt>
    <trkpt lat="-32.968226" lon="151.702723"><ele>92.9</ele></trkpt>
    <trkpt lat="-32.968363" lon="151.702972"><ele>92.6</ele></trkpt>
    <trkpt lat="-32.968491" lon="151.703309"><ele>91.6</ele></trkpt>
    <trkpt lat="-32.968667" lon="151.703566"><ele>90.3</ele></trkpt>
    <trkpt lat="-32.968800" lon="151.703990"><ele>88.2</ele></trkpt>
    <trkpt lat="-32.968841" lon="151.704514"><ele>86.6</ele></trkpt>
    <trkpt lat="-32.968891" lon="151.704759"><ele>86.9</ele></trkpt>
    <trkpt lat="-32.968917" lon="151.704981"><ele>87.7</ele></trkpt>
    <trkpt lat="-32.968896" lon="151.705228"><ele>88.6</ele></trkpt>
    <trkpt lat="-32.968868" lon="151.705304"><ele>88.8</ele></trkpt>
    <trkpt lat="-32.968790" lon="151.705471"><ele>89.0</ele></trkpt>
    <trkpt lat="-32.968702" lon="151.705652"><ele>89.1</ele></trkpt>
    <trkpt lat="-32.968686" lon="151.705815"><ele>89.0</ele></trkpt>
    <trkpt lat="-32.968677" lon="151.706643"><ele>84.3</ele></trkpt>
    <trkpt lat="-32.968662" lon="151.706813"><ele>83.5</ele></trkpt>
    <trkpt lat="-32.968587" lon="151.707138"><ele>82.4</ele></trkpt>
    <trkpt lat="-32.968513" lon="151.707375"><ele>82.5</ele></trkpt>
    <trkpt lat="-32.968472" lon="151.707663"><ele>83.4</ele></trkpt>
    <trkpt lat="-32.968432" lon="151.707775"><ele>83.9</ele></trkpt>
    <trkpt lat="-32.968401" lon="151.707861"><ele>84.2</ele></trkpt>
    <trkpt lat="-32.968373" lon="151.707941"><ele>84.6</ele></trkpt>
    <trkpt lat="-32.968377" lon="151.708044"><ele>85.0</ele></trkpt>
    <trkpt lat="-32.968426" lon="151.708318"><ele>85.3</ele></trkpt>
    <trkpt lat="-32.968533" lon="151.708573"><ele>85.7</ele></trkpt>
    <trkpt lat="-32.968557" lon="151.708675"><ele>85.9</ele></trkpt>
    <trkpt lat="-32.968665" lon="151.709125"><ele>85.4</ele></trkpt>
    <trkpt lat="-32.968809" lon="151.709560"><ele>84.5</ele></trkpt>
    <trkpt lat="-32.968837" lon="151.709670"><ele>84.3</ele></trkpt>
    <trkpt lat="-32.968901" lon="151.709777"><ele>84.2</ele></trkpt>
    <trkpt lat="-32.969019" lon="151.709964"><ele>83.9</ele></trkpt>
    <trkpt lat="-32.969038" lon="151.710041"><ele>83.8</ele></trkpt>
    <trkpt lat="-32.969042" lon="151.710154"><ele>83.7</ele></trkpt>
    <trkpt lat="-32.969021" lon="151.710220"><ele>83.5</ele></trkpt>
    <trkpt lat="-32.969004" lon="151.710275"><ele>83.4</ele></trkpt>
    <trkpt lat="-32.969023" lon="151.710443"><ele>83.1</ele></trkpt>
    <trkpt lat="-32.969080" lon="151.710669"><ele>82.3</ele></trkpt>
    <trkpt lat="-32.969061" lon="151.710805"><ele>81.8</ele></trkpt>
    <trkpt lat="-32.969011" lon="151.711006"><ele>80.9</ele></trkpt>
    <trkpt lat="-32.968978" lon="151.711209"><ele>80.2</ele></trkpt>
    <trkpt lat="-32.968973" lon="151.711390"><ele>79.6</ele></trkpt>
    <trkpt lat="-32.968968" lon="151.711491"><ele>79.5</ele></trkpt>
    <trkpt lat="-32.969017" lon="151.711566"><ele>79.4</ele></trkpt>
    <trkpt lat="-32.969199" lon="151.711684"><ele>79.4</ele></trkpt>
    <trkpt lat="-32.969240" lon="151.711747"><ele>79.5</ele></trkpt>
    <trkpt lat="-32.969266" lon="151.711833"><ele>79.6</ele></trkpt>
    <trkpt lat="-32.969286" lon="151.712047"><ele>79.6</ele></trkpt>
    <trkpt lat="-32.969281" lon="151.712172"><ele>79.6</ele></trkpt>
    <trkpt lat="-32.969241" lon="151.712523"><ele>80.3</ele></trkpt>
    <trkpt lat="-32.969191" lon="151.712644"><ele>80.7</ele></trkpt>
    <trkpt lat="-32.969069" lon="151.712822"><ele>81.2</ele></trkpt>
    <trkpt lat="-32.969051" lon="151.712849"><ele>81.3</ele></trkpt>
    <trkpt lat="-32.968824" lon="151.713186"><ele>81.9</ele></trkpt>
    <trkpt lat="-32.968574" lon="151.713479"><ele>83.1</ele></trkpt>
    <trkpt lat="-32.968467" lon="151.713592"><ele>83.5</ele></trkpt>
    <trkpt lat="-32.968291" lon="151.713711"><ele>83.9</ele></trkpt>
    <trkpt lat="-32.968179" lon="151.713881"><ele>83.8</ele></trkpt>
    <trkpt lat="-32.968072" lon="151.714100"><ele>84.0</ele></trkpt>
    <trkpt lat="-32.968007" lon="151.714414"><ele>84.3</ele></trkpt>
    <trkpt lat="-32.967920" lon="151.714746"><ele>84.4</ele></trkpt>
    <trkpt lat="-32.967832" lon="151.715018"><ele>84.0</ele></trkpt>
    <trkpt lat="-32.967670" lon="151.715164"><ele>83.8</ele></trkpt>
    <trkpt lat="-32.967420" lon="151.715273"><ele>83.7</ele></trkpt>
    <trkpt lat="-32.967089" lon="151.715502"><ele>82.8</ele></trkpt>
    <trkpt lat="-32.966994" lon="151.715597"><ele>82.4</ele></trkpt>
    <trkpt lat="-32.966862" lon="151.715715"><ele>81.7</ele></trkpt>
    <trkpt lat="-32.966713" lon="151.715853"><ele>81.7</ele></trkpt>
    <trkpt lat="-32.966569" lon="151.716030"><ele>81.7</ele></trkpt>
    <trkpt lat="-32.966328" lon="151.716370"><ele>79.9</ele></trkpt>
    <trkpt lat="-32.966203" lon="151.716525"><ele>78.5</ele></trkpt>
    <trkpt lat="-32.966069" lon="151.716666"><ele>77.3</ele></trkpt>
    <trkpt lat="-32.965971" lon="151.716747"><ele>77.1</ele></trkpt>
    <trkpt lat="-32.965922" lon="151.716827"><ele>77.0</ele></trkpt>
    <trkpt lat="-32.965814" lon="151.716909"><ele>76.8</ele></trkpt>
    <trkpt lat="-32.965767" lon="151.716913"><ele>76.7</ele></trkpt>
    <trkpt lat="-32.965719" lon="151.716913"><ele>76.6</ele></trkpt>
    <trkpt lat="-32.965667" lon="151.716935"><ele>76.6</ele></trkpt>
    <trkpt lat="-32.965620" lon="151.716989"><ele>76.4</ele></trkpt>
    <trkpt lat="-32.965584" lon="151.717015"><ele>76.3</ele></trkpt>
    <trkpt lat="-32.965493" lon="151.717059"><ele>76.1</ele></trkpt>
    <trkpt lat="-32.965283" lon="151.717068"><ele>76.0</ele></trkpt>
    <trkpt lat="-32.965133" lon="151.717063"><ele>76.3</ele></trkpt>
    <trkpt lat="-32.964931" lon="151.717097"><ele>77.2</ele></trkpt>
    <trkpt lat="-32.964705" lon="151.717099"><ele>78.2</ele></trkpt>
    <trkpt lat="-32.964519" lon="151.716992"><ele>78.9</ele></trkpt>
    <trkpt lat="-32.964422" lon="151.716968"><ele>79.1</ele></trkpt>
    <trkpt lat="-32.964360" lon="151.716982"><ele>79.2</ele></trkpt>
    <trkpt lat="-32.964311" lon="151.716990"><ele>79.3</ele></trkpt>
    <trkpt lat="-32.964200" lon="151.717022"><ele>79.4</ele></trkpt>
    <trkpt lat="-32.964131" lon="151.717058"><ele>79.5</ele></trkpt>
    <trkpt lat="-32.964030" lon="151.717200"><ele>79.8</ele></trkpt>
    <trkpt lat="-32.963932" lon="151.717442"><ele>80.3</ele></trkpt>
    <trkpt lat="-32.963811" lon="151.717589"><ele>80.7</ele></trkpt>
    <trkpt lat="-32.963583" lon="151.717859"><ele>79.5</ele></trkpt>
    <trkpt lat="-32.963347" lon="151.718041"><ele>78.4</ele></trkpt>
    <trkpt lat="-32.963251" lon="151.718115"><ele>78.5</ele></trkpt>
    <trkpt lat="-32.963148" lon="151.718197"><ele>78.6</ele></trkpt>
    <trkpt lat="-32.963077" lon="151.718230"><ele>78.4</ele></trkpt>
    <trkpt lat="-32.962986" lon="151.718289"><ele>78.2</ele></trkpt>
    <trkpt lat="-32.962678" lon="151.718227"><ele>76.3</ele></trkpt>
    <trkpt lat="-32.962454" lon="151.718231"><ele>74.7</ele></trkpt>
    <trkpt lat="-32.962288" lon="151.718273"><ele>73.3</ele></trkpt>
    <trkpt lat="-32.962271" lon="151.718300"><ele>73.1</ele></trkpt>
    <trkpt lat="-32.962185" lon="151.718320"><ele>72.2</ele></trkpt>
    <trkpt lat="-32.962156" lon="151.718305"><ele>71.9</ele></trkpt>
    <trkpt lat="-32.962076" lon="151.718333"><ele>71.0</ele></trkpt>
    <trkpt lat="-32.962027" lon="151.718350"><ele>70.4</ele></trkpt>
    <trkpt lat="-32.962050" lon="151.718433"><ele>69.4</ele></trkpt>
    <trkpt lat="-32.962115" lon="151.718602"><ele>67.7</ele></trkpt>
    <trkpt lat="-32.962150" lon="151.718641"><ele>67.2</ele></trkpt>
    <trkpt lat="-32.962473" lon="151.719459"><ele>66.8</ele></trkpt>
    <trkpt lat="-32.962117" lon="151.719791"><ele>69.4</ele></trkpt>
    <trkpt lat="-32.962037" lon="151.719907"><ele>70.1</ele></trkpt>
    <trkpt lat="-32.961915" lon="151.719726"><ele>71.3</ele></trkpt>
    <trkpt lat="-32.961584" lon="151.719765"><ele>72.2</ele></trkpt>
    <trkpt lat="-32.961391" lon="151.719792"><ele>72.1</ele></trkpt>
    <trkpt lat="-32.960693" lon="151.720488"><ele>74.4</ele></trkpt>
    <trkpt lat="-32.960426" lon="151.720636"><ele>74.3</ele></trkpt>
    <trkpt lat="-32.959504" lon="151.720974"><ele>69.1</ele></trkpt>
    <trkpt lat="-32.959225" lon="151.721103"><ele>66.5</ele></trkpt>
    <trkpt lat="-32.958954" lon="151.721393"><ele>64.3</ele></trkpt>
    <trkpt lat="-32.958860" lon="151.721624"><ele>63.8</ele></trkpt>
    <trkpt lat="-32.958832" lon="151.721882"><ele>63.6</ele></trkpt>
    <trkpt lat="-32.958917" lon="151.722195"><ele>62.8</ele></trkpt>
    <trkpt lat="-32.959131" lon="151.722602"><ele>62.0</ele></trkpt>
    <trkpt lat="-32.959244" lon="151.722889"><ele>61.7</ele></trkpt>
    <trkpt lat="-32.959065" lon="151.723168"><ele>60.4</ele></trkpt>
    <trkpt lat="-32.959090" lon="151.723291"><ele>59.8</ele></trkpt>
    <trkpt lat="-32.959276" lon="151.723554"><ele>57.8</ele></trkpt>
    <trkpt lat="-32.959526" lon="151.723892"><ele>54.3</ele></trkpt>
    <trkpt lat="-32.959645" lon="151.724021"><ele>52.3</ele></trkpt>
    <trkpt lat="-32.959785" lon="151.724086"><ele>51.0</ele></trkpt>
    <trkpt lat="-32.959990" lon="151.724383"><ele>48.5</ele></trkpt>
    <trkpt lat="-32.960050" lon="151.724475"><ele>47.8</ele></trkpt>
    <trkpt lat="-32.960055" lon="151.724586"><ele>47.2</ele></trkpt>
    <trkpt lat="-32.959989" lon="151.724697"><ele>46.4</ele></trkpt>
    <trkpt lat="-32.959817" lon="151.724928"><ele>44.7</ele></trkpt>
    <trkpt lat="-32.959611" lon="151.725155"><ele>45.1</ele></trkpt>
    <trkpt lat="-32.959414" lon="151.725382"><ele>44.5</ele></trkpt>
    <trkpt lat="-32.959314" lon="151.725416"><ele>44.3</ele></trkpt>
    <trkpt lat="-32.959173" lon="151.725415"><ele>44.2</ele></trkpt>
    <trkpt lat="-32.959069" lon="151.725418"><ele>44.4</ele></trkpt>
    <trkpt lat="-32.958993" lon="151.725473"><ele>44.7</ele></trkpt>
    <trkpt lat="-32.958976" lon="151.725484"><ele>44.8</ele></trkpt>
    <trkpt lat="-32.958932" lon="151.725554"><ele>45.0</ele></trkpt>
    <trkpt lat="-32.958892" lon="151.725678"><ele>45.3</ele></trkpt>
    <trkpt lat="-32.958910" lon="151.726051"><ele>45.2</ele></trkpt>
    <trkpt lat="-32.959002" lon="151.726377"><ele>44.0</ele></trkpt>
    <trkpt lat="-32.959011" lon="151.726442"><ele>43.7</ele></trkpt>
    <trkpt lat="-32.959072" lon="151.726519"><ele>42.9</ele></trkpt>
    <trkpt lat="-32.959075" lon="151.726529"><ele>42.8</ele></trkpt>
    <trkpt lat="-32.959087" lon="151.726580"><ele>42.2</ele></trkpt>
    <trkpt lat="-32.959080" lon="151.726607"><ele>41.9</ele></trkpt>
    <trkpt lat="-32.959060" lon="151.726674"><ele>41.1</ele></trkpt>
    <trkpt lat="-32.959055" lon="151.726772"><ele>40.0</ele></trkpt>
    <trkpt lat="-32.959034" lon="151.727037"><ele>36.4</ele></trkpt>
    <trkpt lat="-32.959103" lon="151.727229"><ele>33.3</ele></trkpt>
    <trkpt lat="-32.959158" lon="151.727312"><ele>31.7</ele></trkpt>
    <trkpt lat="-32.959207" lon="151.727441"><ele>29.5</ele></trkpt>
    <trkpt lat="-32.959188" lon="151.727586"><ele>27.3</ele></trkpt>
    <trkpt lat="-32.959205" lon="151.727728"><ele>25.1</ele></trkpt>
    <trkpt lat="-32.959330" lon="151.727848"><ele>22.3</ele></trkpt>
    <trkpt lat="-32.959339" lon="151.728209"><ele>19.3</ele></trkpt>
    <trkpt lat="-32.959486" lon="151.728738"><ele>16.3</ele></trkpt>
    <trkpt lat="-32.959549" lon="151.728896"><ele>15.9</ele></trkpt>
    <trkpt lat="-32.959628" lon="151.729095"><ele>15.9</ele></trkpt>
    <trkpt lat="-32.959717" lon="151.729319"><ele>16.4</ele></trkpt>
    <trkpt lat="-32.959812" lon="151.729492"><ele>16.6</ele></trkpt>
    <trkpt lat="-32.959917" lon="151.729760"><ele>16.5</ele></trkpt>
    <trkpt lat="-32.959976" lon="151.730006"><ele>16.3</ele></trkpt>
    <trkpt lat="-32.960141" lon="151.730274"><ele>17.1</ele></trkpt>
    <trkpt lat="-32.960200" lon="151.730377"><ele>17.4</ele></trkpt>
    <trkpt lat="-32.960248" lon="151.730559"><ele>17.9</ele></trkpt>
    <trkpt lat="-32.960213" lon="151.730701"><ele>18.2</ele></trkpt>
    <trkpt lat="-32.960161" lon="151.730850"><ele>18.6</ele></trkpt>
    <trkpt lat="-32.960218" lon="151.731083"><ele>19.2</ele></trkpt>
    <trkpt lat="-32.960223" lon="151.731296"><ele>19.6</ele></trkpt>
    <trkpt lat="-32.960208" lon="151.731499"><ele>19.9</ele></trkpt>
    <trkpt lat="-32.960224" lon="151.731635"><ele>20.1</ele></trkpt>
    <trkpt lat="-32.960418" lon="151.731775"><ele>20.7</ele></trkpt>
    <trkpt lat="-32.960501" lon="151.731980"><ele>21.6</ele></trkpt>
    <trkpt lat="-32.960538" lon="151.732147"><ele>21.6</ele></trkpt>
    <trkpt lat="-32.960529" lon="151.732492"><ele>21.1</ele></trkpt>
    <trkpt lat="-32.960576" lon="151.732644"><ele>20.9</ele></trkpt>
    <trkpt lat="-32.960618" lon="151.732723"><ele>20.9</ele></trkpt>
    <trkpt lat="-32.960850" lon="151.732923"><ele>20.9</ele></trkpt>
    <trkpt lat="-32.960920" lon="151.733140"><ele>20.7</ele></trkpt>
    <trkpt lat="-32.960924" lon="151.733268"><ele>20.3</ele></trkpt>
    <trkpt lat="-32.960987" lon="151.733635"><ele>20.0</ele></trkpt>
    <trkpt lat="-32.961026" lon="151.733814"><ele>20.3</ele></trkpt>
    <trkpt lat="-32.961111" lon="151.734080"><ele>20.8</ele></trkpt>
    <trkpt lat="-32.961194" lon="151.734332"><ele>20.8</ele></trkpt>
    <trkpt lat="-32.961252" lon="151.734474"><ele>20.6</ele></trkpt>
    <trkpt lat="-32.961314" lon="151.734591"><ele>20.5</ele></trkpt>
    <trkpt lat="-32.961380" lon="151.734733"><ele>20.1</ele></trkpt>
    <trkpt lat="-32.961526" lon="151.734859"><ele>19.5</ele></trkpt>
    <trkpt lat="-32.961579" lon="151.734955"><ele>19.1</ele></trkpt>
    <trkpt lat="-32.961856" lon="151.735620"><ele>15.9</ele></trkpt>
    <trkpt lat="-32.961897" lon="151.735783"><ele>15.3</ele></trkpt>
    <trkpt lat="-32.961992" lon="151.736069"><ele>14.2</ele></trkpt>
    <trkpt lat="-32.962016" lon="151.736314"><ele>13.1</ele></trkpt>
    <trkpt lat="-32.962018" lon="151.736396"><ele>12.6</ele></trkpt>
    <trkpt lat="-32.962006" lon="151.736464"><ele>12.2</ele></trkpt>
    <trkpt lat="-32.961983" lon="151.736498"><ele>12.0</ele></trkpt>
    <trkpt lat="-32.961922" lon="151.736527"><ele>11.5</ele></trkpt>
    <trkpt lat="-32.961863" lon="151.736576"><ele>11.0</ele></trkpt>
    <trkpt lat="-32.961844" lon="151.736620"><ele>10.6</ele></trkpt>
    <trkpt lat="-32.961841" lon="151.736700"><ele>10.1</ele></trkpt>
    <trkpt lat="-32.961936" lon="151.736945"><ele>8.2</ele></trkpt>
    <trkpt lat="-32.961953" lon="151.737047"><ele>7.6</ele></trkpt>
    <trkpt lat="-32.961984" lon="151.737133"><ele>7.0</ele></trkpt>
    <trkpt lat="-32.962059" lon="151.737202"><ele>6.2</ele></trkpt>
    <trkpt lat="-32.962140" lon="151.737338"><ele>5.1</ele></trkpt>
    <trkpt lat="-32.962134" lon="151.737454"><ele>4.5</ele></trkpt>
    <trkpt lat="-32.962195" lon="151.737581"><ele>3.7</ele></trkpt>
    <trkpt lat="-32.962252" lon="151.737697"><ele>3.1</ele></trkpt>
    <trkpt lat="-32.962343" lon="151.738012"><ele>2.1</ele></trkpt>
    <trkpt lat="-32.962362" lon="151.738392"><ele>1.9</ele></trkpt>
    <trkpt lat="-32.962114" lon="151.738687"><ele>1.7</ele></trkpt>
    <trkpt lat="-32.960320" lon="151.740677"><ele>0.1</ele></trkpt>
    <trkpt lat="-32.959363" lon="151.741702"><ele>0.2</ele></trkpt>
    <trkpt lat="-32.959182" lon="151.741914"><ele>0.2</ele></trkpt>
    <trkpt lat="-32.958483" lon="151.742672"><ele>0.0</ele></trkpt>
    <trkpt lat="-32.957526" lon="151.744166"><ele>0.3</ele></trkpt>
    <trkpt lat="-32.956503" lon="151.745762"><ele>0.2</ele></trkpt>
    <trkpt lat="-32.956314" lon="151.746237"><ele>0.2</ele></trkpt>
    <trkpt lat="-32.955904" lon="151.747267"><ele>0.6</ele></trkpt>
    <trkpt lat="-32.955507" lon="151.748035"><ele>4.5</ele></trkpt>
    <trkpt lat="-32.955040" lon="151.748781"><ele>23.8</ele></trkpt>
    <trkpt lat="-32.954319" lon="151.749750"><ele>23.3</ele></trkpt>
    <trkpt lat="-32.954088" lon="151.750270"><ele>9.3</ele></trkpt>
    <trkpt lat="-32.953842" lon="151.750870"><ele>1.7</ele></trkpt>
    <trkpt lat="-32.953727" lon="151.751344"><ele>4.3</ele></trkpt>
    <trkpt lat="-32.953610" lon="151.751821"><ele>7.5</ele></trkpt>
    <trkpt lat="-32.953606" lon="151.753024"><ele>10.8</ele></trkpt>
    <trkpt lat="-32.951755" lon="151.754783"><ele>8.5</ele></trkpt>
    <trkpt lat="-32.951730" lon="151.754806"><ele>8.0</ele></trkpt>
    <trkpt lat="-32.951414" lon="151.755105"><ele>3.5</ele></trkpt>
    <trkpt lat="-32.951162" lon="151.755447"><ele>2.5</ele></trkpt>
    <trkpt lat="-32.951053" lon="151.755618"><ele>2.9</ele></trkpt>
    <trkpt lat="-32.950989" lon="151.755708"><ele>3.4</ele></trkpt>
    <trkpt lat="-32.950681" lon="151.755769"><ele>4.6</ele></trkpt>
    <trkpt lat="-32.950533" lon="151.755850"><ele>5.2</ele></trkpt>
    <trkpt lat="-32.950217" lon="151.756038"><ele>6.6</ele></trkpt>
    <trkpt lat="-32.949883" lon="151.756225"><ele>7.7</ele></trkpt>
    <trkpt lat="-32.949854" lon="151.756242"><ele>7.7</ele></trkpt>
    <trkpt lat="-32.949831" lon="151.756252"><ele>7.7</ele></trkpt>
    <trkpt lat="-32.949407" lon="151.756406"><ele>8.1</ele></trkpt>
    <trkpt lat="-32.949369" lon="151.756399"><ele>8.1</ele></trkpt>
    <trkpt lat="-32.949333" lon="151.756412"><ele>8.1</ele></trkpt>
    <trkpt lat="-32.948859" lon="151.756612"><ele>7.7</ele></trkpt>
    <trkpt lat="-32.948830" lon="151.756623"><ele>7.7</ele></trkpt>
    <trkpt lat="-32.948566" lon="151.756719"><ele>7.4</ele></trkpt>
    <trkpt lat="-32.948471" lon="151.756759"><ele>7.4</ele></trkpt>
    <trkpt lat="-32.948347" lon="151.756797"><ele>7.3</ele></trkpt>
    <trkpt lat="-32.948230" lon="151.756840"><ele>7.2</ele></trkpt>
    <trkpt lat="-32.948210" lon="151.756847"><ele>7.2</ele></trkpt>
    <trkpt lat="-32.948142" lon="151.756873"><ele>7.1</ele></trkpt>
    <trkpt lat="-32.948062" lon="151.756911"><ele>7.0</ele></trkpt>
    <trkpt lat="-32.948036" lon="151.756929"><ele>7.0</ele></trkpt>
    <trkpt lat="-32.948019" lon="151.756941"><ele>7.0</ele></trkpt>
    <trkpt lat="-32.947963" lon="151.756980"><ele>7.0</ele></trkpt>
    <trkpt lat="-32.947873" lon="151.757096"><ele>7.0</ele></trkpt>
    <trkpt lat="-32.947790" lon="151.757205"><ele>7.0</ele></trkpt>
    <trkpt lat="-32.947730" lon="151.757282"><ele>7.0</ele></trkpt>
    <trkpt lat="-32.947720" lon="151.757296"><ele>7.0</ele></trkpt>
    <trkpt lat="-32.947499" lon="151.757625"><ele>6.9</ele></trkpt>
    <trkpt lat="-32.947367" lon="151.757813"><ele>7.1</ele></trkpt>
    <trkpt lat="-32.946874" lon="151.758545"><ele>7.9</ele></trkpt>
    <trkpt lat="-32.946812" lon="151.758637"><ele>8.0</ele></trkpt>
    <trkpt lat="-32.946391" lon="151.759227"><ele>7.7</ele></trkpt>
    <trkpt lat="-32.946273" lon="151.759376"><ele>7.5</ele></trkpt>
    <trkpt lat="-32.946166" lon="151.759493"><ele>7.3</ele></trkpt>
    <trkpt lat="-32.946010" lon="151.759661"><ele>7.2</ele></trkpt>
    <trkpt lat="-32.945873" lon="151.759757"><ele>7.1</ele></trkpt>
    <trkpt lat="-32.945862" lon="151.759768"><ele>7.1</ele></trkpt>
    <trkpt lat="-32.945663" lon="151.760094"><ele>7.5</ele></trkpt>
    <trkpt lat="-32.945474" lon="151.760402"><ele>8.6</ele></trkpt>
    <trkpt lat="-32.945353" lon="151.760594"><ele>9.4</ele></trkpt>
    <trkpt lat="-32.945217" lon="151.760715"><ele>10.1</ele></trkpt>
    <trkpt lat="-32.945186" lon="151.760743"><ele>10.3</ele></trkpt>
    <trkpt lat="-32.945109" lon="151.760855"><ele>10.8</ele></trkpt>
    <trkpt lat="-32.945023" lon="151.760981"><ele>11.4</ele></trkpt>
    <trkpt lat="-32.944863" lon="151.761221"><ele>12.8</ele></trkpt>
    <trkpt lat="-32.944807" lon="151.761306"><ele>13.3</ele></trkpt>
    <trkpt lat="-32.944703" lon="151.761459"><ele>14.2</ele></trkpt>
    <trkpt lat="-32.944615" lon="151.761511"><ele>14.8</ele></trkpt>
    <trkpt lat="-32.944611" lon="151.761611"><ele>15.3</ele></trkpt>
    <trkpt lat="-32.944245" lon="151.762160"><ele>18.6</ele></trkpt>
    <trkpt lat="-32.944237" lon="151.762178"><ele>18.7</ele></trkpt>
    <trkpt lat="-32.944209" lon="151.762235"><ele>19.0</ele></trkpt>
    <trkpt lat="-32.943869" lon="151.762938"><ele>19.1</ele></trkpt>
    <trkpt lat="-32.943598" lon="151.763494"><ele>17.4</ele></trkpt>
    <trkpt lat="-32.943542" lon="151.763544"><ele>17.1</ele></trkpt>
    <trkpt lat="-32.943373" lon="151.763807"><ele>16.1</ele></trkpt>
    <trkpt lat="-32.943132" lon="151.763812"><ele>15.1</ele></trkpt>
    <trkpt lat="-32.943034" lon="151.763816"><ele>14.7</ele></trkpt>
    <trkpt lat="-32.943029" lon="151.763910"><ele>14.3</ele></trkpt>
    <trkpt lat="-32.943008" lon="151.764338"><ele>12.8</ele></trkpt>
    <trkpt lat="-32.942983" lon="151.764378"><ele>12.6</ele></trkpt>
    <trkpt lat="-32.942959" lon="151.764419"><ele>12.4</ele></trkpt>
    <trkpt lat="-32.942879" lon="151.764463"><ele>12.0</ele></trkpt>
    <trkpt lat="-32.942552" lon="151.765017"><ele>9.8</ele></trkpt>
    <trkpt lat="-32.942396" lon="151.765286"><ele>9.2</ele></trkpt>
    <trkpt lat="-32.941958" lon="151.766055"><ele>9.0</ele></trkpt>
    <trkpt lat="-32.941762" lon="151.766388"><ele>9.3</ele></trkpt>
    <trkpt lat="-32.941743" lon="151.766407"><ele>9.4</ele></trkpt>
    <trkpt lat="-32.941620" lon="151.766641"><ele>9.5</ele></trkpt>
    <trkpt lat="-32.941451" lon="151.766991"><ele>9.6</ele></trkpt>
    <trkpt lat="-32.941357" lon="151.767219"><ele>9.7</ele></trkpt>
    <trkpt lat="-32.941281" lon="151.767393"><ele>9.7</ele></trkpt>
    <trkpt lat="-32.941148" lon="151.767712"><ele>9.9</ele></trkpt>
    <trkpt lat="-32.940912" lon="151.768265"><ele>10.4</ele></trkpt>
    <trkpt lat="-32.940900" lon="151.768352"><ele>10.5</ele></trkpt>
    <trkpt lat="-32.940922" lon="151.768522"><ele>10.5</ele></trkpt>
    <trkpt lat="-32.940935" lon="151.768637"><ele>10.2</ele></trkpt>
    <trkpt lat="-32.940947" lon="151.768737"><ele>10.0</ele></trkpt>
    <trkpt lat="-32.940955" lon="151.768827"><ele>9.8</ele></trkpt>
    <trkpt lat="-32.940953" lon="151.768892"><ele>9.7</ele></trkpt>
    <trkpt lat="-32.940953" lon="151.768949"><ele>9.6</ele></trkpt>
    <trkpt lat="-32.940967" lon="151.769061"><ele>9.4</ele></trkpt>
    <trkpt lat="-32.940991" lon="151.769130"><ele>9.2</ele></trkpt>
    <trkpt lat="-32.941005" lon="151.769198"><ele>9.1</ele></trkpt>
    <trkpt lat="-32.941001" lon="151.769251"><ele>9.1</ele></trkpt>
    <trkpt lat="-32.940988" lon="151.769305"><ele>9.0</ele></trkpt>
    <trkpt lat="-32.940981" lon="151.769343"><ele>9.0</ele></trkpt>
    <trkpt lat="-32.940965" lon="151.769376"><ele>8.9</ele></trkpt>
    <trkpt lat="-32.940941" lon="151.769410"><ele>8.9</ele></trkpt>
    <trkpt lat="-32.940911" lon="151.769438"><ele>8.9</ele></trkpt>
    <trkpt lat="-32.940878" lon="151.769453"><ele>9.0</ele></trkpt>
    <trkpt lat="-32.940842" lon="151.769462"><ele>9.0</ele></trkpt>
    <trkpt lat="-32.940802" lon="151.769518"><ele>9.1</ele></trkpt>
    <trkpt lat="-32.940344" lon="151.769795"><ele>12.5</ele></trkpt>
    <trkpt lat="-32.939851" lon="151.770120"><ele>19.7</ele></trkpt>
    <trkpt lat="-32.939533" lon="151.770348"><ele>24.2</ele></trkpt>
    <trkpt lat="-32.939492" lon="151.770391"><ele>24.7</ele></trkpt>
    <trkpt lat="-32.939451" lon="151.770413"><ele>25.1</ele></trkpt>
    <trkpt lat="-32.939379" lon="151.770427"><ele>25.8</ele></trkpt>
    <trkpt lat="-32.939109" lon="151.770719"><ele>29.1</ele></trkpt>
    <trkpt lat="-32.938759" lon="151.771210"><ele>34.3</ele></trkpt>
    <trkpt lat="-32.938376" lon="151.772054"><ele>45.5</ele></trkpt>
    <trkpt lat="-32.938068" lon="151.772735"><ele>54.0</ele></trkpt>
    <trkpt lat="-32.937954" lon="151.772874"><ele>55.6</ele></trkpt>
    <trkpt lat="-32.937860" lon="151.772962"><ele>56.7</ele></trkpt>
    <trkpt lat="-32.937725" lon="151.773061"><ele>58.1</ele></trkpt>
    <trkpt lat="-32.937629" lon="151.773156"><ele>59.2</ele></trkpt>
    <trkpt lat="-32.937565" lon="151.773353"><ele>60.7</ele></trkpt>
    <trkpt lat="-32.937541" lon="151.773482"><ele>61.4</ele></trkpt>
    <trkpt lat="-32.937558" lon="151.773616"><ele>62.1</ele></trkpt>
    <trkpt lat="-32.937685" lon="151.773933"><ele>63.1</ele></trkpt>
    <trkpt lat="-32.937828" lon="151.774335"><ele>63.7</ele></trkpt>
    <trkpt lat="-32.937862" lon="151.774637"><ele>63.9</ele></trkpt>
    <trkpt lat="-32.937810" lon="151.774907"><ele>63.8</ele></trkpt>
    <trkpt lat="-32.937674" lon="151.775257"><ele>63.7</ele></trkpt>
    <trkpt lat="-32.937497" lon="151.775549"><ele>64.1</ele></trkpt>
    <trkpt lat="-32.937450" lon="151.775670"><ele>64.3</ele></trkpt>
    <trkpt lat="-32.937280" lon="151.775869"><ele>65.0</ele></trkpt>
    <trkpt lat="-32.937029" lon="151.776065"><ele>66.4</ele></trkpt>
    <trkpt lat="-32.936833" lon="151.776238"><ele>68.2</ele></trkpt>
    <trkpt lat="-32.936588" lon="151.776518"><ele>71.2</ele></trkpt>
    <trkpt lat="-32.936521" lon="151.776661"><ele>72.4</ele></trkpt>
    <trkpt lat="-32.936312" lon="151.776966"><ele>74.6</ele></trkpt>
    <trkpt lat="-32.936297" lon="151.776986"><ele>74.7</ele></trkpt>
    <trkpt lat="-32.936275" lon="151.777016"><ele>74.9</ele></trkpt>
    <trkpt lat="-32.936253" lon="151.777051"><ele>74.9</ele></trkpt>
    <trkpt lat="-32.936244" lon="151.777067"><ele>75.0</ele></trkpt>
    <trkpt lat="-32.936215" lon="151.777120"><ele>75.1</ele></trkpt>
    <trkpt lat="-32.936157" lon="151.777520"><ele>75.5</ele></trkpt>
    <trkpt lat="-32.936142" lon="151.777623"><ele>75.5</ele></trkpt>
    <trkpt lat="-32.936146" lon="151.777731"><ele>75.4</ele></trkpt>
    <trkpt lat="-32.936150" lon="151.777807"><ele>75.2</ele></trkpt>
    <trkpt lat="-32.936132" lon="151.777874"><ele>75.1</ele></trkpt>
    <trkpt lat="-32.936071" lon="151.777916"><ele>74.9</ele></trkpt>
    <trkpt lat="-32.935965" lon="151.777905"><ele>74.3</ele></trkpt>
    <trkpt lat="-32.935835" lon="151.777893"><ele>73.6</ele></trkpt>
    <trkpt lat="-32.935689" lon="151.777880"><ele>72.7</ele></trkpt>
    <trkpt lat="-32.935622" lon="151.777889"><ele>72.2</ele></trkpt>
    <trkpt lat="-32.935601" lon="151.777916"><ele>72.0</ele></trkpt>
    <trkpt lat="-32.935576" lon="151.777961"><ele>71.7</ele></trkpt>
    <trkpt lat="-32.935519" lon="151.778044"><ele>71.1</ele></trkpt>
    <trkpt lat="-32.935438" lon="151.778093"><ele>70.4</ele></trkpt>
    <trkpt lat="-32.935424" lon="151.778101"><ele>70.3</ele></trkpt>
    <trkpt lat="-32.935299" lon="151.778172"><ele>69.2</ele></trkpt>
    <trkpt lat="-32.935188" lon="151.778235"><ele>68.2</ele></trkpt>
    <trkpt lat="-32.934778" lon="151.778470"><ele>64.1</ele></trkpt>
    <trkpt lat="-32.934758" lon="151.778468"><ele>63.9</ele></trkpt>
    <trkpt lat="-32.934738" lon="151.778461"><ele>63.7</ele></trkpt>
    <trkpt lat="-32.934711" lon="151.778448"><ele>63.5</ele></trkpt>
    <trkpt lat="-32.934692" lon="151.778425"><ele>63.2</ele></trkpt>
    <trkpt lat="-32.934407" lon="151.778502"><ele>60.1</ele></trkpt>
    <trkpt lat="-32.934019" lon="151.778592"><ele>55.8</ele></trkpt>
    <trkpt lat="-32.933697" lon="151.778665"><ele>53.3</ele></trkpt>
    <trkpt lat="-32.933600" lon="151.778726"><ele>52.6</ele></trkpt>
    <trkpt lat="-32.933518" lon="151.778649"><ele>52.4</ele></trkpt>
    <trkpt lat="-32.933401" lon="151.778639"><ele>52.1</ele></trkpt>
    <trkpt lat="-32.933388" lon="151.778542"><ele>52.1</ele></trkpt>
    <trkpt lat="-32.933354" lon="151.778268"><ele>52.8</ele></trkpt>
    <trkpt lat="-32.933315" lon="151.777979"><ele>54.7</ele></trkpt>
    <trkpt lat="-32.933295" lon="151.777810"><ele>55.4</ele></trkpt>
    <trkpt lat="-32.933284" lon="151.777785"><ele>55.5</ele></trkpt>
    <trkpt lat="-32.933241" lon="151.777827"><ele>55.8</ele></trkpt>
    <trkpt lat="-32.933196" lon="151.777895"><ele>56.1</ele></trkpt>
    <trkpt lat="-32.933168" lon="151.777871"><ele>56.2</ele></trkpt>
    <trkpt lat="-32.933131" lon="151.777827"><ele>56.4</ele></trkpt>
    <trkpt lat="-32.933086" lon="151.777787"><ele>56.6</ele></trkpt>
    <trkpt lat="-32.933071" lon="151.777778"><ele>56.7</ele></trkpt>
    <trkpt lat="-32.932956" lon="151.777952"><ele>57.3</ele></trkpt>
    <trkpt lat="-32.932893" lon="151.778099"><ele>57.7</ele></trkpt>
    <trkpt lat="-32.932882" lon="151.778126"><ele>57.7</ele></trkpt>
    <trkpt lat="-32.932853" lon="151.778208"><ele>57.8</ele></trkpt>
    <trkpt lat="-32.932826" lon="151.778272"><ele>57.9</ele></trkpt>
    <trkpt lat="-32.932822" lon="151.778284"><ele>57.9</ele></trkpt>
    <trkpt lat="-32.932796" lon="151.778264"><ele>58.0</ele></trkpt>
    <trkpt lat="-32.932528" lon="151.778318"><ele>58.4</ele></trkpt>
    <trkpt lat="-32.932299" lon="151.778346"><ele>58.8</ele></trkpt>
    <trkpt lat="-32.931802" lon="151.778405"><ele>60.8</ele></trkpt>
    <trkpt lat="-32.931790" lon="151.778455"><ele>61.0</ele></trkpt>
    <trkpt lat="-32.931727" lon="151.778494"><ele>61.4</ele></trkpt>
    <trkpt lat="-32.931744" lon="151.778519"><ele>61.5</ele></trkpt>
    <trkpt lat="-32.931863" lon="151.778500"><ele>62.0</ele></trkpt>
    <trkpt lat="-32.931919" lon="151.778520"><ele>62.1</ele></trkpt>
    <trkpt lat="-32.931962" lon="151.778549"><ele>62.3</ele></trkpt>
    <trkpt lat="-32.931991" lon="151.778581"><ele>62.4</ele></trkpt>
    <trkpt lat="-32.932018" lon="151.778630"><ele>62.5</ele></trkpt>
    <trkpt lat="-32.932036" lon="151.778675"><ele>62.5</ele></trkpt>
    <trkpt lat="-32.932022" lon="151.778723"><ele>62.5</ele></trkpt>
    <trkpt lat="-32.932010" lon="151.778741"><ele>62.4</ele></trkpt>
    <trkpt lat="-32.931956" lon="151.778788"><ele>62.3</ele></trkpt>
    <trkpt lat="-32.931923" lon="151.778812"><ele>62.3</ele></trkpt>
    <trkpt lat="-32.931871" lon="151.778854"><ele>62.2</ele></trkpt>
    <trkpt lat="-32.932075" lon="151.779145"><ele>60.4</ele></trkpt>
    <trkpt lat="-32.932099" lon="151.779179"><ele>60.0</ele></trkpt>
    <trkpt lat="-32.932113" lon="151.779202"><ele>59.8</ele></trkpt>
    <trkpt lat="-32.932128" lon="151.779239"><ele>59.4</ele></trkpt>
    <trkpt lat="-32.932135" lon="151.779272"><ele>59.1</ele></trkpt>
    <trkpt lat="-32.932138" lon="151.779304"><ele>58.8</ele></trkpt>
    <trkpt lat="-32.932150" lon="151.779360"><ele>58.3</ele></trkpt>
    <trkpt lat="-32.932153" lon="151.779407"><ele>57.9</ele></trkpt>
    <trkpt lat="-32.932150" lon="151.779425"><ele>57.7</ele></trkpt>
    <trkpt lat="-32.932103" lon="151.779484"><ele>56.6</ele></trkpt>
    <trkpt lat="-32.932090" lon="151.779550"><ele>55.8</ele></trkpt>
    <trkpt lat="-32.932125" lon="151.779672"><ele>54.2</ele></trkpt>
    <trkpt lat="-32.932115" lon="151.779719"><ele>53.6</ele></trkpt>
    <trkpt lat="-32.932094" lon="151.779812"><ele>52.4</ele></trkpt>
    <trkpt lat="-32.932084" lon="151.779865"><ele>51.8</ele></trkpt>
    <trkpt lat="-32.932069" lon="151.779933"><ele>51.0</ele></trkpt>
    <trkpt lat="-32.932062" lon="151.779974"><ele>50.5</ele></trkpt>
    <trkpt lat="-32.932053" lon="151.780012"><ele>50.0</ele></trkpt>
    <trkpt lat="-32.932037" lon="151.780106"><ele>48.9</ele></trkpt>
    <trkpt lat="-32.932029" lon="151.780146"><ele>48.5</ele></trkpt>
    <trkpt lat="-32.932011" lon="151.780233"><ele>47.5</ele></trkpt>
    <trkpt lat="-32.932006" lon="151.780257"><ele>47.2</ele></trkpt>
    <trkpt lat="-32.931995" lon="151.780300"><ele>46.7</ele></trkpt>
    <trkpt lat="-32.931928" lon="151.780411"><ele>45.3</ele></trkpt>
    <trkpt lat="-32.930694" lon="151.780836"><ele>37.4</ele></trkpt>
    <trkpt lat="-32.929719" lon="151.781178"><ele>32.9</ele></trkpt>
    <trkpt lat="-32.929645" lon="151.781205"><ele>32.4</ele></trkpt>
    <trkpt lat="-32.929672" lon="151.781312"><ele>31.7</ele></trkpt>
    <trkpt lat="-32.929937" lon="151.782348"><ele>27.0</ele></trkpt>
    <trkpt lat="-32.929855" lon="151.782377"><ele>26.7</ele></trkpt>
    <trkpt lat="-32.929398" lon="151.782541"><ele>25.2</ele></trkpt>
    <trkpt lat="-32.928742" lon="151.782776"><ele>22.5</ele></trkpt>
    <trkpt lat="-32.928620" lon="151.782820"><ele>22.0</ele></trkpt>
    <trkpt lat="-32.928602" lon="151.782826"><ele>22.0</ele></trkpt>
    <trkpt lat="-32.928541" lon="151.782848"><ele>21.8</ele></trkpt>
    <trkpt lat="-32.928483" lon="151.782870"><ele>21.7</ele></trkpt>
    <trkpt lat="-32.927637" lon="151.783168"><ele>18.0</ele></trkpt>
    <trkpt lat="-32.927574" lon="151.783201"><ele>17.7</ele></trkpt>
    <trkpt lat="-32.927285" lon="151.782052"><ele>12.9</ele></trkpt>
    <trkpt lat="-32.927148" lon="151.781501"><ele>11.3</ele></trkpt>
    <trkpt lat="-32.927039" lon="151.781083"><ele>10.3</ele></trkpt>
    <trkpt lat="-32.927011" lon="151.781091"><ele>10.2</ele></trkpt>
    <trkpt lat="-32.926742" lon="151.781172"><ele>9.1</ele></trkpt>
    <trkpt lat="-32.926425" lon="151.781266"><ele>7.7</ele></trkpt>
    <trkpt lat="-32.926400" lon="151.781239"><ele>7.6</ele></trkpt>
    <trkpt lat="-32.926381" lon="151.781241"><ele>7.5</ele></trkpt>
    <trkpt lat="-32.926346" lon="151.781246"><ele>7.3</ele></trkpt>
    <trkpt lat="-32.926333" lon="151.781248"><ele>7.3</ele></trkpt>
    <trkpt lat="-32.926311" lon="151.781251"><ele>7.2</ele></trkpt>
    <trkpt lat="-32.926295" lon="151.781253"><ele>7.1</ele></trkpt>
    <trkpt lat="-32.926282" lon="151.781255"><ele>7.1</ele></trkpt>
    <trkpt lat="-32.926250" lon="151.781260"><ele>6.9</ele></trkpt>
    <trkpt lat="-32.926217" lon="151.781303"><ele>6.7</ele></trkpt>
    <trkpt lat="-32.926162" lon="151.781308"><ele>6.5</ele></trkpt>
    <trkpt lat="-32.926024" lon="151.781323"><ele>6.0</ele></trkpt>
    <trkpt lat="-32.925940" lon="151.781333"><ele>5.7</ele></trkpt>
    <trkpt lat="-32.925873" lon="151.781343"><ele>5.4</ele></trkpt>
    <trkpt lat="-32.925846" lon="151.781349"><ele>5.3</ele></trkpt>
    <trkpt lat="-32.925725" lon="151.781399"><ele>4.8</ele></trkpt>
  </trkseg></trk>
  <trk><name>Side trip: Pokolbin Spur</name><trkseg>
    <trkpt lat="-32.967064" lon="151.270065"><ele>129.4</ele></trkpt>
    <trkpt lat="-32.965580" lon="151.268732"><ele>129.5</ele></trkpt>
    <trkpt lat="-32.965516" lon="151.268710"><ele>129.4</ele></trkpt>
    <trkpt lat="-32.965425" lon="151.268718"><ele>129.3</ele></trkpt>
    <trkpt lat="-32.965339" lon="151.268765"><ele>129.1</ele></trkpt>
    <trkpt lat="-32.965243" lon="151.268906"><ele>128.8</ele></trkpt>
    <trkpt lat="-32.965133" lon="151.269090"><ele>128.5</ele></trkpt>
    <trkpt lat="-32.965058" lon="151.269177"><ele>128.6</ele></trkpt>
    <trkpt lat="-32.964892" lon="151.269292"><ele>128.9</ele></trkpt>
    <trkpt lat="-32.964811" lon="151.269350"><ele>129.2</ele></trkpt>
    <trkpt lat="-32.964737" lon="151.269464"><ele>129.6</ele></trkpt>
    <trkpt lat="-32.964699" lon="151.269592"><ele>129.9</ele></trkpt>
    <trkpt lat="-32.964680" lon="151.269724"><ele>130.2</ele></trkpt>
    <trkpt lat="-32.964619" lon="151.270159"><ele>130.6</ele></trkpt>
    <trkpt lat="-32.964545" lon="151.270433"><ele>130.7</ele></trkpt>
    <trkpt lat="-32.964390" lon="151.270745"><ele>129.9</ele></trkpt>
    <trkpt lat="-32.964241" lon="151.270986"><ele>129.0</ele></trkpt>
    <trkpt lat="-32.963326" lon="151.272285"><ele>130.9</ele></trkpt>
    <trkpt lat="-32.963002" lon="151.272704"><ele>133.3</ele></trkpt>
    <trkpt lat="-32.962642" lon="151.272897"><ele>137.0</ele></trkpt>
    <trkpt lat="-32.962255" lon="151.272972"><ele>142.1</ele></trkpt>
    <trkpt lat="-32.961877" lon="151.272951"><ele>146.5</ele></trkpt>
    <trkpt lat="-32.961390" lon="151.272875"><ele>148.3</ele></trkpt>
    <trkpt lat="-32.960670" lon="151.272704"><ele>140.3</ele></trkpt>
    <trkpt lat="-32.960085" lon="151.272596"><ele>133.5</ele></trkpt>
    <trkpt lat="-32.959608" lon="151.272596"><ele>131.0</ele></trkpt>
    <trkpt lat="-32.959113" lon="151.272704"><ele>130.0</ele></trkpt>
    <trkpt lat="-32.958789" lon="151.272929"><ele>130.0</ele></trkpt>
    <trkpt lat="-32.957952" lon="151.273723"><ele>131.3</ele></trkpt>
    <trkpt lat="-32.957628" lon="151.274152"><ele>129.7</ele></trkpt>
    <trkpt lat="-32.956880" lon="151.275364"><ele>125.6</ele></trkpt>
    <trkpt lat="-32.956682" lon="151.275525"><ele>125.6</ele></trkpt>
    <trkpt lat="-32.954855" lon="151.276909"><ele>124.9</ele></trkpt>
    <trkpt lat="-32.954477" lon="151.277167"><ele>124.9</ele></trkpt>
    <trkpt lat="-32.954153" lon="151.277253"><ele>125.5</ele></trkpt>
    <trkpt lat="-32.953811" lon="151.277285"><ele>126.5</ele></trkpt>
    <trkpt lat="-32.950705" lon="151.277103"><ele>127.5</ele></trkpt>
    <trkpt lat="-32.950353" lon="151.277028"><ele>128.7</ele></trkpt>
    <trkpt lat="-32.948576" lon="151.276310"><ele>130.2</ele></trkpt>
    <trkpt lat="-32.945834" lon="151.275204"><ele>133.8</ele></trkpt>
    <trkpt lat="-32.945393" lon="151.275096"><ele>131.1</ele></trkpt>
    <trkpt lat="-32.944943" lon="151.275182"><ele>128.8</ele></trkpt>
    <trkpt lat="-32.944631" lon="151.275273"><ele>127.4</ele></trkpt>
    <trkpt lat="-32.943565" lon="151.275590"><ele>125.6</ele></trkpt>
    <trkpt lat="-32.940981" lon="151.276051"><ele>126.4</ele></trkpt>
    <trkpt lat="-32.940657" lon="151.275997"><ele>125.0</ele></trkpt>
    <trkpt lat="-32.938856" lon="151.275043"><ele>124.0</ele></trkpt>
    <trkpt lat="-32.938568" lon="151.274968"><ele>123.4</ele></trkpt>
    <trkpt lat="-32.937694" lon="151.275085"><ele>125.0</ele></trkpt>
    <trkpt lat="-32.937127" lon="151.275322"><ele>128.8</ele></trkpt>
    <trkpt lat="-32.936605" lon="151.275600"><ele>132.4</ele></trkpt>
    <trkpt lat="-32.935488" lon="151.276405"><ele>133.6</ele></trkpt>
    <trkpt lat="-32.935137" lon="151.276491"><ele>132.1</ele></trkpt>
    <trkpt lat="-32.934498" lon="151.276523"><ele>130.1</ele></trkpt>
    <trkpt lat="-32.931580" lon="151.276899"><ele>121.9</ele></trkpt>
    <trkpt lat="-32.930850" lon="151.277010"><ele>120.2</ele></trkpt>
    <trkpt lat="-32.928041" lon="151.277542"><ele>119.3</ele></trkpt>
    <trkpt lat="-32.921737" lon="151.278927"><ele>119.5</ele></trkpt>
    <trkpt lat="-32.920864" lon="151.279302"><ele>119.3</ele></trkpt>
    <trkpt lat="-32.920216" lon="151.279653"><ele>119.9</ele></trkpt>
    <trkpt lat="-32.913587" lon="151.283409"><ele>113.4</ele></trkpt>
    <trkpt lat="-32.912939" lon="151.283709"><ele>113.3</ele></trkpt>
    <trkpt lat="-32.912331" lon="151.283913"><ele>113.0</ele></trkpt>
    <trkpt lat="-32.911723" lon="151.284020"><ele>112.9</ele></trkpt>
    <trkpt lat="-32.910791" lon="151.284203"><ele>113.6</ele></trkpt>
    <trkpt lat="-32.910644" lon="151.284229"><ele>113.9</ele></trkpt>
    <trkpt lat="-32.907110" lon="151.284911"><ele>139.7</ele></trkpt>
    <trkpt lat="-32.906980" lon="151.284947"><ele>140.7</ele></trkpt>
    <trkpt lat="-32.906933" lon="151.284960"><ele>141.1</ele></trkpt>
    <trkpt lat="-32.906879" lon="151.284833"><ele>141.9</ele></trkpt>
    <trkpt lat="-32.906796" lon="151.284738"><ele>142.5</ele></trkpt>
    <trkpt lat="-32.906645" lon="151.284573"><ele>143.4</ele></trkpt>
    <trkpt lat="-32.904880" lon="151.282694"><ele>138.9</ele></trkpt>
    <trkpt lat="-32.903935" lon="151.281689"><ele>136.4</ele></trkpt>
    <trkpt lat="-32.903252" lon="151.280962"><ele>134.2</ele></trkpt>
    <trkpt lat="-32.902646" lon="151.280336"><ele>130.6</ele></trkpt>
    <trkpt lat="-32.902372" lon="151.280040"><ele>129.4</ele></trkpt>
    <trkpt lat="-32.902042" lon="151.279676"><ele>128.5</ele></trkpt>
    <trkpt lat="-32.901238" lon="151.278820"><ele>127.1</ele></trkpt>
    <trkpt lat="-32.900387" lon="151.277916"><ele>121.8</ele></trkpt>
    <trkpt lat="-32.899925" lon="151.277428"><ele>120.0</ele></trkpt>
    <trkpt lat="-32.899206" lon="151.276659"><ele>121.4</ele></trkpt>
    <trkpt lat="-32.898919" lon="151.276354"><ele>122.9</ele></trkpt>
    <trkpt lat="-32.895622" lon="151.272867"><ele>125.0</ele></trkpt>
    <trkpt lat="-32.895355" lon="151.272487"><ele>125.7</ele></trkpt>
    <trkpt lat="-32.895252" lon="151.272313"><ele>126.2</ele></trkpt>
    <trkpt lat="-32.895176" lon="151.272161"><ele>126.7</ele></trkpt>
    <trkpt lat="-32.895115" lon="151.272009"><ele>127.4</ele></trkpt>
    <trkpt lat="-32.895040" lon="151.271811"><ele>128.4</ele></trkpt>
    <trkpt lat="-32.894994" lon="151.271642"><ele>129.6</ele></trkpt>
    <trkpt lat="-32.894955" lon="151.271474"><ele>130.8</ele></trkpt>
    <trkpt lat="-32.894915" lon="151.271262"><ele>132.5</ele></trkpt>
    <trkpt lat="-32.894703" lon="151.269799"><ele>140.2</ele></trkpt>
    <trkpt lat="-32.894586" lon="151.269402"><ele>139.0</ele></trkpt>
    <trkpt lat="-32.894415" lon="151.269070"><ele>136.7</ele></trkpt>
    <trkpt lat="-32.893608" lon="151.267826"><ele>126.7</ele></trkpt>
    <trkpt lat="-32.893194" lon="151.267167"><ele>122.4</ele></trkpt>
    <trkpt lat="-32.892464" lon="151.266060"><ele>122.7</ele></trkpt>
    <trkpt lat="-32.891771" lon="151.264967"><ele>131.9</ele></trkpt>
    <trkpt lat="-32.891026" lon="151.263803"><ele>136.6</ele></trkpt>
    <trkpt lat="-32.890372" lon="151.262812"><ele>137.9</ele></trkpt>
    <trkpt lat="-32.889528" lon="151.261485"><ele>138.0</ele></trkpt>
    <trkpt lat="-32.888953" lon="151.261573"><ele>137.2</ele></trkpt>
    <trkpt lat="-32.888833" lon="151.261594"><ele>137.1</ele></trkpt>
    <trkpt lat="-32.888837" lon="151.261564"><ele>137.1</ele></trkpt>
    <trkpt lat="-32.888841" lon="151.261522"><ele>137.1</ele></trkpt>
    <trkpt lat="-32.885446" lon="151.262190"><ele>154.8</ele></trkpt>
    <trkpt lat="-32.885202" lon="151.262333"><ele>157.5</ele></trkpt>
    <trkpt lat="-32.884332" lon="151.263517"><ele>168.5</ele></trkpt>
    <trkpt lat="-32.884157" lon="151.263653"><ele>168.9</ele></trkpt>
    <trkpt lat="-32.883346" lon="151.263723"><ele>169.3</ele></trkpt>
    <trkpt lat="-32.882181" lon="151.263684"><ele>173.1</ele></trkpt>
    <trkpt lat="-32.880967" lon="151.263362"><ele>182.1</ele></trkpt>
    <trkpt lat="-32.879523" lon="151.262922"><ele>197.4</ele></trkpt>
    <trkpt lat="-32.879195" lon="151.262756"><ele>198.4</ele></trkpt>
    <trkpt lat="-32.878908" lon="151.262561"><ele>198.6</ele></trkpt>
    <trkpt lat="-32.878711" lon="151.262277"><ele>197.5</ele></trkpt>
    <trkpt lat="-32.878408" lon="151.261486"><ele>194.2</ele></trkpt>
    <trkpt lat="-32.878154" lon="151.261222"><ele>192.2</ele></trkpt>
    <trkpt lat="-32.876773" lon="151.260529"><ele>182.4</ele></trkpt>
    <trkpt lat="-32.874946" lon="151.260793"><ele>174.5</ele></trkpt>
    <trkpt lat="-32.873314" lon="151.261066"><ele>170.0</ele></trkpt>
    <trkpt lat="-32.872608" lon="151.261330"><ele>173.3</ele></trkpt>
    <trkpt lat="-32.872526" lon="151.261515"><ele>174.8</ele></trkpt>
    <trkpt lat="-32.872526" lon="151.262082"><ele>180.0</ele></trkpt>
    <trkpt lat="-32.872403" lon="151.262209"><ele>182.3</ele></trkpt>
    <trkpt lat="-32.872419" lon="151.262746"><ele>189.7</ele></trkpt>
    <trkpt lat="-32.872182" lon="151.264094"><ele>213.2</ele></trkpt>
    <trkpt lat="-32.871665" lon="151.264973"><ele>231.1</ele></trkpt>
    <trkpt lat="-32.871648" lon="151.265266"><ele>235.3</ele></trkpt>
    <trkpt lat="-32.871804" lon="151.265598"><ele>240.3</ele></trkpt>
    <trkpt lat="-32.871755" lon="151.265901"><ele>244.2</ele></trkpt>
    <trkpt lat="-32.871648" lon="151.266165"><ele>248.0</ele></trkpt>
    <trkpt lat="-32.871279" lon="151.267356"><ele>267.7</ele></trkpt>
    <trkpt lat="-32.871025" lon="151.267542"><ele>274.1</ele></trkpt>
    <trkpt lat="-32.870639" lon="151.267698"><ele>282.5</ele></trkpt>
    <trkpt lat="-32.870574" lon="151.267913"><ele>286.5</ele></trkpt>
    <trkpt lat="-32.870689" lon="151.268206"><ele>291.6</ele></trkpt>
    <trkpt lat="-32.870549" lon="151.269681"><ele>309.9</ele></trkpt>
    <trkpt lat="-32.870631" lon="151.269906"><ele>311.5</ele></trkpt>
    <trkpt lat="-32.870590" lon="151.270228"><ele>312.9</ele></trkpt>
    <trkpt lat="-32.870377" lon="151.270814"><ele>313.7</ele></trkpt>
    <trkpt lat="-32.870164" lon="151.271605"><ele>311.2</ele></trkpt>
    <trkpt lat="-32.870098" lon="151.272748"><ele>307.8</ele></trkpt>
    <trkpt lat="-32.869671" lon="151.274291"><ele>317.4</ele></trkpt>
    <trkpt lat="-32.869671" lon="151.274506"><ele>318.8</ele></trkpt>
    <trkpt lat="-32.869901" lon="151.275541"><ele>322.5</ele></trkpt>
    <trkpt lat="-32.870319" lon="151.276264"><ele>323.9</ele></trkpt>
    <trkpt lat="-32.870385" lon="151.276489"><ele>324.0</ele></trkpt>
    <trkpt lat="-32.870287" lon="151.276928"><ele>323.8</ele></trkpt>
    <trkpt lat="-32.869852" lon="151.277749"><ele>325.8</ele></trkpt>
    <trkpt lat="-32.869803" lon="151.278208"><ele>329.9</ele></trkpt>
    <trkpt lat="-32.869417" lon="151.278970"><ele>340.9</ele></trkpt>
    <trkpt lat="-32.869179" lon="151.279312"><ele>346.6</ele></trkpt>
    <trkpt lat="-32.868145" lon="151.279663"><ele>363.1</ele></trkpt>
    <trkpt lat="-32.867629" lon="151.279614"><ele>372.1</ele></trkpt>
    <trkpt lat="-32.866997" lon="151.279986"><ele>384.1</ele></trkpt>
    <trkpt lat="-32.866907" lon="151.280142"><ele>386.1</ele></trkpt>
    <trkpt lat="-32.866882" lon="151.280318"><ele>387.6</ele></trkpt>
    <trkpt lat="-32.866784" lon="151.280318"><ele>388.5</ele></trkpt>
    <trkpt lat="-32.866759" lon="151.280171"><ele>389.3</ele></trkpt>
    <trkpt lat="-32.866669" lon="151.280200"><ele>389.7</ele></trkpt>
    <trkpt lat="-32.866439" lon="151.281177"><ele>389.4</ele></trkpt>
    <trkpt lat="-32.866349" lon="151.281919"><ele>389.3</ele></trkpt>
    <trkpt lat="-32.866234" lon="151.282095"><ele>389.3</ele></trkpt>
    <trkpt lat="-32.865955" lon="151.282330"><ele>389.5</ele></trkpt>
    <trkpt lat="-32.865537" lon="151.282584"><ele>391.0</ele></trkpt>
    <trkpt lat="-32.865085" lon="151.282994"><ele>393.3</ele></trkpt>
    <trkpt lat="-32.864831" lon="151.283043"><ele>394.0</ele></trkpt>
    <trkpt lat="-32.864511" lon="151.282857"><ele>393.1</ele></trkpt>
    <trkpt lat="-32.863715" lon="151.282564"><ele>386.8</ele></trkpt>
    <trkpt lat="-32.863281" lon="151.282564"><ele>383.9</ele></trkpt>
    <trkpt lat="-32.862879" lon="151.282457"><ele>382.4</ele></trkpt>
    <trkpt lat="-32.861066" lon="151.282405"><ele>384.6</ele></trkpt>
    <trkpt lat="-32.859597" lon="151.283215"><ele>381.1</ele></trkpt>
    <trkpt lat="-32.858464" lon="151.282642"><ele>391.4</ele></trkpt>
    <trkpt lat="-32.858292" lon="151.282603"><ele>391.3</ele></trkpt>
    <trkpt lat="-32.858136" lon="151.282681"><ele>390.6</ele></trkpt>
    <trkpt lat="-32.857956" lon="151.282857"><ele>387.4</ele></trkpt>
    <trkpt lat="-32.857102" lon="151.283238"><ele>372.3</ele></trkpt>
    <trkpt lat="-32.856799" lon="151.283267"><ele>371.4</ele></trkpt>
    <trkpt lat="-32.856520" lon="151.283209"><ele>372.9</ele></trkpt>
    <trkpt lat="-32.856069" lon="151.282974"><ele>379.5</ele></trkpt>
    <trkpt lat="-32.855174" lon="151.282984"><ele>390.9</ele></trkpt>
    <trkpt lat="-32.854731" lon="151.282828"><ele>391.2</ele></trkpt>
    <trkpt lat="-32.854182" lon="151.282799"><ele>387.8</ele></trkpt>
    <trkpt lat="-32.853344" lon="151.282630"><ele>376.9</ele></trkpt>
    <trkpt lat="-32.853073" lon="151.282671"><ele>370.7</ele></trkpt>
    <trkpt lat="-32.852827" lon="151.282827"><ele>364.2</ele></trkpt>
    <trkpt lat="-32.852605" lon="151.283160"><ele>356.6</ele></trkpt>
    <trkpt lat="-32.852537" lon="151.283097"><ele>354.9</ele></trkpt>
    <trkpt lat="-32.852426" lon="151.282961"><ele>351.8</ele></trkpt>
    <trkpt lat="-32.852297" lon="151.282897"><ele>349.3</ele></trkpt>
    <trkpt lat="-32.851632" lon="151.282918"><ele>341.1</ele></trkpt>
    <trkpt lat="-32.851546" lon="151.283026"><ele>339.8</ele></trkpt>
    <trkpt lat="-32.851528" lon="151.283128"><ele>338.9</ele></trkpt>
    <trkpt lat="-32.851567" lon="151.283262"><ele>337.7</ele></trkpt>
    <trkpt lat="-32.851702" lon="151.283493"><ele>335.8</ele></trkpt>
    <trkpt lat="-32.851567" lon="151.283390"><ele>334.6</ele></trkpt>
    <trkpt lat="-32.851310" lon="151.283176"><ele>332.3</ele></trkpt>
    <trkpt lat="-32.851004" lon="151.282908"><ele>329.9</ele></trkpt>
    <trkpt lat="-32.850838" lon="151.282661"><ele>328.8</ele></trkpt>
    <trkpt lat="-32.850751" lon="151.282454"><ele>328.6</ele></trkpt>
    <trkpt lat="-32.850666" lon="151.282275"><ele>328.9</ele></trkpt>
    <trkpt lat="-32.850469" lon="151.281910"><ele>331.0</ele></trkpt>
    <trkpt lat="-32.850211" lon="151.281582"><ele>334.3</ele></trkpt>
    <trkpt lat="-32.849835" lon="151.281145"><ele>339.0</ele></trkpt>
    <trkpt lat="-32.849162" lon="151.280457"><ele>343.6</ele></trkpt>
    <trkpt lat="-32.848599" lon="151.280068"><ele>344.7</ele></trkpt>
    <trkpt lat="-32.848370" lon="151.279938"><ele>344.2</ele></trkpt>
    <trkpt lat="-32.848054" lon="151.279857"><ele>343.1</ele></trkpt>
    <trkpt lat="-32.847739" lon="151.279823"><ele>342.4</ele></trkpt>
    <trkpt lat="-32.847416" lon="151.279863"><ele>343.2</ele></trkpt>
    <trkpt lat="-32.847035" lon="151.279925"><ele>346.4</ele></trkpt>
    <trkpt lat="-32.846839" lon="151.279953"><ele>348.8</ele></trkpt>
    <trkpt lat="-32.846275" lon="151.280011"><ele>355.4</ele></trkpt>
    <trkpt lat="-32.845987" lon="151.280019"><ele>357.4</ele></trkpt>
    <trkpt lat="-32.845681" lon="151.280003"><ele>358.7</ele></trkpt>
    <trkpt lat="-32.845439" lon="151.279964"><ele>359.1</ele></trkpt>
    <trkpt lat="-32.845337" lon="151.279941"><ele>359.3</ele></trkpt>
    <trkpt lat="-32.845244" lon="151.279964"><ele>359.2</ele></trkpt>
    <trkpt lat="-32.845039" lon="151.280032"><ele>359.1</ele></trkpt>
    <trkpt lat="-32.844804" lon="151.280168"><ele>359.1</ele></trkpt>
    <trkpt lat="-32.844560" lon="151.280349"><ele>358.9</ele></trkpt>
    <trkpt lat="-32.844402" lon="151.280499"><ele>358.2</ele></trkpt>
    <trkpt lat="-32.844304" lon="151.280549"><ele>357.7</ele></trkpt>
    <trkpt lat="-32.844199" lon="151.280551"><ele>357.2</ele></trkpt>
    <trkpt lat="-32.844066" lon="151.280499"><ele>356.5</ele></trkpt>
    <trkpt lat="-32.843905" lon="151.280403"><ele>355.6</ele></trkpt>
    <trkpt lat="-32.843391" lon="151.280059"><ele>354.2</ele></trkpt>
    <trkpt lat="-32.843153" lon="151.279959"><ele>355.7</ele></trkpt>
    <trkpt lat="-32.842846" lon="151.279932"><ele>359.5</ele></trkpt>
    <trkpt lat="-32.842571" lon="151.279975"><ele>364.5</ele></trkpt>
    <trkpt lat="-32.842040" lon="151.280065"><ele>374.2</ele></trkpt>
    <trkpt lat="-32.841648" lon="151.280092"><ele>379.1</ele></trkpt>
    <trkpt lat="-32.841494" lon="151.280136"><ele>380.2</ele></trkpt>
    <trkpt lat="-32.841260" lon="151.280329"><ele>380.8</ele></trkpt>
    <trkpt lat="-32.840969" lon="151.280500"><ele>379.6</ele></trkpt>
    <trkpt lat="-32.840418" lon="151.280690"><ele>377.0</ele></trkpt>
    <trkpt lat="-32.840129" lon="151.280668"><ele>377.1</ele></trkpt>
    <trkpt lat="-32.838714" lon="151.280129"><ele>390.8</ele></trkpt>
    <trkpt lat="-32.838029" lon="151.279870"><ele>398.8</ele></trkpt>
    <trkpt lat="-32.837599" lon="151.279531"><ele>406.1</ele></trkpt>
    <trkpt lat="-32.837334" lon="151.279313"><ele>410.7</ele></trkpt>
    <trkpt lat="-32.837212" lon="151.279035"><ele>414.5</ele></trkpt>
    <trkpt lat="-32.837021" lon="151.278930"><ele>417.5</ele></trkpt>
    <trkpt lat="-32.836830" lon="151.278887"><ele>420.2</ele></trkpt>
    <trkpt lat="-32.836526" lon="151.279091"><ele>424.9</ele></trkpt>
    <trkpt lat="-32.836266" lon="151.279116"><ele>427.9</ele></trkpt>
    <trkpt lat="-32.835839" lon="151.279142"><ele>430.4</ele></trkpt>
    <trkpt lat="-32.834527" lon="151.278894"><ele>430.2</ele></trkpt>
    <trkpt lat="-32.834036" lon="151.278799"><ele>430.5</ele></trkpt>
    <trkpt lat="-32.833800" lon="151.278777"><ele>431.1</ele></trkpt>
    <trkpt lat="-32.833301" lon="151.278959"><ele>433.9</ele></trkpt>
    <trkpt lat="-32.832769" lon="151.278909"><ele>437.8</ele></trkpt>
    <trkpt lat="-32.832349" lon="151.278467"><ele>440.9</ele></trkpt>
    <trkpt lat="-32.831877" lon="151.276983"><ele>438.2</ele></trkpt>
    <trkpt lat="-32.832071" lon="151.276377"><ele>434.1</ele></trkpt>
    <trkpt lat="-32.831943" lon="151.275554"><ele>432.0</ele></trkpt>
    <trkpt lat="-32.831686" lon="151.274503"><ele>433.3</ele></trkpt>
    <trkpt lat="-32.832755" lon="151.274223"><ele>429.8</ele></trkpt>
    <trkpt lat="-32.832819" lon="151.274118"><ele>430.8</ele></trkpt>
    <trkpt lat="-32.832816" lon="151.273879"><ele>433.1</ele></trkpt>
    <trkpt lat="-32.832864" lon="151.273769"><ele>434.7</ele></trkpt>
    <trkpt lat="-32.832677" lon="151.272868"><ele>446.0</ele></trkpt>
    <trkpt lat="-32.832526" lon="151.272688"><ele>448.3</ele></trkpt>
    <trkpt lat="-32.832362" lon="151.271684"><ele>452.7</ele></trkpt>
    <trkpt lat="-32.831969" lon="151.271674"><ele>451.7</ele></trkpt>
    <trkpt lat="-32.830976" lon="151.271647"><ele>443.4</ele></trkpt>
    <trkpt lat="-32.829583" lon="151.271611"><ele>425.0</ele></trkpt>
    <trkpt lat="-32.829414" lon="151.271606"><ele>422.8</ele></trkpt>
    <trkpt lat="-32.829252" lon="151.271553"><ele>420.3</ele></trkpt>
    <trkpt lat="-32.829179" lon="151.271519"><ele>419.2</ele></trkpt>
    <trkpt lat="-32.828181" lon="151.271063"><ele>399.0</ele></trkpt>
    <trkpt lat="-32.827594" lon="151.270520"><ele>390.4</ele></trkpt>
    <trkpt lat="-32.827559" lon="151.270488"><ele>390.1</ele></trkpt>
    <trkpt lat="-32.827071" lon="151.270147"><ele>387.1</ele></trkpt>
    <trkpt lat="-32.826630" lon="151.269732"><ele>383.2</ele></trkpt>
    <trkpt lat="-32.826161" lon="151.268617"><ele>367.6</ele></trkpt>
    <trkpt lat="-32.825591" lon="151.268150"><ele>358.6</ele></trkpt>
    <trkpt lat="-32.825302" lon="151.268018"><ele>357.7</ele></trkpt>
    <trkpt lat="-32.825150" lon="151.268041"><ele>358.3</ele></trkpt>
    <trkpt lat="-32.824921" lon="151.267937"><ele>360.3</ele></trkpt>
    <trkpt lat="-32.824791" lon="151.267878"><ele>361.9</ele></trkpt>
    <trkpt lat="-32.824626" lon="151.267898"><ele>364.2</ele></trkpt>
    <trkpt lat="-32.823769" lon="151.268340"><ele>375.9</ele></trkpt>
    <trkpt lat="-32.822884" lon="151.268288"><ele>372.1</ele></trkpt>
    <trkpt lat="-32.821810" lon="151.268799"><ele>365.4</ele></trkpt>
    <trkpt lat="-32.821437" lon="151.268917"><ele>360.5</ele></trkpt>
    <trkpt lat="-32.821233" lon="151.268880"><ele>357.0</ele></trkpt>
    <trkpt lat="-32.821095" lon="151.268819"><ele>354.3</ele></trkpt>
    <trkpt lat="-32.820957" lon="151.268745"><ele>351.4</ele></trkpt>
    <trkpt lat="-32.820297" lon="151.268260"><ele>339.3</ele></trkpt>
    <trkpt lat="-32.820223" lon="151.268253"><ele>338.3</ele></trkpt>
    <trkpt lat="-32.819367" lon="151.268509"><ele>325.2</ele></trkpt>
    <trkpt lat="-32.818756" lon="151.268813"><ele>315.7</ele></trkpt>
    <trkpt lat="-32.818389" lon="151.269040"><ele>310.8</ele></trkpt>
    <trkpt lat="-32.818047" lon="151.269156"><ele>305.8</ele></trkpt>
    <trkpt lat="-32.817596" lon="151.269177"><ele>298.5</ele></trkpt>
    <trkpt lat="-32.817109" lon="151.269281"><ele>291.8</ele></trkpt>
    <trkpt lat="-32.816583" lon="151.269275"><ele>288.1</ele></trkpt>
    <trkpt lat="-32.816414" lon="151.269354"><ele>286.9</ele></trkpt>
    <trkpt lat="-32.816081" lon="151.269604"><ele>283.7</ele></trkpt>
    <trkpt lat="-32.815873" lon="151.269757"><ele>281.0</ele></trkpt>
    <trkpt lat="-32.815575" lon="151.269928"><ele>276.9</ele></trkpt>
    <trkpt lat="-32.815464" lon="151.270081"><ele>274.7</ele></trkpt>
    <trkpt lat="-32.815280" lon="151.270255"><ele>272.0</ele></trkpt>
    <trkpt lat="-32.815016" lon="151.270364"><ele>269.1</ele></trkpt>
    <trkpt lat="-32.814850" lon="151.270482"><ele>267.4</ele></trkpt>
    <trkpt lat="-32.814630" lon="151.270836"><ele>264.4</ele></trkpt>
    <trkpt lat="-32.814330" lon="151.271080"><ele>261.9</ele></trkpt>
    <trkpt lat="-32.814099" lon="151.271534"><ele>258.1</ele></trkpt>
    <trkpt lat="-32.813840" lon="151.271953"><ele>253.9</ele></trkpt>
    <trkpt lat="-32.813406" lon="151.272446"><ele>248.4</ele></trkpt>
    <trkpt lat="-32.813201" lon="151.272586"><ele>246.6</ele></trkpt>
    <trkpt lat="-32.812974" lon="151.272651"><ele>245.1</ele></trkpt>
    <trkpt lat="-32.812787" lon="151.272571"><ele>243.8</ele></trkpt>
    <trkpt lat="-32.812343" lon="151.271642"><ele>231.0</ele></trkpt>
    <trkpt lat="-32.812241" lon="151.271518"><ele>227.8</ele></trkpt>
    <trkpt lat="-32.812135" lon="151.271425"><ele>224.7</ele></trkpt>
    <trkpt lat="-32.811760" lon="151.271339"><ele>216.6</ele></trkpt>
    <trkpt lat="-32.811541" lon="151.271325"><ele>213.0</ele></trkpt>
    <trkpt lat="-32.811401" lon="151.271420"><ele>210.0</ele></trkpt>
    <trkpt lat="-32.811392" lon="151.271590"><ele>207.0</ele></trkpt>
    <trkpt lat="-32.811365" lon="151.271950"><ele>200.7</ele></trkpt>
    <trkpt lat="-32.811289" lon="151.272047"><ele>198.5</ele></trkpt>
    <trkpt lat="-32.810477" lon="151.272138"><ele>179.9</ele></trkpt>
    <trkpt lat="-32.810033" lon="151.272263"><ele>169.2</ele></trkpt>
    <trkpt lat="-32.809992" lon="151.272265"><ele>168.2</ele></trkpt>
    <trkpt lat="-32.809381" lon="151.272320"><ele>152.9</ele></trkpt>
    <trkpt lat="-32.809202" lon="151.272336"><ele>149.2</ele></trkpt>
    <trkpt lat="-32.809127" lon="151.272288"><ele>147.8</ele></trkpt>
    <trkpt lat="-32.809016" lon="151.272329"><ele>145.8</ele></trkpt>
    <trkpt lat="-32.808689" lon="151.272404"><ele>142.6</ele></trkpt>
    <trkpt lat="-32.808117" lon="151.272477"><ele>140.9</ele></trkpt>
    <trkpt lat="-32.807089" lon="151.272529"><ele>139.7</ele></trkpt>
    <trkpt lat="-32.807009" lon="151.272546"><ele>139.4</ele></trkpt>
    <trkpt lat="-32.806888" lon="151.272631"><ele>138.9</ele></trkpt>
    <trkpt lat="-32.806824" lon="151.272741"><ele>138.6</ele></trkpt>
    <trkpt lat="-32.806769" lon="151.272906"><ele>138.4</ele></trkpt>
    <trkpt lat="-32.806729" lon="151.273122"><ele>138.0</ele></trkpt>
    <trkpt lat="-32.806701" lon="151.273415"><ele>137.2</ele></trkpt>
    <trkpt lat="-32.806706" lon="151.273811"><ele>136.0</ele></trkpt>
    <trkpt lat="-32.806916" lon="151.275378"><ele>133.5</ele></trkpt>
    <trkpt lat="-32.807193" lon="151.277051"><ele>135.0</ele></trkpt>
    <trkpt lat="-32.807465" lon="151.279070"><ele>134.3</ele></trkpt>
    <trkpt lat="-32.807582" lon="151.279938"><ele>130.3</ele></trkpt>
    <trkpt lat="-32.807555" lon="151.280160"><ele>129.4</ele></trkpt>
    <trkpt lat="-32.807420" lon="151.280495"><ele>128.5</ele></trkpt>
    <trkpt lat="-32.807287" lon="151.280394"><ele>128.4</ele></trkpt>
    <trkpt lat="-32.807174" lon="151.280336"><ele>128.3</ele></trkpt>
    <trkpt lat="-32.807005" lon="151.280294"><ele>128.2</ele></trkpt>
    <trkpt lat="-32.806841" lon="151.280291"><ele>128.2</ele></trkpt>
    <trkpt lat="-32.806120" lon="151.280421"><ele>126.5</ele></trkpt>
    <trkpt lat="-32.805407" lon="151.280557"><ele>123.1</ele></trkpt>
    <trkpt lat="-32.804157" lon="151.280796"><ele>121.7</ele></trkpt>
    <trkpt lat="-32.797793" lon="151.282012"><ele>128.2</ele></trkpt>
    <trkpt lat="-32.797501" lon="151.282067"><ele>129.1</ele></trkpt>
    <trkpt lat="-32.796831" lon="151.282195"><ele>131.7</ele></trkpt>
    <trkpt lat="-32.796645" lon="151.282220"><ele>132.5</ele></trkpt>
    <trkpt lat="-32.796336" lon="151.282292"><ele>134.0</ele></trkpt>
    <trkpt lat="-32.796161" lon="151.282332"><ele>135.1</ele></trkpt>
    <trkpt lat="-32.796051" lon="151.282251"><ele>136.1</ele></trkpt>
    <trkpt lat="-32.794599" lon="151.282546"><ele>151.0</ele></trkpt>
    <trkpt lat="-32.794499" lon="151.282714"><ele>151.8</ele></trkpt>
    <trkpt lat="-32.794554" lon="151.282799"><ele>152.0</ele></trkpt>
    <trkpt lat="-32.794536" lon="151.282971"><ele>152.1</ele></trkpt>
    <trkpt lat="-32.794376" lon="151.283136"><ele>151.6</ele></trkpt>
    <trkpt lat="-32.794160" lon="151.283532"><ele>149.0</ele></trkpt>
    <trkpt lat="-32.793523" lon="151.284171"><ele>139.6</ele></trkpt>
    <trkpt lat="-32.793241" lon="151.284243"><ele>136.0</ele></trkpt>
    <trkpt lat="-32.793190" lon="151.284302"><ele>135.1</ele></trkpt>
    <trkpt lat="-32.792975" lon="151.284573"><ele>131.7</ele></trkpt>
    <trkpt lat="-32.792712" lon="151.284906"><ele>128.0</ele></trkpt>
    <trkpt lat="-32.792107" lon="151.285416"><ele>125.8</ele></trkpt>
    <trkpt lat="-32.792052" lon="151.285444"><ele>125.9</ele></trkpt>
    <trkpt lat="-32.791982" lon="151.285441"><ele>126.2</ele></trkpt>
    <trkpt lat="-32.791890" lon="151.285417"><ele>126.5</ele></trkpt>
    <trkpt lat="-32.791754" lon="151.285441"><ele>127.1</ele></trkpt>
    <trkpt lat="-32.791644" lon="151.285457"><ele>127.5</ele></trkpt>
    <trkpt lat="-32.791320" lon="151.286124"><ele>129.0</ele></trkpt>
    <trkpt lat="-32.791151" lon="151.286474"><ele>128.5</ele></trkpt>
    <trkpt lat="-32.791053" lon="151.286560"><ele>128.1</ele></trkpt>
    <trkpt lat="-32.790954" lon="151.286718"><ele>127.7</ele></trkpt>
    <trkpt lat="-32.790775" lon="151.287198"><ele>127.0</ele></trkpt>
    <trkpt lat="-32.790605" lon="151.287690"><ele>126.1</ele></trkpt>
    <trkpt lat="-32.790386" lon="151.288772"><ele>124.3</ele></trkpt>
    <trkpt lat="-32.790377" lon="151.288946"><ele>123.8</ele></trkpt>
    <trkpt lat="-32.790187" lon="151.289470"><ele>122.1</ele></trkpt>
    <trkpt lat="-32.790216" lon="151.289525"><ele>121.9</ele></trkpt>
    <trkpt lat="-32.790244" lon="151.289580"><ele>121.7</ele></trkpt>
    <trkpt lat="-32.789965" lon="151.290343"><ele>121.6</ele></trkpt>
    <trkpt lat="-32.789664" lon="151.291026"><ele>122.7</ele></trkpt>
    <trkpt lat="-32.789431" lon="151.291495"><ele>122.7</ele></trkpt>
    <trkpt lat="-32.789137" lon="151.292008"><ele>122.9</ele></trkpt>
    <trkpt lat="-32.788844" lon="151.292483"><ele>123.6</ele></trkpt>
    <trkpt lat="-32.788179" lon="151.293433"><ele>124.2</ele></trkpt>
    <trkpt lat="-32.787614" lon="151.294212"><ele>122.0</ele></trkpt>
    <trkpt lat="-32.787296" lon="151.294603"><ele>121.3</ele></trkpt>
    <trkpt lat="-32.786892" lon="151.294973"><ele>121.3</ele></trkpt>
    <trkpt lat="-32.786473" lon="151.295260"><ele>122.4</ele></trkpt>
    <trkpt lat="-32.786127" lon="151.295405"><ele>122.7</ele></trkpt>
    <trkpt lat="-32.785922" lon="151.295491"><ele>122.6</ele></trkpt>
    <trkpt lat="-32.785512" lon="151.295613"><ele>121.9</ele></trkpt>
    <trkpt lat="-32.784650" lon="151.295802"><ele>118.6</ele></trkpt>
    <trkpt lat="-32.784146" lon="151.295890"><ele>117.3</ele></trkpt>
    <trkpt lat="-32.783789" lon="151.295999"><ele>116.9</ele></trkpt>
    <trkpt lat="-32.783534" lon="151.296131"><ele>116.7</ele></trkpt>
    <trkpt lat="-32.783308" lon="151.296292"><ele>116.3</ele></trkpt>
    <trkpt lat="-32.783003" lon="151.296617"><ele>115.7</ele></trkpt>
    <trkpt lat="-32.782752" lon="151.297035"><ele>115.5</ele></trkpt>
    <trkpt lat="-32.782231" lon="151.297976"><ele>114.1</ele></trkpt>
    <trkpt lat="-32.782029" lon="151.298260"><ele>112.8</ele></trkpt>
    <trkpt lat="-32.781819" lon="151.298461"><ele>111.7</ele></trkpt>
    <trkpt lat="-32.781510" lon="151.298681"><ele>110.5</ele></trkpt>
    <trkpt lat="-32.781239" lon="151.298823"><ele>109.2</ele></trkpt>
    <trkpt lat="-32.780061" lon="151.299306"><ele>101.8</ele></trkpt>
    <trkpt lat="-32.779761" lon="151.299434"><ele>100.5</ele></trkpt>
    <trkpt lat="-32.778375" lon="151.299953"><ele>106.7</ele></trkpt>
    <trkpt lat="-32.778306" lon="151.299968"><ele>107.2</ele></trkpt>
    <trkpt lat="-32.776742" lon="151.300297"><ele>117.8</ele></trkpt>
    <trkpt lat="-32.776183" lon="151.300491"><ele>119.2</ele></trkpt>
    <trkpt lat="-32.776048" lon="151.300538"><ele>119.1</ele></trkpt>
    <trkpt lat="-32.776027" lon="151.300551"><ele>119.0</ele></trkpt>
    <trkpt lat="-32.775656" lon="151.300769"><ele>117.2</ele></trkpt>
    <trkpt lat="-32.774533" lon="151.301695"><ele>110.6</ele></trkpt>
    <trkpt lat="-32.774014" lon="151.302107"><ele>109.2</ele></trkpt>
    <trkpt lat="-32.773607" lon="151.302274"><ele>108.4</ele></trkpt>
    <trkpt lat="-32.773527" lon="151.302307"><ele>108.4</ele></trkpt>
    <trkpt lat="-32.773256" lon="151.302358"><ele>108.8</ele></trkpt>
  </trkseg></trk>
</gpx>
